P1,P1_lat,P1_lon,P2,P2_lat,P2_lon,Dist,Az12,Az21,BackAz12,BackAz21,Reason
K,38.892755,-77.051435,CFg,38.89361386946052,-77.00907795602103,2.2841515328473334,88.50042392867176,268.5270186668602,88.52701866686022,268.50042392867175,Az12 Half
K,38.892755,-77.051435,CptB,38.88556174596554,-77.00988737303246,2.2941776009428607,102.47783536646108,282.50391962327296,102.50391962327296,282.4778353664611,Az21 Half
K,38.892755,-77.051435,B,38.892747285,-77.008989,2.2881924692033366,90.00000060968448,270.0266509509012,90.02665095090123,270.0000006096845,Az12 Whole
K,38.892755,-77.051435,Gs1,38.93539090046842,-77.11877083238855,4.671034554623639,309.0445275579546,129.00223026679032,309.0022302667903,129.0445275579546,Az21 Whole
K,38.892755,-77.051435,Gs2,38.86573364111086,-76.96785270415687,4.876887911612317,112.44375201378092,292.4962150478005,112.49621504780049,292.4437520137809,Az21 Half
K,38.892755,-77.051435,KS,38.790339,-77.051444,7.064649990034239,180.0039405152899,0.003934870768716792,180.00393487076872,0.003940515289912128,"Az12 Whole, Az21 Whole"
K,38.892755,-77.051435,Chk16,38.95984790558003,-77.02680651074166,4.814632282439763,15.991806325292876,196.00728090641869,16.007280906418714,195.99180632529288,Az21 Whole
K,38.892755,-77.051435,Chk25,38.9229071947,-77.03584297932892,2.2432736698348688,21.995564468053217,202.00535733982247,22.005357339822467,201.9955644680532,Az21 Whole
K,38.892755,-77.051435,Chk32,38.95878698101598,-77.05142116747349,4.55494831271703,0.009371172790669865,180.00937986394888,0.009379863948879574,180.00937117279068,"Az12 Whole, Az21 Whole"
K,38.892755,-77.051435,Chk39,38.8974237158863,-76.91182568346446,7.532743341397593,87.50583257213748,267.5934927795047,87.59349277950469,267.5058325721375,Az12 Half
K,38.892755,-77.051435,Chk43,38.94312493001874,-77.0192667064925,3.8829991537014115,26.50539898560396,206.52560732551245,26.525607325512453,206.50539898560396,Az12 Half
K,38.892755,-77.051435,Chk55,38.71079049783587,-77.0352088314432,12.582335538386626,176.00340096362052,356.0135687468336,176.01356874683358,356.0034009636205,Az12 Whole
K,38.892755,-77.051435,H99,38.8889443857454,-77.00096480083693,2.7335037942115448,95.50233850396414,275.5340256525827,95.53402565258273,275.50233850396415,Az12 Half
K,38.892755,-77.051435,H70b,38.91008217241069,-76.97878782846644,4.094162980852605,73.00320570112095,253.04882684511605,73.04882684511608,253.00320570112095,Az12 Whole
K,38.892755,-77.051435,H81,38.88687029383775,-76.9299762903957,6.5604744477127195,93.50931961749679,273.5855744097147,93.5855744097147,273.50931961749677,Az12 Half
K,38.892755,-77.051435,H28,38.90499081362246,-77.12853595395019,4.240865861563888,281.50409608350793,101.45568070836109,281.4556807083611,101.50409608350793,Az12 Half
K,38.892755,-77.051435,SF01,38.90124200833564,-77.08586335465753,1.9460139557262923,287.51887397665837,107.49725564498316,287.49725564498317,107.51887397665837,Az21 Half
J,38.889801,-77.03656908080315,WH,38.89778875877805,-77.036569,0.5510000984199893,0.0004529229508371698,180.0004529736854,0.00045297368541241667,180.00045292295084,"Az12 Whole, Az21 Whole"
J,38.889801,-77.03656908080315,Cap,38.889801,-77.009227,1.4740265288238348,89.99141698558236,270.00858301441764,90.00858301441764,269.99141698558236,Az21 Whole
J,38.889801,-77.03656908080315,CapK,38.889801,-77.00904745,1.483706167442211,89.99136062263452,270.0086393773655,90.00863937736551,269.9913606226345,Az21 Whole
J,38.889801,-77.03656908080315,CptB,38.88556174596554,-77.00988737303246,1.4678908799164496,101.48268022764272,281.49943088978955,101.49943088978955,281.48268022764273,Az21 Half
J,38.889801,-77.03656908080315,La,38.88816903625909,-77.05145152722608,0.8101890358637355,262.0177285760474,82.00838517627014,262.00838517627017,82.01772857604738,Az21 Whole
J,38.889801,-77.03656908080315,Chk63,38.89999431930673,-77.036569,0.7031410388072536,0.00035491154343673855,180.00035496227923,0.0003549622792320406,180.00035491154344,"Az12 Whole, Az21 Whole"
J,38.889801,-77.03656908080315,OtrD,38.88972524047381,-76.91344596466341,6.637639628062162,90.00646013237507,270.08375979786763,90.08375979786763,270.0064601323751,Az12 Whole
J,38.889801,-77.03656908080315,H22,38.92823446130691,-77.06004232078331,2.937551595037013,334.49730872920395,154.48256552571246,334.48256552571246,154.49730872920395,Az12 Half
J,38.889801,-77.03656908080315,H86,38.810462075372,-76.99664817839795,5.881198941099368,158.50959476317126,338.5346365714865,158.53463657148654,338.50959476317126,Az12 Half
J,38.889801,-77.03656908080315,Pk04,38.77550687860945,-78.20406185227269,63.48158545721927,263.2321678056029,82.50007815247069,262.5000781524707,83.2321678056029,Az21 Half
Hk,38.8951366,-77.051444,H71,38.88981684871572,-77.00844224089784,2.347026047854408,98.98164546232489,279.00864458476104,99.00864458476104,278.9816454623249,Az21 Whole
Hk,38.8951366,-77.051444,KS,38.790339,-77.051444,7.2289340866823295,180.0,0.0,180.0,0.0,"Az12 Whole, Az21 Whole"
Hk,38.8951366,-77.051444,Chk30,38.87080074981925,-77.14434316078132,5.282550639164677,251.5003430112721,71.44202725451596,251.44202725451595,71.5003430112721,Az12 Half
Hk,38.8951366,-77.051444,Chk47,38.94812410619182,-77.00484480332231,4.434568388212269,34.47438132033278,214.5036575873816,34.50365758738161,214.47438132033278,Az21 Half
Hk,38.8951366,-77.051444,Chk59,39.01004268273348,-77.04244035387981,7.941188405181597,3.498369819619058,183.50403020873023,3.504030208730228,183.49836981961906,"Az12 Half, Az21 Half"
Hk,38.8951366,-77.051444,Chk62,38.90537641569407,-77.02133073015519,1.7702140966029782,66.4736806610056,246.4925907872717,66.4925907872717,246.4736806610056,Az21 Half
Hk,38.8951366,-77.051444,H77,38.89703882730361,-77.03762786655247,0.7562404890178771,80.00358797486604,260.01226326208484,80.01226326208484,260.00358797486604,Az12 Whole
Hk,38.8951366,-77.051444,H43,38.87451597139456,-77.146392815978,5.313045968747442,254.50103714164817,74.44143235491823,254.44143235491822,74.50103714164817,Az12 Half
Hk,38.8951366,-77.051444,H60,38.93132296535497,-76.91720945574568,7.6528182821078286,70.92102538958152,251.00534387164544,71.00534387164544,250.92102538958153,Az21 Whole
NOa,38.92154464050518,-77.06705128052432,CFf,38.88868578496108,-77.00467871165168,4.054554282778988,123.96930995065286,304.0084819571383,124.00848195713832,303.96930995065287,Az21 Whole
NOa,38.92154464050518,-77.06705128052432,Chk13,38.97800673083694,-77.0340714747954,4.2808266776046064,24.507778165250997,204.52851055754505,24.52851055754502,204.507778165251,Az12 Half
NOa,38.92154464050518,-77.06705128052432,H28,38.90499081362246,-77.12853595395019,3.5048179045068313,251.00480580398616,70.96618461842506,250.96618461842507,71.00480580398619,Az12 Whole
NOa,38.92154464050518,-77.06705128052432,SF02,38.90117456916591,-77.0901139945135,1.8759920687888367,221.5022549068742,41.48776881592153,221.48776881592153,41.502254906874214,Az12 Half
P,38.87100323118176,-77.05596854698287,WH,38.89778875877805,-77.036569,2.1231723073120548,29.50691502133009,209.5190931084333,29.51909310843331,209.5069150213301,Az12 Half
P,38.87100323118176,-77.05596854698287,CFc,38.88974917890155,-77.01360995348632,2.624539564533053,60.468698351216794,240.4952866920356,60.49528669203562,240.4686983512168,Az21 Half
P,38.87100323118176,-77.05596854698287,CptB,38.88556174596554,-77.00988737303246,2.6799382596173498,67.9779455743493,248.00686925500491,68.00686925500491,247.9779455743493,Az21 Whole
P,38.87100323118176,-77.05596854698287,Gs9,38.79290977473043,-77.03197308076226,5.540265475308176,166.47856530915058,346.49361139121424,166.49361139121424,346.47856530915055,Az21 Half
P,38.87100323118176,-77.05596854698287,Chk09,38.92188332835548,-77.08911728826524,3.93843655130696,333.0285683549231,153.00775376905523,333.0077537690552,153.0285683549231,Az21 Whole
P,38.87100323118176,-77.05596854698287,Chj24,38.97126514652496,-77.06832915730651,6.948155630523054,354.5028613306965,174.4950957732902,354.4950957732902,174.50286133069653,"Az12 Half, Az21 Half"
P,38.87100323118176,-77.05596854698287,Chk53,38.8706887702613,-77.00907388669604,2.5288815326771172,90.4767485933036,270.5061781346549,90.50617813465487,270.47674859330357,Az21 Half
P,38.87100323118176,-77.05596854698287,Chk57,38.83300987616117,-77.06541563323557,2.669863062841016,191.00588116181976,10.999954900861525,190.99995490086152,11.00588116181973,Az12 Whole
P,38.87100323118176,-77.05596854698287,OtrD,38.88972524047381,-76.91344596466341,7.7922508084408975,80.4153177861579,260.50477871444434,80.50477871444434,260.4153177861579,Az21 Half
P,38.87100323118176,-77.05596854698287,H44,38.90301800526387,-77.1123682030325,3.7580034603903583,306.00819356461466,125.97278661272772,305.9727866127277,126.00819356461466,Az12 Whole
P,38.87100323118176,-77.05596854698287,H20,38.9230873705844,-77.07763287849671,3.7778267408119848,342.00034798048154,161.98674444859597,341.98674444859597,162.0003479804816,Az12 Whole
P,38.87100323118176,-77.05596854698287,H29,38.91226863882422,-77.12474875900264,4.674507090164045,307.5347248180384,127.49154119429406,307.4915411942941,127.5347248180384,Az21 Half
P,38.87100323118176,-77.05596854698287,SF02,38.90117456916591,-77.0901139945135,2.7785657320157946,318.5172644462953,138.49582881805006,318.4958288180501,138.51726444629531,Az21 Half
P,38.87100323118176,-77.05596854698287,SF03,38.77367519361357,-76.97215841432278,8.094838690128942,146.0083460422615,326.0608872779394,146.0608872779394,326.0083460422615,Az12 Whole
PenE,38.87062329503496,-77.05322825200388,KS,38.790339,-77.051444,5.538832368943585,179.0035375601407,359.0046563191237,179.00465631912368,359.00353756014067,"Az12 Whole, Az21 Whole"
PenE,38.87062329503496,-77.05322825200388,Chk08,38.8580454440363,-77.07846439947777,1.6140125079144836,237.49046716842122,57.474632028380256,237.47463202838026,57.49046716842122,Az12 Half
PenE,38.87062329503496,-77.05322825200388,Chk38,38.85493665631558,-77.0022595046106,2.954105038518248,111.47117341480414,291.5031541325352,111.5031541325352,291.4711734148041,Az21 Half
PenE,38.87062329503496,-77.05322825200388,H44,38.90301800526387,-77.1123682030325,3.8935003107573922,305.0434017111996,125.00627459108286,305.00627459108284,125.04340171119958,Az21 Whole
PenE,38.87062329503496,-77.05322825200388,H35,38.92066077312896,-77.07975099520537,3.7360131799451914,337.50785904862823,157.49120531396844,337.4912053139684,157.50785904862823,"Az12 Half, Az21 Half"
PenE,38.87062329503496,-77.05322825200388,Pk03,38.899665,-77.698809,34.863414302901965,273.4967206969336,93.09144749738081,273.09144749738084,93.49672069693361,Az12 Half
PenF,38.86885510940446,-77.0555808299749,WHz,38.89597663639302,-77.03431133703796,2.1943507370608972,31.500172436294967,211.51352381187277,31.5135238118728,211.50017243629497,Az12 Half
PenF,38.86885510940446,-77.0555808299749,CFc,38.88974917890155,-77.01360995348632,2.6829995941819895,57.494262035053396,237.52060639485487,57.520606394854894,237.4942620350534,Az12 Half
PenF,38.86885510940446,-77.0555808299749,CFf,38.88868578496108,-77.00467871165168,3.0665900595083335,63.491921590609934,243.52387156195334,63.52387156195334,243.49192159060993,Az12 Half
PenF,38.86885510940446,-77.0555808299749,Sb,38.79033915000001,-77.04058603,5.476111772747982,171.49911835668865,351.50852019311026,171.50852019311026,351.49911835668865,"Az12 Half, Az21 Half"
PenF,38.86885510940446,-77.0555808299749,Wb,38.89324512999998,-77.17230114000002,6.514237578614776,285.0040754018771,104.9308093891888,284.93080938918877,105.00407540187712,Az12 Whole
PenF,38.86885510940446,-77.0555808299749,Chk15,38.9339121071402,-77.0702598537815,4.556891207981151,350.0055045655278,169.99628640346825,349.9962864034683,170.00550456552787,Az12 Whole
PenF,38.86885510940446,-77.0555808299749,Chk49,38.90963170613946,-77.02956862943489,3.1429850915916364,26.490813500267837,206.507144401642,26.507144401641995,206.49081350026785,"Az12 Half, Az21 Half"
PenF,38.86885510940446,-77.0555808299749,Chk63,38.89999431930673,-77.036569,2.380030811330619,25.504321579198642,205.51625628405088,25.516256284050883,205.50432157919863,Az12 Half
PenF,38.86885510940446,-77.0555808299749,H23,38.93923731423045,-77.08834070412745,5.16614166501107,340.0241478588401,160.0035740634582,340.0035740634582,160.02414785884002,Az21 Whole
PenF,38.86885510940446,-77.0555808299749,H39,38.9189665077175,-77.24236058241425,10.645652205135665,289.00641156781694,108.88913615796585,288.8891361579658,109.00641156781694,Az12 Whole
PenF,38.86885510940446,-77.0555808299749,H47,38.93841562644008,-77.01018660152103,5.3861475266243914,27.00357508015672,207.03208322628745,27.032083226287455,207.0035750801567,Az12 Whole
PenG,38.87292974342279,-77.05467449297677,M,38.889484,-77.035278,1.548444672528557,42.47822962308509,222.49040495241422,42.490404952414224,222.4782296230851,Az21 Half
PenG,38.87292974342279,-77.05467449297677,CFc,38.88974917890155,-77.01360995348632,2.4996432441080354,62.33182998366075,242.35760658862637,62.35760658862637,242.33182998366075,Dist Half
PenG,38.87292974342279,-77.05467449297677,Wb,38.89324512999998,-77.17230114000002,6.494896832732755,282.49726086444133,102.42342268318961,282.42342268318964,102.49726086444133,Az12 Half
PenG,38.87292974342279,-77.05467449297677,Bs,38.892752,-77.00889,2.8219091316834866,61.00282885986975,241.03156915911575,61.03156915911575,241.00282885986974,Az12 Whole
PenG,38.87292974342279,-77.05467449297677,Gs9,38.79290977473043,-77.03197308076226,5.654024160610444,167.4818148036826,347.4960497614697,167.49604976146975,347.4818148036826,Az21 Half
PenG,38.87292974342279,-77.05467449297677,I069,38.89642237002393,-77.00659984972448,3.0568210779636966,57.97024274449472,238.00042183866765,58.00042183866765,237.97024274449473,Az21 Whole
PenG,38.87292974342279,-77.05467449297677,Chk17,38.96039316959799,-77.01059198844285,6.484154623287618,21.47823595534082,201.50592812377977,21.505928123779768,201.47823595534084,Az21 Half
PenG,38.87292974342279,-77.05467449297677,Chk43,38.94312493001874,-77.0192667064925,5.204607328342323,21.49917932723242,201.5214179741657,21.52141797416573,201.4991793272324,Az12 Half
PenG,38.87292974342279,-77.05467449297677,Chk51,38.88979572156659,-76.99025683060958,3.662879233506836,71.46042623291476,251.50086183881467,71.50086183881467,251.46042623291476,Az21 Half
PenG,38.87292974342279,-77.05467449297677,H17,38.88120136333437,-77.07263105649967,1.1238383735124524,300.51677548934657,120.50550502539382,300.5055050253938,120.51677548934657,Az21 Half
PenB,38.87273680802001,-77.05628256361138,CFd,38.88868978460074,-77.00578323852076,2.936762897508089,67.97758538002392,248.00928386109584,68.00928386109581,247.97758538002392,Az21 Whole
PenB,38.87273680802001,-77.05628256361138,CptB,38.88556174596554,-77.00988737303246,2.653386488575819,70.50947775585236,250.53859908107125,70.53859908107125,250.50947775585234,Az12 Half
PenB,38.87273680802001,-77.05628256361138,Gs7,38.91601482291505,-77.11677799130699,4.421227243092619,312.4909447685333,132.45296049151722,312.4529604915172,132.49094476853332,Az12 Half
PenB,38.87273680802001,-77.05628256361138,I014,38.90564871624386,-77.03197530601018,2.6213346499625954,29.986348425023646,210.0016089171768,30.00160891717678,209.98634842502364,Az21 Whole
PenB,38.87273680802001,-77.05628256361138,Chk05,38.94213905894748,-77.01099576844469,5.37373481572109,27.000230478958745,207.02867349448232,27.02867349448229,207.00023047895874,Az12 Whole
PenB,38.87273680802001,-77.05628256361138,Chk14,38.92072480308088,-77.03571742899706,3.4909339497250067,18.50878057468716,198.52169380750115,18.52169380750115,198.50878057468717,Az12 Half
PenB,38.87273680802001,-77.05628256361138,Chk49,38.90963170613946,-77.02956862943489,2.9242374116703913,29.49547472509967,209.5122468909276,29.5122468909276,209.49547472509965,Az12 Half
PenB,38.87273680802001,-77.05628256361138,Chk59,39.01004268273348,-77.04244035387981,9.500823474807449,4.49731459359323,184.50601477595367,4.506014775953645,184.49731459359322,"Az12 Half, Az21 Half"
PenB,38.87273680802001,-77.05628256361138,H69,38.87633745296441,-77.07234178427055,0.9008623873562939,286.00916595546994,105.99908691334983,285.99908691334986,106.00916595546994,Az12 Whole
PenB,38.87273680802001,-77.05628256361138,H70a,38.87147694689254,-77.06775220195667,0.6245636880813297,262.00516089971813,81.99796273688877,261.9979627368888,82.00516089971813,Az12 Whole
PenB,38.87273680802001,-77.05628256361138,Pk05,38.92574773485303,-78.31007370765774,67.68193450461601,273.49061267954886,92.7032718718412,272.7032718718412,93.49061267954886,Az12 Half
PenA,38.872552231854,-77.05790028667388,HighWc,38.80681739491956,-77.06748402979503,4.563765465846668,186.5079936298862,6.501983247119142,186.50198324711914,6.507993629886187,"Az12 Half, Az21 Half"
PenA,38.872552231854,-77.05790028667388,Gs2,38.86573364111086,-76.96785270415687,4.878645945300309,95.50419982732387,275.5607086400418,95.56070864004181,275.5041998273239,Az12 Half
PenA,38.872552231854,-77.05790028667388,Chk13,38.97800673083694,-77.0340714747954,7.386798022578347,10.002605059149854,190.0175768598191,10.017576859819087,190.00260505914986,Az12 Whole
PenA,38.872552231854,-77.05790028667388,Chk22,38.93790243521637,-77.0858650836171,4.753214997255378,341.5208030974371,161.50324024947244,341.50324024947247,161.52080309743712,Az21 Half
PenA,38.872552231854,-77.05790028667388,Chk54,38.68922831692476,-77.04351796976675,12.669362339328716,176.48147102738906,356.49047931465975,176.49047931465975,356.48147102738903,Az21 Half
PenA,38.872552231854,-77.05790028667388,POOthr2c,38.9040771959102,-77.08165575743644,2.5237083273713345,329.5122435609985,149.4973297730284,329.4973297730284,149.5122435609985,Az21 Half
PenA,38.872552231854,-77.05790028667388,H47,38.93841562644008,-77.01018660152103,5.220657894703478,29.49674876758915,209.52671475917055,29.526714759170545,209.49674876758914,Az12 Half
PenA,38.872552231854,-77.05790028667388,Pk05,38.92574773485303,-78.31007370765774,67.59564046812592,273.5048692324521,92.71854592145688,272.7185459214569,93.50486923245211,Az12 Half
PenD,38.87004437347602,-77.05846414671291,M,38.889484,-77.035278,1.833313848366565,42.98574531454903,223.0002989845862,43.00029898458621,222.98574531454904,Az21 Whole
PenD,38.87004437347602,-77.05846414671291,Gs5,38.90446612895163,-76.97570336712812,5.054296347267247,61.95372793672517,242.00568432870932,62.00568432870932,241.95372793672516,Az21 Whole
PenD,38.87004437347602,-77.05846414671291,Chk08,38.8580454440363,-77.07846439947777,1.3595868186017959,232.50496510574362,52.49241545580483,232.49241545580483,52.50496510574362,"Az12 Half, Az21 Half"
PenD,38.87004437347602,-77.05846414671291,Chk13,38.97800673083694,-77.0340714747954,7.562442611185816,10.001467975753808,190.01679363843593,10.016793638435956,190.0014679757538,Az12 Whole
PenD,38.87004437347602,-77.05846414671291,Chk17,38.96039316959799,-77.01059198844285,6.745208248561529,22.472231103681622,202.50230295583984,22.50230295583981,202.47223110368162,Az21 Half
PenD,38.87004437347602,-77.05846414671291,Chk22,38.93790243521637,-77.0858650836171,4.9083635729283035,342.4971890126394,162.47998075449632,342.4799807544963,162.4971890126394,Az12 Half
PenD,38.87004437347602,-77.05846414671291,Chk25,38.9229071947,-77.03584297932892,3.844993624040262,18.483014942056407,198.4972191182406,18.497219118240594,198.4830149420564,Az21 Half
PenD,38.87004437347602,-77.05846414671291,Chk27,38.96791103163879,-77.06834544975686,6.771894190367154,355.4931584177985,175.4869507754599,355.4869507754599,175.49315841779844,Az12 Half
PenD,38.87004437347602,-77.05846414671291,Chk44,38.9096320124952,-77.04345033773585,2.84820438789377,16.50511650519033,196.51454255072213,16.514542550722126,196.50511650519033,Az12 Half
PenD,38.87004437347602,-77.05846414671291,Chk58,38.84739885578784,-77.05973097339024,1.563584691279382,182.50488921080662,2.5040944009285226,182.50409440092852,2.5048892108065957,"Az12 Half, Az21 Half"
PenD,38.87004437347602,-77.05846414671291,H60,38.93132296535497,-76.91720945574568,8.708623992107764,60.917957721042626,241.00666180044468,61.006661800444704,240.91795772104263,Az21 Whole
PenC,38.87621612361609,-77.05693269848774,CFa,38.89064396166972,-77.01235207597406,2.601480062964111,67.49327244595523,247.52125739621292,67.52125739621295,247.49327244595523,Az12 Half
PenC,38.87621612361609,-77.05693269848774,CFf,38.88868578496108,-77.00467871165168,2.945714684333512,73.00558715248599,253.03838827024552,73.03838827024549,253.005587152486,Az12 Whole
PenC,38.87621612361609,-77.05693269848774,SCb,38.890621,-77.00442188577618,3.000450424180252,70.6438051889867,250.67676821308015,70.67676821308015,250.6438051889867,Dist Whole
PenC,38.87621612361609,-77.05693269848774,Gs3,38.92487183560202,-77.0180027100891,3.9582994090087444,32.00214504654637,212.02659193152277,32.02659193152277,212.00214504654636,Az12 Whole
PenC,38.87621612361609,-77.05693269848774,Chk26,38.88686719010732,-76.91666542015503,7.598365156390103,84.40716164522773,264.49520916926406,84.49520916926406,264.40716164522775,Az21 Half
PenC,38.87621612361609,-77.05693269848774,Chk30,38.87080074981925,-77.14434316078132,4.72820144958482,265.4960226535735,85.4411635648464,265.4411635648464,85.4960226535735,Az12 Half
PenC,38.87621612361609,-77.05693269848774,Chk44,38.9096320124952,-77.04345033773585,2.416917764255527,17.4964742862856,197.50493941527498,17.504939415274976,197.4964742862856,"Az12 Half, Az21 Half"
PenC,38.87621612361609,-77.05693269848774,Chk47,38.94812410619182,-77.00484480332231,5.699532326154074,29.490827245462732,209.523545136885,29.52354513688499,209.49082724546273,Az12 Half
PenC,38.87621612361609,-77.05693269848774,Chk60,39.00533947251964,-77.03806204873727,8.964899691337319,6.505289936015683,186.51715046363975,6.517150463639723,186.50528993601569,Az12 Half
PenC,38.87621612361609,-77.05693269848774,H39,38.9189665077175,-77.24236058241425,10.421362585237397,286.49582732220534,106.37939145804367,286.37939145804364,106.49582732220534,Az12 Half
PenC,38.87621612361609,-77.05693269848774,Pk05,38.92574773485303,-78.31007370765774,67.63274776601172,273.2890869005105,92.50212477630234,272.50212477630237,93.28908690051048,Az21 Half
M,38.889484,-77.035278,Bs,38.892752,-77.00889,1.4403158752614174,80.98715182017644,261.00371932579037,81.00371932579037,260.98715182017645,Az21 Whole
M,38.889484,-77.035278,Chk03,38.80887860350852,-77.01339590231409,5.684068295890068,168.00794271239465,348.0216687550103,168.0216687550103,348.00794271239465,Az12 Whole
M,38.889484,-77.035278,Chk11,38.89433083867851,-77.13554467903445,5.415601782135037,273.57093790629915,93.50798514814073,273.50798514814073,93.57093790629915,Az21 Half
M,38.889484,-77.035278,Chj24,38.97126514652496,-77.06832915730651,5.91574098950385,342.4911447527268,162.47037620811,342.47037620811,162.49114475272677,Az12 Half
M,38.889484,-77.035278,Chk51,38.88979572156659,-76.99025683060958,2.427216578957006,89.47827738159258,269.5065426777901,89.5065426777901,269.4782773815926,Az21 Half
M,38.889484,-77.035278,H70b,38.91008217241069,-76.97878782846644,3.3601856992418444,64.96722952518829,245.00270310191547,65.00270310191547,244.9672295251883,Az21 Whole
M,38.889484,-77.035278,SF04,38.90017164390296,-77.07087604008456,2.0557202651775572,291.0271649253393,111.00481317167419,291.0048131716742,111.02716492533932,Az21 Whole
MV,38.735159,-77.01151395666083,HighWa,38.80760759772259,-77.0660665577638,5.801065398432865,329.4990361807362,149.46487454312052,329.4648745431205,149.4990361807362,Az12 Half
MV,38.735159,-77.01151395666083,Gs9,38.79290977473043,-77.03197308076226,4.133983710730275,344.50430870084364,164.4914989452159,344.4914989452159,164.5043087008437,"Az12 Half, Az21 Half"
MV,38.735159,-77.01151395666083,Chk15,38.9339121071402,-77.0702598537815,14.071552855405661,347.00142387770535,166.96458582776415,346.96458582776415,167.0014238777053,Az12 Whole
MV,38.735159,-77.01151395666083,Chk30,38.87080074981925,-77.14434316078132,11.78758668075181,322.5797381238639,142.49650137333606,322.49650137333606,142.57973812386388,Az21 Half
MV,38.735159,-77.01151395666083,Chk48,38.90721119681356,-77.0365266731042,11.944615168193625,353.5195369355101,173.5038566475874,353.50385664758744,173.51953693551013,Az21 Half
MV,38.735159,-77.01151395666083,AN,38.91858289999999,-76.94192180000002,13.197998525046602,16.508189394561494,196.55182159555204,16.551821595552042,196.5081893945615,Az12 Half
MV,38.735159,-77.01151395666083,RK,38.85513800000002,-77.02356040000001,8.301587742819555,355.5109989877507,175.50345143124972,355.5034514312497,175.51099898775078,Az21 Half
MV,38.735159,-77.01151395666083,H13,38.94626278806017,-77.01391219662139,14.562500215234795,359.4917052922997,179.4902012157943,359.4902012157943,179.49170529229968,"Az12 Half, Az21 Half"
MV,38.735159,-77.01151395666083,H65,38.91883509061264,-77.00739402065348,12.67188495120359,1.0039028787703526,181.00648596231534,1.0064859623153097,181.00390287877036,"Az12 Whole, Az21 Whole"
MVa,38.74397251515714,-77.01540232831105,Gs2,38.86573364111086,-76.96785270415687,8.782390223940357,16.976604851146035,197.0064027835017,17.0064027835017,196.97660485114602,Az21 Whole
MVa,38.74397251515714,-77.01540232831105,Chk23c,38.90964452291605,-76.97239108771012,11.661290713044503,11.466057031252483,191.4930237486672,11.493023748667213,191.4660570312525,Az21 Half
MVa,38.74397251515714,-77.01540232831105,Chk41,38.91261730408393,-76.9575387987198,12.044764185265862,15.005152720624555,195.04143253546442,15.041432535464423,195.00515272062455,Az12 Whole
MVa,38.74397251515714,-77.01540232831105,H66,38.90533124793031,-77.10094955658019,12.049733716519059,337.50172191600603,157.44808895700703,337.44808895700703,157.5017219160061,Az12 Half
MVa,38.74397251515714,-77.01540232831105,H52,38.92312150962155,-77.0746835467705,12.764864890824201,345.5077545365481,165.47058160748642,345.47058160748645,165.50775453654808,Az12 Half
MVa,38.74397251515714,-77.01540232831105,SF04,38.90017164390296,-77.07087604008456,11.182671690982568,344.49070707213474,164.4559303468553,344.4559303468553,164.49070707213468,Az12 Half
MVa,38.74397251515714,-77.01540232831105,Pk01,39.26242301794514,-77.39330127153266,41.14316456322732,330.49003894448254,150.25220007964614,330.2522000796462,150.49003894448254,Az12 Half
HighWa,38.80760759772259,-77.0660665577638,CapK,38.889801,-77.00904745,6.4502303154677945,28.461075080974897,208.49684124315112,28.496841243151152,208.4610750809749,Az21 Half
HighWa,38.80760759772259,-77.0660665577638,CFe,38.88981116007428,-77.01012017665087,6.423458382680084,28.004741902828183,208.0398351835754,28.039835183575406,208.0047419028282,Az12 Whole
HighWa,38.80760759772259,-77.0660665577638,CFf,38.88868578496108,-77.00467871165168,6.499568768181547,30.609784000748487,210.6482900598218,30.64829005982176,210.60978400074848,Dist Half
HighWa,38.80760759772259,-77.0660665577638,Wc,38.89317136999999,-77.04078625,6.0576699207385,13.001282017232443,193.0171400799743,13.017140079974297,193.00128201723246,Az12 Whole
HighWa,38.80760759772259,-77.0660665577638,Gs4,38.9132912447494,-77.09353884670664,7.439119925634982,348.520143320811,168.50290649324018,348.5029064932402,168.52014332081103,Az21 Half
HighWa,38.80760759772259,-77.0660665577638,Gs6,38.94253116241286,-77.11066858924072,9.612789100802335,345.52528225749916,165.4972889153665,345.49728891536654,165.52528225749916,Az21 Half
HighWa,38.80760759772259,-77.0660665577638,Chk23a,38.90863930872903,-76.97546834269932,8.511525316052737,35.00739949795998,215.0642403115483,35.0642403115483,215.00739949795997,Az12 Whole
HighWa,38.80760759772259,-77.0660665577638,Chk38,38.85493665631558,-77.0022595046106,4.744547765408592,46.49966219595601,226.53967107985494,46.53967107985494,226.499662195956,Az12 Half
HighWa,38.80760759772259,-77.0660665577638,Chk54,38.68922831692476,-77.04351796976675,8.256006870435266,171.5091005455087,351.52321375809527,171.52321375809527,351.50910054550866,Az12 Half
HighWa,38.80760759772259,-77.0660665577638,Chk61,38.9027413920959,-77.02294473847918,6.962317553225382,19.502013627304876,199.52906628345897,19.529066283458974,199.50201362730488,Az12 Half
HighWa,38.80760759772259,-77.0660665577638,Chk63,38.89999431930673,-77.036569,6.568449227871928,14.008550923501483,194.0270557901027,14.027055790102736,194.00855092350147,Az12 Whole
HighWa,38.80760759772259,-77.0660665577638,H17,38.88120136333437,-77.07263105649967,5.088832540196902,356.01174400611615,176.00762670167626,356.00762670167626,176.01174400611615,Az21 Whole
HighWb,38.80859367009808,-77.06728222257168,CFd,38.88868978460074,-77.00578323852076,6.444441664183335,30.962289135518805,211.00086532042477,31.000865320424737,210.9622891355188,Az21 Whole
HighWb,38.80859367009808,-77.06728222257168,Bs,38.892752,-77.00889,6.604648206664221,28.464090123524556,208.5007191572535,28.500719157253513,208.46409012352456,Az21 Half
HighWb,38.80859367009808,-77.06728222257168,Chk19,38.98909790584569,-77.04677082443145,12.500287045361196,5.067959256846169,185.08083935167411,5.080839351674115,185.06795925684617,Dist Half
HighWb,38.80859367009808,-77.06728222257168,Chk31,38.84552270708302,-77.10483209910393,3.25486756273646,321.5137667376393,141.49022402269676,321.4902240226968,141.5137667376393,Az21 Half
HighWb,38.80859367009808,-77.06728222257168,Chk59,39.01004268273348,-77.04244035387981,13.960453545056023,5.495590514779647,185.5111934589023,5.511193458902312,185.49559051477965,Az12 Half
HighWb,38.80859367009808,-77.06728222257168,H31,38.93203756982007,-77.09367738494352,8.633337814437583,350.5186792680392,170.50211471611013,350.5021147161101,170.51867926803925,Az21 Half
HighWc,38.80681739491956,-77.06748402979503,CFd,38.88868978460074,-77.00578323852076,6.555332674113304,30.492831492081386,210.5315335192466,30.531533519246636,210.4928314920814,Az12 Half
HighWc,38.80681739491956,-77.06748402979503,SCb,38.890621,-77.00442188577618,6.7073636437638,30.45472492066177,210.49428168917532,30.494281689175295,210.45472492066176,Az21 Half
HighWc,38.80681739491956,-77.06748402979503,B,38.892747285,-77.008989,6.714934180389761,28.00868907251042,208.04538188889902,28.045381888898987,208.00868907251044,Az12 Whole
HighWc,38.80681739491956,-77.06748402979503,I069,38.89642237002393,-77.00659984972448,6.999231648220468,27.963436648714673,208.00162965528,28.00162965528,207.96343664871466,Az21 Whole
HighWc,38.80681739491956,-77.06748402979503,Chk06,38.92609741015503,-76.95853332476764,10.11044091329923,35.49611430020825,215.56448171744066,35.564481717440685,215.49611430020826,Az12 Half
HighWc,38.80681739491956,-77.06748402979503,Chk21,38.87280409544193,-76.94019736733574,8.238494876030307,56.42150261189797,236.50132986027182,56.501329860271824,236.42150261189798,Az21 Half
HighWc,38.80681739491956,-77.06748402979503,Chk52,38.89358765171932,-76.99952509051057,7.01874826384035,31.463857538203168,211.50648727364973,31.506487273649725,211.46385753820317,Az21 Half
HighWc,38.80681739491956,-77.06748402979503,Chk58,38.84739885578784,-77.05973097339024,2.830386462795615,8.497178751568978,188.50203970477466,8.502039704774688,188.49717875156898,"Az12 Half, Az21 Half"
HighWc,38.80681739491956,-77.06748402979503,Chk59,39.01004268273348,-77.04244035387981,14.083460162603208,5.491834510099643,185.50756390579892,5.507563905798918,185.49183451009964,"Az12 Half, Az21 Half"
HighWc,38.80681739491956,-77.06748402979503,POOthr2c,38.9040771959102,-77.08165575743644,6.752394796492793,353.50460984569617,173.49571909981947,353.49571909981944,173.50460984569622,"Az12 Half, Az21 Half"
HighWc,38.80681739491956,-77.06748402979503,OtrD,38.88972524047381,-76.91344596466341,10.087023378967455,55.41288937606099,235.5095113807107,55.509511380710705,235.412889376061,Az21 Half
HighWc,38.80681739491956,-77.06748402979503,H77,38.89703882730361,-77.03762786655247,6.428463938466761,14.49853210782673,194.51726118010993,14.517261180109926,194.49853210782672,Az12 Half
WH,38.89778875877805,-77.036569,Cap,38.889801,-77.009227,1.5735625588586715,110.48857321686502,290.5057406784453,110.5057406784453,290.488573216865,Az21 Half
WH,38.89778875877805,-77.036569,CFg,38.89361386946052,-77.00907795602103,1.5096576687657424,100.98866427894822,281.00592603398275,101.00592603398275,280.98866427894825,Az21 Whole
WH,38.89778875877805,-77.036569,CptA,38.89077979476803,-77.0072678806584,1.6518783177344158,107.00965642762361,287.0280541734793,107.02805417347929,287.0096564276236,Az12 Whole
WH,38.89778875877805,-77.036569,Wb,38.89324512999998,-77.17230114000002,7.3235165683699,267.5897966061797,87.50457007760201,267.504570077602,87.58979660617968,Az21 Half
WH,38.89778875877805,-77.036569,Chk08,38.8580454440363,-77.07846439947777,3.552303624385645,219.50138583600298,39.47508963902217,219.47508963902217,39.50138583600301,Az12 Half
WH,38.89778875877805,-77.036569,Chk16,38.95984790558003,-77.02680651074166,4.313096340913831,7.00200413806743,187.00813844220414,7.008138442204142,187.00200413806743,"Az12 Whole, Az21 Whole"
WH,38.89778875877805,-77.036569,Chk27,38.96791103163879,-77.06834544975686,5.131151545982106,340.519012325562,160.49904370967502,340.499043709675,160.51901232556202,Az21 Half
WH,38.89778875877805,-77.036569,Chk54,38.68922831692476,-77.04351796976675,14.39125899034337,181.49584027212777,1.4914866275540817,181.49148662755408,1.4958402721277935,"Az12 Half, Az21 Half"
WH,38.89778875877805,-77.036569,Chk62,38.90537641569407,-77.02133073015519,0.9739579809349489,57.48863740597403,237.49820680411463,57.4982068041146,237.48863740597403,Az21 Half
WH,38.89778875877805,-77.036569,Chk63,38.89999431930673,-77.036569,0.15214094039029083,0.0,180.0,0.0,180.0,"Az12 Whole, Az21 Whole"
WH,38.89778875877805,-77.036569,H66,38.90533124793031,-77.10094955658019,3.5090048194513734,278.54699180234854,98.50656182434173,278.5065618243417,98.54699180234854,Az21 Half
WH,38.89778875877805,-77.036569,H69,38.87633745296441,-77.07234178427055,2.4308620491433617,232.5140116572543,52.49155395601271,232.4915539560127,52.51401165725429,Az21 Half
WH,38.89778875877805,-77.036569,H81,38.88687029383775,-76.9299762903957,5.79541537306969,97.43371087182919,277.5006360615129,97.50063606151292,277.4337108718292,Az21 Half
WH,38.89778875877805,-77.036569,H31,38.93203756982007,-77.09367738494352,3.8798772298696433,307.52893838967344,127.49306486334135,307.4930648633414,127.52893838967344,Az21 Half
WH,38.89778875877805,-77.036569,SF06,38.98876568157223,-77.16354886186852,9.283081589360288,312.5744953274775,132.4946820002273,312.4946820002273,132.5744953274775,Az21 Half
WH,38.89778875877805,-77.036569,Pk04,38.77550687860945,-78.20406185227269,63.54887858094835,262.738883518271,82.00673036905002,262.00673036905005,82.738883518271,Az21 Whole
WH,38.89778875877805,-77.036569,Pk05,38.92574773485303,-78.31007370765774,68.66071778627878,272.00949958720423,91.20956208326056,271.20956208326055,92.00949958720423,Az12 Whole
WHz,38.89597663639302,-77.03431133703796,Cap,38.889801,-77.009227,1.4177657983165288,107.47807469411869,287.49382430824994,107.49382430824994,287.4780746941187,Az21 Half
WHz,38.89597663639302,-77.03431133703796,CptB,38.88556174596554,-77.00988737303246,1.4999367113518518,118.61048263328169,298.6258169180983,118.62581691809828,298.61048263328166,Dist Half
WHz,38.89597663639302,-77.03431133703796,Wb,38.89324512999998,-77.17230114000002,7.440989336400666,268.59232212612085,88.50567970324963,268.5056797032496,88.59232212612085,Az21 Half
WHz,38.89597663639302,-77.03431133703796,Gs4,38.9132912447494,-77.09353884670664,3.4084389268970043,290.5313956559354,110.4941992376286,290.4941992376286,110.5313956559354,Az21 Half
WHz,38.89597663639302,-77.03431133703796,Chk15,38.9339121071402,-77.0702598537815,3.2559110135090377,323.49748103402646,143.4748993954941,323.4748993954941,143.49748103402646,Az12 Half
WHz,38.89597663639302,-77.03431133703796,Chk20,38.82106536665973,-77.00135736591604,5.46451075749473,161.00879106405657,341.02946637343734,161.02946637343734,341.0087910640566,Az12 Whole
WHz,38.89597663639302,-77.03431133703796,Chk37,38.93508740486395,-77.12641979728585,5.649618159037571,298.5534832175655,118.49562306628587,298.4956230662859,118.55348321756549,Az21 Half
WHz,38.89597663639302,-77.03431133703796,Chk43,38.94312493001874,-77.0192667064925,3.351854446125271,13.992435986799697,194.00188745448182,14.001887454481789,193.9924359867997,Az21 Whole
WHz,38.89597663639302,-77.03431133703796,H67,38.91551942120227,-77.08923640277803,3.2528671677103134,294.50046465358446,114.46596945115435,294.46596945115436,114.50046465358446,Az12 Half
WHz,38.89597663639302,-77.03431133703796,H70b,38.91008217241069,-76.97878782846644,3.1469484007922124,71.97206038957934,252.0069293883564,72.00692938835641,251.97206038957933,Az21 Whole
WHz,38.89597663639302,-77.03431133703796,H86,38.810462075372,-76.99664817839795,6.238812193732256,160.98503863935736,341.0086657790383,161.00866577903832,340.98503863935736,Az21 Whole
WHz,38.89597663639302,-77.03431133703796,H27,38.83334538875507,-77.17620182600818,8.787467390403675,240.5957563747311,60.50672247363903,240.50672247363903,60.59575637473108,Az21 Half
WHz,38.89597663639302,-77.03431133703796,H28,38.90499081362246,-77.12853595395019,5.116860968732582,277.0094489036445,96.95027869771884,276.95027869771883,97.00944890364451,Az12 Whole
Cap,38.889801,-77.009227,CapK,38.889801,-77.00904745,0.0096796387276986,89.9999436370541,270.0000563629459,90.00005636294588,269.9999436370541,Az21 Whole
Cap,38.889801,-77.009227,Wb,38.89324512999998,-77.17230114000002,8.794412287415952,271.59920516950297,91.49681936954268,271.49681936954266,91.59920516950297,Az21 Half
Cap,38.889801,-77.009227,Gs1,38.93539090046842,-77.11877083238855,6.689048235918177,298.0781466114061,118.00933837312257,298.00933837312255,118.07814661140611,Az21 Whole
Cap,38.889801,-77.009227,Chk02,38.83591588236636,-76.98066122302069,4.023619568720871,157.4786186697843,337.4965425097287,157.49654250972867,337.4786186697843,Az21 Half
Cap,38.889801,-77.009227,Chk10,38.86173720173936,-76.95502425801097,3.5056442672379355,123.50172391260259,303.53574339218653,123.53574339218653,303.5017239126026,Az12 Half
Cap,38.889801,-77.009227,Chk21,38.87280409544193,-76.94019736733574,3.9021727944039597,107.46366904550314,287.506999574898,107.50699957489797,287.46366904550314,Az21 Half
Cap,38.889801,-77.009227,Chk35,38.89407905799511,-77.05068501975197,2.2543559046651533,277.534811346644,97.50878178007879,277.5087817800788,97.534811346644,Az21 Half
Cap,38.889801,-77.009227,Chk63,38.89999431930673,-77.036569,1.6330456641377278,295.5123445726433,115.49517670144938,295.4951767014494,115.51234457264331,Az21 Half
Cap,38.889801,-77.009227,H24,38.91738246946505,-77.0704105785321,3.807274895357491,300.0009821584482,119.96255814322058,299.9625581432206,120.00098215844821,Az12 Whole
Cap,38.889801,-77.009227,H32,38.9243596243616,-77.09063005508365,4.993228222577931,298.5427439448297,118.49161799765724,298.4916179976573,118.54274394482968,Az21 Half
CapK,38.889801,-77.00904745,Wb,38.89324512999998,-77.17230114000002,8.804088159825337,271.59755982140763,91.49506129121613,271.49506129121613,91.59755982140763,Az21 Half
CapK,38.889801,-77.00904745,Gs9,38.79290977473043,-77.03197308076226,6.797018468612008,190.49102282791938,10.476644642732026,190.47664464273203,10.49102282791938,Az12 Half
CapK,38.889801,-77.00904745,I014,38.90564871624386,-77.03197530601018,1.650012686181343,311.500412421716,131.4860152834474,311.4860152834474,131.50041242171602,Az12 Half
CapK,38.889801,-77.00904745,Chk04,38.93525554614944,-76.9884528433251,3.326139676631204,19.48666876487002,199.499604922436,19.499604922435992,199.48666876487002,Az21 Half
CapK,38.889801,-77.00904745,Chk13,38.97800673083694,-77.0340714747954,6.232104507073134,347.51398274329034,167.4982570542051,347.4982570542051,167.5139827432904,Az21 Half
CapK,38.889801,-77.00904745,Chk20,38.82106536665973,-77.00135736591604,4.7594991672016596,174.99808720045877,355.0029116334198,175.00291163341979,354.99808720045877,Az21 Whole
CapK,38.889801,-77.00904745,Chk21,38.87280409544193,-76.94019736733574,3.8929404017090317,107.5065353738872,287.54975319809455,107.54975319809455,287.50653537388723,Az12 Half
CapK,38.889801,-77.00904745,Chk35,38.89407905799511,-77.05068501975197,2.2639523178996153,277.5028011577268,97.47665886004337,277.47665886004336,97.50280115772682,Az12 Half
CapK,38.889801,-77.00904745,Chk46,38.87650889195688,-77.07473802861425,3.6585043632316343,255.50639932251124,75.46516309498003,255.46516309498003,75.50639932251124,Az12 Half
CCnrA,38.88881417737429,-77.00860327209443,Gs3,38.92487183560202,-77.0180027100891,2.538351593872492,348.49047046173297,168.4845670879925,348.4845670879925,168.4904704617329,Az12 Half
CCnrA,38.88881417737429,-77.00860327209443,Chk57,38.83300987616117,-77.06541563323557,4.919965136648049,218.53680392276598,38.50115802432185,218.50115802432185,38.53680392276601,Az21 Half
CCnrA,38.88881417737429,-77.00860327209443,OtrC,38.95177142459147,-76.98472940704961,4.529393031308388,16.493630667277483,196.5086291545076,16.508629154507616,196.49363066727747,"Az12 Half, Az21 Half"
CCnrA,38.88881417737429,-77.00860327209443,H27,38.83334538875507,-77.17620182600818,9.815449435616335,247.10937386143326,67.00421672824498,247.00421672824498,67.10937386143326,Az21 Whole
CCnrA,38.88881417737429,-77.00860327209443,H31,38.93203756982007,-77.09367738494352,5.469246224704306,303.06191022541464,123.0084747688315,303.0084747688315,123.06191022541464,Az21 Whole
CCnrA,38.88881417737429,-77.00860327209443,SF02,38.90117456916591,-77.0901139945135,4.4759270503498945,281.0070685883022,100.9558884024592,280.9558884024592,101.00706858830222,Az12 Whole
CCnrA,38.88881417737429,-77.00860327209443,SF06,38.98876568157223,-77.16354886186852,10.826717468950152,309.604403837133,129.5070220421942,309.5070220421942,129.60440383713302,Az21 Half
H71,38.88981684871572,-77.00844224089784,Chk18,38.87614213026904,-77.11265634246809,5.697406261561489,260.5026854213835,80.43726690000607,260.4372669000061,80.50268542138349,Az12 Half
H71,38.88981684871572,-77.00844224089784,Chk22,38.93790243521637,-77.0858650836171,5.330301998080414,308.50770818873525,128.4590749211443,308.4590749211443,128.50770818873525,Az12 Half
H71,38.88981684871572,-77.00844224089784,RCOthr3a,38.99355611820573,-77.03793092768112,7.330259938366682,347.4929689993403,167.47443449327116,347.47443449327113,167.4929689993403,Az12 Half
H71,38.88981684871572,-77.00844224089784,H99,38.8889443857454,-77.00096480083693,0.4075829970424173,98.4888885534077,278.4935830308939,98.49358303089389,278.4888885534077,Az21 Half
H71,38.88981684871572,-77.00844224089784,SF04,38.90017164390296,-77.07087604008456,3.440556051946569,282.00168839026014,101.96248651349329,281.9624865134933,102.00168839026014,Az12 Whole
CFa,38.89064396166972,-77.01235207597406,CFb,38.88898718985376,-77.01233379820508,0.11428922250880114,179.50600265687066,359.50601413210575,179.50601413210575,359.5060026568707,"Az12 Half, Az21 Half"
CFa,38.89064396166972,-77.01235207597406,Nc,38.89359614000001,-77.04098558,1.556972760128412,277.52447190981695,97.50649419173256,277.50649419173254,97.52447190981695,Az21 Half
CFa,38.89064396166972,-77.01235207597406,Wc,38.89317136999999,-77.04078625,1.542739273039789,276.4976731631921,96.47982067769063,276.4798206776906,96.49767316319208,Az12 Half
CFa,38.89064396166972,-77.01235207597406,Nb,38.99595650999999,-77.04098558,7.426533749485447,348.021410674039,168.0034130479923,348.0034130479923,168.02141067403898,Az21 Whole
CFa,38.89064396166972,-77.01235207597406,Gs6,38.94253116241286,-77.11066858924072,6.393971285476558,304.0715089580152,124.0097476553276,304.0097476553276,124.07150895801522,Az21 Whole
CFa,38.89064396166972,-77.01235207597406,Chk01,38.80358701301893,-77.0045692366363,6.019846589471999,175.99846661302527,356.0033483573385,176.0033483573385,355.99846661302524,Az21 Whole
CFa,38.89064396166972,-77.01235207597406,Chk23a,38.90863930872903,-76.97546834269932,2.343850034763387,58.00919751526339,238.0323589584239,58.03235895842391,238.0091975152634,Az12 Whole
CFa,38.89064396166972,-77.01235207597406,Chk13,38.97800673083694,-77.0340714747954,6.1389331473193405,349.01814051465834,169.0044914065282,349.0044914065282,169.0181405146584,Az21 Whole
CFa,38.89064396166972,-77.01235207597406,Chk18,38.87614213026904,-77.11265634246809,5.4996851639037,259.55156656899925,79.4886018131744,259.4886018131744,79.55156656899925,Dist Half
CFa,38.89064396166972,-77.01235207597406,Chk27,38.96791103163879,-77.06834544975686,6.124582621551838,330.50605476621627,150.47087072379855,330.47087072379855,150.50605476621627,Az12 Half
CFa,38.89064396166972,-77.01235207597406,Chk31,38.84552270708302,-77.10483209910393,5.878718256048241,238.06085818364338,58.00282423441182,238.00282423441183,58.060858183643404,Az21 Whole
CFa,38.89064396166972,-77.01235207597406,RC,38.98682226543504,-77.05231894611552,6.975132199326714,342.0322275641621,162.0071088155311,342.00710881553107,162.0322275641621,Az21 Whole
CFa,38.89064396166972,-77.01235207597406,POOthr2a,38.86374289004072,-77.04279029496989,2.4773091210975333,221.5007945294637,41.481689882243785,221.48168988224378,41.50079452946369,Az12 Half
CFa,38.89064396166972,-77.01235207597406,RCOthr3a,38.99355611820573,-77.03793092768112,7.231495799054093,349.0231810400263,169.007103836739,349.007103836739,169.02318104002632,Az21 Whole
CFa,38.89064396166972,-77.01235207597406,H66,38.90533124793031,-77.10094955658019,4.88207128837057,282.0049980708891,101.94936454064086,281.9493645406409,102.00499807088909,Az12 Whole
CFa,38.89064396166972,-77.01235207597406,H24,38.91738246946505,-77.0704105785321,3.6324565415085064,300.53341398739275,120.49695222496646,300.49695222496644,120.53341398739275,Az21 Half
CFa,38.89064396166972,-77.01235207597406,Pk01,39.26242301794514,-77.39330127153266,32.822173895084944,321.5061358201208,141.26599967852889,321.2659996785289,141.5061358201208,Az12 Half
CFb,38.88898718985376,-77.01233379820508,Wb,38.89324512999998,-77.17230114000002,8.628767115521805,272.0008859496241,91.9004516329959,271.9004516329959,92.00088594962409,Az12 Whole
CFb,38.88898718985376,-77.01233379820508,Chk36,38.91158883943301,-76.99354755099984,1.8590680606616203,32.99803003989224,213.00982718291644,33.00982718291641,212.99803003989223,Az21 Whole
CFb,38.88898718985376,-77.01233379820508,Chk59,39.01004268273348,-77.04244035387981,8.506567882971632,349.01926290657616,169.00033684966243,349.0003368496624,169.01926290657616,Az21 Whole
CFb,38.88898718985376,-77.01233379820508,AnOthr01,38.86898287196977,-76.99696100301952,1.6097154802992208,149.00278649268384,329.0124356516093,149.01243565160928,329.00278649268387,Az12 Whole
CFb,38.88898718985376,-77.01233379820508,H22,38.92823446130691,-77.06004232078331,3.733786268972638,316.49074948327586,136.460784711095,316.460784711095,136.49074948327586,Az12 Half
CFb,38.88898718985376,-77.01233379820508,H70a,38.87147694689254,-77.06775220195667,3.222933544212831,248.00720485860802,67.9724190285225,247.9724190285225,68.00720485860802,Az12 Whole
CFc,38.88974917890155,-77.01360995348632,CFg,38.89361386946052,-77.00907795602103,0.3616071226513862,42.502400572916336,222.50524598780828,42.50524598780828,222.50240057291634,"Az12 Half, Az21 Half"
CFc,38.88974917890155,-77.01360995348632,Chk08,38.8580454440363,-77.07846439947777,4.1246229202884,238.00042155078847,57.95971834876656,237.95971834876656,58.000421550788474,Az12 Whole
CFc,38.88974917890155,-77.01360995348632,Chk18,38.87614213026904,-77.11265634246809,5.422019384738224,260.0622457746335,80.0000712381086,260.0000712381086,80.06224577463348,Az21 Whole
CFc,38.88974917890155,-77.01360995348632,Chk46,38.87650889195688,-77.07473802861425,3.4199654054230915,254.53005753549897,74.49168536963482,254.4916853696348,74.53005753549894,Az21 Half
CFc,38.88974917890155,-77.01360995348632,Chk57,38.83300987616117,-77.06541563323557,4.808831903999455,215.53794890639125,35.50544403150849,215.5054440315085,35.53794890639125,Az21 Half
CFc,38.88974917890155,-77.01360995348632,AnOthr02,38.90608413980003,-76.95766732477911,3.2191981779662786,69.49367427387187,249.5288025970253,69.52880259702533,249.49367427387187,Az12 Half
CFc,38.88974917890155,-77.01360995348632,OtrB,38.95704643888089,-76.99134485249716,4.794756089537183,14.483713792544561,194.49770253087712,14.49770253087712,194.48371379254456,Az21 Half
CFc,38.88974917890155,-77.01360995348632,H81,38.88687029383775,-76.9299762903957,4.513201803692608,92.4956519640202,272.54815753941114,92.54815753941114,272.4956519640202,Az12 Half
CFc,38.88974917890155,-77.01360995348632,H86,38.810462075372,-76.99664817839795,5.5452273756117005,170.4978140256913,350.50845389722906,170.50845389722906,350.4978140256913,"Az12 Half, Az21 Half"
CFc,38.88974917890155,-77.01360995348632,H29,38.91226863882422,-77.12474875900264,6.188739893647027,284.5719035200577,104.5021109182374,284.5021109182374,104.57190352005767,Az21 Half
CFd,38.88868978460074,-77.00578323852076,Chk17,38.96039316959799,-77.01059198844285,4.952948530686697,357.0026836768345,176.99966235624225,356.99966235624225,177.00268367683452,Az12 Whole
CFd,38.88868978460074,-77.00578323852076,Chk18,38.87614213026904,-77.11265634246809,5.826827997310067,261.4909655705487,81.42387872616257,261.42387872616257,81.49096557054872,Az12 Half
CFd,38.88868978460074,-77.00578323852076,POOthr3b,38.79164360258566,-77.03902815721085,6.930329349708358,195.00868979092076,14.987840232136193,194.9878402321362,15.008689790920755,Az12 Whole
CFd,38.88868978460074,-77.00578323852076,RK,38.85513800000002,-77.02356040000001,2.5050849052280664,202.5046456482246,22.493489030178807,202.4934890301788,22.504645648224596,"Az12 Half, Az21 Half"
CFd,38.88868978460074,-77.00578323852076,H27,38.83334538875507,-77.17620182600818,9.952397748968966,247.4970894932677,67.39016311594702,247.39016311594702,67.49708949326771,Az12 Half
CFd,38.88868978460074,-77.00578323852076,Pk04,38.77550687860945,-78.20406185227269,65.12129318072608,263.4902890305837,82.73890297654312,262.7389029765431,83.49028903058371,Az12 Half
CFd,38.88868978460074,-77.00578323852076,Pk05,38.92574773485303,-78.31007370765774,70.34369850048492,272.4920723102149,91.6728766458468,271.6728766458468,92.4920723102149,Az12 Half
CFe,38.88981116007428,-77.01012017665087,Wb,38.89324512999998,-77.17230114000002,8.746259865318853,271.60285659409004,91.50103156271815,271.50103156271814,91.60285659409004,Az21 Half
CFe,38.88981116007428,-77.01012017665087,L,38.88927319319802,-77.05018442793092,2.160212289509624,269.02827203345976,89.00311885455052,269.0031188545505,89.02827203345976,Az21 Whole
CFe,38.88981116007428,-77.01012017665087,Gs9,38.79290977473043,-77.03197308076226,6.787417209870902,190.00924615797922,9.995540749397804,189.9955407493978,10.009246157979192,Az12 Whole
CFe,38.88981116007428,-77.01012017665087,Chk38,38.85493665631558,-77.0022595046106,2.442712190769423,170.00457996877776,350.0095132304285,170.00951323042852,350.00457996877776,"Az12 Whole, Az21 Whole"
CFe,38.88981116007428,-77.01012017665087,H69,38.87633745296441,-77.07234178427055,3.4810850066493253,254.534173847644,74.49511528052308,254.49511528052307,74.53417384764401,Az21 Half
CFe,38.88981116007428,-77.01012017665087,SF06,38.98876568157223,-77.16354886186852,10.719869470558082,309.5988783504905,129.5024488784371,309.5024488784371,129.5988783504905,Az21 Half
CFe,38.88981116007428,-77.01012017665087,Pk02,39.448887,-77.627618,50.861598316708736,319.50679887789744,139.11677127464998,319.11677127465,139.50679887789744,Az12 Half
CFf,38.88868578496108,-77.00467871165168,CptB,38.88556174596554,-77.00988737303246,0.3539700973657905,232.49870105560947,52.49543111974009,232.4954311197401,52.498701055609445,"Az12 Half, Az21 Half"
CFf,38.88868578496108,-77.00467871165168,Gs6,38.94253116241286,-77.11066858924072,6.813358269943604,303.0681530710338,123.001572856235,303.001572856235,123.0681530710338,Az21 Whole
CFf,38.88868578496108,-77.00467871165168,I014,38.90564871624386,-77.03197530601018,1.8799597355748472,308.50120055679173,128.48406035386057,308.48406035386057,128.50120055679173,Az12 Half
CFf,38.88868578496108,-77.00467871165168,Chk12,38.88869436289873,-76.9425428132187,3.3498324404890387,89.97037458978251,270.00938409469836,90.00938409469836,269.9703745897825,Az21 Whole
CFf,38.88868578496108,-77.00467871165168,Chk32,38.95878698101598,-77.05142116747349,5.452281039965369,332.50130901683826,152.47194140718722,332.4719414071872,152.50130901683826,Az12 Half
CFf,38.88868578496108,-77.00467871165168,Chk41,38.91261730408393,-76.9575387987198,3.030117944284088,56.9741282501599,237.0037307928648,57.00373079286476,236.9741282501599,Az21 Whole
CFf,38.88868578496108,-77.00467871165168,PO,38.93449309999998,-77.1199159,6.968217035090027,297.002222063722,116.92983920697746,296.9298392069775,117.002222063722,Az12 Whole
CFf,38.88868578496108,-77.00467871165168,H66,38.90533124793031,-77.10094955658019,5.314996961983852,282.50635224250556,102.44590161093188,282.44590161093186,102.50635224250556,Az12 Half
CFf,38.88868578496108,-77.00467871165168,H12,38.92005589287478,-76.94844865915428,3.724001537339433,54.4560183266512,234.49133206360142,54.49133206360142,234.4560183266512,Az21 Half
CFf,38.88868578496108,-77.00467871165168,H32,38.9243596243616,-77.09063005508365,5.245619652081762,298.0039482089887,117.94996631707443,297.9499663170744,118.00394820898867,Az12 Whole
CFf,38.88868578496108,-77.00467871165168,SF04,38.90017164390296,-77.07087604008456,3.655400299926807,282.53888580617735,102.49732133601418,282.4973213360142,102.53888580617735,Az21 Half
CFf,38.88868578496108,-77.00467871165168,Pk04,38.77550687860945,-78.20406185227269,65.18042498264036,263.4971568107569,82.74507815995007,262.7450781599501,83.4971568107569,Az12 Half
CFf,38.88868578496108,-77.00467871165168,Pk05,38.92574773485303,-78.31007370765774,70.4032007816512,272.4908828525724,91.67099345855749,271.6709934585575,92.49088285257238,Az12 Half
CFg,38.89361386946052,-77.00907795602103,CptB,38.88556174596554,-77.00988737303246,0.5571510422040485,184.49227791218198,4.491769742681782,184.49176974268178,4.492277912181976,"Az12 Half, Az21 Half"
CFg,38.89361386946052,-77.00907795602103,Chk14,38.92072480308088,-77.03571742899706,2.3577342503611773,322.4930145897441,142.47628339015517,322.4762833901552,142.49301458974412,Az12 Half
CFg,38.89361386946052,-77.00907795602103,Chk49,38.90963170613946,-77.02956862943489,1.562282573180455,315.01785912067004,135.00499128287655,315.0049912828765,135.01785912067004,Az21 Whole
CFg,38.89361386946052,-77.00907795602103,Chk54,38.68922831692476,-77.04351796976675,14.220448383427717,187.52337908354298,7.501802823918439,187.50180282391844,7.523379083542977,Az21 Half
CFg,38.89361386946052,-77.00907795602103,OtrD,38.88972524047381,-76.91344596466341,5.162411262624951,92.9484170675095,273.00845961217317,93.00845961217317,272.94841706750947,Az21 Whole
CptA,38.89077979476803,-77.0072678806584,Cavg,38.89307792552204,-77.04077541312266,1.8132983177007806,275.0259638332228,95.00492601393707,275.00492601393705,95.02596383322282,Az21 Whole
CptA,38.89077979476803,-77.0072678806584,Gs4,38.9132912447494,-77.09353884670664,4.902544649293143,288.4932520710191,108.43907469891157,288.43907469891155,108.49325207101913,Az12 Half
CptA,38.89077979476803,-77.0072678806584,Chk13,38.97800673083694,-77.0340714747954,6.187871430169615,346.51258540895134,166.4957412183959,346.4957412183959,166.51258540895128,Az21 Half
CptA,38.89077979476803,-77.0072678806584,Chk37,38.93508740486395,-77.12641979728585,7.111720783957039,295.4901044843007,115.41526053019416,295.41526053019413,115.49010448430067,Az12 Half
CptA,38.89077979476803,-77.0072678806584,Chk54,38.68922831692476,-77.04351796976675,14.03994557975083,188.0237666561018,8.001057105507101,188.0010571055071,8.02376665610177,Az21 Whole
CptA,38.89077979476803,-77.0072678806584,RCrkA,38.89950909563222,-77.05755337263248,2.7767902992628044,282.5399824993922,102.50840838334155,282.50840838334153,102.53998249939218,Az21 Half
CptA,38.89077979476803,-77.0072678806584,H44,38.90301800526387,-77.1123682030325,5.728002636944092,278.5081800069436,98.44218530264058,278.4421853026406,98.50818000694358,Az12 Half
CptA,38.89077979476803,-77.0072678806584,H28,38.90499081362246,-77.12853595395019,6.609980641427349,278.56670824935566,98.49055984470178,278.4905598447018,98.56670824935566,Az21 Half
CptB,38.88556174596554,-77.00988737303246,Wc,38.89317136999999,-77.04078625,1.746533099018546,287.50017519378287,107.48077630334826,287.48077630334825,107.50017519378287,Az12 Half
CptB,38.88556174596554,-77.00988737303246,Chk25,38.9229071947,-77.03584297932892,2.9314776765861783,331.5033132492818,151.48701259352245,331.4870125935224,151.5033132492818,Az12 Half
CptB,38.88556174596554,-77.00988737303246,Chk26,38.88686719010732,-76.91666542015503,5.026705627519531,88.94426757402513,269.0027900671732,89.00279006717318,268.94426757402516,Az21 Whole
CptB,38.88556174596554,-77.00988737303246,Chk27,38.96791103163879,-77.06834544975686,6.495394418461582,331.0098456516203,150.97311490205848,330.97311490205846,151.0098456516203,Az12 Whole
CptB,38.88556174596554,-77.00988737303246,Chk37,38.93508740486395,-77.12641979728585,7.149554283874698,298.5807756516027,118.50758123090445,298.50758123090446,118.58077565160272,Az21 Half
CptB,38.88556174596554,-77.00988737303246,Chk41,38.91261730408393,-76.9575387987198,3.3831215026183017,56.50307309689562,236.5359454226005,56.53594542260049,236.5030730968956,Az12 Half
CptB,38.88556174596554,-77.00988737303246,Chk62,38.90537641569407,-77.02133073015519,1.4995813425921054,335.7132611103344,155.7060758089651,335.7060758089651,155.71326111033432,Dist Half
CptB,38.88556174596554,-77.00988737303246,H11,38.9146495509119,-77.0046483262631,2.026270656803202,8.009682669439606,188.01297260489383,8.012972604893832,188.0096826694396,Az12 Whole
CptB,38.88556174596554,-77.00988737303246,H66,38.90533124793031,-77.10094955658019,5.094728206171696,285.554318673227,105.497140610195,285.497140610195,105.55431867322699,Az21 Half
CptB,38.88556174596554,-77.00988737303246,H39,38.9189665077175,-77.24236058241425,12.74067286270692,280.49285569350536,100.34686382887584,280.3468638288758,100.49285569350536,Az12 Half
CptB,38.88556174596554,-77.00988737303246,SF02,38.90117456916591,-77.0901139945135,4.456923719663679,284.0086732450296,103.95830111215129,283.9583011121513,104.00867324502963,Az12 Whole
SCa,38.890621,-77.00510154468833,SCb,38.890621,-77.00442188577618,0.03664036251936125,89.9997866429508,270.00021335704923,90.00021335704923,269.99978664295077,Az21 Whole
SCa,38.890621,-77.00510154468833,Chk09,38.92188332835548,-77.08911728826524,5.015564526163708,295.49146840993,115.43870248446765,295.4387024844676,115.49146840993001,Az12 Half
SCa,38.890621,-77.00510154468833,Chk13,38.97800673083694,-77.0340714747954,6.226749827002409,345.49241173901555,165.47420618848284,345.47420618848287,165.49241173901555,Az12 Half
SCa,38.890621,-77.00510154468833,Chj24,38.97126514652496,-77.06832915730651,6.523143023057349,328.5370117786285,148.4972805927917,328.4972805927917,148.53701177862848,Az21 Half
SCa,38.890621,-77.00510154468833,Chk42,38.93017051598103,-77.07230698965536,4.53453142260397,307.0085473827048,126.96633535150636,306.96633535150636,127.00854738270482,Az12 Whole
SCa,38.890621,-77.00510154468833,Chk54,38.68922831692476,-77.04351796976675,14.045890761894091,188.50309843121104,8.479031780167475,188.47903178016747,8.503098431211015,Az12 Half
SCa,38.890621,-77.00510154468833,Chk61,38.9027413920959,-77.02294473847918,1.2744250385947127,311.00404278728263,130.9928387250057,310.9928387250057,131.00404278728263,Az12 Whole
SCa,38.890621,-77.00510154468833,AN,38.91858289999999,-76.94192180000002,3.9136659702165875,60.452409259558394,240.49208775794568,60.49208775794568,240.4524092595584,Az21 Half
SCa,38.890621,-77.00510154468833,RCOthr3a,38.99355611820573,-77.03793092768112,7.317515151440416,346.02415741110843,166.00352300019406,346.00352300019404,166.0241574111085,Az21 Whole
SCa,38.890621,-77.00510154468833,H51,38.91448986470866,-77.04953191350309,2.906230264852842,304.5231175407698,124.49521536690023,304.4952153669002,124.52311754076982,Az21 Half
SCa,38.890621,-77.00510154468833,SF04,38.90017164390296,-77.07087604008456,3.6063470975908554,280.54657386165667,100.5052740186094,280.5052740186094,100.54657386165667,Az21 Half
SCb,38.890621,-77.00442188577618,Gs4,38.9132912447494,-77.09353884670664,5.051667926449913,288.060862199486,108.00489766446319,288.0048976644632,108.060862199486,Az21 Whole
SCb,38.890621,-77.00442188577618,Chk41,38.91261730408393,-76.9575387987198,2.9476026056423117,59.00360478307224,239.03304666239313,59.03304666239313,239.00360478307223,Az12 Whole
SCb,38.890621,-77.00442188577618,H66,38.90533124793031,-77.10094955658019,5.301283206740618,281.0654213312799,101.00480816434893,281.0048081643489,101.06542133127988,Az21 Whole
SCb,38.890621,-77.00442188577618,H17,38.88120136333437,-77.07263105649967,3.7343580480224197,260.0010561212165,79.95823633287253,259.9582363328725,80.0010561212165,Az12 Whole
SCb,38.890621,-77.00442188577618,H29,38.91226863882422,-77.12474875900264,6.6555099619822435,283.0033587607132,102.92779554987179,282.9277955498718,103.00335876071318,Az12 Whole
SCb,38.890621,-77.00442188577618,SF01,38.90124200833564,-77.08586335465753,4.4508894233989125,279.4999178336584,99.44878009513016,279.44878009513013,99.4999178336584,Az12 Half
B,38.892747285,-77.008989,Chk39,38.8974237158863,-76.91182568346446,5.247663419655332,86.44520456735069,266.5062130634522,86.50621306345221,266.4452045673507,Az21 Half
B,38.892747285,-77.008989,Chk61,38.9027413920959,-77.02294473847918,1.020388916897172,312.5070349785013,132.49827171782317,312.4982717178232,132.50703497850128,"Az12 Half, Az21 Half"
B,38.892747285,-77.008989,H28,38.90499081362246,-77.12853595395019,6.499131324213889,277.5042710003226,97.42920174904187,277.42920174904185,97.5042710003226,Az12 Half
Sc,38.89269952,-77.04058603,Sb,38.79033915000001,-77.04058603,7.060812585509068,180.0,0.0,180.0,0.0,"Az12 Whole, Az21 Whole"
Sc,38.89269952,-77.04058603,Chk02,38.83591588236636,-76.98066122302069,5.078048453897654,140.4563722123701,320.49397372495287,140.49397372495287,320.45637221237007,Az21 Half
Sc,38.89269952,-77.04058603,Chk06,38.92609741015503,-76.95853332476764,4.986401277077295,62.45677994999943,242.50831649924416,62.50831649924419,242.45677994999943,Az21 Half
Sc,38.89269952,-77.04058603,Chk08,38.8580454440363,-77.07846439947777,3.144182006290385,220.52324223460496,40.49946868928518,220.49946868928518,40.523242234604936,Az21 Half
Sc,38.89269952,-77.04058603,Chk42,38.93017051598103,-77.07230698965536,3.0989879670577687,326.5292626574378,146.50933813871654,326.50933813871654,146.5292626574378,Az21 Half
Sc,38.89269952,-77.04058603,Chk57,38.83300987616117,-77.06541563323557,4.329682835748843,198.02361858148288,18.00803903647875,198.00803903647875,18.02361858148288,Az21 Whole
Sc,38.89269952,-77.04058603,Chk60,39.00533947251964,-77.03806204873727,7.77123042162571,1.0016364706304641,181.00322311834546,1.0032231183454314,181.00163647063047,"Az12 Whole, Az21 Whole"
Sc,38.89269952,-77.04058603,POOthr2c,38.9040771959102,-77.08165575743644,2.348827976322178,289.53318870341735,109.50739933005916,289.5073993300592,109.53318870341735,Az21 Half
Sc,38.89269952,-77.04058603,RK,38.85513800000002,-77.02356040000001,2.748846270524014,160.48400662271217,340.49469205741843,160.49469205741843,340.4840066227122,Az21 Half
Sc,38.89269952,-77.04058603,H70a,38.87147694689254,-77.06775220195667,2.0708638342192573,225.02338492525507,45.006332182556434,225.00633218255643,45.02338492525507,Az21 Whole
Sc,38.89269952,-77.04058603,H98,38.9450714821746,-77.0388345966892,3.613895686345781,1.495983797028263,181.49708408177852,1.497084081778553,181.49598379702826,"Az12 Half, Az21 Half"
Sc,38.89269952,-77.04058603,H31,38.93203756982007,-77.09367738494352,3.9433958400984332,313.49894346770293,133.46559513608508,313.4655951360851,133.49894346770293,Az12 Half
Sc,38.89269952,-77.04058603,H56,38.91681538320637,-77.06120140091524,2.000497222686256,326.26556239346536,146.2526153696175,326.2526153696175,146.26556239346536,Dist Whole
Sc,38.89269952,-77.04058603,Pk05,38.92574773485303,-78.31007370765774,68.45754750159877,272.3069390569649,91.50956879189737,271.5095687918974,92.3069390569649,Az21 Half
Ec,38.89278669999997,-77.0406797,Eb,38.89286049999997,-76.90916553,7.0897015914338,89.91757212634678,270.00014536854553,90.00014536854553,269.9175721263468,Az21 Whole
Ec,38.89278669999997,-77.0406797,Chk02,38.83591588236636,-76.98066122302069,5.085900779761382,140.4555787978879,320.493239121932,140.493239121932,320.45557879788794,Az21 Half
Ec,38.89278669999997,-77.0406797,Chk18,38.87614213026904,-77.11265634246809,4.046879015068612,253.54069362970125,73.49551014318028,253.4955101431803,73.54069362970125,Az21 Half
Ec,38.89278669999997,-77.0406797,Chk40,38.89172055971182,-76.89912135737723,7.6315788564975,90.50770893928612,270.5965874811312,90.59658748113122,270.5077089392861,Az12 Half
Ec,38.89278669999997,-77.0406797,RCrkA,38.89950909563222,-77.05755337263248,1.020970961245239,297.0181282577536,117.00753309752938,297.0075330975294,117.01812825775357,Az21 Whole
Ec,38.89278669999997,-77.0406797,H29,38.91226863882422,-77.12474875900264,4.726477644635306,286.5451689468093,106.49237379063989,286.4923737906399,106.54516894680933,Az21 Half
Ec,38.89278669999997,-77.0406797,H38,38.92033648688445,-77.30556025520397,14.402423889482584,277.66546976562444,97.49911077077215,277.4991107707722,97.66546976562444,Az21 Half
Ec,38.89278669999997,-77.0406797,H39,38.9189665077175,-77.24236058241425,11.019261297991221,279.49584099866036,99.3691766744591,279.3691766744591,99.49584099866036,Az12 Half
Ec,38.89278669999997,-77.0406797,H43,38.87451597139456,-77.146392815978,5.83722562221336,257.56418799684855,77.49782753061204,257.497827530612,77.56418799684855,Az21 Half
Ec,38.89278669999997,-77.0406797,H50,38.96327236063456,-77.05095505059923,4.893589696624138,353.5069674133937,173.5005109602933,353.5005109602933,173.50696741339368,"Az12 Half, Az21 Half"
Ec,38.89278669999997,-77.0406797,Pk05,38.92574773485303,-78.31007370765774,68.45226018140079,272.3020213426429,91.50470916369926,271.50470916369926,92.30202134264289,Az21 Half
Nc,38.89359614000001,-77.04098558,Nb,38.99595650999999,-77.04098558,7.060937801873066,0.0,180.0,0.0,180.0,"Az12 Whole, Az21 Whole"
Nc,38.89359614000001,-77.04098558,Gs1,38.93539090046842,-77.11877083238855,5.0877011845553115,304.54260914769503,124.49374756338254,304.49374756338256,124.54260914769503,Az21 Half
Nc,38.89359614000001,-77.04098558,Gs2,38.86573364111086,-76.96785270415687,4.386653397455227,115.96227828255874,296.00818282912695,116.00818282912695,295.9622782825587,Az21 Whole
Nc,38.89359614000001,-77.04098558,I069,38.89642237002393,-77.00659984972448,1.863842179524704,83.98517358868884,264.006764226363,84.00676422636298,263.98517358868884,Az21 Whole
Nc,38.89359614000001,-77.04098558,Chk08,38.8580454440363,-77.07846439947777,3.1777047614445655,219.50313662004623,39.47961361535951,219.4796136153595,39.503136620046234,Az12 Half
Nc,38.89359614000001,-77.04098558,Chk16,38.95984790558003,-77.02680651074166,4.633530959520877,9.486172279785743,189.49508135849726,9.49508135849726,189.48617227978573,Az21 Half
Nc,38.89359614000001,-77.04098558,Chk26,38.88686719010732,-76.91666542015503,6.718180897472194,93.92275648712368,274.0008084773623,94.00080847736228,273.9227564871237,Az21 Whole
Nc,38.89359614000001,-77.04098558,Chk51,38.88979572156659,-76.99025683060958,2.7472784073061995,95.45976959927907,275.4916196589382,95.49161965893819,275.45976959927907,Az21 Half
Nc,38.89359614000001,-77.04098558,Chk52,38.89358765171932,-76.99952509051057,2.235038922516696,90.00199408974375,270.0280261372744,90.02802613727442,270.00199408974373,Az12 Whole
Nc,38.89359614000001,-77.04098558,Chk57,38.83300987616117,-77.06541563323557,4.382012020904707,197.50533832301315,17.490009330144062,197.49000933014406,17.50533832301312,"Az12 Half, Az21 Half"
Nc,38.89359614000001,-77.04098558,Chk62,38.90537641569407,-77.02133073015519,1.335212135885205,52.50544679926253,232.51778918185883,52.5177891818588,232.50544679926253,Az12 Half
Nc,38.89359614000001,-77.04098558,RK,38.85513800000002,-77.02356040000001,2.814337802813948,160.49109814060864,340.50203444257653,160.5020344425766,340.49109814060864,"Az12 Half, Az21 Half"
Wc,38.89317136999999,-77.04078625,Gs4,38.9132912447494,-77.09353884670664,3.1640259196589557,296.0339884046352,116.00085940548583,296.0008594054858,116.03398840463518,Az21 Whole
Wc,38.89317136999999,-77.04078625,Gs5,38.90446612895163,-76.97570336712812,3.593684056900454,77.45827279315782,257.4991413979068,77.49914139790678,257.4582727931578,Az21 Half
Wc,38.89317136999999,-77.04078625,I079,38.90252822129722,-77.0501392974717,0.8190133656947316,322.0086160435642,142.0027429484174,322.0027429484174,142.0086160435642,"Az12 Whole, Az21 Whole"
Wc,38.89317136999999,-77.04078625,Chk21,38.87280409544193,-76.94019736733574,5.602344023130214,104.49196662423235,284.55510949096094,104.55510949096094,284.49196662423236,Az12 Half
Wc,38.89317136999999,-77.04078625,Chk36,38.91158883943301,-76.99354755099984,2.84556696923509,63.46798924554984,243.4976549319613,63.49765493196128,243.46798924554983,Az21 Half
Wc,38.89317136999999,-77.04078625,RC,38.98682226543504,-77.05231894611552,6.489950179180897,354.5101690774988,174.5029207043039,354.5029207043039,174.51016907749886,Az21 Half
Wc,38.89317136999999,-77.04078625,RCrkB,38.90094461320923,-77.05911419748726,1.1240981509545622,298.4958780144078,118.48436947279569,298.4843694727957,118.49587801440782,Az12 Half
Wc,38.89317136999999,-77.04078625,OtrA,38.92624596949343,-76.95188801292042,5.306696241960953,64.50893674610126,244.56477328640133,64.5647732864013,244.50893674610126,Az12 Half
Wc,38.89317136999999,-77.04078625,RK,38.85513800000002,-77.02356040000001,2.783130648482284,160.49829404166414,340.5091051914355,160.50910519143554,340.49829404166417,"Az12 Half, Az21 Half"
Wc,38.89317136999999,-77.04078625,H44,38.90301800526387,-77.1123682030325,3.9178996407775846,280.00600224104585,99.96105326776767,279.9610532677677,100.00600224104585,Az12 Whole
Wc,38.89317136999999,-77.04078625,H52,38.92312150962155,-77.0746835467705,2.7579043184993988,318.52426341785923,138.5029734160271,318.5029734160271,138.52426341785923,Az21 Half
Wc,38.89317136999999,-77.04078625,H56,38.91681538320637,-77.06120140091524,1.96745619118336,326.0004407002985,145.98761935475125,325.98761935475125,146.0004407002985,Az12 Whole
Sb,38.79033915000001,-77.04058603,KS,38.790339,-77.051444,0.5861745126522236,270.0023897486816,89.99558753020467,269.99558753020466,90.0023897486816,Az12 Whole
Sb,38.79033915000001,-77.04058603,Chk11,38.89433083867851,-77.13554467903445,8.814683105584574,324.49810840286625,144.4385522537135,324.4385522537135,144.49810840286625,Az12 Half
Sb,38.79033915000001,-77.04058603,Chk22,38.93790243521637,-77.0858650836171,10.467750808155175,346.5240568091762,166.4956452837416,346.4956452837416,166.52405680917627,Az21 Half
Sb,38.79033915000001,-77.04058603,Chk61,38.9027413920959,-77.02294473847918,7.8116878438672686,6.991682473459668,187.00274774337473,7.002747743374698,186.99168247345966,Az21 Whole
Sb,38.79033915000001,-77.04058603,OtrA,38.92624596949343,-76.95188801292042,10.52490394358976,27.006791629868616,207.06244049098484,27.06244049098484,207.00679162986862,Az12 Whole
Sb,38.79033915000001,-77.04058603,H44,38.90301800526387,-77.1123682030325,8.683702683318394,333.54089694646757,153.49587237664943,333.49587237664946,153.54089694646757,Az21 Half
Sb,38.79033915000001,-77.04058603,H98,38.9450714821746,-77.0388345966892,10.673893483264935,0.5064498102571582,180.50754887822825,0.5075488782282491,180.50644981025715,"Az12 Half, Az21 Half"
Eb,38.89286049999997,-76.90916553,Nb,38.99595650999999,-77.04098558,10.049917755627352,315.08428870732905,135.00143104132545,315.0014310413254,135.08428870732905,Az21 Whole
Eb,38.89286049999997,-76.90916553,Gs1,38.93539090046842,-77.11877083238855,11.670838015538402,284.624828274884,104.49316357738034,284.49316357738036,104.62482827488401,Az21 Half
Eb,38.89286049999997,-76.90916553,Chk02,38.83591588236636,-76.98066122302069,5.50421259650258,224.4902057486151,44.44534367750143,224.44534367750143,44.4902057486151,Az12 Half
Eb,38.89286049999997,-76.90916553,Chk38,38.85493665631558,-77.0022595046106,5.660609535476416,242.50387914606839,62.445452569056584,242.44545256905658,62.50387914606836,Az12 Half
Eb,38.89286049999997,-76.90916553,Chk39,38.8974237158863,-76.91182568346446,0.3458983320576658,335.5085007780149,155.50683047544433,335.5068304754443,155.50850077801488,"Az12 Half, Az21 Half"
Eb,38.89286049999997,-76.90916553,Chk47,38.94812410619182,-77.00484480332231,6.412149762859645,306.50825209294663,126.44814240041342,306.4481424004134,126.50825209294663,Az12 Half
Eb,38.89286049999997,-76.90916553,RC,38.98682226543504,-77.05231894611552,10.074066061353921,310.0902745941347,130.00030203106758,310.0003020310676,130.0902745941347,Az21 Whole
Eb,38.89286049999997,-76.90916553,H27,38.83334538875507,-77.17620182600818,14.975174923079805,254.17276506958595,74.00520979847387,254.00520979847386,74.17276506958592,Az21 Whole
Eb,38.89286049999997,-76.90916553,H29,38.91226863882422,-77.12474875900264,11.696995182377659,276.63990832362003,96.50452241132636,276.5045224113264,96.63990832362003,Az21 Half
Eb,38.89286049999997,-76.90916553,H50,38.96327236063456,-77.05095505059923,9.053090780646611,302.490932888438,122.40184022021081,302.40184022021083,122.49093288843801,Az12 Half
Nb,38.99595650999999,-77.04098558,Gs6,38.94253116241286,-77.11066858924072,5.259546320148213,225.53881635977018,45.49499248900557,225.49499248900557,45.53881635977018,Az21 Half
Nb,38.99595650999999,-77.04098558,Chk05,38.94213905894748,-77.01099576844469,4.0484668498095715,156.48058635030753,336.4994469592653,156.49944695926524,336.48058635030753,Az21 Half
Nb,38.99595650999999,-77.04098558,Chk41,38.91261730408393,-76.9575387987198,7.297298100961185,141.9545726717926,322.00703569520897,142.00703569520897,321.95457267179256,Az21 Whole
Nb,38.99595650999999,-77.04098558,H70b,38.91008217241069,-76.97878782846644,6.805431633628657,150.49025627905687,330.5293589580282,150.52935895802818,330.4902562790569,Az12 Half
Nb,38.99595650999999,-77.04098558,Pk04,38.77550687860945,-78.20406185227269,64.522677918105,256.7339298131871,76.00376970501557,256.00376970501554,76.7339298131871,Az21 Whole
Wb,38.89324512999998,-77.17230114000002,I014,38.90564871624386,-77.03197530601018,7.612255847307467,83.50233955138307,263.5904579642804,83.5904579642804,263.5023395513831,Az12 Half
Wb,38.89324512999998,-77.17230114000002,Chk23b,38.90969480185885,-76.97387114815113,10.75573905863044,83.88184181681535,264.00645256014667,84.00645256014667,263.8818418168154,Az21 Whole
Wb,38.89324512999998,-77.17230114000002,Chk15,38.9339121071402,-77.0702598537815,6.173435555404561,62.941297818147305,243.00539480899212,63.00539480899215,242.9412978181473,Az21 Whole
Wb,38.89324512999998,-77.17230114000002,Chk21,38.87280409544193,-76.94019736733574,12.593214407044721,96.35588894541205,276.50158813999684,96.50158813999684,276.35588894541206,Az21 Half
Wb,38.89324512999998,-77.17230114000002,Chk22,38.93790243521637,-77.0858650836171,5.584589768697374,56.495545331916446,236.54984227500498,56.54984227500495,236.49554533191645,Az12 Half
Wb,38.89324512999998,-77.17230114000002,Chk25,38.9229071947,-77.03584297932892,7.633964544535695,74.41024252556122,254.49594820518922,74.49594820518922,254.41024252556122,Az21 Half
Wb,38.89324512999998,-77.17230114000002,Chk40,38.89172055971182,-76.89912135737723,14.72708774924907,90.32339043849072,270.49490955328463,90.49490955328463,270.3233904384907,Az21 Half
Wb,38.89324512999998,-77.17230114000002,Chk55,38.71079049783587,-77.0352088314432,14.59982817111243,149.50331807792907,329.5892245377897,149.58922453778968,329.50331807792907,Az12 Half
Wb,38.89324512999998,-77.17230114000002,Chk59,39.01004268273348,-77.04244035387981,10.669570695266891,40.92307316333683,221.00471206426485,41.00471206426482,220.92307316333682,Az21 Whole
Wb,38.89324512999998,-77.17230114000002,RC,38.98682226543504,-77.05231894611552,9.134973005420923,45.000862147961506,225.0762718000394,45.07627180003942,225.0008621479615,Az12 Whole
Wb,38.89324512999998,-77.17230114000002,H81,38.88687029383775,-76.9299762903957,13.07121324880007,91.85182584376585,272.00396430836815,92.00396430836815,271.8518258437658,Az21 Whole
Wb,38.89324512999998,-77.17230114000002,H50,38.96327236063456,-77.05095505059923,8.129181476172855,53.50463572631208,233.5808831869508,53.580883186950814,233.50463572631207,Az12 Half
Cavg,38.89307792552204,-77.04077541312266,Chk21,38.87280409544193,-76.94019736733574,5.600168694349063,104.42961940728459,284.49275540750205,104.49275540750205,284.4296194072846,Az21 Half
Cavg,38.89307792552204,-77.04077541312266,Chk31,38.84552270708302,-77.10483209910393,4.763736717354924,226.49967503055535,46.459476508972045,226.45947650897205,46.49967503055535,Az12 Half
Cavg,38.89307792552204,-77.04077541312266,Chk34,38.93536052674429,-77.01438697638629,3.2449215075061515,25.984796039699102,206.00137210053842,26.001372100538447,205.9847960396991,Az21 Whole
Cavg,38.89307792552204,-77.04077541312266,Chk39,38.8974237158863,-76.91182568346446,6.957679654351066,87.49013556034942,267.57110292919106,87.57110292919106,267.4901355603494,Az12 Half
Cavg,38.89307792552204,-77.04077541312266,Chk47,38.94812410619182,-77.00484480332231,4.2622886254446275,27.006269611674398,207.02884276303266,27.028842763032685,207.00626961167438,Az12 Whole
Cavg,38.89307792552204,-77.04077541312266,Chk62,38.90537641569407,-77.02133073015519,1.3484425843088834,51.00728099575067,231.01949133434658,51.01949133434658,231.00728099575068,Az12 Whole
Cavg,38.89307792552204,-77.04077541312266,RC,38.98682226543504,-77.05231894611552,6.496422354747597,354.51048591815214,174.50323074122738,354.5032307412274,174.5104859181522,Az21 Half
Cavg,38.89307792552204,-77.04077541312266,OtrA,38.92624596949343,-76.95188801292042,5.308946489923543,64.44343660266303,244.49926627998354,64.49926627998354,244.44343660266304,Az21 Half
Cavg,38.89307792552204,-77.04077541312266,H17,38.88120136333437,-77.07263105649967,1.9028139711019059,244.50771552567048,64.48771692311021,244.4877169231102,64.5077155256705,Az12 Half
Cavg,38.89307792552204,-77.04077541312266,Pk04,38.77550687860945,-78.20406185227269,63.28354788694176,263.0021169962823,82.27263914811424,262.27263914811425,83.00211699628233,Az12 Whole
L,38.88927319319802,-77.05018442793092,Chk02,38.83591588236636,-76.98066122302069,5.254071766711773,134.4471523446118,314.4907750246517,134.49077502465173,314.4471523446118,Az21 Half
L,38.88927319319802,-77.05018442793092,Chk09,38.92188332835548,-77.08911728826524,3.076282287454284,317.001835341303,136.97738399193204,316.977383991932,137.00183534130298,Az12 Whole
L,38.88927319319802,-77.05018442793092,Chk23c,38.90964452291605,-76.97239108771012,4.422503876343406,71.4489896228929,251.49784040021564,71.49784040021564,251.4489896228929,Az21 Half
L,38.88927319319802,-77.05018442793092,Chk16,38.95984790558003,-77.02680651074166,5.028646133011339,14.50006429292517,194.5147525618106,14.51475256181061,194.50006429292517,Az12 Half
L,38.88927319319802,-77.05018442793092,Chk38,38.85493665631558,-77.0022595046106,3.5055112352348194,132.4906280694532,312.52070499112443,132.52070499112443,312.49062806945324,Az12 Half
L,38.88927319319802,-77.05018442793092,Chk44,38.9096320124952,-77.04345033773585,1.450517158777099,14.49008746807929,194.49431617794875,14.494316177948747,194.49008746807928,"Az12 Half, Az21 Half"
L,38.88927319319802,-77.05018442793092,Chk54,38.68922831692476,-77.04351796976675,13.80365312576244,178.5038861249427,358.50806238463497,178.50806238463497,358.5038861249427,"Az12 Half, Az21 Half"
L,38.88927319319802,-77.05018442793092,H99,38.8889443857454,-77.00096480083693,2.6535796789617363,90.47428757632379,270.50518840317767,90.50518840317767,270.4742875763238,Az21 Half
L,38.88927319319802,-77.05018442793092,H81,38.88687029383775,-76.9299762903957,6.482762465976056,91.4273810498964,271.50284785855035,91.50284785855035,271.4273810498964,Az21 Half
L,38.88927319319802,-77.05018442793092,H86,38.810462075372,-76.99664817839795,6.155783750739102,152.00620274715945,332.039785075555,152.03978507555507,332.0062027471595,Az12 Whole
L,38.88927319319802,-77.05018442793092,H32,38.9243596243616,-77.09063005508365,3.257278807173897,318.0036898200884,137.97828771401294,317.97828771401294,138.00368982008843,Az12 Whole
L,38.88927319319802,-77.05018442793092,H52,38.92312150962155,-77.0746835467705,2.6824011493886197,330.5180073531972,150.50262074860765,330.5026207486077,150.51800735319722,Az21 Half
L,38.88927319319802,-77.05018442793092,H60,38.93132296535497,-76.91720945574568,7.7314356454024065,67.92325156439242,248.00677356184997,68.00677356184997,247.92325156439242,Az21 Whole
L,38.88927319319802,-77.05018442793092,H65,38.91883509061264,-77.00739402065348,3.0786012174414994,48.50502570499892,228.53189885792028,48.53189885792028,228.50502570499893,Az12 Half
La,38.88816903625909,-77.05145152722608,Gs8,38.89107936946611,-77.04288644534626,0.5035033136223445,66.49919721160978,246.504574559429,66.50457455942899,246.49919721160978,"Az12 Half, Az21 Half"
La,38.88816903625909,-77.05145152722608,Chk23a,38.90863930872903,-76.97546834269932,4.33237515091527,70.95420462248478,251.00191761335816,71.00191761335816,250.95420462248478,Az21 Whole
La,38.88816903625909,-77.05145152722608,Chk48,38.90721119681356,-77.0365266731042,1.5403363813301216,31.48198740922037,211.49135919813784,31.491359198137843,211.48198740922038,Az21 Half
La,38.88816903625909,-77.05145152722608,POOthr2a,38.86374289004072,-77.04279029496989,1.7484505505586128,164.50512662424407,344.5105627291325,164.51056272913252,344.5051266242441,Az12 Half
La,38.88816903625909,-77.05145152722608,H22,38.92823446130691,-77.06004232078331,2.802258893738611,350.49215077508927,170.48675511677277,350.48675511677277,170.49215077508927,Az12 Half
La,38.88816903625909,-77.05145152722608,H19,38.91560586754403,-77.07888357211404,2.401730562366871,322.0094329906704,141.99220597592154,321.99220597592154,142.0094329906704,Az12 Whole
La,38.88816903625909,-77.05145152722608,SF06,38.98876568157223,-77.16354886186852,9.199138628299522,319.0028230044039,138.93237142369625,318.9323714236963,139.00282300440392,Az12 Whole
La,38.88816903625909,-77.05145152722608,Pk03,38.899665,-77.698809,34.906316837824846,271.5049677834949,91.09850206334694,271.0985020633469,91.50496778349492,Az12 Half
Bs,38.892752,-77.00889,Gs3,38.92487183560202,-77.0180027100891,2.269432502643142,347.50428083470854,167.49855729853894,347.4985572985389,167.50428083470854,"Az12 Half, Az21 Half"
Bs,38.892752,-77.00889,Chk12,38.88869436289873,-76.9425428132187,3.5877017239480553,94.45370311715175,274.49535834158746,94.49535834158746,274.45370311715175,Az21 Half
Bs,38.892752,-77.00889,Chk13,38.97800673083694,-77.0340714747954,6.0354190938969285,347.0176031727255,167.00177803421315,347.00177803421315,167.01760317272556,Az21 Whole
Bs,38.892752,-77.00889,Chk39,38.8974237158863,-76.91182568346446,5.2423165985279585,86.44519803067212,266.5061443681208,86.50614436812077,266.44519803067215,Az21 Half
Bs,38.892752,-77.00889,Chk46,38.87650889195688,-77.07473802861425,3.722776274171259,252.5045878845321,72.46325150009139,252.4632515000914,72.5045878845321,Az12 Half
Bs,38.892752,-77.00889,Chk57,38.83300987616117,-77.06541563323557,5.126016738178068,216.50947715789417,36.47400964863422,216.47400964863422,36.50947715789414,Az12 Half
Bs,38.892752,-77.00889,Chk63,38.89999431930673,-77.036569,1.5734676255490672,288.52062717430454,108.5032471481777,288.5032471481777,108.52062717430454,Az21 Half
Bs,38.892752,-77.00889,H28,38.90499081362246,-77.12853595395019,6.504380140191088,277.49535292012774,97.42022149815259,277.4202214981526,97.49535292012774,Az12 Half
Bs,38.892752,-77.00889,H50,38.96327236063456,-77.05095505059923,5.36667004927463,335.0310986321537,155.00466732658057,335.0046673265806,155.03109863215377,Az21 Whole
Bs,38.892752,-77.00889,H56,38.91681538320637,-77.06120140091524,3.271868529834737,300.5024024439107,120.46954941563448,300.46954941563445,120.50240244391068,Az12 Half
Bs,38.892752,-77.00889,SF01,38.90124200833564,-77.08586335465753,4.190383426362977,278.05809477462265,98.00976148668413,278.0097614866841,98.05809477462265,Az21 Whole
Gs1,38.93539090046842,-77.11877083238855,Gs9,38.79290977473043,-77.03197308076226,10.886170772339186,154.50553318039937,334.55999673427607,154.55999673427607,334.50553318039937,Az12 Half
Gs1,38.93539090046842,-77.11877083238855,I069,38.89642237002393,-77.00659984972448,6.615709842697324,113.93849892325206,294.0089624070305,114.00896240703048,293.93849892325204,Az21 Whole
Gs1,38.93539090046842,-77.11877083238855,Chk38,38.85493665631558,-77.0022595046106,8.381374893822716,131.4279347092197,311.50109189839196,131.50109189839196,311.4279347092197,Az21 Half
Gs1,38.93539090046842,-77.11877083238855,Chk45,38.94732510830963,-77.02188334594942,5.284002293039171,81.00649464007773,261.06739082329455,81.06739082329455,261.00649464007773,Az12 Whole
Gs1,38.93539090046842,-77.11877083238855,H70,38.8737311478417,-77.07038741369139,4.9891528303589645,148.4711810361976,328.5015670386023,148.50156703860227,328.4711810361976,Az21 Half
Gs1,38.93539090046842,-77.11877083238855,H24,38.91738246946505,-77.0704105785321,2.8867451250971,115.47299391417377,295.5033796979999,115.50337969799989,295.4729939141738,Az21 Half
Gs1,38.93539090046842,-77.11877083238855,H42,38.82554707680318,-77.01466103512618,9.429829427786181,143.43501673018196,323.5003662549823,143.50036625498228,323.4350167301819,Az21 Half
Gs2,38.86573364111086,-76.96785270415687,Gs5,38.90446612895163,-76.97570336712812,2.705103400375623,351.0005333923034,170.99560505473005,350.99560505473005,171.0005333923034,Az12 Whole
Gs2,38.86573364111086,-76.96785270415687,Gs6,38.94253116241286,-77.11066858924072,9.344467824372597,304.5803980626458,124.49070689830788,304.49070689830785,124.58039806264583,Az21 Half
Gs2,38.86573364111086,-76.96785270415687,Chk27,38.96791103163879,-77.06834544975686,8.888565878070727,322.4945852080795,142.43145648178975,322.4314564817897,142.4945852080795,Az12 Half
Gs2,38.86573364111086,-76.96785270415687,Chk62,38.90537641569407,-77.02133073015519,3.9737589134226847,313.50131679766355,133.46774506314966,313.46774506314966,133.50131679766355,Az12 Half
Gs2,38.86573364111086,-76.96785270415687,PO,38.93449309999998,-77.1199159,9.470023341124291,300.1040442836519,120.00855392874881,300.0085539287488,120.10404428365189,Az21 Whole
Gs3,38.92487183560202,-77.0180027100891,KS,38.790339,-77.051444,9.453744391596652,191.00921030432673,10.988229657434204,190.9882296574342,11.009210304326757,Az12 Whole
Gs3,38.92487183560202,-77.0180027100891,Chk06,38.92609741015503,-76.95853332476764,3.2055374348840275,88.47005136977238,268.5074165307994,88.50741653079939,268.47005136977236,Az21 Half
Gs3,38.92487183560202,-77.0180027100891,Chk12,38.88869436289873,-76.9425428132187,4.771706825531456,121.509228886642,301.5566218728489,121.5566218728489,301.509228886642,Az12 Half
Gs3,38.92487183560202,-77.0180027100891,Chk15,38.9339121071402,-77.0702598537815,2.8838778879191747,282.5046432724308,102.47180685699284,282.4718068569928,102.50464327243083,Az12 Half
Gs3,38.92487183560202,-77.0180027100891,Chk28,38.95399489057218,-77.0776296316338,3.7887458902223625,302.04033207812665,122.00285664240756,302.00285664240755,122.04033207812665,Az21 Whole
Gs3,38.92487183560202,-77.0180027100891,Chk46,38.87650889195688,-77.07473802861425,4.525702325629714,222.52888876199825,42.49326054093564,222.49326054093564,42.528888761998246,Az21 Half
Gs3,38.92487183560202,-77.0180027100891,AnOthr02,38.90608413980003,-76.95766732477911,3.5003026228544494,111.71214690471271,291.75004798368616,111.75004798368616,291.7121469047127,Dist Half
Gs3,38.92487183560202,-77.0180027100891,OtrA,38.92624596949343,-76.95188801292042,3.5637525976988367,88.4550913328938,268.49663187160877,88.49663187160877,268.4550913328938,Az21 Half
Gs3,38.92487183560202,-77.0180027100891,OtrC,38.95177142459147,-76.98472940704961,2.5799978372716037,44.000163412467266,224.02107513323085,44.02107513323085,224.00016341246726,Az12 Whole
Gs3,38.92487183560202,-77.0180027100891,H13,38.94626278806017,-77.01391219662139,1.491936945808294,8.493197916001945,188.49576858305446,8.495768583054428,188.49319791600195,"Az12 Half, Az21 Half"
Gs3,38.92487183560202,-77.0180027100891,H28,38.90499081362246,-77.12853595395019,6.112635511267195,257.0696848001602,77.00025157726046,257.0002515772604,77.06968480016019,Az21 Whole
Gs3,38.92487183560202,-77.0180027100891,H32,38.9243596243616,-77.09063005508365,3.913627374457227,269.5055340694224,89.45990249710681,269.4599024971068,89.50553406942242,Az12 Half
Gs3,38.92487183560202,-77.0180027100891,H42,38.82554707680318,-77.01466103512618,6.8538249284294865,178.49246051707965,358.4945578408668,178.49455784086672,358.4924605170796,"Az12 Half, Az21 Half"
Gs3,38.92487183560202,-77.0180027100891,Pk03,38.899665,-77.698809,36.73216653586587,267.50063813885305,87.07300042996827,267.07300042996826,87.50063813885305,Az12 Half
Gs4,38.9132912447494,-77.09353884670664,I014,38.90564871624386,-77.03197530601018,3.3596291064772905,99.0087344028185,279.04740195280283,99.04740195280283,279.0087344028185,Az12 Whole
Gs4,38.9132912447494,-77.09353884670664,Chk03,38.80887860350852,-77.01339590231409,8.399807427900019,149.00613628450887,329.05642074529493,149.05642074529493,329.0061362845089,Az12 Whole
Gs4,38.9132912447494,-77.09353884670664,Chk10,38.86173720173936,-76.95502425801097,8.271172722580319,115.42114018066273,295.50809876671144,115.50809876671144,295.42114018066275,Az21 Half
Gs4,38.9132912447494,-77.09353884670664,Chk17,38.96039316959799,-77.01059198844285,5.525099796090784,53.95382808686203,234.00595715739132,54.00595715739132,233.95382808686202,Az21 Whole
Gs4,38.9132912447494,-77.09353884670664,Chk42,38.93017051598103,-77.07230698965536,1.6323873668589208,44.49101772314628,224.50435681127374,44.50435681127374,224.49101772314629,"Az12 Half, Az21 Half"
Gs4,38.9132912447494,-77.09353884670664,Chk43,38.94312493001874,-77.0192667064925,4.500038238310232,62.7623769639552,242.80904558133128,62.80904558133125,242.7623769639552,Dist Half
Gs4,38.9132912447494,-77.09353884670664,Chk62,38.90537641569407,-77.02133073015519,3.929823331154228,97.96326370110287,278.0086168884994,98.00861688849938,277.96326370110285,Az21 Whole
Gs4,38.9132912447494,-77.09353884670664,H38,38.92033648688445,-77.30556025520397,11.43618800008009,272.5021387652668,92.36894864470403,272.368948644704,92.5021387652668,Az12 Half
Gs5,38.90446612895163,-76.97570336712812,Gs9,38.79290977473043,-77.03197308076226,8.272146315691073,201.5439105804469,21.508614492802508,201.5086144928025,21.54391058044689,Az21 Half
Gs5,38.90446612895163,-76.97570336712812,Chk08,38.8580454440363,-77.07846439947777,6.399330928139061,240.00690293257236,59.94239895116483,239.94239895116482,60.00690293257236,Az12 Whole
Gs5,38.90446612895163,-76.97570336712812,Chk42,38.93017051598103,-77.07230698965536,5.499615591226129,288.8388428185734,108.77815658052043,288.77815658052043,108.83884281857343,Dist Half
Gs5,38.90446612895163,-76.97570336712812,Chk55,38.71079049783587,-77.0352088314432,13.740275928601303,193.5360685291905,13.49877594901912,193.49877594901912,13.536068529190516,Az21 Half
Gs5,38.90446612895163,-76.97570336712812,Chk57,38.83300987616117,-77.06541563323557,6.906567465192797,224.49313015425494,44.4368322501368,224.4368322501368,44.493130154254914,Az12 Half
Gs5,38.90446612895163,-76.97570336712812,RCOthr3a,38.99355611820573,-77.03793092768112,7.000219514557137,331.41035522072644,151.37123718591965,331.37123718591965,151.41035522072644,Dist Whole
Gs5,38.90446612895163,-76.97570336712812,OtrA,38.92624596949343,-76.95188801292042,1.9759539582134498,40.49859055592665,220.51355068583953,40.513550685839505,220.49859055592665,Az12 Half
Gs5,38.90446612895163,-76.97570336712812,H56,38.91681538320637,-77.06120140091524,4.685978641201955,280.5008499599009,100.4471479905015,280.4471479905015,100.5008499599009,Az12 Half
Gs6,38.94253116241286,-77.11066858924072,Chk43,38.94312493001874,-77.0192667064925,4.924030044967159,89.4946752544898,269.55212542276934,89.55212542276934,269.49467525448983,Az12 Half
Gs6,38.94253116241286,-77.11066858924072,Chk62,38.90537641569407,-77.02133073015519,5.453703121457283,118.00298865025621,298.05911859752615,118.05911859752615,298.0029886502562,Az12 Whole
Gs6,38.94253116241286,-77.11066858924072,POOthr2c,38.9040771959102,-77.08165575743644,3.0790152078730153,149.47696928235732,329.49519745236387,149.49519745236387,329.47696928235735,Az21 Half
Gs6,38.94253116241286,-77.11066858924072,AnOthr02,38.90608413980003,-76.95766732477911,8.619216117635524,106.91115435779358,287.0072840467936,107.00728404679359,286.9111543577936,Az21 Whole
Gs6,38.94253116241286,-77.11066858924072,H12,38.92005589287478,-76.94844865915428,8.876712522459012,100.00763473145828,280.10957183563033,100.10957183563033,280.00763473145827,Az12 Whole
Gs7,38.91601482291505,-77.11677799130699,I079,38.90252822129722,-77.0501392974717,3.710080908144776,104.5011765575206,284.5430315901615,104.54303159016149,284.5011765575206,Az12 Half
Gs7,38.91601482291505,-77.11677799130699,Chk03,38.80887860350852,-77.01339590231409,9.2575702899819,142.93518572993239,323.00005315442445,143.00005315442445,322.9351857299324,Az21 Whole
Gs7,38.91601482291505,-77.11677799130699,Chk20,38.82106536665973,-77.00135736591604,9.03542697812107,136.42297849376087,316.49540909032874,136.49540909032874,316.42297849376087,Az21 Half
Gs7,38.91601482291505,-77.11677799130699,Chk26,38.88686719010732,-76.91666542015503,10.97220800998763,100.49609150345165,280.6217588040403,100.62175880404033,280.4960915034517,Az12 Half
Gs7,38.91601482291505,-77.11677799130699,Chk58,38.84739885578784,-77.05973097339024,5.644752969049183,146.96475941685583,327.0005686683519,147.0005686683519,326.9647594168558,Az21 Whole
Gs7,38.91601482291505,-77.11677799130699,Chk60,39.00533947251964,-77.03806204873727,7.479269858641842,34.504021409754515,214.55351698128206,34.55351698128209,214.5040214097545,Az12 Half
Gs7,38.91601482291505,-77.11677799130699,POOthr2c,38.9040771959102,-77.08165575743644,2.0642790449738952,113.4991745787064,293.5212348368493,113.52123483684932,293.4991745787064,Az12 Half
Gs8,38.89107936946611,-77.04288644534626,Chk11,38.89433083867851,-77.13554467903445,5.000085416162668,272.6000592004019,92.54188242651722,272.5418824265172,92.60005920040192,Dist Whole
Gs8,38.89107936946611,-77.04288644534626,Chk17,38.96039316959799,-77.01059198844285,5.088142521037056,19.98850242726978,200.00879344445448,20.008793444454454,199.9885024272698,Az21 Whole
Gs8,38.89107936946611,-77.04288644534626,Chk27,38.96791103163879,-77.06834544975686,5.474566203591035,345.4969412420883,165.48094372653318,345.48094372653316,165.49694124208827,Az12 Half
Gs8,38.89107936946611,-77.04288644534626,Chk36,38.91158883943301,-76.99354755099984,3.0123488229766924,61.972779943893656,242.00376384257282,62.00376384257282,241.97277994389367,Az21 Whole
Gs8,38.89107936946611,-77.04288644534626,Chk39,38.8974237158863,-76.91182568346446,7.07865719898616,86.41429521401778,266.4965863190008,86.49658631900081,266.4142952140178,Az21 Half
Gs8,38.89107936946611,-77.04288644534626,Chk47,38.94812410619182,-77.00484480332231,4.436963107754578,27.505915861178725,207.52981473765874,27.52981473765874,207.50591586117872,Az12 Half
Gs8,38.89107936946611,-77.04288644534626,H88,38.84950002068123,-77.00492179089107,3.523856924646537,144.4692924270795,324.49311750575043,144.49311750575043,324.4692924270795,Az21 Half
Gs8,38.89107936946611,-77.04288644534626,H50,38.96327236063456,-77.05095505059923,4.998883020448102,355.0131939966265,175.00812423181534,355.0081242318154,175.01319399662657,Az21 Whole
Gs8,38.89107936946611,-77.04288644534626,H51,38.91448986470866,-77.04953191350309,1.6541204571223915,347.4957568799813,167.49158352004,347.49158352003997,167.4957568799813,"Az12 Half, Az21 Half"
Gs9,38.79290977473043,-77.03197308076226,Chk13,38.97800673083694,-77.0340714747954,12.76857520215207,359.49299825620966,179.49168095506874,359.4916809550688,179.4929982562096,"Az12 Half, Az21 Half"
Gs9,38.79290977473043,-77.03197308076226,Chk15,38.9339121071402,-77.0702598537815,9.943126162883779,348.02654655479273,168.00252288984044,348.0025228898404,168.02654655479273,Az21 Whole
Gs9,38.79290977473043,-77.03197308076226,Chk28,38.95399489057218,-77.0776296316338,11.381171014416996,347.52155520937765,167.49290101935551,347.4929010193555,167.52155520937765,Az21 Half
Gs9,38.79290977473043,-77.03197308076226,Chk34,38.93536052674429,-77.01438697638629,9.871946774325844,5.507506538376523,185.51854140164122,5.518541401641187,185.50750653837653,Az12 Half
Gs9,38.79290977473043,-77.03197308076226,H33,38.92053966660955,-77.11324805943606,9.834892940091182,333.5560682738074,153.5050783410831,333.5050783410831,153.55606827380734,Az21 Half
Gs9,38.79290977473043,-77.03197308076226,H88,38.84950002068123,-77.00492179089107,4.167588956393183,20.494911554358563,200.51186979918336,20.511869799183387,200.49491155435857,Az12 Half
Gs9,38.79290977473043,-77.03197308076226,H28,38.90499081362246,-77.12853595395019,9.322271644744617,326.06149064014517,146.00091966633656,326.0009196663366,146.06149064014517,Az21 Whole
I010,38.89828563763562,-77.03657097283033,I014,38.90564871624386,-77.03197530601018,0.565096579612022,25.997497706156878,206.00038373794652,26.00038373794655,205.99749770615688,Az21 Whole
I010,38.89828563763562,-77.03657097283033,Chk04,38.93525554614944,-76.9884528433251,3.636994700885703,45.4625363040877,225.4927636741734,45.492763674173375,225.4625363040877,Az21 Half
I010,38.89828563763562,-77.03657097283033,Chk05,38.94213905894748,-77.01099576844469,3.3242000534138283,24.485562469625464,204.5016297749922,24.50162977499224,204.48556246962545,Az21 Half
I010,38.89828563763562,-77.03657097283033,Chk06,38.92609741015503,-76.95853332476764,4.6226324041061115,65.4550168691666,245.5040345569475,65.50403455694749,245.4550168691666,Az21 Half
I010,38.89828563763562,-77.03657097283033,Chk54,38.68922831692476,-77.04351796976675,14.425519577259752,181.49186310508995,1.4875106730146683,181.48751067301467,1.4918631050899194,Az12 Half
I010,38.89828563763562,-77.03657097283033,POOthr2a,38.86374289004072,-77.04279029496989,2.4062526949531673,188.0125973046622,8.008693403996972,188.00869340399697,8.012597304662222,Az21 Whole
I010,38.89828563763562,-77.03657097283033,H29,38.91226863882422,-77.12474875900264,4.84957168042617,281.5000554436535,101.44467672412331,281.4446767241233,101.50005544365348,Az12 Half
I010,38.89828563763562,-77.03657097283033,H51,38.91448986470866,-77.04953191350309,1.318115564220444,328.00027445598874,147.99213433945584,327.99213433945584,148.00027445598874,Az12 Whole
I010,38.89828563763562,-77.03657097283033,SF03,38.77367519361357,-76.97215841432278,9.271521822638508,157.96672296274141,338.0071156598795,158.00711565987945,337.9667229627414,Az21 Whole
I014,38.90564871624386,-77.03197530601018,Chk09,38.92188332835548,-77.08911728826524,3.2768227629581714,290.0018900195678,109.96599627998162,289.9659962799816,110.00189001956778,Az12 Whole
I014,38.90564871624386,-77.03197530601018,Chk11,38.89433083867851,-77.13554467903445,5.637008987336231,262.071580932686,82.00654319581591,262.0065431958159,82.071580932686,Az21 Whole
I014,38.90564871624386,-77.03197530601018,Chk47,38.94812410619182,-77.00484480332231,3.2744299491358846,26.507431747010994,206.5244786078657,26.524478607865717,206.507431747011,Az12 Half
I014,38.90564871624386,-77.03197530601018,RCrkB,38.90094461320923,-77.05911419748726,1.4983544832649889,257.5011215838157,77.4840781471296,257.4840781471296,77.50112158381569,Az12 Half
I014,38.90564871624386,-77.03197530601018,SF01,38.90124200833564,-77.08586335465753,2.9204413222930454,264.04239931846405,84.00855709132934,264.00855709132935,84.04239931846405,Az21 Whole
I014,38.90564871624386,-77.03197530601018,SF03,38.77367519361357,-76.97215841432278,9.658562321433411,160.4627822450255,340.5002960255429,160.50029602554287,340.4627822450255,Az21 Half
I079,38.90252822129722,-77.0501392974717,Chk26,38.88686719010732,-76.91666542015503,7.275803628522195,98.49690731996313,278.5807143946937,98.5807143946937,278.49690731996316,Az12 Half
I079,38.90252822129722,-77.0501392974717,Chk55,38.71079049783587,-77.0352088314432,13.250505254960075,176.50864971754018,356.518006569974,176.51800656997398,356.50864971754015,Az12 Half
I079,38.90252822129722,-77.0501392974717,H81,38.88687029383775,-76.9299762903957,6.567039362610356,99.42882311221635,279.5042724070855,99.50427240708552,279.4288231122164,Az21 Half
I079,38.90252822129722,-77.0501392974717,H17,38.88120136333437,-77.07263105649967,1.90641627681037,219.5023121727061,39.48819066405568,219.48819066405568,39.50231217270607,Az12 Half
I079,38.90252822129722,-77.0501392974717,H29,38.91226863882422,-77.12474875900264,4.076991015852488,279.5092287030658,99.46236921600108,279.4623692160011,99.50922870306579,Az12 Half
I079,38.90252822129722,-77.0501392974717,H47,38.93841562644008,-77.01018660152103,3.2807764642444925,41.00045978284736,221.02555970978293,41.0255597097829,221.00045978284737,Az12 Whole
I079,38.90252822129722,-77.0501392974717,SF02,38.90117456916591,-77.0901139945135,2.156715933372123,267.53113429261987,87.50603065377227,267.50603065377226,87.53113429261987,Az21 Half
I069,38.89642237002393,-77.00659984972448,Chk21,38.87280409544193,-76.94019736733574,3.933329333207455,114.44832993705464,294.4900143672341,114.4900143672341,294.4483299370546,Az21 Half
I069,38.89642237002393,-77.00659984972448,Chk31,38.84552270708302,-77.10483209910393,6.355112088136967,236.49350233360929,56.43185483329739,236.4318548332974,56.493502333609285,Az12 Half
I069,38.89642237002393,-77.00659984972448,H99,38.8889443857454,-77.00096480083693,0.5986370056230299,149.50433519310985,329.50787323560303,149.50787323560303,329.50433519310985,"Az12 Half, Az21 Half"
I069,38.89642237002393,-77.00659984972448,H67,38.91551942120227,-77.08923640277803,4.644697458560222,286.5023103860493,106.45041097561031,286.45041097561034,106.50231038604932,Az12 Half
I069,38.89642237002393,-77.00659984972448,H70,38.8737311478417,-77.07038741369139,3.7785018314110284,245.54782136435352,65.50777805850105,245.50777805850106,65.54782136435352,Az21 Half
I069,38.89642237002393,-77.00659984972448,H12,38.92005589287478,-76.94844865915428,3.5327960240841847,62.50013203401832,242.53665534354,62.53665534354002,242.50013203401832,Az12 Half
I069,38.89642237002393,-77.00659984972448,H27,38.83334538875507,-77.17620182600818,10.128706598572627,244.61248744875536,64.50606452624338,244.5060645262434,64.61248744875536,Az21 Half
I069,38.89642237002393,-77.00659984972448,H35,38.92066077312896,-77.07975099520537,4.282461567707305,293.00395685742006,112.95801214916987,292.95801214916986,113.00395685742006,Az12 Whole
KS,38.790339,-77.051444,Chk21,38.87280409544193,-76.94019736733574,8.269541433859507,46.502848027850845,226.57260338613654,46.57260338613651,226.50284802785086,Az12 Half
KS,38.790339,-77.051444,Chk32,38.95878698101598,-77.05142116747349,11.619598290311531,0.00606372183383094,180.00607805194227,0.006078051942267848,180.00606372183384,"Az12 Whole, Az21 Whole"
KS,38.790339,-77.051444,Chk36,38.91158883943301,-76.99354755099984,8.927830945561963,20.45674097524067,200.49305925326846,20.493059253268484,200.45674097524068,Az21 Half
KS,38.790339,-77.051444,Chk44,38.9096320124952,-77.04345033773585,8.240126314382213,2.9969940084090716,183.00200830339233,3.0020083033923584,182.99699400840908,Az21 Whole
KS,38.790339,-77.051444,RCrkA,38.89950909563222,-77.05755337263248,7.537759597235466,357.49602438508276,177.49219249515946,357.49219249515943,177.49602438508282,"Az12 Half, Az21 Half"
KS,38.790339,-77.051444,H81,38.88687029383775,-76.9299762903957,9.342455982601624,44.50384320886741,224.58001914867106,44.580019148671056,224.5038432088674,Az12 Half
KS,38.790339,-77.051444,SF03,38.77367519361357,-76.97215841432278,4.432419302890834,105.00544195039697,285.05510319914964,105.05510319914964,285.00544195039697,Az12 Whole
Chk01,38.80358701301893,-77.0045692366363,Chk11,38.89433083867851,-77.13554467903445,9.439050063672882,311.581654723166,131.49949777233675,311.4994977723368,131.58165472316603,Az21 Half
Chk01,38.80358701301893,-77.0045692366363,Chk52,38.89358765171932,-76.99952509051057,6.214206140322681,2.507922913645632,182.5110869282793,2.511086928279269,182.50792291364564,Az12 Half
Chk01,38.80358701301893,-77.0045692366363,Chk55,38.71079049783587,-77.0352088314432,6.611463397554966,194.50498976092555,14.485808714835201,194.4858087148352,14.504989760925582,Az12 Half
Chk01,38.80358701301893,-77.0045692366363,RC,38.98682226543504,-77.05231894611552,12.899104992528496,348.50433390607014,168.47435192329309,348.47435192329306,168.5043339060701,Az12 Half
Chk01,38.80358701301893,-77.0045692366363,H66,38.90533124793031,-77.10094955658019,8.73391011553728,323.5027974552876,143.44233378009102,323.442333780091,143.50279745528758,Az12 Half
Chk01,38.80358701301893,-77.0045692366363,H31,38.93203756982007,-77.09367738494352,10.079719275747342,331.5556119966532,151.4996942964362,331.4996942964362,151.55561199665323,Az21 Half
Chk01,38.80358701301893,-77.0045692366363,H40,38.90128237275844,-77.15854915633481,10.69559007351852,309.10398282569287,129.00738856979467,309.00738856979467,129.10398282569287,Az21 Whole
Chk02,38.83591588236636,-76.98066122302069,Chk04,38.93525554614944,-76.9884528433251,6.865360044699046,356.49445911302814,176.48956778712986,356.4895677871299,176.49445911302814,Az12 Half
Chk02,38.83591588236636,-76.98066122302069,Chk23c,38.90964452291605,-76.97239108771012,5.105339222927954,5.00860627469791,185.01379655698454,5.013796556984516,185.0086062746979,Az12 Whole
Chk02,38.83591588236636,-76.98066122302069,Chk26,38.88686719010732,-76.91666542015503,4.925945713822098,44.46005731565418,224.50021075273264,44.50021075273264,224.46005731565418,Az21 Half
Chk02,38.83591588236636,-76.98066122302069,Chk48,38.90721119681356,-77.0365266731042,5.767290909999413,328.52794764682005,148.4928877818099,328.49288778180994,148.52794764682005,Az21 Half
Chk02,38.83591588236636,-76.98066122302069,Chk58,38.84739885578784,-77.05973097339024,4.338489908929095,280.54450940944963,100.49491920773406,280.49491920773403,100.54450940944963,Az21 Half
Chk02,38.83591588236636,-76.98066122302069,SF01,38.90124200833564,-77.08586335465753,7.2450706609879605,308.49309932241124,128.42708115717772,308.4270811571777,128.49309932241124,Az12 Half
Chk02,38.83591588236636,-76.98066122302069,Pk04,38.77550687860945,-78.20406185227269,66.16273412434529,266.7725891354192,86.00588873191305,266.00588873191305,86.7725891354192,Az21 Whole
Chk03,38.80887860350852,-77.01339590231409,PO,38.93449309999998,-77.1199159,10.395890664180163,326.4928751270618,146.42602542614276,326.42602542614276,146.49287512706178,Az12 Half
Chk03,38.80887860350852,-77.01339590231409,OtrD,38.88972524047381,-76.91344596466341,7.756808045521965,44.00031433095846,224.06301037193916,44.063010371939185,224.00031433095847,Az12 Whole
Chk03,38.80887860350852,-77.01339590231409,H37,38.89634739382956,-77.11248589188622,8.060460619304775,318.4954118176893,138.433250738121,318.433250738121,138.49541181768927,Az12 Half
Chk03,38.80887860350852,-77.01339590231409,SF01,38.90124200833564,-77.08586335465753,7.474643433472925,328.4942097478403,148.44874709535588,328.4487470953559,148.49420974784027,Az12 Half
Chk03,38.80887860350852,-77.01339590231409,SF02,38.90117456916591,-77.0901139945135,7.593145703579392,327.0024071586352,146.9542778904366,326.95427789043663,147.0024071586352,Az12 Whole
Chk03,38.80887860350852,-77.01339590231409,SF03,38.77367519361357,-76.97215841432278,3.294337779814817,137.47337820114055,317.49921287699044,137.49921287699044,317.4733782011406,Az21 Half
Chk04,38.93525554614944,-76.9884528433251,Chk14,38.92072480308088,-77.03571742899706,2.736850194766524,248.53092036355918,68.50122198267849,248.5012219826785,68.53092036355918,Az21 Half
Chk04,38.93525554614944,-76.9884528433251,Chk53,38.8706887702613,-77.00907388669604,4.590453876446225,194.0187621417991,14.005812053740414,194.0058120537404,14.01876214179913,Az21 Whole
Chk04,38.93525554614944,-76.9884528433251,Chk57,38.83300987616117,-77.06541563323557,8.18302742250073,210.49357354566993,30.445260322261163,210.44526032226116,30.49357354566996,Az12 Half
Chk04,38.93525554614944,-76.9884528433251,AnOthr02,38.90608413980003,-76.95766732477911,2.607935608795234,140.487636962782,320.5069777740275,140.50697777402752,320.487636962782,Az21 Half
Chk04,38.93525554614944,-76.9884528433251,OtrA,38.92624596949343,-76.95188801292042,2.0658011442320863,107.496980550265,287.5199571827734,107.5199571827734,287.496980550265,Az12 Half
Chk04,38.93525554614944,-76.9884528433251,H28,38.90499081362246,-77.12853595395019,7.832112286238325,254.58464775875962,74.49664242689926,254.49664242689926,74.58464775875962,Az21 Half
Chk04,38.93525554614944,-76.9884528433251,H51,38.91448986470866,-77.04953191350309,3.589398215595569,246.49887891422347,66.46050288015732,246.46050288015732,66.4988789142235,Az12 Half
Chk04,38.93525554614944,-76.9884528433251,SF03,38.77367519361357,-76.97215841432278,11.180425498023208,175.48629995376345,355.4965221822406,175.4965221822406,355.4862999537635,Az21 Half
Chk05,38.94213905894748,-77.01099576844469,Chk12,38.88869436289873,-76.9425428132187,5.215385796662436,134.96022775307316,315.00322802068814,135.00322802068814,314.9602277530731,Az21 Whole
Chk05,38.94213905894748,-77.01099576844469,Chk37,38.93508740486395,-77.12641979728585,6.237307888225784,265.5633879697278,85.49084540749386,265.49084540749385,85.56338796972778,Az21 Half
Chk05,38.94213905894748,-77.01099576844469,Chk60,39.00533947251964,-77.03806204873727,4.596821024791246,341.52367188155205,161.50664815930625,341.5066481593062,161.523671881552,Az21 Half
Chk05,38.94213905894748,-77.01099576844469,H28,38.90499081362246,-77.12853595395019,6.832399506988276,248.0092725828726,67.93542405290133,247.93542405290134,68.0092725828726,Az12 Whole
Chk05,38.94213905894748,-77.01099576844469,H38,38.92033648688445,-77.30556025520397,15.941995676242,264.67924701955224,84.49414619656494,264.49414619656494,84.67924701955224,Az21 Half
Chk05,38.94213905894748,-77.01099576844469,Pk04,38.77550687860945,-78.20406185227269,65.36481264149742,260.2466723398717,79.49812113260401,259.498121132604,80.24667233987168,Az21 Half
Chk06,38.92609741015503,-76.95853332476764,Chk11,38.89433083867851,-77.13554467903445,9.788471872912202,257.1195427071807,77.00836150152662,257.0083615015266,77.1195427071807,Az21 Whole
Chk06,38.92609741015503,-76.95853332476764,Chk25,38.9229071947,-77.03584297932892,4.171585666802397,267.0003543589184,86.951781022181,266.95178102218097,87.0003543589184,Az12 Whole
Chk06,38.92609741015503,-76.95853332476764,Chk34,38.93536052674429,-77.01438697638629,3.0764614908511443,282.0051097707334,101.97001243144244,281.97001243144246,102.00510977073338,Az12 Whole
Chk06,38.92609741015503,-76.95853332476764,Chk40,38.89172055971182,-76.89912135737723,3.984536271485597,126.50365966933839,306.5409753827435,126.54097538274351,306.5036596693384,Az12 Half
Chk06,38.92609741015503,-76.95853332476764,Chk49,38.90963170613946,-77.02956862943489,3.992995052576431,253.49617828476937,73.4515534989802,253.45155349898022,73.49617828476937,Az12 Half
Chk06,38.92609741015503,-76.95853332476764,Chk53,38.8706887702613,-77.00907388669604,4.69368198006682,215.49647036261146,35.46473385497222,215.46473385497222,35.49647036261149,Az12 Half
Chk06,38.92609741015503,-76.95853332476764,Chk59,39.01004268273348,-77.04244035387981,7.344977483751998,322.06115977544175,142.00839169864852,322.00839169864855,142.06115977544175,Az21 Whole
Chk06,38.92609741015503,-76.95853332476764,RCrkA,38.89950909563222,-77.05755337263248,5.642882156872045,251.06396034887425,71.00176218719292,251.00176218719292,71.06396034887428,Az21 Whole
Chk06,38.92609741015503,-76.95853332476764,SF03,38.77367519361357,-76.97215841432278,10.539746531733115,184.0028106510986,3.9942638683235714,183.99426386832357,4.002810651098571,Az12 Whole
Chk06,38.92609741015503,-76.95853332476764,SF04,38.90017164390296,-77.07087604008456,6.3130791265488355,253.5791241757768,73.50855704455466,253.50855704455466,73.57912417577677,Az21 Half
Chk08,38.8580454440363,-77.07846439947777,Chk20,38.82106536665973,-77.00135736591604,4.879652929689822,121.49332188238836,301.54167892509537,121.54167892509537,301.4933218823884,Az12 Half
Chk08,38.8580454440363,-77.07846439947777,Chj24,38.97126514652496,-77.06832915730651,7.82906347070693,3.9973905469072695,184.00375712502534,4.003757125025345,183.99739054690727,Az21 Whole
Chk08,38.8580454440363,-77.07846439947777,Chk58,38.84739885578784,-77.05973097339024,1.2491454695426591,126.00394327742006,306.0156951430026,126.01569514300257,306.00394327742003,Az12 Whole
Chk08,38.8580454440363,-77.07846439947777,Chk59,39.01004268273348,-77.04244035387981,10.663052082438512,10.476026527254986,190.49866497164692,10.498664971646917,190.476026527255,Az21 Half
Chk08,38.8580454440363,-77.07846439947777,RC,38.98682226543504,-77.05231894611552,8.994171123294626,9.003864136576015,189.0202904916902,9.020290491690162,189.00386413657603,Az12 Whole
Chk08,38.8580454440363,-77.07846439947777,RCrkA,38.89950909563222,-77.05755337263248,3.0743903536640076,21.50808619357204,201.52121151803286,21.52121151803283,201.50808619357204,Az12 Half
Chk08,38.8580454440363,-77.07846439947777,H33,38.92053966660955,-77.11324805943606,4.701080962378254,336.5020417957438,156.48020399787038,336.4802039978704,156.50204179574382,Az12 Half
Chk08,38.8580454440363,-77.07846439947777,H44,38.90301800526387,-77.1123682030325,3.6007532098651347,329.50159562587936,149.48031425431822,329.4803142543182,149.50159562587936,Az12 Half
Chk08,38.8580454440363,-77.07846439947777,H99,38.8889443857454,-77.00096480083693,4.691161058163206,62.95270388107233,243.00134286598097,63.00134286598097,242.95270388107232,Az21 Whole
Chk08,38.8580454440363,-77.07846439947777,H81,38.88687029383775,-76.9299762903957,8.250205877727888,76.00750644553334,256.1006959667441,76.10069596674413,256.00750644553335,Az12 Whole
Chk09,38.92188332835548,-77.08911728826524,Chk22,38.93790243521637,-77.0858650836171,1.118821266810651,9.009728178721414,189.01177176333846,9.011771763338459,189.00972817872142,Az12 Whole
Chk09,38.92188332835548,-77.08911728826524,RK,38.85513800000002,-77.02356040000001,5.804226825715292,142.46844190711545,322.50959898931114,142.50959898931114,322.46844190711545,Az21 Half
Chk09,38.92188332835548,-77.08911728826524,H23,38.93923731423045,-77.08834070412745,1.197826309662529,2.0016037107616187,182.00209169920603,2.002091699206062,182.00160371076163,"Az12 Whole, Az21 Whole"
Chk10,38.86173720173936,-76.95502425801097,Chk13,38.97800673083694,-77.0340714747954,9.081368703290591,332.0517109400714,152.00205084433892,332.0020508443389,152.05171094007142,Az21 Whole
Chk10,38.86173720173936,-76.95502425801097,Chk46,38.87650889195688,-77.07473802861425,6.535625212607047,279.00701048716655,98.93188486319198,278.93188486319195,99.00701048716655,Az12 Whole
Chk10,38.86173720173936,-76.95502425801097,Chk48,38.90721119681356,-77.0365266731042,5.398919046254805,305.5470656241893,125.49590229866811,305.4959022986681,125.54706562418932,Az21 Half
Chk10,38.86173720173936,-76.95502425801097,Chk52,38.89358765171932,-76.99952509051057,3.2533862598657963,312.492467926749,132.46453655005115,312.46453655005115,132.492467926749,Az12 Half
Chk10,38.86173720173936,-76.95502425801097,PO,38.93449309999998,-77.1199159,10.20738695513013,299.5026687483688,119.39912704586328,299.3991270458633,119.50266874836882,Az12 Half
Chk10,38.86173720173936,-76.95502425801097,POOthr3a,38.7852261694161,-77.0402519018478,7.000317699905333,221.09525466907388,41.04182346759487,221.04182346759487,41.09525466907388,Dist Whole
Chk10,38.86173720173936,-76.95502425801097,RK,38.85513800000002,-77.02356040000001,3.7243691216163293,263.0009251160039,82.9579256501135,262.9579256501135,83.00092511600388,Az12 Whole
Chk10,38.86173720173936,-76.95502425801097,H44,38.90301800526387,-77.1123682030325,8.948539876791028,288.6044328971823,108.50566433521668,288.5056643352167,108.60443289718228,Az21 Half
Chk10,38.86173720173936,-76.95502425801097,H69,38.87633745296441,-77.07234178427055,6.406154452927306,279.08195916421977,99.00833742563016,279.00833742563015,99.08195916421977,Az21 Whole
Chk10,38.86173720173936,-76.95502425801097,H51,38.91448986470866,-77.04953191350309,6.261106967624766,305.56407533610286,125.5047432650993,305.5047432650993,125.56407533610286,Az21 Half
Chk10,38.86173720173936,-76.95502425801097,Pk03,38.899665,-77.698809,40.18809582229106,273.96601390064546,93.49913554338401,273.499135543384,93.96601390064546,Az21 Half
Chk23a,38.90863930872903,-76.97546834269932,Chk20,38.82106536665973,-77.00135736591604,6.200114847926484,193.02194353946186,13.005698547026725,193.00569854702673,13.021943539461859,Az21 Whole
Chk23a,38.90863930872903,-76.97546834269932,POOthr2a,38.86374289004072,-77.04279029496989,4.771254567140577,229.54807083363914,49.5058077569027,229.5058077569027,49.548070833639144,Az21 Half
Chk23a,38.90863930872903,-76.97546834269932,H22,38.92823446130691,-77.06004232078331,4.75381602589439,286.5458412653726,106.49271074804265,286.49271074804267,106.54584126537259,Az21 Half
Chk23a,38.90863930872903,-76.97546834269932,H81,38.88687029383775,-76.9299762903957,2.875472802441411,121.46724346823498,301.49580941056564,121.49580941056564,301.467243468235,Az21 Half
Chk23a,38.90863930872903,-76.97546834269932,H37,38.89634739382956,-77.11248589188622,7.433889630205787,263.49365538568463,83.40760876082749,263.4076087608275,83.49365538568463,Az12 Half
Chk23a,38.90863930872903,-76.97546834269932,H38,38.92033648688445,-77.30556025520397,17.80755440193064,272.70069373940123,92.4933429115862,272.4933429115862,92.70069373940123,Az21 Half
Chk23a,38.90863930872903,-76.97546834269932,Pk01,39.26242301794514,-77.39330127153266,33.169478150634006,317.5034445302134,137.24000733813722,317.2400073381372,137.50344453021341,Az12 Half
Chk23a,38.90863930872903,-76.97546834269932,Pk04,38.77550687860945,-78.20406185227269,66.91111012166768,262.49696986380684,81.72640709144366,261.72640709144366,82.49696986380684,Az12 Half
Chk23b,38.90969480185885,-76.97387114815113,Chk23c,38.90964452291605,-76.97239108771012,0.07984399925272354,92.48914380815619,272.4900734258173,92.49007342581729,272.4891438081562,Az21 Half
Chk23b,38.90969480185885,-76.97387114815113,Chk17,38.96039316959799,-77.01059198844285,4.018034110666504,330.5146578168402,150.49158100817246,330.4915810081725,150.5146578168402,Az21 Half
Chk23b,38.90969480185885,-76.97387114815113,Chk21,38.87280409544193,-76.94019736733574,3.125883193691254,144.48660367780272,324.5077455669931,144.5077455669931,324.4866036778027,Az21 Half
Chk23b,38.90969480185885,-76.97387114815113,Chk32,38.95878698101598,-77.05142116747349,5.37818781532782,309.0494005173033,129.00066590194325,309.00066590194325,129.0494005173033,Az21 Whole
Chk23c,38.90964452291605,-76.97239108771012,Chk32,38.95878698101598,-77.05142116747349,5.4425287908398365,308.5496347328546,128.49997003263243,308.4999700326324,128.5496347328546,Az21 Half
Chk23c,38.90964452291605,-76.97239108771012,Chk39,38.8974237158863,-76.91182568346446,3.3715741102342642,104.46035366318654,284.49838940928055,104.49838940928055,284.46035366318654,Az21 Half
Chk23c,38.90964452291605,-76.97239108771012,Chk44,38.9096320124952,-77.04345033773585,3.829777335588967,270.0094052717948,89.9647733822578,269.9647733822578,90.00940527179478,Az12 Whole
Chk23c,38.90964452291605,-76.97239108771012,Chk49,38.90963170613946,-77.02956862943489,3.081615119751268,270.001518361324,89.965605490772,269.965605490772,90.00151836132397,Az12 Whole
Chk23c,38.90964452291605,-76.97239108771012,H66,38.90533124793031,-77.10094955658019,6.935322981294705,267.5815673909817,87.5008243264923,267.5008243264923,87.58156739098172,Az21 Half
Chk23c,38.90964452291605,-76.97239108771012,H70b,38.91008217241069,-76.97878782846644,0.34607405392678453,275.00650449539506,95.00248672157765,275.00248672157767,95.00650449539506,"Az12 Whole, Az21 Whole"
Chk23c,38.90964452291605,-76.97239108771012,H81,38.88687029383775,-76.9299762903957,2.7740405860787005,124.48032691383746,304.50696083696823,124.50696083696823,304.4803269138375,Az21 Half
Chk11,38.89433083867851,-77.13554467903445,Chk49,38.90963170613946,-77.02956862943489,5.808942364993051,79.49814152682946,259.5646934350342,79.5646934350342,259.49814152682944,Az12 Half
Chk11,38.89433083867851,-77.13554467903445,Chk53,38.8706887702613,-77.00907388669604,7.011116354320791,103.41094877420208,283.49033773189745,103.49033773189745,283.4109487742021,Az21 Half
Chk11,38.89433083867851,-77.13554467903445,Chk61,38.9027413920959,-77.02294473847918,6.097245183853555,84.50457949095055,264.5752858690049,84.57528586900492,264.50457949095056,Az12 Half
Chk11,38.89433083867851,-77.13554467903445,RCOthr3a,38.99355611820573,-77.03793092768112,8.63136497354699,37.502562974969244,217.56391908248816,37.563919082488155,217.50256297496924,Az12 Half
Chk11,38.89433083867851,-77.13554467903445,H77,38.89703882730361,-77.03762786655247,5.281617527302754,87.94241699510843,268.0038994058641,88.0038994058641,267.94241699510843,Az21 Whole
Chk11,38.89433083867851,-77.13554467903445,H70,38.8737311478417,-77.07038741369139,3.789455770850691,112.0027166534995,292.0436188778583,112.04361887785831,292.00271665349953,Az12 Whole
Chk11,38.89433083867851,-77.13554467903445,H42,38.82554707680318,-77.01466103512618,8.06336705047938,126.00762858648783,306.08347328314346,126.08347328314346,306.00762858648784,Az12 Whole
Chk12,38.88869436289873,-76.9425428132187,Chj24,38.97126514652496,-77.06832915730651,8.8529809991119,310.0836805164094,130.00464008838617,310.00464008838617,130.0836805164094,Az21 Whole
Chk12,38.88869436289873,-76.9425428132187,Chk39,38.8974237158863,-76.91182568346446,1.7619879448286424,70.0069584980601,250.02624482501616,70.02624482501619,250.0069584980601,Az12 Whole
Chk12,38.88869436289873,-76.9425428132187,H20,38.9230873705844,-77.07763287849671,7.657902224162678,288.08987096658313,108.00502855960875,288.0050285596087,108.08987096658313,Az21 Whole
Chk13,38.97800673083694,-77.0340714747954,Chk60,39.00533947251964,-77.03806204873727,1.8976586509471827,353.5010929232613,173.4985820243734,353.4985820243734,173.50109292326124,"Az12 Half, Az21 Half"
Chk13,38.97800673083694,-77.0340714747954,H52,38.92312150962155,-77.0746835467705,4.372592188659079,210.03177867324044,30.006247906012703,210.0062479060127,30.03177867324041,Az21 Whole
Chk14,38.92072480308088,-77.03571742899706,Chk30,38.87080074981925,-77.14434316078132,6.7931977564436,239.5734387651495,59.505232051573444,239.50523205157344,59.57343876514949,Az21 Half
Chk14,38.92072480308088,-77.03571742899706,Chk39,38.8974237158863,-76.91182568346446,6.867996647118997,103.4956155885558,283.573430317222,103.573430317222,283.4956155885558,Az12 Half
Chk14,38.92072480308088,-77.03571742899706,Chk54,38.68922831692476,-77.04351796976675,15.974064049617839,181.5127745959797,1.5078862093860437,181.50788620938604,1.5127745959796925,Az21 Half
Chk14,38.92072480308088,-77.03571742899706,POOthr3a,38.7852261694161,-77.0402519018478,9.349906070047915,181.5003809558512,1.4975363696804607,181.49753636968046,1.500380955851199,"Az12 Half, Az21 Half"
Chk14,38.92072480308088,-77.03571742899706,H44,38.90301800526387,-77.1123682030325,4.307795079578359,253.55252813137244,73.50438191323332,253.50438191323332,73.55252813137247,Az21 Half
Chk14,38.92072480308088,-77.03571742899706,H99,38.8889443857454,-77.00096480083693,2.8834947297196205,139.47711245626428,319.49893810620586,139.49893810620586,319.4771124562643,Az21 Half
Chk14,38.92072480308088,-77.03571742899706,H86,38.810462075372,-76.99664817839795,7.892383789637396,164.50422629803995,344.52874209297715,164.52874209297715,344.50422629803995,Az12 Half
Chk14,38.92072480308088,-77.03571742899706,H40,38.90128237275844,-77.15854915633481,6.754443826139472,258.58589156300695,78.50873939976138,258.5087393997614,78.58589156300695,Az21 Half
Chk14,38.92072480308088,-77.03571742899706,H60,38.93132296535497,-76.91720945574568,6.427296346280131,83.43154279726627,263.5060033254713,83.50600332547128,263.4315427972663,Az21 Half
Chk15,38.9339121071402,-77.0702598537815,Chk20,38.82106536665973,-77.00135736591604,8.625352746033364,154.46437469366262,334.5076218632814,154.50762186328143,334.46437469366265,Az21 Half
Chk15,38.9339121071402,-77.0702598537815,Chk28,38.95399489057218,-77.0776296316338,1.441098122984777,344.0111487349276,164.00651638810334,344.00651638810336,164.0111487349276,Az21 Whole
Chk15,38.9339121071402,-77.0702598537815,Chk30,38.87080074981925,-77.14434316078132,5.907455622608277,222.55154332696583,42.50501936480907,222.50501936480907,42.55154332696583,Az21 Half
Chk15,38.9339121071402,-77.0702598537815,Chk31,38.84552270708302,-77.10483209910393,6.375655420423673,197.00850115379308,16.98679588300365,196.98679588300365,17.008501153793077,Az12 Whole
Chk15,38.9339121071402,-77.0702598537815,Chk35,38.89407905799511,-77.05068501975197,2.943267366306913,158.99053102143336,339.0028270157035,159.00282701570347,338.99053102143336,Az21 Whole
Chk15,38.9339121071402,-77.0702598537815,Chk55,38.71079049783587,-77.0352088314432,15.506648315593681,172.9829764998822,353.00495030089166,173.00495030089166,352.98297649988217,Az21 Whole
Chk15,38.9339121071402,-77.0702598537815,OtrC,38.95177142459147,-76.98472940704961,4.76941745717265,75.00371521859523,255.0574749426518,75.05747494265177,255.00371521859523,Az12 Whole
Chk15,38.9339121071402,-77.0702598537815,H66,38.90533124793031,-77.10094955658019,2.5733279613921662,220.00101894051926,39.9817387617594,219.9817387617594,40.00101894051926,Az12 Whole
Chk15,38.9339121071402,-77.0702598537815,H27,38.83334538875507,-77.17620182600818,8.986070092445942,219.5005444246114,39.43404030353378,219.43404030353378,39.500544424611405,Az12 Half
Chk15,38.9339121071402,-77.0702598537815,H47,38.93841562644008,-77.01018660152103,3.2513508304107073,84.49830703403619,264.5360603204276,84.53606032042762,264.4983070340362,Az12 Half
Chk16,38.95984790558003,-77.02680651074166,Chk44,38.9096320124952,-77.04345033773585,3.5781290051388717,194.51879700995713,14.50833744862129,194.5083374486213,14.518797009957098,Az21 Half
Chk16,38.95984790558003,-77.02680651074166,Chk55,38.71079049783587,-77.0352088314432,17.185927491065428,181.51412274470192,1.5088537704643556,181.50885377046436,1.5141227447019219,Az21 Half
Chk16,38.95984790558003,-77.02680651074166,Chk62,38.90537641569407,-77.02133073015519,3.7690634439563664,175.50883521328092,355.5122762266303,175.51227622663032,355.5088352132809,Az12 Half
Chk16,38.95984790558003,-77.02680651074166,H81,38.88687029383775,-76.9299762903957,7.250262081710561,133.94328336003636,314.0041199001158,134.00411990011582,313.9432833600364,Az21 Whole
Chk16,38.95984790558003,-77.02680651074166,H12,38.92005589287478,-76.94844865915428,5.035294595806904,123.00901255391216,303.05826090755625,123.05826090755625,303.00901255391216,Az12 Whole
Chk16,38.95984790558003,-77.02680651074166,H52,38.92312150962155,-77.0746835467705,3.6153229894873413,225.52805016586666,45.49795818331154,225.49795818331154,45.52805016586666,Az21 Half
Chk17,38.96039316959799,-77.01059198844285,Chk28,38.95399489057218,-77.0776296316338,3.6374945214284846,263.0518201327242,83.00967090838866,263.00967090838867,83.05182013272417,Az21 Whole
Chk17,38.96039316959799,-77.01059198844285,Chk45,38.94732510830963,-77.02188334594942,1.0874249835693812,214.0096400085158,34.0025411958587,214.0025411958587,34.00964000851582,"Az12 Whole, Az21 Whole"
Chk17,38.96039316959799,-77.01059198844285,Chk50,38.88471525220831,-77.07961687570274,6.409854382997049,215.49137151177877,35.44800527731746,215.44800527731746,35.491371511778766,Az12 Half
Chk17,38.96039316959799,-77.01059198844285,Chk60,39.00533947251964,-77.03806204873727,3.43515972056653,334.5064728196706,154.4891917337837,334.48919173378374,154.50647281967053,Az12 Half
Chk17,38.96039316959799,-77.01059198844285,Chk61,38.9027413920959,-77.02294473847918,4.032185367093576,189.5046137909512,9.496851423887108,189.4968514238871,9.504613790951225,"Az12 Half, Az21 Half"
Chk17,38.96039316959799,-77.01059198844285,RCrkB,38.90094461320923,-77.05911419748726,4.863291513660976,212.53361273329702,32.503122364661124,212.50312236466112,32.53361273329699,Az21 Half
Chk17,38.96039316959799,-77.01059198844285,POOthr3b,38.79164360258566,-77.03902815721085,11.740955718505354,187.51288070966655,7.495033090912813,187.4950330909128,7.512880709666547,Az21 Half
Chk17,38.96039316959799,-77.01059198844285,RK,38.85513800000002,-77.02356040000001,7.294144164505973,185.50285245361434,5.494707398950766,185.49470739895077,5.5028524536143095,"Az12 Half, Az21 Half"
Chk17,38.96039316959799,-77.01059198844285,H19,38.91560586754403,-77.07888357211404,4.8042678369511895,230.00040058475417,49.957480747838815,229.95748074783882,50.000400584754175,Az12 Whole
Chk17,38.96039316959799,-77.01059198844285,H20,38.9230873705844,-77.07763287849671,4.434620506100427,234.54965147950313,54.50751427410306,234.50751427410307,54.549651479503154,Az21 Half
Chk17,38.96039316959799,-77.01059198844285,SF04,38.90017164390296,-77.07087604008456,5.273238211903887,218.04060890910245,38.002727953405156,218.00272795340516,38.040608909102446,Az21 Whole
Chk17,38.96039316959799,-77.01059198844285,Pk01,39.26242301794514,-77.39330127153266,29.276731850330094,315.49028424741005,135.2488582472719,315.24885824727187,135.49028424741005,Az12 Half
Chk18,38.87614213026904,-77.11265634246809,RCrkA,38.89950909563222,-77.05755337263248,3.379829324483787,61.49910883408428,241.53370235304743,61.53370235304743,241.49910883408427,Az12 Half
Chk19,38.98909790584569,-77.04677082443145,Chk43,38.94312493001874,-77.0192667064925,3.5001287237541985,154.9560177321018,334.9733139904838,154.9733139904838,334.9560177321018,Dist Half
Chk19,38.98909790584569,-77.04677082443145,AnOthr02,38.90608413980003,-76.95766732477911,7.471871832252621,140.00304476934724,320.0590560763929,140.0590560763929,320.00304476934724,Az12 Whole
Chk20,38.82106536665973,-77.00135736591604,Chk22,38.93790243521637,-77.0858650836171,9.258338157484168,330.54434622736454,150.49130202208198,330.491302022082,150.54434622736454,Az21 Half
Chk20,38.82106536665973,-77.00135736591604,Chk40,38.89172055971182,-76.89912135737723,7.359356457951639,48.495522844739575,228.5596627298264,48.559662729826414,228.49552284473958,Az12 Half
Chk20,38.82106536665973,-77.00135736591604,Chk41,38.91261730408393,-76.9575387987198,6.742897550615587,20.501047469847755,200.5285441808061,20.52854418080608,200.50104746984775,Az12 Half
Chk20,38.82106536665973,-77.00135736591604,Chk49,38.90963170613946,-77.02956862943489,6.29591457670308,346.024921810987,166.00721945553352,346.0072194555335,166.02492181098705,Az21 Whole
Chk20,38.82106536665973,-77.00135736591604,Chk55,38.71079049783587,-77.0352088314432,7.823248384497464,193.5242722901553,13.503076514786272,193.50307651478627,13.524272290155295,Az21 Half
Chk20,38.82106536665973,-77.00135736591604,Chk62,38.90537641569407,-77.02133073015519,5.914706864873422,349.51309817521025,169.50056561747266,349.50056561747266,169.5130981752102,Az21 Half
Chk20,38.82106536665973,-77.00135736591604,AN,38.91858289999999,-76.94192180000002,7.451330391246918,25.457678230433448,205.49497721933395,25.49497721933392,205.45767823043346,Az21 Half
Chk20,38.82106536665973,-77.00135736591604,RC,38.98682226543504,-77.05231894611552,11.759333434833382,346.5076801293203,166.4756753748804,346.47567537488044,166.5076801293203,Az12 Half
Chk20,38.82106536665973,-77.00135736591604,RCrkB,38.90094461320923,-77.05911419748726,6.329612565688638,330.5377849364693,150.50154636941954,330.50154636941954,150.53778493646928,Az21 Half
Chk20,38.82106536665973,-77.00135736591604,OtrD,38.88972524047381,-76.91344596466341,6.70181890170791,45.00550841662754,225.0606602666301,45.060660266630066,225.00550841662755,Az12 Whole
Chk20,38.82106536665973,-77.00135736591604,RK,38.85513800000002,-77.02356040000001,2.63796682997353,333.00128214674874,152.9873581363858,332.9873581363858,153.00128214674874,Az12 Whole
Chk20,38.82106536665973,-77.00135736591604,SF06,38.98876568157223,-77.16354886186852,14.499744456021764,322.9726313683866,142.87077012124848,322.8707701212485,142.9726313683866,Dist Half
Chk21,38.87280409544193,-76.94019736733574,Chk27,38.96791103163879,-77.06834544975686,9.525116152411316,313.5725984932463,133.49209075360716,313.49209075360716,133.5725984932463,Az21 Half
Chk21,38.87280409544193,-76.94019736733574,Chk39,38.8974237158863,-76.91182568346446,2.2855872064984557,42.000444758220524,222.01825539095472,42.01825539095472,222.0004447582205,Az12 Whole
Chk21,38.87280409544193,-76.94019736733574,Chk40,38.89172055971182,-76.89912135737723,2.5704886745825095,59.48079312233328,239.50657744252402,59.50657744252402,239.4807931223333,Az21 Half
Chk21,38.87280409544193,-76.94019736733574,Chk44,38.9096320124952,-77.04345033773585,6.118620709458693,294.5638847689929,114.49905802118441,294.4990580211844,114.56388476899292,Az21 Half
Chk21,38.87280409544193,-76.94019736733574,RC,38.98682226543504,-77.05231894611552,9.91740653857093,322.50748249032165,142.43702883819617,322.43702883819617,142.50748249032165,Az12 Half
Chk21,38.87280409544193,-76.94019736733574,H33,38.92053966660955,-77.11324805943606,9.892469482424564,289.49689831977696,109.38823664137581,289.3882366413758,109.49689831977696,Az12 Half
Chk21,38.87280409544193,-76.94019736733574,H69,38.87633745296441,-77.07234178427055,7.129665458825765,272.0005417311716,91.91760554786778,271.91760554786777,92.00054173117161,Az12 Whole
Chk21,38.87280409544193,-76.94019736733574,H19,38.91560586754403,-77.07888357211404,8.038069507229261,291.5935483358457,111.50646940756748,291.50646940756747,111.5935483358457,Az21 Half
Chk21,38.87280409544193,-76.94019736733574,H27,38.83334538875507,-77.17620182600818,13.017417145408656,258.0047787290619,77.85672698582971,257.8567269858297,78.00477872906191,Az12 Whole
Chk22,38.93790243521637,-77.0858650836171,Chk27,38.96791103163879,-77.06834544975686,2.2749760470054574,24.501124899179562,204.51213916785056,24.51213916785059,204.50112489917956,Az12 Half
Chk22,38.93790243521637,-77.0858650836171,Chk40,38.89172055971182,-76.89912135737723,10.556087778001112,107.50614149035059,287.62344729013,107.62344729013,287.5061414903506,Az12 Half
Chk22,38.93790243521637,-77.0858650836171,RCrkB,38.90094461320923,-77.05911419748726,2.928725722995853,150.50548239254758,330.5222880185229,150.5222880185229,330.5054823925476,Az12 Half
Chk22,38.93790243521637,-77.0858650836171,OtrC,38.95177142459147,-76.98472940704961,5.531431609558451,80.0084353024315,260.07200635538805,80.07200635538805,260.0084353024315,Az12 Whole
Chk22,38.93790243521637,-77.0858650836171,H27,38.83334538875507,-77.17620182600818,8.702832099726821,214.0587511460243,34.00204061999099,214.002040619991,34.05875114602429,Az21 Whole
Chk22,38.93790243521637,-77.0858650836171,H51,38.91448986470866,-77.04953191350309,2.537921200965038,129.50920997982445,309.53203879504304,129.53203879504304,309.50920997982445,Az12 Half
Chk22,38.93790243521637,-77.0858650836171,SF06,38.98876568157223,-77.16354886186852,5.460160246324984,310.0092664482209,129.96041709746208,309.9604170974621,130.0092664482209,Az12 Whole
Chj24,38.97126514652496,-77.06832915730651,Chk44,38.9096320124952,-77.04345033773585,4.457778205032675,162.49490230120855,342.5105389479927,162.5105389479927,342.4949023012085,Az12 Half
Chj24,38.97126514652496,-77.06832915730651,Chk47,38.94812410619182,-77.00484480332231,3.7734007668568337,115.0067129141183,295.0466301996022,115.04663019960219,295.0067129141183,Az12 Whole
Chj24,38.97126514652496,-77.06832915730651,POOthr2a,38.86374289004072,-77.04279029496989,7.5435850628873995,169.4798494590941,349.4958929996736,169.49589299967352,349.4798494590941,Az21 Half
Chj24,38.97126514652496,-77.06832915730651,H13,38.94626278806017,-77.01391219662139,3.4006204694016344,120.45846249491593,300.4926777551572,120.49267775515722,300.4584624949159,Az21 Half
Chj24,38.97126514652496,-77.06832915730651,H39,38.9189665077175,-77.24236058241425,10.045032306690363,249.00703030860626,68.8976383270001,248.8976383270001,69.00703030860626,Az12 Whole
Chj24,38.97126514652496,-77.06832915730651,H50,38.96327236063456,-77.05095505059923,1.085998809267198,120.50481009200463,300.5157362565409,120.51573625654089,300.5048100920046,Az12 Half
Chj24,38.97126514652496,-77.06832915730651,H51,38.91448986470866,-77.04953191350309,4.045215146788399,165.49739596801527,345.509210888457,165.509210888457,345.49739596801527,"Az12 Half, Az21 Half"
Chk25,38.9229071947,-77.03584297932892,POOthr3a,38.7852261694161,-77.0402519018478,9.500226678414222,181.43574169302858,1.4329758022110752,181.43297580221108,1.4357416930286035,Dist Half
Chk25,38.9229071947,-77.03584297932892,OtrB,38.95704643888089,-76.99134485249716,3.3604405519286056,45.4956034500738,225.523570787695,45.52357078769501,225.49560345007382,Az12 Half
Chk25,38.9229071947,-77.03584297932892,H69,38.87633745296441,-77.07234178427055,3.7669934697538214,211.49631465029557,31.47339493401185,211.47339493401185,31.496314650295574,Az12 Half
Chk25,38.9229071947,-77.03584297932892,H81,38.88687029383775,-76.9299762903957,6.224089656809271,113.50691103363847,293.57339844778363,113.57339844778363,293.50691103363846,Az12 Half
Chk26,38.88686719010732,-76.91666542015503,Chk40,38.89172055971182,-76.89912135737723,1.0033206163837083,70.5022104433264,250.5132249152393,70.51322491523933,250.50221044332642,Az12 Half
Chk26,38.88686719010732,-76.91666542015503,Chk49,38.90963170613946,-77.02956862943489,6.285275571278047,284.50345944277103,104.43256306749684,284.43256306749686,104.50345944277103,Az12 Half
Chk26,38.88686719010732,-76.91666542015503,RCrkA,38.89950909563222,-77.05755337263248,7.644884694925085,276.5941650004512,96.50570557963286,276.50570557963283,96.5941650004512,Az21 Half
Chk26,38.88686719010732,-76.91666542015503,H69,38.87633745296441,-77.07234178427055,8.4249304808905,265.1030342272817,85.00531409229222,265.0053140922922,85.10303422728168,Az21 Whole
Chk27,38.96791103163879,-77.06834544975686,Chk54,38.68922831692476,-77.04351796976675,19.27009480463463,176.00593083641624,356.02149752246305,176.02149752246305,356.00593083641627,Az12 Whole
Chk27,38.96791103163879,-77.06834544975686,AN,38.91858289999999,-76.94192180000002,7.613196742842935,116.50836151559136,296.58782516530437,116.58782516530437,296.50836151559133,Az12 Half
Chk27,38.96791103163879,-77.06834544975686,H33,38.92053966660955,-77.11324805943606,4.065591061103973,216.52410262538226,36.49587847702901,216.495878477029,36.524102625382284,Az21 Half
Chk27,38.96791103163879,-77.06834544975686,H13,38.94626278806017,-77.01391219662139,3.2901687101446004,116.9754377070962,297.0096619722507,117.00966197225068,296.9754377070962,Az21 Whole
Chk28,38.95399489057218,-77.0776296316338,Chk40,38.89172055971182,-76.89912135737723,10.534648054877987,114.00888293801808,294.1210350247881,114.12103502478811,294.0088829380181,Az12 Whole
Chk28,38.95399489057218,-77.0776296316338,Chk57,38.83300987616117,-77.06541563323557,8.371547148403064,175.48514492227036,355.4928137883399,175.49281378833984,355.48514492227036,Az21 Half
Chk28,38.95399489057218,-77.0776296316338,H20,38.9230873705844,-77.07763287849671,2.1320345273811574,180.0047017908629,0.004699750253593038,180.0046997502536,0.004701790862895905,"Az12 Whole, Az21 Whole"
Chk28,38.95399489057218,-77.0776296316338,H47,38.93841562644008,-77.01018660152103,3.788629720263641,106.4574632298689,286.4998572782225,106.49985727822252,286.4574632298689,Az21 Half
Chk30,38.87080074981925,-77.14434316078132,Chk32,38.95878698101598,-77.05142116747349,7.868569756809861,39.49624229463965,219.55461256885147,39.55461256885144,219.49624229463964,Az12 Half
Chk30,38.87080074981925,-77.14434316078132,Chk42,38.93017051598103,-77.07230698965536,5.643503601563786,43.45213912806014,223.49737566722428,43.497375667224276,223.45213912806014,Az21 Half
Chk30,38.87080074981925,-77.14434316078132,Chk57,38.83300987616117,-77.06541563323557,4.991991210682661,121.45516553432367,301.5046775352292,121.50467753522918,301.45516553432367,Az21 Half
Chk30,38.87080074981925,-77.14434316078132,Chk58,38.84739885578784,-77.05973097339024,4.840552509000208,109.45407307436709,289.50715938997456,109.50715938997456,289.4540730743671,Az21 Half
Chk30,38.87080074981925,-77.14434316078132,H66,38.90533124793031,-77.10094955658019,3.3386413473248826,44.47062606008436,224.49786860786813,44.4978686078681,224.47062606008436,Az21 Half
Chk30,38.87080074981925,-77.14434316078132,H77,38.89703882730361,-77.03762786655247,6.03151480136726,72.50432886744179,252.57131883248144,72.57131883248144,252.50432886744179,Az12 Half
Chk30,38.87080074981925,-77.14434316078132,H42,38.82554707680318,-77.01466103512618,7.660206841145104,114.00773318048718,294.089077469263,114.08907746926297,294.0077331804872,Az12 Whole
Chk30,38.87080074981925,-77.14434316078132,H51,38.91448986470866,-77.04953191350309,5.933460065836388,59.44513170689521,239.50466020828276,59.50466020828276,239.4451317068952,Az21 Half
Chk31,38.84552270708302,-77.10483209910393,Chk62,38.90537641569407,-77.02133073015519,6.108927737458512,47.453478539122514,227.50588647719485,47.50588647719485,227.4534785391225,Az21 Half
Chk31,38.84552270708302,-77.10483209910393,OtrC,38.95177142459147,-76.98472940704961,9.778975442954009,41.41735536446495,221.49277326037839,41.492773260378385,221.41735536446495,Az21 Half
Chk31,38.84552270708302,-77.10483209910393,H69,38.87633745296441,-77.07234178427055,2.754756993675321,39.490845740413455,219.51123121213118,39.51123121213118,219.49084574041345,Az12 Half
Chk31,38.84552270708302,-77.10483209910393,H40,38.90128237275844,-77.15854915633481,4.8150138117616565,323.0342265148712,143.00051359189683,323.00051359189683,143.0342265148712,Az21 Whole
Chk31,38.84552270708302,-77.10483209910393,H47,38.93841562644008,-77.01018660152103,8.191015679385114,38.49897245845094,218.55839603759443,38.558396037594434,218.49897245845094,Az12 Half
Chk31,38.84552270708302,-77.10483209910393,Pk04,38.77550687860945,-78.20406185227269,59.52179382295949,265.6904897575307,85.00153798933124,265.00153798933127,85.69048975753071,Az21 Whole
Chk32,38.95878698101598,-77.05142116747349,Chk35,38.89407905799511,-77.05068501975197,4.463790232072124,179.49062535022074,359.49108788812396,179.49108788812396,359.49062535022074,"Az12 Half, Az21 Half"
Chk32,38.95878698101598,-77.05142116747349,Chk46,38.87650889195688,-77.07473802861425,5.813041363564692,192.4907823458423,12.476134625920736,192.47613462592074,12.490782345842263,Az12 Half
Chk32,38.95878698101598,-77.05142116747349,H44,38.90301800526387,-77.1123682030325,5.057934994395749,220.50317807250974,40.464880002279045,220.46488000227905,40.50317807250974,Az12 Half
Chk32,38.95878698101598,-77.05142116747349,H52,38.92312150962155,-77.0746835467705,2.76102894235862,207.00048117803544,26.98586032576327,206.98586032576327,27.000481178035443,Az12 Whole
Chk34,38.93536052674429,-77.01438697638629,Chk35,38.89407905799511,-77.05068501975197,3.454789019735149,214.498310938535,34.47550984969985,214.47550984969985,34.49831093853504,Az12 Half
Chk34,38.93536052674429,-77.01438697638629,H43,38.87451597139456,-77.146392815978,8.260677766564811,239.50532857038542,59.42242489162602,239.422424891626,59.505328570385416,Az12 Half
Chk34,38.93536052674429,-77.01438697638629,SF02,38.90117456916591,-77.0901139945135,4.713212510150952,240.00174782214793,59.95417525851295,239.95417525851295,60.001747822147934,Az12 Whole
Chk35,38.89407905799511,-77.05068501975197,Chk50,38.88471525220831,-77.07961687570274,1.6881957171678963,247.51365325769348,67.49548928767443,247.49548928767445,67.51365325769348,Az21 Half
Chk35,38.89407905799511,-77.05068501975197,POOthr2a,38.86374289004072,-77.04279029496989,2.135456749846134,168.49937564900551,348.50433098291626,168.50433098291626,348.4993756490055,"Az12 Half, Az21 Half"
Chk35,38.89407905799511,-77.05068501975197,H66,38.90533124793031,-77.10094955658019,2.8183994328830817,286.00154876521447,105.96998469289663,285.9699846928966,106.00154876521447,Az12 Whole
Chk35,38.89407905799511,-77.05068501975197,H31,38.93203756982007,-77.09367738494352,3.4963530536300134,318.5084185376837,138.48141329347885,318.48141329347885,138.50841853768372,Az12 Half
Chk35,38.89407905799511,-77.05068501975197,H35,38.92066077312896,-77.07975099520537,2.4117102147203324,319.4998761880174,139.48162091897308,319.4816209189731,139.49987618801742,Az12 Half
Chk35,38.89407905799511,-77.05068501975197,H39,38.9189665077175,-77.24236058241425,10.472579889125052,279.4951735173437,99.37479129247019,279.3747912924702,99.49517351734369,Az12 Half
Chk35,38.89407905799511,-77.05068501975197,H47,38.93841562644008,-77.01018660152103,3.7572429070765265,35.49926997542109,215.52471042493235,35.52471042493232,215.4992699754211,Az12 Half
Chk36,38.91158883943301,-76.99354755099984,Chk43,38.94312493001874,-77.0192667064925,2.5792967412301735,327.5094434721994,147.49328323686143,327.49328323686143,147.5094434721994,"Az12 Half, Az21 Half"
Chk36,38.91158883943301,-76.99354755099984,POOthr3b,38.79164360258566,-77.03902815721085,8.629856909732608,196.52939636292842,16.500866105487916,196.50086610548792,16.529396362928424,Az21 Half
Chk36,38.91158883943301,-76.99354755099984,H33,38.92053966660955,-77.11324805943606,6.480224187021761,275.5050274910385,95.42983386130044,275.42983386130044,95.5050274910385,Az12 Half
Chk36,38.91158883943301,-76.99354755099984,H12,38.92005589287478,-76.94844865915428,2.4996131302313245,76.47307699417895,256.50140712445534,76.50140712445534,256.47307699417894,"Az21 Half, Dist Half"
Chk36,38.91158883943301,-76.99354755099984,H23,38.93923731423045,-77.08834070412745,5.452254334624629,290.50507135442297,110.44551203097846,290.4455120309785,110.50507135442297,Az12 Half
Chk37,38.93508740486395,-77.12641979728585,Chk45,38.94732510830963,-77.02188334594942,5.69447203047349,81.44198136480372,261.50768489800896,81.50768489800896,261.4419813648037,Az21 Half
Chk37,38.93508740486395,-77.12641979728585,Chk50,38.88471525220831,-77.07961687570274,4.293763565616997,144.00758151781235,324.03697832142853,144.03697832142853,324.00758151781235,Az12 Whole
Chk37,38.93508740486395,-77.12641979728585,Chk60,39.00533947251964,-77.03806204873727,6.791430261495142,44.44694528078878,224.50251492521085,44.502514925210846,224.44694528078878,Az21 Half
Chk37,38.93508740486395,-77.12641979728585,RCrkA,38.89950909563222,-77.05755337263248,4.449288665598949,123.45512136808287,303.49838312285226,123.49838312285226,303.45512136808287,Az21 Half
Chk37,38.93508740486395,-77.12641979728585,POOthr3b,38.79164360258566,-77.03902815721085,10.959916939238166,154.50320646013495,334.5580417336522,154.5580417336522,334.50320646013495,Az12 Half
Chk37,38.93508740486395,-77.12641979728585,H22,38.92823446130691,-77.06004232078331,3.6074519153387445,97.50887722100194,277.55058836611437,97.55058836611437,277.50887722100197,Az12 Half
Chk37,38.93508740486395,-77.12641979728585,H70,38.8737311478417,-77.07038741369139,5.199451038262064,144.47183095577992,324.5070205851917,144.5070205851917,324.4718309557799,Az21 Half
Chk37,38.93508740486395,-77.12641979728585,H81,38.88687029383775,-76.9299762903957,11.097388932186176,107.37876724953021,287.50215589151674,107.50215589151674,287.3787672495302,Az21 Half
Chk37,38.93508740486395,-77.12641979728585,H20,38.9230873705844,-77.07763287849671,2.7559334207100292,107.46394080408645,287.4945964594117,107.4945964594117,287.46394080408646,Az21 Half
Chk37,38.93508740486395,-77.12641979728585,H32,38.9243596243616,-77.09063005508365,2.0654799006614715,110.98314217194759,291.0056312548645,111.00563125486451,290.9831421719476,Az21 Whole
Chk38,38.85493665631558,-77.0022595046106,Chk40,38.89172055971182,-76.89912135737723,6.112994192934445,65.44345577939444,245.50818536828547,65.50818536828547,245.44345577939444,Az21 Half
Chk38,38.85493665631558,-77.0022595046106,Chk44,38.9096320124952,-77.04345033773585,4.378017278041822,329.53050469932674,149.50464828717443,329.5046482871744,149.53050469932674,Az21 Half
Chk38,38.85493665631558,-77.0022595046106,Chk58,38.84739885578784,-77.05973097339024,3.143299257600897,260.49651569935304,80.46046387116576,260.46046387116576,80.49651569935304,Az12 Half
Chk38,38.85493665631558,-77.0022595046106,RC,38.98682226543504,-77.05231894611552,9.489091927845395,343.49992804647025,163.46847834945967,343.4684783494597,163.49992804647025,Az12 Half
Chk38,38.85493665631558,-77.0022595046106,H81,38.88687029383775,-76.9299762903957,4.477231379198591,60.50529422885846,240.55065684921453,60.55065684921453,240.50529422885847,Az12 Half
Chk38,38.85493665631558,-77.0022595046106,H17,38.88120136333437,-77.07263105649967,4.20522001151449,295.54249272845266,115.49833251711662,295.49833251711664,115.54249272845266,Az21 Half
Chk38,38.85493665631558,-77.0022595046106,H60,38.93132296535497,-76.91720945574568,6.984645483783559,41.00092527004713,221.05432563963583,41.05432563963586,221.00092527004713,Az12 Whole
Chk39,38.8974237158863,-76.91182568346446,RCrkA,38.89950909563222,-77.05755337263248,7.856621055540297,271.09486918299103,91.00336058333808,271.00336058333806,91.09486918299103,Az21 Whole
Chk39,38.8974237158863,-76.91182568346446,H66,38.90533124793031,-77.10094955658019,10.208697520014654,273.12224180629175,93.00347539628395,273.00347539628393,93.12224180629175,Az21 Whole
Chk39,38.8974237158863,-76.91182568346446,H67,38.91551942120227,-77.08923640277803,9.643202241953668,277.4931686740081,97.38174564655523,277.38174564655526,97.49316867400807,Az12 Half
Chk39,38.8974237158863,-76.91182568346446,H69,38.87633745296441,-77.07234178427055,8.775252022730118,260.5093044587967,80.40853484210189,260.40853484210186,80.50930445879669,Az12 Half
Chk39,38.8974237158863,-76.91182568346446,H28,38.90499081362246,-77.12853595395019,11.692754753769071,272.62666700283427,92.49057730617808,272.49057730617807,92.62666700283427,Az21 Half
Chk39,38.8974237158863,-76.91182568346446,SF06,38.98876568157223,-77.16354886186852,14.952755813619284,295.0011458505704,114.8429254870565,294.8429254870565,115.00114585057042,Az12 Whole
Chk40,38.89172055971182,-76.89912135737723,Chk49,38.90963170613946,-77.02956862943489,7.139135250818386,280.00692820831557,99.92501091996805,279.92501091996803,100.00692820831557,Az12 Whole
Chk40,38.89172055971182,-76.89912135737723,Chk58,38.84739885578784,-77.05973097339024,9.184784835388552,250.60745103211477,70.50666049992971,250.5066604999297,70.6074510321148,Az21 Half
Chk40,38.89172055971182,-76.89912135737723,POOthr2c,38.9040771959102,-77.08165575743644,9.876260772933636,275.0083627223538,94.89374301222867,274.8937430122287,95.00836272235381,Az12 Whole
Chk40,38.89172055971182,-76.89912135737723,POOthr3b,38.79164360258566,-77.03902815721085,10.228434385134921,227.59651134946716,47.50876585695852,227.50876585695852,47.596511349467164,Az21 Half
Chk40,38.89172055971182,-76.89912135737723,H11,38.9146495509119,-77.0046483262631,5.903761310229913,285.57287225481895,105.50660063881345,285.50660063881344,105.57287225481895,Az21 Half
Chk40,38.89172055971182,-76.89912135737723,H98,38.9450714821746,-77.0388345966892,8.38030903983708,296.09337263289996,116.0056029381536,296.00560293815363,116.09337263289996,Az21 Whole
Chk40,38.89172055971182,-76.89912135737723,H27,38.83334538875507,-77.17620182600818,15.476291976541999,255.00580330670897,74.83194782603204,254.83194782603204,75.00580330670897,Az12 Whole
Chk40,38.89172055971182,-76.89912135737723,H40,38.90128237275844,-77.15854915633481,14.000121635223719,272.78178608619385,92.6188871708658,272.61888717086583,92.78178608619385,Dist Whole
Chk41,38.91261730408393,-76.9575387987198,RCrkA,38.89950909563222,-77.05755337263248,5.465920196287881,260.5093401566486,80.44652645245935,260.44652645245935,80.50934015664859,Az12 Half
Chk41,38.91261730408393,-76.9575387987198,POOthr2c,38.9040771959102,-77.08165575743644,6.715361677672696,265.0062568991176,84.92830194392239,264.9283019439224,85.0062568991176,Az12 Whole
Chk41,38.91261730408393,-76.9575387987198,H22,38.92823446130691,-77.06004232078331,5.627718915680677,281.06814312830744,101.00374625735743,281.0037462573574,101.06814312830744,Az21 Whole
Chk41,38.91261730408393,-76.9575387987198,H70a,38.87147694689254,-77.06775220195667,6.584431294334161,244.50362504379657,64.4344269869203,244.4344269869203,64.50362504379655,Az12 Half
Chk42,38.93017051598103,-77.07230698965536,OtrC,38.95177142459147,-76.98472940704961,4.947672834537811,72.4450262399056,252.50007045723186,72.50007045723186,252.4450262399056,Az21 Half
Chk42,38.93017051598103,-77.07230698965536,H66,38.90533124793031,-77.10094955658019,2.30615340223247,222.02281691999514,42.00482354033403,222.00482354033403,42.02281691999514,Az21 Whole
Chk42,38.93017051598103,-77.07230698965536,H99,38.8889443857454,-77.00096480083693,4.782416885891029,126.4644571339439,306.50926666027465,126.50926666027465,306.4644571339439,Az21 Half
Chk42,38.93017051598103,-77.07230698965536,H12,38.92005589287478,-76.94844865915428,6.710334192953236,95.92928056893744,276.0071012854719,96.00710128547189,275.92928056893743,Az21 Whole
Chk42,38.93017051598103,-77.07230698965536,H60,38.93132296535497,-76.91720945574568,8.356967716437543,89.40622593571598,269.50368625287587,89.50368625287587,269.40622593571595,Az21 Half
Chk43,38.94312493001874,-77.0192667064925,Chk49,38.90963170613946,-77.02956862943489,2.376142930041781,193.51310193442404,13.50662901667215,193.50662901667215,13.513101934424071,Az21 Half
Chk43,38.94312493001874,-77.0192667064925,H29,38.91226863882422,-77.12474875900264,6.069059947755439,249.50222992702356,69.4359514061147,249.4359514061147,69.50222992702356,Az12 Half
Chk43,38.94312493001874,-77.0192667064925,H40,38.90128237275844,-77.15854915633481,8.041247530895205,249.00856357310312,68.92105730834537,248.92105730834538,69.00856357310312,Az12 Whole
Chk43,38.94312493001874,-77.0192667064925,Pk01,39.26242301794514,-77.39330127153266,29.8214828128673,317.72999744280617,137.49408741359684,317.49408741359684,137.72999744280617,Az21 Half
Chk44,38.9096320124952,-77.04345033773585,Chk49,38.90963170613946,-77.02956862943489,0.7481623652872291,89.99725887284124,270.005977888859,90.00597788885898,269.99725887284126,Az21 Whole
Chk44,38.9096320124952,-77.04345033773585,Chk51,38.88979572156659,-76.99025683060958,3.1770528728037815,115.49455344584685,295.527956798452,115.52795679845201,295.49455344584686,Az12 Half
Chk44,38.9096320124952,-77.04345033773585,AnOthr02,38.90608413980003,-76.95766732477911,4.6299107411938225,93.00309988483066,273.05697760967286,93.05697760967286,273.00309988483065,Az12 Whole
Chk44,38.9096320124952,-77.04345033773585,H70b,38.91008217241069,-76.97878782846644,3.4851490431867487,89.46918581266065,269.50980013924794,89.50980013924794,269.46918581266067,Az21 Half
Chk44,38.9096320124952,-77.04345033773585,H39,38.9189665077175,-77.24236058241425,10.738994948552701,273.4999373376121,93.37499034591505,273.3749903459151,93.4999373376121,Az12 Half
Chk44,38.9096320124952,-77.04345033773585,H42,38.82554707680318,-77.01466103512618,6.00438758713197,165.00597713592413,345.02404308277363,165.0240430827737,345.0059771359241,Az12 Whole
Chk45,38.94732510830963,-77.02188334594942,Chk52,38.89358765171932,-76.99952509051057,3.8977426587838706,161.9874301099435,342.001476481554,162.00147648155394,341.9874301099435,Az21 Whole
Chk45,38.94732510830963,-77.02188334594942,Chk58,38.84739885578784,-77.05973097339024,7.188558449824793,196.49949149216343,16.475725926904346,196.47572592690435,16.49949149216343,Az12 Half
Chk45,38.94732510830963,-77.02188334594942,SF06,38.98876568157223,-77.16354886186852,8.146874162892946,290.58609756719704,110.49700595109205,290.49700595109204,110.58609756719704,Az21 Half
Chk46,38.87650889195688,-77.07473802861425,SF03,38.77367519361357,-76.97215841432278,8.99747978723156,142.00229692097992,322.06660873919196,142.06660873919196,322.0022969209799,Az12 Whole
Chk47,38.94812410619182,-77.00484480332231,H24,38.91738246946505,-77.0704105785321,4.120177048709829,239.04426361571578,59.00306156433115,239.00306156433115,59.04426361571575,Az21 Whole
Chk47,38.94812410619182,-77.00484480332231,H32,38.9243596243616,-77.09063005508365,4.9038319623337925,250.49762506933297,70.44371287434363,250.44371287434365,70.49762506933297,Az12 Half
Chk47,38.94812410619182,-77.00484480332231,SF01,38.90124200833564,-77.08586335465753,5.432971364581436,233.49507698506096,53.44417316023615,233.44417316023615,53.49507698506096,Az12 Half
Chk48,38.90721119681356,-77.0365266731042,Chk49,38.90963170613946,-77.02956862943489,0.41050454063478486,65.99761985162132,246.00199004187138,66.00199004187141,245.99761985162132,Az21 Whole
Chk48,38.90721119681356,-77.0365266731042,H24,38.91738246946505,-77.0704105785321,1.9562722706054967,291.0281181349815,111.00683463463525,291.00683463463525,111.02811813498153,Az21 Whole
Chk49,38.90963170613946,-77.02956862943489,H33,38.92053966660955,-77.11324805943606,4.571946408905057,279.4989781173328,99.44641337597152,279.44641337597153,99.4989781173328,Az12 Half
Chk49,38.90963170613946,-77.02956862943489,H29,38.91226863882422,-77.12474875900264,5.132914747455709,272.0607353998042,92.00095163069948,272.0009516306995,92.06073539980417,Az21 Whole
Chk50,38.88471525220831,-77.07961687570274,H40,38.90128237275844,-77.15854915633481,4.405884256972877,285.0581999677694,105.00864091274066,285.00864091274065,105.05819996776938,Az21 Whole
Chk50,38.88471525220831,-77.07961687570274,SF02,38.90117456916591,-77.0901139945135,1.2685787580847603,333.51119807487896,153.5046072779489,333.50460727794894,153.51119807487896,Az21 Half
Chk51,38.88979572156659,-76.99025683060958,Chk57,38.83300987616117,-77.06541563323557,5.636863354687663,226.00375324177435,45.956595693965255,225.95659569396526,46.00375324177435,Az12 Whole
Chk51,38.88979572156659,-76.99025683060958,Chk58,38.84739885578784,-77.05973097339024,4.752815149504409,232.04594444640009,52.002346885084364,232.00234688508436,52.045944446400085,Az21 Whole
Chk51,38.88979572156659,-76.99025683060958,H39,38.9189665077175,-77.24236058241425,13.736449724056879,278.50258512896846,98.34425812388034,278.3442581238803,98.50258512896846,Az12 Half
Chk51,38.88979572156659,-76.99025683060958,H56,38.91681538320637,-77.06120140091524,4.253982434170343,296.00745843850734,115.96290467924476,295.96290467924473,116.00745843850734,Az12 Whole
Chk52,38.89358765171932,-76.99952509051057,Chk63,38.89999431930673,-77.036569,2.0451806200765437,282.490902935104,102.46764234260124,282.46764234260127,102.49090293510397,Az12 Half
Chk52,38.89358765171932,-76.99952509051057,H70a,38.87147694689254,-77.06775220195667,3.982195001697894,247.50139048195928,67.45856256226271,247.45856256226273,67.50139048195928,Az12 Half
Chk52,38.89358765171932,-76.99952509051057,H70b,38.91008217241069,-76.97878782846644,1.594992727552035,44.48459063476171,224.4976133863011,44.49761338630111,224.4845906347617,Az21 Half
Chk52,38.89358765171932,-76.99952509051057,H27,38.83334538875507,-77.17620182600818,10.39499741284231,246.49216064589177,66.38130180900251,246.3813018090025,66.49216064589177,Az12 Half
Chk52,38.89358765171932,-76.99952509051057,H28,38.90499081362246,-77.12853595395019,6.998465841165533,276.49393720282524,96.41292437084584,276.4129243708459,96.49393720282524,Az12 Half
Chk52,38.89358765171932,-76.99952509051057,H40,38.90128237275844,-77.15854915633481,8.588572985090321,273.59314706731016,93.49329132998035,273.49329132998037,93.59314706731016,Az21 Half
Chk52,38.89358765171932,-76.99952509051057,SF01,38.90124200833564,-77.08586335465753,4.683901152188417,276.4996452164875,96.44543100152849,276.4454310015285,96.49964521648752,Az12 Half
Chk53,38.8706887702613,-77.00907388669604,POOthr2c,38.9040771959102,-77.08165575743644,4.540544428660839,300.50299969385986,120.45743339461059,300.4574333946106,120.50299969385986,Az12 Half
Chk53,38.8706887702613,-77.00907388669604,POOthr3b,38.79164360258566,-77.03902815721085,5.6870045466648,196.51970336584282,16.50092120550687,196.50092120550687,16.519703365842815,Az21 Half
Chk53,38.8706887702613,-77.00907388669604,H11,38.9146495509119,-77.0046483262631,3.04180918272716,4.497046175435474,184.4998248234087,4.499824823408687,184.4970461754355,"Az12 Half, Az21 Half"
Chk53,38.8706887702613,-77.00907388669604,H66,38.90533124793031,-77.10094955658019,5.499505331104127,295.7837051784226,115.7260256057117,295.7260256057117,115.78370517842262,Dist Half
Chk53,38.8706887702613,-77.00907388669604,H69,38.87633745296441,-77.07234178427055,3.43376504002305,276.5355506318381,96.49584349298851,276.4958434929885,96.53555063183808,Az21 Half
Chk53,38.8706887702613,-77.00907388669604,H70a,38.87147694689254,-77.06775220195667,3.164677109669672,271.0027932003965,90.96596843645783,270.96596843645784,91.00279320039652,Az12 Whole
Chk53,38.8706887702613,-77.00907388669604,H70b,38.91008217241069,-76.97878782846644,3.170162388524199,30.989866028852404,211.00888060055635,31.00888060055638,210.98986602885242,Az21 Whole
Chk53,38.8706887702613,-77.00907388669604,H27,38.83334538875507,-77.17620182600818,9.375544492205291,254.10520280638127,74.00036154574302,254.00036154574303,74.10520280638127,Az21 Whole
Chk53,38.8706887702613,-77.00907388669604,H38,38.92033648688445,-77.30556025520397,16.3452620915882,282.1875218726325,102.0013571878059,282.00135718780587,102.18752187263249,Az21 Whole
Chk53,38.8706887702613,-77.00907388669604,SF01,38.90124200833564,-77.08586335465753,4.645573376371878,297.0037595243302,116.95555320900911,296.9555532090091,117.00375952433018,Az12 Whole
Chk53,38.8706887702613,-77.00907388669604,Pk05,38.92574773485303,-78.31007370765774,70.23150190473974,273.5082963634784,92.69132658183251,272.6913265818325,93.5082963634784,Az12 Half
Chk54,38.68922831692476,-77.04351796976675,RCrkA,38.89950909563222,-77.05755337263248,14.52481372338339,357.01427982922064,177.00548625252947,357.00548625252947,177.01427982922064,Az21 Whole
Chk54,38.68922831692476,-77.04351796976675,H67,38.91551942120227,-77.08923640277803,15.803301692380751,351.0306789426329,171.00203006512274,351.00203006512277,171.0306789426329,Az21 Whole
Chk54,38.68922831692476,-77.04351796976675,H69,38.87633745296441,-77.07234178427055,13.000131473435438,353.13369922892133,173.11564484352,353.11564484352,173.1336992289214,Dist Whole
Chk54,38.68922831692476,-77.04351796976675,H70,38.8737311478417,-77.07038741369139,12.80928235254172,353.5052974769783,173.48846772858352,353.4884677285835,173.50529747697828,Az12 Half
Chk54,38.68922831692476,-77.04351796976675,H20,38.9230873705844,-77.07763287849671,16.236232941452222,353.498913007237,173.47753357306522,353.4775335730652,173.49891300723698,Az12 Half
Chk54,38.68922831692476,-77.04351796976675,H23,38.93923731423045,-77.08834070412745,17.414349888861494,352.02943347854404,172.00133863784887,352.0013386378489,172.02943347854398,Az21 Whole
Chk54,38.68922831692476,-77.04351796976675,H35,38.92066077312896,-77.07975099520537,16.083439339272758,353.0271913312646,173.00448509573656,353.0044850957365,173.0271913312646,Az21 Whole
Chk54,38.68922831692476,-77.04351796976675,H38,38.92033648688445,-77.30556025520397,21.311524348264758,318.5022672829807,138.33805303341575,318.33805303341575,138.5022672829807,Az12 Half
Chk54,38.68922831692476,-77.04351796976675,H65,38.91883509061264,-77.00739402065348,15.957726631320945,7.006932192066556,187.02956962324126,7.0295696232412865,187.00693219206656,Az12 Whole
Chk55,38.71079049783587,-77.0352088314432,Chk58,38.84739885578784,-77.05973097339024,9.515702846682835,352.00936958821154,171.99401088352198,351.994010883522,172.00936958821148,Az12 Whole
Chk55,38.71079049783587,-77.0352088314432,H70a,38.87147694689254,-77.06775220195667,11.222415930269895,351.0035605755,170.98317268001773,350.98317268001773,171.00356057549993,Az12 Whole
Chk55,38.71079049783587,-77.0352088314432,H70b,38.91008217241069,-76.97878782846644,14.08026787637156,12.472076564647361,192.50743824418572,12.507438244185721,192.47207656464735,Az21 Half
Chk55,38.71079049783587,-77.0352088314432,H32,38.9243596243616,-77.09063005508365,15.032450340328523,348.5413881329636,168.50664767369483,348.50664767369483,168.54138813296368,Az21 Half
Chk57,38.83300987616117,-77.06541563323557,H98,38.9450714821746,-77.0388345966892,7.861771552887596,10.494025239853391,190.51071319987892,10.510713199878921,190.49402523985339,Az12 Half
Chk58,38.84739885578784,-77.05973097339024,Chk63,38.89999431930673,-77.036569,3.8370111636003585,18.988751131238978,199.00328771975887,19.003287719758873,198.98875113123898,Az21 Whole
Chk58,38.84739885578784,-77.05973097339024,OtrB,38.95704643888089,-76.99134485249716,8.413960960202932,25.96075236948861,206.00369841442435,26.00369841442432,205.9607523694886,Az21 Whole
Chk58,38.84739885578784,-77.05973097339024,H98,38.9450714821746,-77.0388345966892,6.831029778221084,9.484837442793099,189.49795853165423,9.497958531654263,189.4848374427931,Az21 Half
Chk58,38.84739885578784,-77.05973097339024,Pk02,39.448887,-77.627618,51.49866062014284,323.8570397449444,143.49851023277057,323.49851023277057,143.85703974494442,Az21 Half
Chk59,39.01004268273348,-77.04244035387981,Chk60,39.00533947251964,-77.03806204873727,0.4009839451276153,144.00679374942047,324.00954956284755,144.00954956284755,324.00679374942047,"Az12 Whole, Az21 Whole"
Chk59,39.01004268273348,-77.04244035387981,H44,38.90301800526387,-77.1123682030325,8.287909026777058,207.05059716629046,27.006631365321795,207.0066313653218,27.05059716629046,Az21 Whole
Chk59,39.01004268273348,-77.04244035387981,H38,38.92033648688445,-77.30556025520397,15.462173119440164,246.49170533387195,66.32624265256484,246.32624265256484,66.49170533387195,Az12 Half
Chk60,39.00533947251964,-77.03806204873727,RC,38.98682226543504,-77.05231894611552,1.4901687274589124,211.00255167528474,30.993580276797076,210.99358027679708,31.002551675284735,Az12 Whole
Chk60,39.00533947251964,-77.03806204873727,POOthr2a,38.86374289004072,-77.04279029496989,9.7708017215428,181.4954593210617,1.4924879370148574,181.49248793701486,1.4954593210617304,"Az12 Half, Az21 Half"
Chk60,39.00533947251964,-77.03806204873727,RCOthr3a,38.99355611820573,-77.03793092768112,0.8128678125374114,179.50246756990188,359.50255008607456,179.5025500860745,359.5024675699019,"Az12 Half, Az21 Half"
Chk60,39.00533947251964,-77.03806204873727,H81,38.88687029383775,-76.9299762903957,10.0341303087512,144.49750702936652,324.56544860676286,144.56544860676286,324.4975070293665,Az12 Half
Chk60,39.00533947251964,-77.03806204873727,H39,38.9189665077175,-77.24236058241425,12.512304470970664,241.62797781290607,61.49951336478708,241.49951336478708,61.62797781290607,Az21 Half
Chk61,38.9027413920959,-77.02294473847918,H70b,38.91008217241069,-76.97878782846644,2.4332413731170344,77.9747492132161,258.00248196781524,78.00248196781524,257.9747492132161,Az21 Whole
Chk61,38.9027413920959,-77.02294473847918,H35,38.92066077312896,-77.07975099520537,3.3016365571969972,292.0043250796371,111.96864381901412,291.9686438190141,112.00432507963711,Az12 Whole
Chk61,38.9027413920959,-77.02294473847918,H51,38.91448986470866,-77.04953191350309,1.646246123777174,299.4990696098223,119.48237073464745,299.4823707346475,119.4990696098223,Az12 Half
Chk62,38.90537641569407,-77.02133073015519,AN,38.91858289999999,-76.94192180000002,4.375533019053949,77.95807279293005,258.00795159291744,78.00795159291744,257.95807279293007,Az21 Whole
Chk62,38.90537641569407,-77.02133073015519,H81,38.88687029383775,-76.9299762903957,5.087299757186199,104.5039491061913,284.56131151715334,104.56131151715334,284.50394910619127,Az12 Half
Chk62,38.90537641569407,-77.02133073015519,H86,38.810462075372,-76.99664817839795,6.681174664391688,168.4989727686486,348.51445839258787,168.5144583925878,348.4989727686486,Az12 Half
Chk62,38.90537641569407,-77.02133073015519,H35,38.92066077312896,-77.07975099520537,3.320285845008293,288.53262925462684,108.49593315456929,288.4959331545693,108.53262925462684,Az21 Half
Chk62,38.90537641569407,-77.02133073015519,SF02,38.90117456916591,-77.0901139945135,3.7187554351188865,265.5513330973524,85.50813668502191,265.5081366850219,85.55133309735243,Az21 Half
Chk63,38.89999431930673,-77.036569,H22,38.92823446130691,-77.06004232078331,2.3227371383870863,327.0081146887963,146.99336981020272,326.9933698102027,147.0081146887963,Az12 Whole
Chk63,38.89999431930673,-77.036569,H70a,38.87147694689254,-77.06775220195667,2.58767796959781,220.52833585630017,40.50875999895072,220.50875999895072,40.528335856300146,Az21 Half
Chk63,38.89999431930673,-77.036569,H28,38.90499081362246,-77.12853595395019,4.969073718651018,274.00618077554213,93.94842580473582,273.94842580473585,94.00618077554213,Az12 Whole
Chk63,38.89999431930673,-77.036569,H35,38.92066077312896,-77.07975099520537,2.729212575591194,301.50316997544473,121.47604721943044,301.4760472194304,121.50316997544473,Az12 Half
Chk63,38.89999431930673,-77.036569,H37,38.89634739382956,-77.11248589188622,4.0999658771560545,266.50605171606105,86.45838059442484,266.45838059442485,86.50605171606105,Az12 Half
Chk63,38.89999431930673,-77.036569,H43,38.87451597139456,-77.146392815978,6.176210188185604,253.50186759628195,73.43292129599021,253.4329212959902,73.50186759628195,Az12 Half
PO,38.93449309999998,-77.1199159,H70,38.8737311478417,-77.07038741369139,4.969351611928545,147.4907173040728,327.52182213565146,147.52182213565146,327.4907173040728,Az12 Half
PO,38.93449309999998,-77.1199159,H98,38.9450714821746,-77.0388345966892,4.42860375592162,80.49055026820172,260.54151013747344,80.54151013747344,260.49055026820173,Az12 Half
PO,38.93449309999998,-77.1199159,H19,38.91560586754403,-77.07888357211404,2.5662970998977706,120.49655822511608,300.5223389707904,120.52233897079037,300.4965582251161,Az12 Half
AN,38.91858289999999,-76.94192180000002,H22,38.92823446130691,-77.06004232078331,6.399665017165417,276.00853484243544,95.934321951635,275.934321951635,96.00853484243544,Az12 Whole
AN,38.91858289999999,-76.94192180000002,H88,38.84950002068123,-77.00492179089107,5.851997794086919,215.50012468980322,35.46057667088337,215.46057667088337,35.500124689803215,Az12 Half
AN,38.91858289999999,-76.94192180000002,SF02,38.90117456916591,-77.0901139945135,8.07664151818761,261.4960730936604,81.40299395412086,261.40299395412086,81.49607309366041,Az12 Half
AN,38.91858289999999,-76.94192180000002,SF06,38.98876568157223,-77.16354886186852,12.881686832401748,292.14512556568735,112.00579030982243,292.00579030982243,112.14512556568735,Az21 Whole
RC,38.98682226543504,-77.05231894611552,AnOthr02,38.90608413980003,-76.95766732477911,7.550809085509791,137.49687512315347,317.5563725704651,137.5563725704651,317.4968751231535,Az12 Half
RC,38.98682226543504,-77.05231894611552,OtrB,38.95704643888089,-76.99134485249716,3.8728898731313177,122.00981764783941,302.04816667582196,122.04816667582196,302.00981764783944,Az12 Whole
RC,38.98682226543504,-77.05231894611552,H66,38.90533124793031,-77.10094955658019,6.201774962207801,205.0015215074637,24.970952845863792,204.9709528458638,25.001521507463735,Az12 Whole
RC,38.98682226543504,-77.05231894611552,H67,38.91551942120227,-77.08923640277803,5.305323512709385,202.02462231363106,22.001413859490015,202.00141385949001,22.024622313631085,Az21 Whole
RC,38.98682226543504,-77.05231894611552,H12,38.92005589287478,-76.94844865915428,7.2465523716858655,129.42897034776803,309.49427243943364,129.49427243943364,309.42897034776803,Az21 Half
RC,38.98682226543504,-77.05231894611552,H24,38.91738246946505,-77.0704105785321,4.88816213914927,191.50490376577093,11.493530088032713,191.4935300880327,11.504903765770905,"Az12 Half, Az21 Half"
RC,38.98682226543504,-77.05231894611552,H28,38.90499081362246,-77.12853595395019,6.980013942314448,216.05356057691716,36.005651585788684,216.00565158578868,36.053560576917164,Az21 Whole
RC,38.98682226543504,-77.05231894611552,H31,38.93203756982007,-77.09367738494352,4.3867319403024645,210.52881486830796,30.502809921101942,210.50280992110194,30.52881486830796,Az21 Half
RC,38.98682226543504,-77.05231894611552,H38,38.92033648688445,-77.30556025520397,14.39054244997003,251.49528613282826,71.33607553155215,251.33607553155215,71.49528613282826,Az12 Half
RC,38.98682226543504,-77.05231894611552,SF01,38.90124200833564,-77.08586335465753,6.1737958406511035,197.02974388242126,17.008659170641153,197.00865917064115,17.029743882421258,Az21 Whole
RC,38.98682226543504,-77.05231894611552,SF02,38.90117456916591,-77.0901139945135,6.24905440328694,199.02651731136717,19.002760829718255,199.00276082971826,19.026517311367172,Az21 Whole
RC,38.98682226543504,-77.05231894611552,SF04,38.90017164390296,-77.07087604008456,6.060278213283074,189.50041765004397,9.488753516717708,189.4887535167177,9.500417650043971,Az12 Half
RC,38.98682226543504,-77.05231894611552,Pk03,38.899665,-77.698809,35.341563702713685,260.40866890741023,80.00231468408278,260.00231468408276,80.40866890741023,Az21 Whole
RCrkA,38.89950909563222,-77.05755337263248,H77,38.89703882730361,-77.03762786655247,1.0875003260074156,99.00857871661731,279.0210907312686,99.0210907312686,279.0085787166173,Az12 Whole
RCrkA,38.89950909563222,-77.05755337263248,H69,38.87633745296441,-77.07234178427055,1.786196538269233,206.51451238778068,26.505228237422273,206.50522823742227,26.514512387780655,Az21 Half
RCrkB,38.90094461320923,-77.05911419748726,H12,38.92005589287478,-76.94844865915428,6.10826538279964,77.50137249930533,257.5708821656285,77.57088216562852,257.5013724993053,Az12 Half
RCrkB,38.90094461320923,-77.05911419748726,H19,38.91560586754403,-77.07888357211404,1.4690509524904134,313.51245315200066,133.50003649290147,313.5000364929015,133.51245315200066,Az21 Half
POOthr2a,38.86374289004072,-77.04279029496989,POOthr2c,38.9040771959102,-77.08165575743644,3.4830884645459106,323.0275122981234,143.00311471633677,323.00311471633677,143.02751229812338,Az21 Whole
POOthr2a,38.86374289004072,-77.04279029496989,AnOthr02,38.90608413980003,-76.95766732477911,5.439911644205405,57.50005555195277,237.55349219712048,57.55349219712048,237.50005555195276,Az12 Half
POOthr2a,38.86374289004072,-77.04279029496989,H40,38.90128237275844,-77.15854915633481,6.757128734836399,292.56981174860704,112.49714694062905,292.497146940629,112.56981174860704,Az21 Half
POOthr2a,38.86374289004072,-77.04279029496989,SF03,38.77367519361357,-76.97215841432278,7.288870841735173,148.4486177879685,328.4928939828034,148.49289398280342,328.4486177879685,Az21 Half
POOthr2a,38.86374289004072,-77.04279029496989,SF06,38.98876568157223,-77.16354886186852,10.803493316718058,323.00387705433326,142.9280020173902,322.9280020173902,143.00387705433326,Az12 Whole
POOthr2c,38.9040771959102,-77.08165575743644,POOthr3b,38.79164360258566,-77.03902815721085,8.089363569047267,163.4724106898328,343.4991490614117,163.49914906141169,343.4724106898328,Az21 Half
POOthr2c,38.9040771959102,-77.08165575743644,H11,38.9146495509119,-77.0046483262631,4.2139606283188655,80.00974731523601,260.0581149351095,80.05811493510947,260.00974731523604,Az12 Whole
AnOthr02,38.90608413980003,-76.95766732477911,H44,38.90301800526387,-77.1123682030325,8.340964953248742,268.5955589410254,88.49840290576672,268.49840290576674,88.59555894102539,Az21 Half
AnOthr02,38.90608413980003,-76.95766732477911,H27,38.83334538875507,-77.17620182600818,12.808322388835352,247.00576142838952,66.86861962174245,246.86861962174245,67.00576142838952,Az12 Whole
AnOthr02,38.90608413980003,-76.95766732477911,Pk05,38.92574773485303,-78.31007370765774,72.89421722928655,271.4909471878024,90.64136961424285,270.6413696142429,91.49094718780242,Az12 Half
AnOthr01,38.86898287196977,-76.99696100301952,POOthr3a,38.7852261694161,-77.0402519018478,6.2318600423101005,202.02736009596504,22.00021788842315,202.00021788842315,22.027360095965037,Az21 Whole
AnOthr01,38.86898287196977,-76.99696100301952,H11,38.9146495509119,-77.0046483262631,3.1772546764492255,352.5078489543848,172.50302245355616,352.5030224535561,172.50784895438483,"Az12 Half, Az21 Half"
AnOthr01,38.86898287196977,-76.99696100301952,H23,38.93923731423045,-77.08834070412745,6.909748557980098,314.56464671429643,134.5072585182628,314.5072585182628,134.56464671429643,Az21 Half
AnOthr01,38.86898287196977,-76.99696100301952,SF03,38.77367519361357,-76.97215841432278,6.709149367516573,168.485125345155,348.5006739418998,168.50067394189978,348.485125345155,Az21 Half
POOthr3b,38.79164360258566,-77.03902815721085,SF01,38.90124200833564,-77.08586335465753,7.9710730758740755,341.5360081783014,161.5066314737228,341.5066314737228,161.53600817830147,Az21 Half
POOthr3a,38.7852261694161,-77.0402519018478,RCOthr3a,38.99355611820573,-77.03793092768112,14.371251066526295,0.49813330047654547,180.49959045445047,0.4995904544504697,180.49813330047655,"Az12 Half, Az21 Half"
POOthr3a,38.7852261694161,-77.0402519018478,H70a,38.87147694689254,-77.06775220195667,6.131804505714225,346.0046242750943,165.98738187407506,345.987381874075,166.00462427509433,Az12 Whole
POOthr3a,38.7852261694161,-77.0402519018478,H86,38.810462075372,-76.99664817839795,2.927503384491596,53.50064195646315,233.52796293856807,53.527962938568066,233.50064195646314,Az12 Half
POOthr3a,38.7852261694161,-77.0402519018478,H12,38.92005589287478,-76.94844865915428,10.536612335783301,28.00262852971913,208.0602185480001,28.06021854800008,208.00262852971912,Az12 Whole
POOthr3a,38.7852261694161,-77.0402519018478,H29,38.91226863882422,-77.12474875900264,9.877824694612148,332.54728418141855,152.49428208260844,332.49428208260844,152.5472841814185,Az21 Half
RCOthr3a,38.99355611820573,-77.03793092768112,Pk05,38.92574773485303,-78.31007370765774,68.67361085755884,266.49457976199903,85.69467068531984,265.6946706853198,86.49457976199903,Az12 Half
OtrA,38.92624596949343,-76.95188801292042,H81,38.88687029383775,-76.9299762903957,2.9618047127472504,156.49357244798404,336.5073341529485,156.5073341529485,336.49357244798404,"Az12 Half, Az21 Half"
OtrA,38.92624596949343,-76.95188801292042,H24,38.91738246946505,-77.0704105785321,6.415945850515931,264.56889339050065,84.49443046853982,264.4944304685398,84.56889339050065,Az21 Half
OtrB,38.95704643888089,-76.99134485249716,H52,38.92312150962155,-77.0746835467705,5.062956813042983,242.4960052065603,62.443626215862324,242.4436262158623,62.49600520656031,Az12 Half
OtrB,38.95704643888089,-76.99134485249716,SF04,38.90017164390296,-77.07087604008456,5.809936156381585,227.54983257116413,47.499859013273436,227.49985901327344,47.54983257116413,Az21 Half
OtrC,38.95177142459147,-76.98472940704961,H98,38.9450714821746,-77.0388345966892,2.950859231474026,261.0061145310277,80.97210289605059,260.9721028960506,81.00611453102772,Az12 Whole
OtrC,38.95177142459147,-76.98472940704961,H42,38.82554707680318,-77.01466103512618,8.855284401421732,190.50879803885127,10.490006681518736,190.49000668151874,10.508798038851296,"Az12 Half, Az21 Half"
OtrC,38.95177142459147,-76.98472940704961,H43,38.87451597139456,-77.146392815978,10.213105812256272,238.59810194198693,58.49655437027809,238.4965543702781,58.5981019419869,Az21 Half
OtrC,38.95177142459147,-76.98472940704961,SF04,38.90017164390296,-77.07087604008456,5.849458134294421,232.54587345109059,52.49174615201139,232.4917461520114,52.545873451090586,Az21 Half
OtrD,38.88972524047381,-76.91344596466341,H98,38.9450714821746,-77.0388345966892,7.7611167426914704,299.506071037439,119.42730195210876,299.4273019521088,119.50607103743903,Az12 Half
OtrD,38.88972524047381,-76.91344596466341,H37,38.89634739382956,-77.11248589188622,10.739581674055184,272.50024968008694,92.37527870966136,272.37527870966136,92.50024968008694,Az12 Half
RK,38.85513800000002,-77.02356040000001,H70b,38.91008217241069,-76.97878782846644,4.493532974873818,32.47965423945176,212.50775918765555,32.50775918765555,212.47965423945175,Az21 Half
RK,38.85513800000002,-77.02356040000001,H31,38.93203756982007,-77.09367738494352,6.513504173075986,324.5497398366663,144.50571505434655,324.5057150543465,144.54973983666628,Az21 Half
H11,38.9146495509119,-77.0046483262631,H33,38.92053966660955,-77.11324805943606,5.866475528603391,274.00552713502316,93.93730455142511,273.9373045514251,94.00552713502316,Az12 Whole
H11,38.9146495509119,-77.0046483262631,H29,38.91226863882422,-77.12474875900264,6.4746147287174365,268.5841814054298,88.50874079974054,268.5087407997405,88.58418140542977,Az21 Half
H11,38.9146495509119,-77.0046483262631,H31,38.93203756982007,-77.09367738494352,4.94501747789804,284.0653842284587,104.00944903696191,284.0094490369619,104.0653842284587,Az21 Whole
H22,38.92823446130691,-77.06004232078331,H33,38.92053966660955,-77.11324805943606,2.915681082586404,259.5276395424055,79.49421068131724,259.4942106813172,79.5276395424055,Az21 Half
H22,38.92823446130691,-77.06004232078331,H69,38.87633745296441,-77.07234178427055,3.6407584177083194,190.49552683437008,10.487802842967426,190.48780284296743,10.495526834370082,Az12 Half
H22,38.92823446130691,-77.06004232078331,H28,38.90499081362246,-77.12853595395019,4.024338697417639,246.5422430516003,66.49921612265007,246.49921612265007,66.54224305160028,Az21 Half
H22,38.92823446130691,-77.06004232078331,H29,38.91226863882422,-77.12474875900264,3.6566653332542782,252.49147646732442,72.45082541493136,252.45082541493136,72.49147646732445,Az12 Half
H22,38.92823446130691,-77.06004232078331,H43,38.87451597139456,-77.146392815978,5.949358829267263,231.50283342205591,51.448606875885105,231.4486068758851,51.502833422055915,Az12 Half
H22,38.92823446130691,-77.06004232078331,SF03,38.77367519361357,-76.97215841432278,11.667885106257152,156.0009552229634,336.05608456009156,156.05608456009156,336.0009552229634,Az12 Whole
H33,38.92053966660955,-77.11324805943606,Pk04,38.77550687860945,-78.20406185227269,59.684841349274365,260.69300818378616,80.00877467362645,260.0087746736265,80.69300818378616,Az21 Whole
H44,38.90301800526387,-77.1123682030325,H20,38.9230873705844,-77.07763287849671,2.328284917530593,53.50489381813336,233.52671247725763,53.52671247725766,233.50489381813335,Az12 Half
H44,38.90301800526387,-77.1123682030325,H32,38.9243596243616,-77.09063005508365,1.8814160837039033,38.505384461185685,218.51903925684476,38.519039256844735,218.50538446118568,Az12 Half
H44,38.90301800526387,-77.1123682030325,H43,38.87451597139456,-77.146392815978,2.6889011592274525,223.02483950363916,43.00347849439589,223.0034784943959,43.02483950363916,Az21 Whole
H44,38.90301800526387,-77.1123682030325,H50,38.96327236063456,-77.05095505059923,5.312617174899328,38.503056520039685,218.54164936084683,38.541649360846804,218.50305652003968,Az12 Half
H44,38.90301800526387,-77.1123682030325,SF04,38.90017164390296,-77.07087604008456,2.245097312107049,95.00415490136935,275.03021134639084,95.03021134639084,275.00415490136936,Az12 Whole
H66,38.90533124793031,-77.10094955658019,H77,38.89703882730361,-77.03762786655247,3.460762542768018,99.4939819912816,279.5337466951661,99.53374669516609,279.4939819912816,Az12 Half
H66,38.90533124793031,-77.10094955658019,H12,38.92005589287478,-76.94844865915428,8.281292285789783,82.90692378136191,263.00271503755334,83.00271503755334,262.9069237813619,Az21 Whole
H66,38.90533124793031,-77.10094955658019,H31,38.93203756982007,-77.09367738494352,1.88344606756786,12.006967738228552,192.01153623884449,12.011536238844485,192.00696773822855,Az12 Whole
H66,38.90533124793031,-77.10094955658019,H65,38.91883509061264,-77.00739402065348,5.127378396504935,79.50340493611317,259.56216971831344,79.56216971831344,259.50340493611316,Az12 Half
H66,38.90533124793031,-77.10094955658019,Pk03,38.899665,-77.698809,32.22750367519995,269.4928239498218,89.11736794757957,269.11736794757957,89.4928239498218,Az12 Half
H77,38.89703882730361,-77.03762786655247,H27,38.83334538875507,-77.17620182600818,8.669021149069268,239.59160367114225,59.50464983733673,239.50464983733673,59.59160367114225,Az21 Half
H77,38.89703882730361,-77.03762786655247,H52,38.92312150962155,-77.0746835467705,2.6880542126667564,312.02723444533433,132.00395977275508,312.0039597727551,132.02723444533433,Az21 Whole
H77,38.89703882730361,-77.03762786655247,Pk03,38.899665,-77.698809,35.640745212874805,270.498813403894,90.08362807675645,270.08362807675644,90.49881340389402,Az12 Half
H88,38.84950002068123,-77.00492179089107,H69,38.87633745296441,-77.07234178427055,4.08016654729732,297.0037263788152,116.96142307587014,296.96142307587013,117.0037263788152,Az12 Whole
H88,38.84950002068123,-77.00492179089107,H81,38.88687029383775,-76.9299762903957,4.793688926661244,57.44581851861322,237.49284913679847,57.49284913679844,237.44581851861324,Az21 Half
H88,38.84950002068123,-77.00492179089107,H98,38.9450714821746,-77.0388345966892,6.8413373738637615,344.51239996428126,164.49110521755472,344.4911052175547,164.51239996428126,Az21 Half
H88,38.84950002068123,-77.00492179089107,H24,38.91738246946505,-77.0704105785321,5.8645788087088855,323.0026967217988,142.96158690370765,322.96158690370765,143.00269672179883,Az12 Whole
H88,38.84950002068123,-77.00492179089107,H52,38.92312150962155,-77.0746835467705,6.3195182377955135,323.4983758028617,143.4545809577,323.4545809577,143.4983758028617,Az12 Half
H88,38.84950002068123,-77.00492179089107,Pk03,38.899665,-77.698809,37.575402823404254,275.5016464707642,95.06614725895236,275.06614725895236,95.50164647076417,Az12 Half
H99,38.8889443857454,-77.00096480083693,Pk04,38.77550687860945,-78.20406185227269,65.38137906794813,263.50382403930877,82.74941434306662,262.74941434306663,83.50382403930877,Az12 Half
H67,38.91551942120227,-77.08923640277803,H65,38.91883509061264,-77.00739402065348,4.416399824538523,87.0057173698886,267.0571304606605,87.05713046066052,267.0057173698886,Az12 Whole
H69,38.87633745296441,-77.07234178427055,H38,38.92033648688445,-77.30556025520397,12.932612620635489,283.6462119889938,103.49976453927351,283.49976453927354,103.6462119889938,Az21 Half
H69,38.87633745296441,-77.07234178427055,SF01,38.90124200833564,-77.08586335465753,1.8661913327698747,337.01136353091516,157.00287454307107,337.0028745430711,157.0113635309151,Az21 Whole
H70,38.8737311478417,-77.07038741369139,H28,38.90499081362246,-77.12853595395019,3.804849163246905,304.5404970574507,124.50399032264852,304.5039903226485,124.5404970574507,Az21 Half
H70,38.8737311478417,-77.07038741369139,H47,38.93841562644008,-77.01018660152103,5.517016226787475,36.00545701336612,216.04326587361248,36.043265873612484,216.0054570133661,Az12 Whole
H70,38.8737311478417,-77.07038741369139,SF03,38.77367519361357,-76.97215841432278,8.70232134386339,142.44558658232165,322.5071689452711,142.50716894527108,322.44558658232165,Az21 Half
H70a,38.87147694689254,-77.06775220195667,H20,38.9230873705844,-77.07763287849671,3.5997392052093127,351.4943877093052,171.488183373577,351.488183373577,171.49438770930522,Az12 Half
H70a,38.87147694689254,-77.06775220195667,H29,38.91226863882422,-77.12474875900264,4.166375745559636,312.50054877341336,132.46476332937863,312.4647633293786,132.50054877341336,Az12 Half
H70a,38.87147694689254,-77.06775220195667,H31,38.93203756982007,-77.09367738494352,4.405036588492547,341.51269508554526,161.49641440712594,341.49641440712594,161.51269508554526,Az21 Half
H70a,38.87147694689254,-77.06775220195667,SF06,38.98876568157223,-77.16354886186852,9.596909784673374,327.49388755387446,147.43369156481833,327.43369156481833,147.49388755387446,Az12 Half
H70b,38.91008217241069,-76.97878782846644,H19,38.91560586754403,-77.07888357211404,5.407912086809677,274.071709996975,94.00883609690742,274.00883609690743,94.07170999697502,Az21 Whole
H70b,38.91008217241069,-76.97878782846644,H27,38.83334538875507,-77.17620182600818,11.888803382244692,243.62352401283414,63.49963107621012,243.4996310762101,63.62352401283414,Az21 Half
H70b,38.91008217241069,-76.97878782846644,SF01,38.90124200833564,-77.08586335465753,5.803343013908609,264.0019946568873,83.93474693536248,263.93474693536245,84.00199465688729,Az12 Whole
H81,38.88687029383775,-76.9299762903957,H12,38.92005589287478,-76.94844865915428,2.4963223044816605,336.49932963034763,156.48772879573295,336.48772879573295,156.49932963034757,Az12 Half
H81,38.88687029383775,-76.9299762903957,H24,38.91738246946505,-77.0704105785321,7.8567493937525725,285.582875726976,105.49468409599142,285.49468409599143,105.582875726976,Az21 Half
H81,38.88687029383775,-76.9299762903957,H31,38.93203756982007,-77.09367738494352,9.356756233443063,289.5015311312508,109.39871182108247,289.3987118210825,109.50153113125077,Az12 Half
H81,38.88687029383775,-76.9299762903957,H51,38.91448986470866,-77.04953191350309,6.720057601677589,286.5074452577901,106.43236762000771,286.4323676200077,106.5074452577901,Az12 Half
H81,38.88687029383775,-76.9299762903957,Pk05,38.92574773485303,-78.31007370765774,74.43219782741079,272.4980921325707,91.631298145002,271.631298145002,92.49809213257072,Az12 Half
H86,38.810462075372,-76.99664817839795,H29,38.91226863882422,-77.12474875900264,9.85128600725038,315.50864198391645,135.4282667411574,315.42826674115736,135.50864198391645,Az12 Half
H86,38.810462075372,-76.99664817839795,H31,38.93203756982007,-77.09367738494352,9.884672252817948,328.07021527833183,148.00932237652296,328.00932237652296,148.07021527833183,Az21 Whole
H86,38.810462075372,-76.99664817839795,H35,38.92066077312896,-77.07975099520537,8.82430513807985,329.5037076204431,149.45156097467915,329.4515609746792,149.5037076204431,Az12 Half
H86,38.810462075372,-76.99664817839795,H50,38.96327236063456,-77.05095505059923,10.93998795068187,344.4939477990556,164.4598547458164,344.4598547458164,164.4939477990556,Az12 Half
H86,38.810462075372,-76.99664817839795,Pk03,38.899665,-77.698809,38.368810945187,279.44851770843627,99.00801187299474,279.00801187299476,99.44851770843627,Az21 Whole
H86,38.810462075372,-76.99664817839795,Pk04,38.77550687860945,-78.20406185227269,65.22470325210666,268.2597714934129,87.50329959550928,267.50329959550925,88.25977149341293,Az21 Half
H98,38.9450714821746,-77.0388345966892,H13,38.94626278806017,-77.01391219662139,1.3450399228751881,86.48939482951228,266.5050606304156,86.50506063041558,266.48939482951226,Az21 Half
H98,38.9450714821746,-77.0388345966892,H42,38.82554707680318,-77.01466103512618,8.347221068486526,171.0097918139724,351.02496710186426,171.02496710186426,351.0097918139724,Az12 Whole
H12,38.92005589287478,-76.94844865915428,H23,38.93923731423045,-77.08834070412745,7.652695489475295,280.0004377064706,99.91253432145294,279.91253432145294,100.00043770647062,Az12 Whole
H12,38.92005589287478,-76.94844865915428,H51,38.91448986470866,-77.04953191350309,5.460867950187433,266.00000405180185,85.93650377938577,265.93650377938576,86.00000405180185,Az12 Whole
H12,38.92005589287478,-76.94844865915428,H65,38.91883509061264,-77.00739402065348,3.1775714969866433,268.49988516974827,88.46285409143314,268.46285409143314,88.49988516974827,Az12 Half
H12,38.92005589287478,-76.94844865915428,Pk01,39.26242301794514,-77.39330127153266,33.61065278805964,314.78219896434376,134.5016918647092,314.5016918647092,134.78219896434376,Az21 Half
H19,38.91560586754403,-77.07888357211404,H56,38.91681538320637,-77.06120140091524,0.956548067957706,84.9905538532056,265.00166149649834,85.00166149649834,264.9905538532056,Az21 Whole
H19,38.91560586754403,-77.07888357211404,SF03,38.77367519361357,-76.97215841432278,11.357700191659486,149.5087608914994,329.5757001287419,149.57570012874191,329.5087608914994,Az12 Half
H23,38.93923731423045,-77.08834070412745,H28,38.90499081362246,-77.12853595395019,3.205015712675895,222.52932566134086,42.50407245590196,222.50407245590196,42.52932566134086,Az21 Half
H23,38.93923731423045,-77.08834070412745,H29,38.91226863882422,-77.12474875900264,2.7035941165075514,226.53208490884455,46.50920926104254,226.50920926104254,46.53208490884458,Az21 Half
H23,38.93923731423045,-77.08834070412745,H43,38.87451597139456,-77.146392815978,5.451771781689515,215.04214802346192,35.005688011991026,215.00568801199103,35.04214802346189,Az21 Whole
H23,38.93923731423045,-77.08834070412745,H52,38.92312150962155,-77.0746835467705,1.3331537922639833,146.49464716597822,326.50322913901226,146.50322913901226,326.4946471659782,"Az12 Half, Az21 Half"
H24,38.91738246946505,-77.0704105785321,H27,38.83334538875507,-77.17620182600818,8.13292662988074,224.5724723336817,44.506074716064774,224.50607471606477,44.57247233368173,Az21 Half
H24,38.91738246946505,-77.0704105785321,H56,38.91681538320637,-77.06120140091524,0.4978210319181407,94.50397642893192,274.5097615908768,94.50976159087679,274.50397642893194,"Az12 Half, Az21 Half"
H24,38.91738246946505,-77.0704105785321,SF06,38.98876568157223,-77.16354886186852,7.029498769583556,314.4957148226367,134.43716028392805,314.43716028392805,134.49571482263673,Az12 Half
H27,38.83334538875507,-77.17620182600818,H28,38.90499081362246,-77.12853595395019,5.57061032223743,27.464347604356576,207.49426005186297,27.494260051862966,207.4643476043566,Az21 Half
H27,38.83334538875507,-77.17620182600818,H43,38.87451597139456,-77.146392815978,3.2634995545911702,29.50686699014385,209.5255672895026,29.52556728950259,209.50686699014386,Az12 Half
H27,38.83334538875507,-77.17620182600818,H52,38.92312150962155,-77.0746835467705,8.26517102413817,41.44154180003535,221.50526154004152,41.50526154004149,221.44154180003534,Az21 Half
H27,38.83334538875507,-77.17620182600818,H65,38.91883509061264,-77.00739402065348,10.84560557149961,57.00895728313048,237.1149075930118,57.11490759301182,237.00895728313048,Az12 Whole
H28,38.90499081362246,-77.12853595395019,H40,38.90128237275844,-77.15854915633481,1.6378263610713795,261.023653422576,81.00480496130903,261.00480496130905,81.02365342257599,Az21 Whole
H28,38.90499081362246,-77.12853595395019,H60,38.93132296535497,-76.91720945574568,11.532142556244713,80.87130457323055,261.00406201357436,81.00406201357436,260.87130457323053,Az21 Whole
H28,38.90499081362246,-77.12853595395019,Pk03,38.899665,-77.698809,30.740476737097843,269.4943161170895,89.13618588158128,269.1361858815813,89.49431611708951,Az12 Half
H29,38.91226863882422,-77.12474875900264,H52,38.92312150962155,-77.0746835467705,2.799927895048081,74.47595050764168,254.5074016444548,74.50740164445483,254.4759505076417,Az21 Half
H31,38.93203756982007,-77.09367738494352,Pk05,38.92574773485303,-78.31007370765774,65.54158403594694,270.002895118342,89.23854844570437,269.2385484457044,90.002895118342,Az12 Whole
H32,38.9243596243616,-77.09063005508365,H60,38.93132296535497,-76.91720945574568,9.356547210881173,87.00282636666991,267.1117937161001,87.11179371610012,267.0028263666699,Az12 Whole
H32,38.9243596243616,-77.09063005508365,SF02,38.90117456916591,-77.0901139945135,1.5995651820812498,179.0035678259442,359.0038919824086,179.00389198240862,359.0035678259442,"Az12 Whole, Az21 Whole"
H32,38.9243596243616,-77.09063005508365,SF06,38.98876568157223,-77.16354886186852,5.929851869749255,318.546504650097,138.50065832209503,318.50065832209503,138.546504650097,Az21 Half
H32,38.9243596243616,-77.09063005508365,Pk01,39.26242301794514,-77.39330127153266,28.435486171193023,325.19233503543705,145.00147361424283,325.00147361424285,145.19233503543705,Az21 Whole
H35,38.92066077312896,-77.07975099520537,H40,38.90128237275844,-77.15854915633481,4.452201215053998,252.5526235985104,72.50312951680351,252.5031295168035,72.55262359851042,Az21 Half
H37,38.89634739382956,-77.11248589188622,H43,38.87451597139456,-77.146392815978,2.3684672566411358,230.52910097948472,50.50781539318422,230.50781539318422,50.529100979484724,Az21 Half
H39,38.9189665077175,-77.24236058241425,Pk04,38.77550687860945,-78.20406185227269,52.811909758807474,259.50205448596466,78.89882200358174,258.89882200358176,79.50205448596466,Az12 Half
H40,38.90128237275844,-77.15854915633481,H65,38.91883509061264,-77.00739402065348,8.23602758909405,81.4986944449359,261.59363497109126,81.59363497109126,261.4986944449359,Az12 Half
H43,38.87451597139456,-77.146392815978,H50,38.96327236063456,-77.05095505059923,7.995959538392361,40.00089082022325,220.06084672731117,40.06084672731117,220.00089082022325,Az12 Whole
H43,38.87451597139456,-77.146392815978,Pk03,38.899665,-77.698809,29.83262678631608,273.50704788881217,93.16024616434308,273.1602461643431,93.50704788881217,Az12 Half
H43,38.87451597139456,-77.146392815978,Pk04,38.77550687860945,-78.20406185227269,57.47813084414064,263.5077115045682,82.84460056951598,262.844600569516,83.50771150456819,Az12 Half
H51,38.91448986470866,-77.04953191350309,H65,38.91883509061264,-77.00739402065348,2.2905175455123863,82.46746931515399,262.4939398916685,82.4939398916685,262.467469315154,Az21 Half
H60,38.93132296535497,-76.91720945574568,SF04,38.90017164390296,-77.07087604008456,8.555487314230456,255.50178063459953,75.40525079295273,255.40525079295273,75.50178063459953,Az12 Half
SF01,38.90124200833564,-77.08586335465753,Pk03,38.899665,-77.698809,33.039416124277494,270.0038107433456,89.6188975136027,269.6188975136027,90.00381074334558,Az12 Whole
SF02,38.90117456916591,-77.0901139945135,Pk03,38.899665,-77.698809,32.81029899164342,270.0092821952573,89.62703856141086,269.62703856141087,90.0092821952573,Az12 Whole
SF03,38.77367519361357,-76.97215841432278,Pk04,38.77550687860945,-78.20406185227269,66.51934842458576,270.49457754552793,89.72306985528142,269.72306985528144,90.49457754552793,Az12 Half
