<?xml version='1.0' encoding='utf-8'?>
<kml xmlns="http://www.opengis.net/kml/2.2"><Document><Folder><name>gridlines</name><Placemark><name>SW1→NE9 gridline</name><styleUrl>#gridline_style</styleUrl><LineString><tessellate>1</tessellate><coordinates>-77.054393000,38.801244000,0 -76.922320000,38.903169000,0</coordinates></LineString></Placemark><Placemark><name>SW3→NE7 gridline</name><styleUrl>#gridline_style</styleUrl><LineString><tessellate>1</tessellate><coordinates>-77.079320000,38.820653000,0 -76.948649000,38.923788000,0</coordinates></LineString></Placemark><Placemark><name>SW7→NE3 gridline</name><styleUrl>#gridline_style</styleUrl><LineString><tessellate>1</tessellate><coordinates>-77.132726000,38.862372000,0 -77.001690000,38.965273000,0</coordinates></LineString></Placemark><Placemark><name>SW9→NE1 gridline</name><styleUrl>#gridline_style</styleUrl><LineString><tessellate>1</tessellate><coordinates>-77.159090000,38.882943000,0 -77.027743000,38.985620000,0</coordinates></LineString></Placemark><Placemark><name>SE1→NW9 gridline</name><styleUrl>#gridline_style</styleUrl><LineString><tessellate>1</tessellate><coordinates>-76.922293000,38.882640000,0 -77.054129000,38.985699000,0</coordinates></LineString></Placemark><Placemark><name>SE3→NW7 gridline</name><styleUrl>#gridline_style</styleUrl><LineString><tessellate>1</tessellate><coordinates>-76.948571000,38.862161000,0 -77.080403000,38.965182000,0</coordinates></LineString></Placemark><Placemark><name>SE7→NW3 gridline</name><styleUrl>#gridline_style</styleUrl><LineString><tessellate>1</tessellate><coordinates>-77.001096000,38.821197000,0 -77.132236000,38.924633000,0</coordinates></LineString></Placemark><Placemark><name>SE9→NW1 gridline</name><styleUrl>#gridline_style</styleUrl><LineString><tessellate>1</tessellate><coordinates>-77.023569000,38.803728000,0 -77.159144000,38.903562000,0</coordinates></LineString></Placemark><Placemark><name>SW2→NE8 gridline</name><styleUrl>#gridline_style</styleUrl><LineString><tessellate>1</tessellate><coordinates>-77.062638000,38.807592000,0 -76.935483000,38.913483000,0</coordinates></LineString></Placemark><Placemark><name>SW4→NE6 gridline</name><styleUrl>#gridline_style</styleUrl><LineString><tessellate>1</tessellate><coordinates>-77.093187000,38.831543000,0 -76.961330000,38.933715000,0</coordinates></LineString></Placemark><Placemark><name>SW6→NE4 gridline</name><styleUrl>#gridline_style</styleUrl><LineString><tessellate>1</tessellate><coordinates>-77.119264000,38.851832000,0 -76.988207000,38.954733000,0</coordinates></LineString></Placemark><Placemark><name>SW8→NE2 gridline</name><styleUrl>#gridline_style</styleUrl><LineString><tessellate>1</tessellate><coordinates>-77.145945000,38.872671000,0 -77.014594000,38.975351000,0</coordinates></LineString></Placemark><Placemark><name>SE2→NW8 gridline</name><styleUrl>#gridline_style</styleUrl><LineString><tessellate>1</tessellate><coordinates>-76.935424000,38.872410000,0 -77.067267000,38.975442000,0</coordinates></LineString></Placemark><Placemark><name>SE4→NW6 gridline</name><styleUrl>#gridline_style</styleUrl><LineString><tessellate>1</tessellate><coordinates>-76.961890000,38.851756000,0 -77.093548000,38.954909000,0</coordinates></LineString></Placemark><Placemark><name>SE6→NW4 gridline</name><styleUrl>#gridline_style</styleUrl><LineString><tessellate>1</tessellate><coordinates>-76.987973000,38.831437000,0 -77.115672000,38.937606000,0</coordinates></LineString></Placemark><Placemark><name>SE8→NW2 gridline</name><styleUrl>#gridline_style</styleUrl><LineString><tessellate>1</tessellate><coordinates>-77.014250000,38.810920000,0 -77.145987000,38.913881000,0</coordinates></LineString></Placemark><Placemark><name>SW5→NE5 gridline</name><styleUrl>#gridline_style</styleUrl><LineString><tessellate>1</tessellate><coordinates>-77.106740000,38.842081000,0 -76.975009000,38.944414000,0</coordinates></LineString></Placemark><Placemark><name>SE5→NW5 gridline</name><styleUrl>#gridline_style</styleUrl><LineString><tessellate>1</tessellate><coordinates>-76.974839000,38.841683000,0 -77.106682000,38.944639000,0</coordinates></LineString></Placemark><Placemark><name>S→W gridline</name><styleUrl>#gridline_style</styleUrl><LineString><tessellate>1</tessellate><coordinates>-77.040586000,38.790339000,0 -77.172301000,38.893245000,0</coordinates></LineString></Placemark><Placemark><name>N→W gridline</name><styleUrl>#gridline_style</styleUrl><LineString><tessellate>1</tessellate><coordinates>-77.040986000,38.995957000,0 -77.172301000,38.893245000,0</coordinates></LineString></Placemark><Placemark><name>N→E gridline</name><styleUrl>#gridline_style</styleUrl><LineString><tessellate>1</tessellate><coordinates>-77.040986000,38.995957000,0 -76.909166000,38.892860000,0</coordinates></LineString></Placemark><Placemark><name>S→E gridline</name><styleUrl>#gridline_style</styleUrl><LineString><tessellate>1</tessellate><coordinates>-77.040586000,38.790339000,0 -76.909166000,38.892860000,0</coordinates></LineString></Placemark><Placemark><name>S→N gridline</name><styleUrl>#gridline_style</styleUrl><LineString><tessellate>1</tessellate><coordinates>-77.040586000,38.790339000,0 -77.040986000,38.995957000,0</coordinates></LineString></Placemark><Placemark><name>E→W gridline</name><styleUrl>#gridline_style</styleUrl><LineString><tessellate>1</tessellate><coordinates>-76.909166000,38.892860000,0 -77.172301000,38.893245000,0</coordinates></LineString></Placemark></Folder><Style id="gridline_style"><LineStyle><color>cc000000</color><width>2.0</width></LineStyle></Style><Folder><name>SW1→NE9</name><Placemark><name>SW1 NE9 0</name><styleUrl>#s_0_0</styleUrl><ExtendedData><Data name="bin"><value>WN</value></Data><Data name="azimuth_deg"><value>45.3354</value></Data><Data name="dist_to_target_m"><value>16108.052</value></Data></ExtendedData><Point><coordinates>-77.054393000,38.801244000,0</coordinates></Point></Placemark><Placemark><name>SW1 NE9 0 pointer</name><styleUrl>#s_0_0</styleUrl><LineString><tessellate>1</tessellate><coordinates>-77.054393000,38.801244000,0 -77.047798296,38.806343836,0</coordinates></LineString></Placemark><Placemark><name>SW1 NE9 1</name><styleUrl>#s_0_1</styleUrl><ExtendedData><Data name="bin"><value>WN</value></Data><Data name="azimuth_deg"><value>45.3436</value></Data><Data name="dist_to_target_m"><value>14498.702</value></Data></ExtendedData><Point><coordinates>-77.041214570,38.811434082,0</coordinates></Point></Placemark><Placemark><name>SW1 NE9 1 pointer</name><styleUrl>#s_0_1</styleUrl><LineString><tessellate>1</tessellate><coordinates>-77.041214570,38.811434082,0 -77.035277092,38.816023734,0</coordinates></LineString></Placemark><Placemark><name>SW1 NE9 2</name><styleUrl>#s_0_2</styleUrl><ExtendedData><Data name="bin"><value>WN</value></Data><Data name="azimuth_deg"><value>45.3519</value></Data><Data name="dist_to_target_m"><value>12889.352</value></Data></ExtendedData><Point><coordinates>-77.028032384,38.821622659,0</coordinates></Point></Placemark><Placemark><name>SW1 NE9 2 pointer</name><styleUrl>#s_0_2</styleUrl><LineString><tessellate>1</tessellate><coordinates>-77.028032384,38.821622659,0 -77.022752497,38.825702273,0</coordinates></LineString></Placemark><Placemark><name>SW1 NE9 3</name><styleUrl>#s_0_3</styleUrl><ExtendedData><Data name="bin"><value>WN</value></Data><Data name="azimuth_deg"><value>45.3602</value></Data><Data name="dist_to_target_m"><value>11280.002</value></Data></ExtendedData><Point><coordinates>-77.014846441,38.831809730,0</coordinates></Point></Placemark><Placemark><name>SW1 NE9 3 pointer</name><styleUrl>#s_0_3</styleUrl><LineString><tessellate>1</tessellate><coordinates>-77.014846441,38.831809730,0 -77.010224511,38.835379454,0</coordinates></LineString></Placemark><Placemark><name>SW1 NE9 4</name><styleUrl>#s_0_4</styleUrl><ExtendedData><Data name="bin"><value>WN</value></Data><Data name="azimuth_deg"><value>45.3684</value></Data><Data name="dist_to_target_m"><value>9670.652</value></Data></ExtendedData><Point><coordinates>-77.001656740,38.841995295,0</coordinates></Point></Placemark><Placemark><name>SW1 NE9 4 pointer</name><styleUrl>#s_0_4</styleUrl><LineString><tessellate>1</tessellate><coordinates>-77.001656740,38.841995295,0 -76.997693131,38.845055275,0</coordinates></LineString></Placemark><Placemark><name>SW1 NE9 5</name><styleUrl>#s_0_5</styleUrl><ExtendedData><Data name="bin"><value>WN</value></Data><Data name="azimuth_deg"><value>45.3767</value></Data><Data name="dist_to_target_m"><value>8061.302</value></Data></ExtendedData><Point><coordinates>-76.988463277,38.852179352,0</coordinates></Point></Placemark><Placemark><name>SW1 NE9 5 pointer</name><styleUrl>#s_0_5</styleUrl><LineString><tessellate>1</tessellate><coordinates>-76.988463277,38.852179352,0 -76.985158357,38.854729734,0</coordinates></LineString></Placemark><Placemark><name>SW1 NE9 6</name><styleUrl>#s_0_6</styleUrl><ExtendedData><Data name="bin"><value>WN</value></Data><Data name="azimuth_deg"><value>45.3850</value></Data><Data name="dist_to_target_m"><value>6451.952</value></Data></ExtendedData><Point><coordinates>-76.975266051,38.862361901,0</coordinates></Point></Placemark><Placemark><name>SW1 NE9 6 pointer</name><styleUrl>#s_0_6</styleUrl><LineString><tessellate>1</tessellate><coordinates>-76.975266051,38.862361901,0 -76.972620186,38.864402833,0</coordinates></LineString></Placemark><Placemark><name>SW1 NE9 7</name><styleUrl>#s_0_7</styleUrl><ExtendedData><Data name="bin"><value>WN</value></Data><Data name="azimuth_deg"><value>45.3933</value></Data><Data name="dist_to_target_m"><value>4842.602</value></Data></ExtendedData><Point><coordinates>-76.962065060,38.872542940,0</coordinates></Point></Placemark><Placemark><name>SW1 NE9 7 pointer</name><styleUrl>#s_0_7</styleUrl><LineString><tessellate>1</tessellate><coordinates>-76.962065060,38.872542940,0 -76.960078618,38.874074568,0</coordinates></LineString></Placemark><Placemark><name>SW1 NE9 8</name><styleUrl>#s_0_8</styleUrl><ExtendedData><Data name="bin"><value>WN</value></Data><Data name="azimuth_deg"><value>45.4016</value></Data><Data name="dist_to_target_m"><value>3233.252</value></Data></ExtendedData><Point><coordinates>-76.948860303,38.882722469,0</coordinates></Point></Placemark><Placemark><name>SW1 NE9 8 pointer</name><styleUrl>#s_0_8</styleUrl><LineString><tessellate>1</tessellate><coordinates>-76.948860303,38.882722469,0 -76.947533649,38.883744941,0</coordinates></LineString></Placemark><Placemark><name>SW1 NE9 9</name><styleUrl>#s_0_9</styleUrl><ExtendedData><Data name="bin"><value>WN</value></Data><Data name="azimuth_deg"><value>45.4099</value></Data><Data name="dist_to_target_m"><value>1623.902</value></Data></ExtendedData><Point><coordinates>-76.935651777,38.892900487,0</coordinates></Point></Placemark><Placemark><name>SW1 NE9 9 pointer</name><styleUrl>#s_0_9</styleUrl><LineString><tessellate>1</tessellate><coordinates>-76.935651777,38.892900487,0 -76.934985279,38.893413949,0</coordinates></LineString></Placemark><Placemark><name>SW1 NE9 10</name><styleUrl>#s_0_10</styleUrl><ExtendedData><Data name="bin"><value>WN</value></Data><Data name="azimuth_deg"><value>45.4182</value></Data><Data name="dist_to_target_m"><value>0.000</value></Data></ExtendedData><Point><coordinates>-76.922320000,38.903169000,0</coordinates></Point></Placemark></Folder><Style id="s_0_0"><IconStyle><color>ff0cf20c</color><scale>1.0</scale><Icon><href>http://maps.google.com/mapfiles/kml/shapes/star.png</href></Icon></IconStyle><LineStyle><color>ff0cf20c</color><width>2.0</width></LineStyle><LabelStyle><scale>0.9</scale><color>ccffffff</color></LabelStyle></Style><Style id="s_0_1"><IconStyle><color>ff0cec0c</color><scale>1.0</scale><Icon><href>http://maps.google.com/mapfiles/kml/shapes/triangle.png</href></Icon></IconStyle><LineStyle><color>ff0cec0c</color><width>2.0</width></LineStyle><LabelStyle><scale>0.9</scale><color>ccffffff</color></LabelStyle></Style><Style id="s_0_2"><IconStyle><color>ff0be50b</color><scale>1.0</scale><Icon><href>http://maps.google.com/mapfiles/kml/shapes/cross-hairs.png</href></Icon></IconStyle><LineStyle><color>ff0be50b</color><width>2.0</width></LineStyle><LabelStyle><scale>0.9</scale><color>ccffffff</color></LabelStyle></Style><Style id="s_0_3"><IconStyle><color>ff0bdf0b</color><scale>1.0</scale><Icon><href>http://maps.google.com/mapfiles/kml/shapes/target.png</href></Icon></IconStyle><LineStyle><color>ff0bdf0b</color><width>2.0</width></LineStyle><LabelStyle><scale>0.9</scale><color>ccffffff</color></LabelStyle></Style><Style id="s_0_4"><IconStyle><color>ff0bd90b</color><scale>1.0</scale><Icon><href>http://maps.google.com/mapfiles/kml/shapes/open-diamond.png</href></Icon></IconStyle><LineStyle><color>ff0bd90b</color><width>2.0</width></LineStyle><LabelStyle><scale>0.9</scale><color>ccffffff</color></LabelStyle></Style><Style id="s_0_5"><IconStyle><color>ff0bd20b</color><scale>1.0</scale><Icon><href>http://maps.google.com/mapfiles/kml/shapes/shaded_dot.png</href></Icon></IconStyle><LineStyle><color>ff0bd20b</color><width>2.0</width></LineStyle><LabelStyle><scale>0.9</scale><color>ccffffff</color></LabelStyle></Style><Style id="s_0_6"><IconStyle><color>ff0acc0a</color><scale>1.0</scale><Icon><href>http://maps.google.com/mapfiles/kml/shapes/donut.png</href></Icon></IconStyle><LineStyle><color>ff0acc0a</color><width>2.0</width></LineStyle><LabelStyle><scale>0.9</scale><color>ccffffff</color></LabelStyle></Style><Style id="s_0_7"><IconStyle><color>ff0ac60a</color><scale>1.0</scale><Icon><href>http://maps.google.com/mapfiles/kml/shapes/square.png</href></Icon></IconStyle><LineStyle><color>ff0ac60a</color><width>2.0</width></LineStyle><LabelStyle><scale>0.9</scale><color>ccffffff</color></LabelStyle></Style><Style id="s_0_8"><IconStyle><color>ff0abf0a</color><scale>1.0</scale><Icon><href>http://maps.google.com/mapfiles/kml/shapes/placemark_circle.png</href></Icon></IconStyle><LineStyle><color>ff0abf0a</color><width>2.0</width></LineStyle><LabelStyle><scale>0.9</scale><color>ccffffff</color></LabelStyle></Style><Style id="s_0_9"><IconStyle><color>ff09b909</color><scale>1.0</scale><Icon><href>http://maps.google.com/mapfiles/kml/shapes/placemark_square.png</href></Icon></IconStyle><LineStyle><color>ff09b909</color><width>2.0</width></LineStyle><LabelStyle><scale>0.9</scale><color>ccffffff</color></LabelStyle></Style><Style id="s_0_10"><IconStyle><color>ff09b209</color><scale>1.0</scale><Icon><href>http://maps.google.com/mapfiles/kml/shapes/star.png</href></Icon></IconStyle><LineStyle><color>ff09b209</color><width>2.0</width></LineStyle><LabelStyle><scale>0.9</scale><color>ccffffff</color></LabelStyle></Style><Folder><name>NE9→SW1</name><Placemark><name>NE9 SW1 0</name><styleUrl>#s_1_0</styleUrl><ExtendedData><Data name="bin"><value>ES</value></Data><Data name="azimuth_deg"><value>-134.5818</value></Data><Data name="dist_to_target_m"><value>16108.052</value></Data></ExtendedData><Point><coordinates>-76.922320000,38.903169000,0</coordinates></Point></Placemark><Placemark><name>NE9 SW1 0 pointer</name><styleUrl>#s_1_0</styleUrl><LineString><tessellate>1</tessellate><coordinates>-76.922320000,38.903169000,0 -76.928932610,38.898076343,0</coordinates></LineString></Placemark><Placemark><name>NE9 SW1 1</name><styleUrl>#s_1_1</styleUrl><ExtendedData><Data name="bin"><value>ES</value></Data><Data name="azimuth_deg"><value>-134.5901</value></Data><Data name="dist_to_target_m"><value>14498.702</value></Data></ExtendedData><Point><coordinates>-76.935532330,38.892992508,0</coordinates></Point></Placemark><Placemark><name>NE9 SW1 1 pointer</name><styleUrl>#s_1_1</styleUrl><LineString><tessellate>1</tessellate><coordinates>-76.935532330,38.892992508,0 -76.941482620,38.888407992,0</coordinates></LineString></Placemark><Placemark><name>NE9 SW1 2</name><styleUrl>#s_1_2</styleUrl><ExtendedData><Data name="bin"><value>ES</value></Data><Data name="azimuth_deg"><value>-134.5984</value></Data><Data name="dist_to_target_m"><value>12889.352</value></Data></ExtendedData><Point><coordinates>-76.948740890,38.882814504,0</coordinates></Point></Placemark><Placemark><name>NE9 SW1 2 pointer</name><styleUrl>#s_1_2</styleUrl><LineString><tessellate>1</tessellate><coordinates>-76.948740890,38.882814504,0 -76.954029229,38.878738278,0</coordinates></LineString></Placemark><Placemark><name>NE9 SW1 3</name><styleUrl>#s_1_3</styleUrl><ExtendedData><Data name="bin"><value>ES</value></Data><Data name="azimuth_deg"><value>-134.6066</value></Data><Data name="dist_to_target_m"><value>11280.002</value></Data></ExtendedData><Point><coordinates>-76.961945682,38.872634989,0</coordinates></Point></Placemark><Placemark><name>NE9 SW1 3 pointer</name><styleUrl>#s_1_3</styleUrl><LineString><tessellate>1</tessellate><coordinates>-76.961945682,38.872634989,0 -76.966572437,38.869067199,0</coordinates></LineString></Placemark><Placemark><name>NE9 SW1 4</name><styleUrl>#s_1_4</styleUrl><ExtendedData><Data name="bin"><value>ES</value></Data><Data name="azimuth_deg"><value>-134.6149</value></Data><Data name="dist_to_target_m"><value>9670.652</value></Data></ExtendedData><Point><coordinates>-76.975146706,38.862453963,0</coordinates></Point></Placemark><Placemark><name>NE9 SW1 4 pointer</name><styleUrl>#s_1_4</styleUrl><LineString><tessellate>1</tessellate><coordinates>-76.975146706,38.862453963,0 -76.979112246,38.859394758,0</coordinates></LineString></Placemark><Placemark><name>NE9 SW1 5</name><styleUrl>#s_1_5</styleUrl><ExtendedData><Data name="bin"><value>ES</value></Data><Data name="azimuth_deg"><value>-134.6232</value></Data><Data name="dist_to_target_m"><value>8061.302</value></Data></ExtendedData><Point><coordinates>-76.988343966,38.852271428,0</coordinates></Point></Placemark><Placemark><name>NE9 SW1 5 pointer</name><styleUrl>#s_1_5</styleUrl><LineString><tessellate>1</tessellate><coordinates>-76.988343966,38.852271428,0 -76.991648658,38.849720955,0</coordinates></LineString></Placemark><Placemark><name>NE9 SW1 6</name><styleUrl>#s_1_6</styleUrl><ExtendedData><Data name="bin"><value>ES</value></Data><Data name="azimuth_deg"><value>-134.6315</value></Data><Data name="dist_to_target_m"><value>6451.952</value></Data></ExtendedData><Point><coordinates>-77.001537463,38.842087384,0</coordinates></Point></Placemark><Placemark><name>NE9 SW1 6 pointer</name><styleUrl>#s_1_6</styleUrl><LineString><tessellate>1</tessellate><coordinates>-77.001537463,38.842087384,0 -77.004181675,38.840045790,0</coordinates></LineString></Placemark><Placemark><name>NE9 SW1 7</name><styleUrl>#s_1_7</styleUrl><ExtendedData><Data name="bin"><value>ES</value></Data><Data name="azimuth_deg"><value>-134.6398</value></Data><Data name="dist_to_target_m"><value>4842.602</value></Data></ExtendedData><Point><coordinates>-77.014727199,38.831901833,0</coordinates></Point></Placemark><Placemark><name>NE9 SW1 7 pointer</name><styleUrl>#s_1_7</styleUrl><LineString><tessellate>1</tessellate><coordinates>-77.014727199,38.831901833,0 -77.016711297,38.830369265,0</coordinates></LineString></Placemark><Placemark><name>NE9 SW1 8</name><styleUrl>#s_1_8</styleUrl><ExtendedData><Data name="bin"><value>ES</value></Data><Data name="azimuth_deg"><value>-134.6480</value></Data><Data name="dist_to_target_m"><value>3233.252</value></Data></ExtendedData><Point><coordinates>-77.027913176,38.821714775,0</coordinates></Point></Placemark><Placemark><name>NE9 SW1 8 pointer</name><styleUrl>#s_1_8</styleUrl><LineString><tessellate>1</tessellate><coordinates>-77.027913176,38.821714775,0 -77.029237527,38.820691381,0</coordinates></LineString></Placemark><Placemark><name>NE9 SW1 9</name><styleUrl>#s_1_9</styleUrl><ExtendedData><Data name="bin"><value>ES</value></Data><Data name="azimuth_deg"><value>-134.6563</value></Data><Data name="dist_to_target_m"><value>1623.902</value></Data></ExtendedData><Point><coordinates>-77.041095395,38.811526212,0</coordinates></Point></Placemark><Placemark><name>NE9 SW1 9 pointer</name><styleUrl>#s_1_9</styleUrl><LineString><tessellate>1</tessellate><coordinates>-77.041095395,38.811526212,0 -77.041760366,38.811012138,0</coordinates></LineString></Placemark><Placemark><name>NE9 SW1 10</name><styleUrl>#s_1_10</styleUrl><ExtendedData><Data name="bin"><value>ES</value></Data><Data name="azimuth_deg"><value>-134.6645</value></Data><Data name="dist_to_target_m"><value>0.000</value></Data></ExtendedData><Point><coordinates>-77.054393000,38.801244000,0</coordinates></Point></Placemark></Folder><Style id="s_1_0"><IconStyle><color>fff20c7f</color><scale>1.0</scale><Icon><href>http://maps.google.com/mapfiles/kml/shapes/star.png</href></Icon></IconStyle><LineStyle><color>fff20c7f</color><width>2.0</width></LineStyle><LabelStyle><scale>0.9</scale><color>ccffffff</color></LabelStyle></Style><Style id="s_1_1"><IconStyle><color>ffec0c7c</color><scale>1.0</scale><Icon><href>http://maps.google.com/mapfiles/kml/shapes/triangle.png</href></Icon></IconStyle><LineStyle><color>ffec0c7c</color><width>2.0</width></LineStyle><LabelStyle><scale>0.9</scale><color>ccffffff</color></LabelStyle></Style><Style id="s_1_2"><IconStyle><color>ffe50b78</color><scale>1.0</scale><Icon><href>http://maps.google.com/mapfiles/kml/shapes/cross-hairs.png</href></Icon></IconStyle><LineStyle><color>ffe50b78</color><width>2.0</width></LineStyle><LabelStyle><scale>0.9</scale><color>ccffffff</color></LabelStyle></Style><Style id="s_1_3"><IconStyle><color>ffdf0b75</color><scale>1.0</scale><Icon><href>http://maps.google.com/mapfiles/kml/shapes/target.png</href></Icon></IconStyle><LineStyle><color>ffdf0b75</color><width>2.0</width></LineStyle><LabelStyle><scale>0.9</scale><color>ccffffff</color></LabelStyle></Style><Style id="s_1_4"><IconStyle><color>ffd90b72</color><scale>1.0</scale><Icon><href>http://maps.google.com/mapfiles/kml/shapes/open-diamond.png</href></Icon></IconStyle><LineStyle><color>ffd90b72</color><width>2.0</width></LineStyle><LabelStyle><scale>0.9</scale><color>ccffffff</color></LabelStyle></Style><Style id="s_1_5"><IconStyle><color>ffd20b6e</color><scale>1.0</scale><Icon><href>http://maps.google.com/mapfiles/kml/shapes/shaded_dot.png</href></Icon></IconStyle><LineStyle><color>ffd20b6e</color><width>2.0</width></LineStyle><LabelStyle><scale>0.9</scale><color>ccffffff</color></LabelStyle></Style><Style id="s_1_6"><IconStyle><color>ffcc0a6b</color><scale>1.0</scale><Icon><href>http://maps.google.com/mapfiles/kml/shapes/donut.png</href></Icon></IconStyle><LineStyle><color>ffcc0a6b</color><width>2.0</width></LineStyle><LabelStyle><scale>0.9</scale><color>ccffffff</color></LabelStyle></Style><Style id="s_1_7"><IconStyle><color>ffc60a68</color><scale>1.0</scale><Icon><href>http://maps.google.com/mapfiles/kml/shapes/square.png</href></Icon></IconStyle><LineStyle><color>ffc60a68</color><width>2.0</width></LineStyle><LabelStyle><scale>0.9</scale><color>ccffffff</color></LabelStyle></Style><Style id="s_1_8"><IconStyle><color>ffbf0a64</color><scale>1.0</scale><Icon><href>http://maps.google.com/mapfiles/kml/shapes/placemark_circle.png</href></Icon></IconStyle><LineStyle><color>ffbf0a64</color><width>2.0</width></LineStyle><LabelStyle><scale>0.9</scale><color>ccffffff</color></LabelStyle></Style><Style id="s_1_9"><IconStyle><color>ffb90961</color><scale>1.0</scale><Icon><href>http://maps.google.com/mapfiles/kml/shapes/placemark_square.png</href></Icon></IconStyle><LineStyle><color>ffb90961</color><width>2.0</width></LineStyle><LabelStyle><scale>0.9</scale><color>ccffffff</color></LabelStyle></Style><Style id="s_1_10"><IconStyle><color>ffb2095e</color><scale>1.0</scale><Icon><href>http://maps.google.com/mapfiles/kml/shapes/star.png</href></Icon></IconStyle><LineStyle><color>ffb2095e</color><width>2.0</width></LineStyle><LabelStyle><scale>0.9</scale><color>ccffffff</color></LabelStyle></Style><Folder><name>SW3→NE7</name><Placemark><name>SW3 NE7 0</name><styleUrl>#s_2_0</styleUrl><ExtendedData><Data name="bin"><value>WN</value></Data><Data name="azimuth_deg"><value>44.6839</value></Data><Data name="dist_to_target_m"><value>16114.594</value></Data></ExtendedData><Point><coordinates>-77.079320000,38.820653000,0</coordinates></Point></Placemark><Placemark><name>SW3 NE7 0 pointer</name><styleUrl>#s_2_0</styleUrl><LineString><tessellate>1</tessellate><coordinates>-77.079320000,38.820653000,0 -77.072795413,38.825813262,0</coordinates></LineString></Placemark><Placemark><name>SW3 NE7 1</name><styleUrl>#s_2_1</styleUrl><ExtendedData><Data name="bin"><value>WN</value></Data><Data name="azimuth_deg"><value>44.6920</value></Data><Data name="dist_to_target_m"><value>14505.244</value></Data></ExtendedData><Point><coordinates>-77.066286969,38.830959647,0</coordinates></Point></Placemark><Placemark><name>SW3 NE7 1 pointer</name><styleUrl>#s_2_1</styleUrl><LineString><tessellate>1</tessellate><coordinates>-77.066286969,38.830959647,0 -77.060412335,38.835603912,0</coordinates></LineString></Placemark><Placemark><name>SW3 NE7 2</name><styleUrl>#s_2_2</styleUrl><ExtendedData><Data name="bin"><value>WN</value></Data><Data name="azimuth_deg"><value>44.7002</value></Data><Data name="dist_to_target_m"><value>12895.894</value></Data></ExtendedData><Point><coordinates>-77.053250179,38.841264822,0</coordinates></Point></Placemark><Placemark><name>SW3 NE7 2 pointer</name><styleUrl>#s_2_2</styleUrl><LineString><tessellate>1</tessellate><coordinates>-77.053250179,38.841264822,0 -77.048025863,38.845393232,0</coordinates></LineString></Placemark><Placemark><name>SW3 NE7 3</name><styleUrl>#s_2_3</styleUrl><ExtendedData><Data name="bin"><value>WN</value></Data><Data name="azimuth_deg"><value>44.7084</value></Data><Data name="dist_to_target_m"><value>11286.544</value></Data></ExtendedData><Point><coordinates>-77.040209627,38.851568523,0</coordinates></Point></Placemark><Placemark><name>SW3 NE7 3 pointer</name><styleUrl>#s_2_3</styleUrl><LineString><tessellate>1</tessellate><coordinates>-77.040209627,38.851568523,0 -77.035635997,38.855181222,0</coordinates></LineString></Placemark><Placemark><name>SW3 NE7 4</name><styleUrl>#s_2_4</styleUrl><ExtendedData><Data name="bin"><value>WN</value></Data><Data name="azimuth_deg"><value>44.7166</value></Data><Data name="dist_to_target_m"><value>9677.194</value></Data></ExtendedData><Point><coordinates>-77.027165313,38.861870750,0</coordinates></Point></Placemark><Placemark><name>SW3 NE7 4 pointer</name><styleUrl>#s_2_4</styleUrl><LineString><tessellate>1</tessellate><coordinates>-77.027165313,38.861870750,0 -77.023242734,38.864967881,0</coordinates></LineString></Placemark><Placemark><name>SW3 NE7 5</name><styleUrl>#s_2_5</styleUrl><ExtendedData><Data name="bin"><value>WN</value></Data><Data name="azimuth_deg"><value>44.7248</value></Data><Data name="dist_to_target_m"><value>8067.844</value></Data></ExtendedData><Point><coordinates>-77.014117234,38.872171501,0</coordinates></Point></Placemark><Placemark><name>SW3 NE7 5 pointer</name><styleUrl>#s_2_5</styleUrl><LineString><tessellate>1</tessellate><coordinates>-77.014117234,38.872171501,0 -77.010846073,38.874753208,0</coordinates></LineString></Placemark><Placemark><name>SW3 NE7 6</name><styleUrl>#s_2_6</styleUrl><ExtendedData><Data name="bin"><value>WN</value></Data><Data name="azimuth_deg"><value>44.7330</value></Data><Data name="dist_to_target_m"><value>6458.494</value></Data></ExtendedData><Point><coordinates>-77.001065388,38.882470775,0</coordinates></Point></Placemark><Placemark><name>SW3 NE7 6 pointer</name><styleUrl>#s_2_6</styleUrl><LineString><tessellate>1</tessellate><coordinates>-77.001065388,38.882470775,0 -76.998446012,38.884537202,0</coordinates></LineString></Placemark><Placemark><name>SW3 NE7 7</name><styleUrl>#s_2_7</styleUrl><ExtendedData><Data name="bin"><value>WN</value></Data><Data name="azimuth_deg"><value>44.7412</value></Data><Data name="dist_to_target_m"><value>4849.144</value></Data></ExtendedData><Point><coordinates>-76.988009774,38.892768573,0</coordinates></Point></Placemark><Placemark><name>SW3 NE7 7 pointer</name><styleUrl>#s_2_7</styleUrl><LineString><tessellate>1</tessellate><coordinates>-76.988009774,38.892768573,0 -76.986042549,38.894319863,0</coordinates></LineString></Placemark><Placemark><name>SW3 NE7 8</name><styleUrl>#s_2_8</styleUrl><ExtendedData><Data name="bin"><value>WN</value></Data><Data name="azimuth_deg"><value>44.7494</value></Data><Data name="dist_to_target_m"><value>3239.794</value></Data></ExtendedData><Point><coordinates>-76.974950389,38.903064892,0</coordinates></Point></Placemark><Placemark><name>SW3 NE7 8 pointer</name><styleUrl>#s_2_8</styleUrl><LineString><tessellate>1</tessellate><coordinates>-76.974950389,38.903064892,0 -76.973635683,38.904101190,0</coordinates></LineString></Placemark><Placemark><name>SW3 NE7 9</name><styleUrl>#s_2_9</styleUrl><ExtendedData><Data name="bin"><value>WN</value></Data><Data name="azimuth_deg"><value>44.7576</value></Data><Data name="dist_to_target_m"><value>1630.444</value></Data></ExtendedData><Point><coordinates>-76.961887231,38.913359731,0</coordinates></Point></Placemark><Placemark><name>SW3 NE7 9 pointer</name><styleUrl>#s_2_9</styleUrl><LineString><tessellate>1</tessellate><coordinates>-76.961887231,38.913359731,0 -76.961225411,38.913881181,0</coordinates></LineString></Placemark><Placemark><name>SW3 NE7 10</name><styleUrl>#s_2_10</styleUrl><ExtendedData><Data name="bin"><value>WN</value></Data><Data name="azimuth_deg"><value>44.7658</value></Data><Data name="dist_to_target_m"><value>0.000</value></Data></ExtendedData><Point><coordinates>-76.948649000,38.923788000,0</coordinates></Point></Placemark></Folder><Style id="s_2_0"><IconStyle><color>ff0cf20c</color><scale>1.0</scale><Icon><href>http://maps.google.com/mapfiles/kml/shapes/star.png</href></Icon></IconStyle><LineStyle><color>ff0cf20c</color><width>2.0</width></LineStyle><LabelStyle><scale>0.9</scale><color>ccffffff</color></LabelStyle></Style><Style id="s_2_1"><IconStyle><color>ff0cec0c</color><scale>1.0</scale><Icon><href>http://maps.google.com/mapfiles/kml/shapes/triangle.png</href></Icon></IconStyle><LineStyle><color>ff0cec0c</color><width>2.0</width></LineStyle><LabelStyle><scale>0.9</scale><color>ccffffff</color></LabelStyle></Style><Style id="s_2_2"><IconStyle><color>ff0be50b</color><scale>1.0</scale><Icon><href>http://maps.google.com/mapfiles/kml/shapes/cross-hairs.png</href></Icon></IconStyle><LineStyle><color>ff0be50b</color><width>2.0</width></LineStyle><LabelStyle><scale>0.9</scale><color>ccffffff</color></LabelStyle></Style><Style id="s_2_3"><IconStyle><color>ff0bdf0b</color><scale>1.0</scale><Icon><href>http://maps.google.com/mapfiles/kml/shapes/target.png</href></Icon></IconStyle><LineStyle><color>ff0bdf0b</color><width>2.0</width></LineStyle><LabelStyle><scale>0.9</scale><color>ccffffff</color></LabelStyle></Style><Style id="s_2_4"><IconStyle><color>ff0bd90b</color><scale>1.0</scale><Icon><href>http://maps.google.com/mapfiles/kml/shapes/open-diamond.png</href></Icon></IconStyle><LineStyle><color>ff0bd90b</color><width>2.0</width></LineStyle><LabelStyle><scale>0.9</scale><color>ccffffff</color></LabelStyle></Style><Style id="s_2_5"><IconStyle><color>ff0bd20b</color><scale>1.0</scale><Icon><href>http://maps.google.com/mapfiles/kml/shapes/shaded_dot.png</href></Icon></IconStyle><LineStyle><color>ff0bd20b</color><width>2.0</width></LineStyle><LabelStyle><scale>0.9</scale><color>ccffffff</color></LabelStyle></Style><Style id="s_2_6"><IconStyle><color>ff0acc0a</color><scale>1.0</scale><Icon><href>http://maps.google.com/mapfiles/kml/shapes/donut.png</href></Icon></IconStyle><LineStyle><color>ff0acc0a</color><width>2.0</width></LineStyle><LabelStyle><scale>0.9</scale><color>ccffffff</color></LabelStyle></Style><Style id="s_2_7"><IconStyle><color>ff0ac60a</color><scale>1.0</scale><Icon><href>http://maps.google.com/mapfiles/kml/shapes/square.png</href></Icon></IconStyle><LineStyle><color>ff0ac60a</color><width>2.0</width></LineStyle><LabelStyle><scale>0.9</scale><color>ccffffff</color></LabelStyle></Style><Style id="s_2_8"><IconStyle><color>ff0abf0a</color><scale>1.0</scale><Icon><href>http://maps.google.com/mapfiles/kml/shapes/placemark_circle.png</href></Icon></IconStyle><LineStyle><color>ff0abf0a</color><width>2.0</width></LineStyle><LabelStyle><scale>0.9</scale><color>ccffffff</color></LabelStyle></Style><Style id="s_2_9"><IconStyle><color>ff09b909</color><scale>1.0</scale><Icon><href>http://maps.google.com/mapfiles/kml/shapes/placemark_square.png</href></Icon></IconStyle><LineStyle><color>ff09b909</color><width>2.0</width></LineStyle><LabelStyle><scale>0.9</scale><color>ccffffff</color></LabelStyle></Style><Style id="s_2_10"><IconStyle><color>ff09b209</color><scale>1.0</scale><Icon><href>http://maps.google.com/mapfiles/kml/shapes/star.png</href></Icon></IconStyle><LineStyle><color>ff09b209</color><width>2.0</width></LineStyle><LabelStyle><scale>0.9</scale><color>ccffffff</color></LabelStyle></Style><Folder><name>NE7→SW3</name><Placemark><name>NE7 SW3 0</name><styleUrl>#s_3_0</styleUrl><ExtendedData><Data name="bin"><value>ES</value></Data><Data name="azimuth_deg"><value>-135.2341</value></Data><Data name="dist_to_target_m"><value>16114.594</value></Data></ExtendedData><Point><coordinates>-76.948649000,38.923788000,0</coordinates></Point></Placemark><Placemark><name>NE7 SW3 0 pointer</name><styleUrl>#s_3_0</styleUrl><LineString><tessellate>1</tessellate><coordinates>-76.948649000,38.923788000,0 -76.955191527,38.918634769,0</coordinates></LineString></Placemark><Placemark><name>NE7 SW3 1</name><styleUrl>#s_3_1</styleUrl><ExtendedData><Data name="bin"><value>ES</value></Data><Data name="azimuth_deg"><value>-135.2423</value></Data><Data name="dist_to_target_m"><value>14505.244</value></Data></ExtendedData><Point><coordinates>-76.961715982,38.913494660,0</coordinates></Point></Placemark><Placemark><name>NE7 SW3 1 pointer</name><styleUrl>#s_3_1</styleUrl><LineString><tessellate>1</tessellate><coordinates>-76.961715982,38.913494660,0 -76.967603453,38.908855427,0</coordinates></LineString></Placemark><Placemark><name>NE7 SW3 2</name><styleUrl>#s_3_2</styleUrl><ExtendedData><Data name="bin"><value>ES</value></Data><Data name="azimuth_deg"><value>-135.2505</value></Data><Data name="dist_to_target_m"><value>12895.894</value></Data></ExtendedData><Point><coordinates>-76.974779189,38.903199840,0</coordinates></Point></Placemark><Placemark><name>NE7 SW3 2 pointer</name><styleUrl>#s_3_2</styleUrl><LineString><tessellate>1</tessellate><coordinates>-76.974779189,38.903199840,0 -76.980011974,38.899074750,0</coordinates></LineString></Placemark><Placemark><name>NE7 SW3 3</name><styleUrl>#s_3_3</styleUrl><ExtendedData><Data name="bin"><value>ES</value></Data><Data name="azimuth_deg"><value>-135.2587</value></Data><Data name="dist_to_target_m"><value>11286.544</value></Data></ExtendedData><Point><coordinates>-76.987838624,38.892903540,0</coordinates></Point></Placemark><Placemark><name>NE7 SW3 3 pointer</name><styleUrl>#s_3_3</styleUrl><LineString><tessellate>1</tessellate><coordinates>-76.987838624,38.892903540,0 -76.992417091,38.889292737,0</coordinates></LineString></Placemark><Placemark><name>NE7 SW3 4</name><styleUrl>#s_3_4</styleUrl><ExtendedData><Data name="bin"><value>ES</value></Data><Data name="azimuth_deg"><value>-135.2669</value></Data><Data name="dist_to_target_m"><value>9677.194</value></Data></ExtendedData><Point><coordinates>-77.000894288,38.882605762,0</coordinates></Point></Placemark><Placemark><name>NE7 SW3 4 pointer</name><styleUrl>#s_3_4</styleUrl><LineString><tessellate>1</tessellate><coordinates>-77.000894288,38.882605762,0 -77.004818806,38.879509391,0</coordinates></LineString></Placemark><Placemark><name>NE7 SW3 5</name><styleUrl>#s_3_5</styleUrl><ExtendedData><Data name="bin"><value>ES</value></Data><Data name="azimuth_deg"><value>-135.2751</value></Data><Data name="dist_to_target_m"><value>8067.844</value></Data></ExtendedData><Point><coordinates>-77.013946183,38.872306507,0</coordinates></Point></Placemark><Placemark><name>NE7 SW3 5 pointer</name><styleUrl>#s_3_5</styleUrl><LineString><tessellate>1</tessellate><coordinates>-77.013946183,38.872306507,0 -77.017217120,38.869724712,0</coordinates></LineString></Placemark><Placemark><name>NE7 SW3 6</name><styleUrl>#s_3_6</styleUrl><ExtendedData><Data name="bin"><value>ES</value></Data><Data name="azimuth_deg"><value>-135.2833</value></Data><Data name="dist_to_target_m"><value>6458.494</value></Data></ExtendedData><Point><coordinates>-77.026994311,38.862005775,0</coordinates></Point></Placemark><Placemark><name>NE7 SW3 6 pointer</name><styleUrl>#s_3_6</styleUrl><LineString><tessellate>1</tessellate><coordinates>-77.026994311,38.862005775,0 -77.029612035,38.859938700,0</coordinates></LineString></Placemark><Placemark><name>NE7 SW3 7</name><styleUrl>#s_3_7</styleUrl><ExtendedData><Data name="bin"><value>ES</value></Data><Data name="azimuth_deg"><value>-135.2915</value></Data><Data name="dist_to_target_m"><value>4849.144</value></Data></ExtendedData><Point><coordinates>-77.040038675,38.851703568,0</coordinates></Point></Placemark><Placemark><name>NE7 SW3 7 pointer</name><styleUrl>#s_3_7</styleUrl><LineString><tessellate>1</tessellate><coordinates>-77.040038675,38.851703568,0 -77.042003552,38.850151357,0</coordinates></LineString></Placemark><Placemark><name>NE7 SW3 8</name><styleUrl>#s_3_8</styleUrl><ExtendedData><Data name="bin"><value>ES</value></Data><Data name="azimuth_deg"><value>-135.2997</value></Data><Data name="dist_to_target_m"><value>3239.794</value></Data></ExtendedData><Point><coordinates>-77.053079275,38.841399886,0</coordinates></Point></Placemark><Placemark><name>NE7 SW3 8 pointer</name><styleUrl>#s_3_8</styleUrl><LineString><tessellate>1</tessellate><coordinates>-77.053079275,38.841399886,0 -77.054391673,38.840362684,0</coordinates></LineString></Placemark><Placemark><name>NE7 SW3 9</name><styleUrl>#s_3_9</styleUrl><ExtendedData><Data name="bin"><value>ES</value></Data><Data name="azimuth_deg"><value>-135.3079</value></Data><Data name="dist_to_target_m"><value>1630.444</value></Data></ExtendedData><Point><coordinates>-77.066116115,38.831094731,0</coordinates></Point></Placemark><Placemark><name>NE7 SW3 9 pointer</name><styleUrl>#s_3_9</styleUrl><LineString><tessellate>1</tessellate><coordinates>-77.066116115,38.831094731,0 -77.066776401,38.830572680,0</coordinates></LineString></Placemark><Placemark><name>NE7 SW3 10</name><styleUrl>#s_3_10</styleUrl><ExtendedData><Data name="bin"><value>ES</value></Data><Data name="azimuth_deg"><value>-135.3160</value></Data><Data name="dist_to_target_m"><value>0.000</value></Data></ExtendedData><Point><coordinates>-77.079320000,38.820653000,0</coordinates></Point></Placemark></Folder><Style id="s_3_0"><IconStyle><color>fff20c7f</color><scale>1.0</scale><Icon><href>http://maps.google.com/mapfiles/kml/shapes/star.png</href></Icon></IconStyle><LineStyle><color>fff20c7f</color><width>2.0</width></LineStyle><LabelStyle><scale>0.9</scale><color>ccffffff</color></LabelStyle></Style><Style id="s_3_1"><IconStyle><color>ffec0c7c</color><scale>1.0</scale><Icon><href>http://maps.google.com/mapfiles/kml/shapes/triangle.png</href></Icon></IconStyle><LineStyle><color>ffec0c7c</color><width>2.0</width></LineStyle><LabelStyle><scale>0.9</scale><color>ccffffff</color></LabelStyle></Style><Style id="s_3_2"><IconStyle><color>ffe50b78</color><scale>1.0</scale><Icon><href>http://maps.google.com/mapfiles/kml/shapes/cross-hairs.png</href></Icon></IconStyle><LineStyle><color>ffe50b78</color><width>2.0</width></LineStyle><LabelStyle><scale>0.9</scale><color>ccffffff</color></LabelStyle></Style><Style id="s_3_3"><IconStyle><color>ffdf0b75</color><scale>1.0</scale><Icon><href>http://maps.google.com/mapfiles/kml/shapes/target.png</href></Icon></IconStyle><LineStyle><color>ffdf0b75</color><width>2.0</width></LineStyle><LabelStyle><scale>0.9</scale><color>ccffffff</color></LabelStyle></Style><Style id="s_3_4"><IconStyle><color>ffd90b72</color><scale>1.0</scale><Icon><href>http://maps.google.com/mapfiles/kml/shapes/open-diamond.png</href></Icon></IconStyle><LineStyle><color>ffd90b72</color><width>2.0</width></LineStyle><LabelStyle><scale>0.9</scale><color>ccffffff</color></LabelStyle></Style><Style id="s_3_5"><IconStyle><color>ffd20b6e</color><scale>1.0</scale><Icon><href>http://maps.google.com/mapfiles/kml/shapes/shaded_dot.png</href></Icon></IconStyle><LineStyle><color>ffd20b6e</color><width>2.0</width></LineStyle><LabelStyle><scale>0.9</scale><color>ccffffff</color></LabelStyle></Style><Style id="s_3_6"><IconStyle><color>ffcc0a6b</color><scale>1.0</scale><Icon><href>http://maps.google.com/mapfiles/kml/shapes/donut.png</href></Icon></IconStyle><LineStyle><color>ffcc0a6b</color><width>2.0</width></LineStyle><LabelStyle><scale>0.9</scale><color>ccffffff</color></LabelStyle></Style><Style id="s_3_7"><IconStyle><color>ffc60a68</color><scale>1.0</scale><Icon><href>http://maps.google.com/mapfiles/kml/shapes/square.png</href></Icon></IconStyle><LineStyle><color>ffc60a68</color><width>2.0</width></LineStyle><LabelStyle><scale>0.9</scale><color>ccffffff</color></LabelStyle></Style><Style id="s_3_8"><IconStyle><color>ffbf0a64</color><scale>1.0</scale><Icon><href>http://maps.google.com/mapfiles/kml/shapes/placemark_circle.png</href></Icon></IconStyle><LineStyle><color>ffbf0a64</color><width>2.0</width></LineStyle><LabelStyle><scale>0.9</scale><color>ccffffff</color></LabelStyle></Style><Style id="s_3_9"><IconStyle><color>ffb90961</color><scale>1.0</scale><Icon><href>http://maps.google.com/mapfiles/kml/shapes/placemark_square.png</href></Icon></IconStyle><LineStyle><color>ffb90961</color><width>2.0</width></LineStyle><LabelStyle><scale>0.9</scale><color>ccffffff</color></LabelStyle></Style><Style id="s_3_10"><IconStyle><color>ffb2095e</color><scale>1.0</scale><Icon><href>http://maps.google.com/mapfiles/kml/shapes/star.png</href></Icon></IconStyle><LineStyle><color>ffb2095e</color><width>2.0</width></LineStyle><LabelStyle><scale>0.9</scale><color>ccffffff</color></LabelStyle></Style><Folder><name>SW7→NE3</name><Placemark><name>SW7 NE3 0</name><styleUrl>#s_4_0</styleUrl><ExtendedData><Data name="bin"><value>WN</value></Data><Data name="azimuth_deg"><value>44.8118</value></Data><Data name="dist_to_target_m"><value>16113.859</value></Data></ExtendedData><Point><coordinates>-77.132726000,38.862372000,0</coordinates></Point></Placemark><Placemark><name>SW7 NE3 0 pointer</name><styleUrl>#s_4_0</styleUrl><LineString><tessellate>1</tessellate><coordinates>-77.132726000,38.862372000,0 -77.126183181,38.867520583,0</coordinates></LineString></Placemark><Placemark><name>SW7 NE3 1</name><styleUrl>#s_4_1</styleUrl><ExtendedData><Data name="bin"><value>WN</value></Data><Data name="azimuth_deg"><value>44.8200</value></Data><Data name="dist_to_target_m"><value>14504.509</value></Data></ExtendedData><Point><coordinates>-77.119655955,38.872655785,0</coordinates></Point></Placemark><Placemark><name>SW7 NE3 1 pointer</name><styleUrl>#s_4_1</styleUrl><LineString><tessellate>1</tessellate><coordinates>-77.119655955,38.872655785,0 -77.113764936,38.877289510,0</coordinates></LineString></Placemark><Placemark><name>SW7 NE3 2</name><styleUrl>#s_4_2</styleUrl><ExtendedData><Data name="bin"><value>WN</value></Data><Data name="azimuth_deg"><value>44.8282</value></Data><Data name="dist_to_target_m"><value>12895.159</value></Data></ExtendedData><Point><coordinates>-77.106582142,38.882938090,0</coordinates></Point></Placemark><Placemark><name>SW7 NE3 2 pointer</name><styleUrl>#s_4_2</styleUrl><LineString><tessellate>1</tessellate><coordinates>-77.106582142,38.882938090,0 -77.101343290,38.887057099,0</coordinates></LineString></Placemark><Placemark><name>SW7 NE3 3</name><styleUrl>#s_4_3</styleUrl><ExtendedData><Data name="bin"><value>WN</value></Data><Data name="azimuth_deg"><value>44.8364</value></Data><Data name="dist_to_target_m"><value>11285.809</value></Data></ExtendedData><Point><coordinates>-77.093504561,38.893218911,0</coordinates></Point></Placemark><Placemark><name>SW7 NE3 3 pointer</name><styleUrl>#s_4_3</styleUrl><LineString><tessellate>1</tessellate><coordinates>-77.093504561,38.893218911,0 -77.088918242,38.896823351,0</coordinates></LineString></Placemark><Placemark><name>SW7 NE3 4</name><styleUrl>#s_4_4</styleUrl><ExtendedData><Data name="bin"><value>WN</value></Data><Data name="azimuth_deg"><value>44.8446</value></Data><Data name="dist_to_target_m"><value>9676.459</value></Data></ExtendedData><Point><coordinates>-77.080423208,38.903498250,0</coordinates></Point></Placemark><Placemark><name>SW7 NE3 4 pointer</name><styleUrl>#s_4_4</styleUrl><LineString><tessellate>1</tessellate><coordinates>-77.080423208,38.903498250,0 -77.076489791,38.906588264,0</coordinates></LineString></Placemark><Placemark><name>SW7 NE3 5</name><styleUrl>#s_4_5</styleUrl><ExtendedData><Data name="bin"><value>WN</value></Data><Data name="azimuth_deg"><value>44.8528</value></Data><Data name="dist_to_target_m"><value>8067.109</value></Data></ExtendedData><Point><coordinates>-77.067338083,38.913776105,0</coordinates></Point></Placemark><Placemark><name>SW7 NE3 5 pointer</name><styleUrl>#s_4_5</styleUrl><LineString><tessellate>1</tessellate><coordinates>-77.067338083,38.913776105,0 -77.064057934,38.916351837,0</coordinates></LineString></Placemark><Placemark><name>SW7 NE3 6</name><styleUrl>#s_4_6</styleUrl><ExtendedData><Data name="bin"><value>WN</value></Data><Data name="azimuth_deg"><value>44.8610</value></Data><Data name="dist_to_target_m"><value>6457.759</value></Data></ExtendedData><Point><coordinates>-77.054249184,38.924052474,0</coordinates></Point></Placemark><Placemark><name>SW7 NE3 6 pointer</name><styleUrl>#s_4_6</styleUrl><LineString><tessellate>1</tessellate><coordinates>-77.054249184,38.924052474,0 -77.051622670,38.926114069,0</coordinates></LineString></Placemark><Placemark><name>SW7 NE3 7</name><styleUrl>#s_4_7</styleUrl><ExtendedData><Data name="bin"><value>WN</value></Data><Data name="azimuth_deg"><value>44.8693</value></Data><Data name="dist_to_target_m"><value>4848.409</value></Data></ExtendedData><Point><coordinates>-77.041156507,38.934327357,0</coordinates></Point></Placemark><Placemark><name>SW7 NE3 7 pointer</name><styleUrl>#s_4_7</styleUrl><LineString><tessellate>1</tessellate><coordinates>-77.041156507,38.934327357,0 -77.039183997,38.935874960,0</coordinates></LineString></Placemark><Placemark><name>SW7 NE3 8</name><styleUrl>#s_4_8</styleUrl><ExtendedData><Data name="bin"><value>WN</value></Data><Data name="azimuth_deg"><value>44.8775</value></Data><Data name="dist_to_target_m"><value>3239.059</value></Data></ExtendedData><Point><coordinates>-77.028060053,38.944600754,0</coordinates></Point></Placemark><Placemark><name>SW7 NE3 8 pointer</name><styleUrl>#s_4_8</styleUrl><LineString><tessellate>1</tessellate><coordinates>-77.028060053,38.944600754,0 -77.026741914,38.945634509,0</coordinates></LineString></Placemark><Placemark><name>SW7 NE3 9</name><styleUrl>#s_4_9</styleUrl><ExtendedData><Data name="bin"><value>WN</value></Data><Data name="azimuth_deg"><value>44.8857</value></Data><Data name="dist_to_target_m"><value>1629.709</value></Data></ExtendedData><Point><coordinates>-77.014959817,38.954872662,0</coordinates></Point></Placemark><Placemark><name>SW7 NE3 9 pointer</name><styleUrl>#s_4_9</styleUrl><LineString><tessellate>1</tessellate><coordinates>-77.014959817,38.954872662,0 -77.014296418,38.955392715,0</coordinates></LineString></Placemark><Placemark><name>SW7 NE3 10</name><styleUrl>#s_4_10</styleUrl><ExtendedData><Data name="bin"><value>WN</value></Data><Data name="azimuth_deg"><value>44.8940</value></Data><Data name="dist_to_target_m"><value>0.000</value></Data></ExtendedData><Point><coordinates>-77.001690000,38.965273000,0</coordinates></Point></Placemark></Folder><Style id="s_4_0"><IconStyle><color>ff0cf20c</color><scale>1.0</scale><Icon><href>http://maps.google.com/mapfiles/kml/shapes/star.png</href></Icon></IconStyle><LineStyle><color>ff0cf20c</color><width>2.0</width></LineStyle><LabelStyle><scale>0.9</scale><color>ccffffff</color></LabelStyle></Style><Style id="s_4_1"><IconStyle><color>ff0cec0c</color><scale>1.0</scale><Icon><href>http://maps.google.com/mapfiles/kml/shapes/triangle.png</href></Icon></IconStyle><LineStyle><color>ff0cec0c</color><width>2.0</width></LineStyle><LabelStyle><scale>0.9</scale><color>ccffffff</color></LabelStyle></Style><Style id="s_4_2"><IconStyle><color>ff0be50b</color><scale>1.0</scale><Icon><href>http://maps.google.com/mapfiles/kml/shapes/cross-hairs.png</href></Icon></IconStyle><LineStyle><color>ff0be50b</color><width>2.0</width></LineStyle><LabelStyle><scale>0.9</scale><color>ccffffff</color></LabelStyle></Style><Style id="s_4_3"><IconStyle><color>ff0bdf0b</color><scale>1.0</scale><Icon><href>http://maps.google.com/mapfiles/kml/shapes/target.png</href></Icon></IconStyle><LineStyle><color>ff0bdf0b</color><width>2.0</width></LineStyle><LabelStyle><scale>0.9</scale><color>ccffffff</color></LabelStyle></Style><Style id="s_4_4"><IconStyle><color>ff0bd90b</color><scale>1.0</scale><Icon><href>http://maps.google.com/mapfiles/kml/shapes/open-diamond.png</href></Icon></IconStyle><LineStyle><color>ff0bd90b</color><width>2.0</width></LineStyle><LabelStyle><scale>0.9</scale><color>ccffffff</color></LabelStyle></Style><Style id="s_4_5"><IconStyle><color>ff0bd20b</color><scale>1.0</scale><Icon><href>http://maps.google.com/mapfiles/kml/shapes/shaded_dot.png</href></Icon></IconStyle><LineStyle><color>ff0bd20b</color><width>2.0</width></LineStyle><LabelStyle><scale>0.9</scale><color>ccffffff</color></LabelStyle></Style><Style id="s_4_6"><IconStyle><color>ff0acc0a</color><scale>1.0</scale><Icon><href>http://maps.google.com/mapfiles/kml/shapes/donut.png</href></Icon></IconStyle><LineStyle><color>ff0acc0a</color><width>2.0</width></LineStyle><LabelStyle><scale>0.9</scale><color>ccffffff</color></LabelStyle></Style><Style id="s_4_7"><IconStyle><color>ff0ac60a</color><scale>1.0</scale><Icon><href>http://maps.google.com/mapfiles/kml/shapes/square.png</href></Icon></IconStyle><LineStyle><color>ff0ac60a</color><width>2.0</width></LineStyle><LabelStyle><scale>0.9</scale><color>ccffffff</color></LabelStyle></Style><Style id="s_4_8"><IconStyle><color>ff0abf0a</color><scale>1.0</scale><Icon><href>http://maps.google.com/mapfiles/kml/shapes/placemark_circle.png</href></Icon></IconStyle><LineStyle><color>ff0abf0a</color><width>2.0</width></LineStyle><LabelStyle><scale>0.9</scale><color>ccffffff</color></LabelStyle></Style><Style id="s_4_9"><IconStyle><color>ff09b909</color><scale>1.0</scale><Icon><href>http://maps.google.com/mapfiles/kml/shapes/placemark_square.png</href></Icon></IconStyle><LineStyle><color>ff09b909</color><width>2.0</width></LineStyle><LabelStyle><scale>0.9</scale><color>ccffffff</color></LabelStyle></Style><Style id="s_4_10"><IconStyle><color>ff09b209</color><scale>1.0</scale><Icon><href>http://maps.google.com/mapfiles/kml/shapes/star.png</href></Icon></IconStyle><LineStyle><color>ff09b209</color><width>2.0</width></LineStyle><LabelStyle><scale>0.9</scale><color>ccffffff</color></LabelStyle></Style><Folder><name>NE3→SW7</name><Placemark><name>NE3 SW7 0</name><styleUrl>#s_5_0</styleUrl><ExtendedData><Data name="bin"><value>ES</value></Data><Data name="azimuth_deg"><value>-135.1059</value></Data><Data name="dist_to_target_m"><value>16113.859</value></Data></ExtendedData><Point><coordinates>-77.001690000,38.965273000,0</coordinates></Point></Placemark><Placemark><name>NE3 SW7 0 pointer</name><styleUrl>#s_5_0</styleUrl><LineString><tessellate>1</tessellate><coordinates>-77.001690000,38.965273000,0 -77.008250795,38.960131490,0</coordinates></LineString></Placemark><Placemark><name>NE3 SW7 1</name><styleUrl>#s_5_1</styleUrl><ExtendedData><Data name="bin"><value>ES</value></Data><Data name="azimuth_deg"><value>-135.1142</value></Data><Data name="dist_to_target_m"><value>14504.509</value></Data></ExtendedData><Point><coordinates>-77.014794066,38.955002599,0</coordinates></Point></Placemark><Placemark><name>NE3 SW7 1 pointer</name><styleUrl>#s_5_1</styleUrl><LineString><tessellate>1</tessellate><coordinates>-77.014794066,38.955002599,0 -77.020697948,38.950373936,0</coordinates></LineString></Placemark><Placemark><name>NE3 SW7 2</name><styleUrl>#s_5_2</styleUrl><ExtendedData><Data name="bin"><value>ES</value></Data><Data name="azimuth_deg"><value>-135.1224</value></Data><Data name="dist_to_target_m"><value>12895.159</value></Data></ExtendedData><Point><coordinates>-77.027894349,38.944730710,0</coordinates></Point></Placemark><Placemark><name>NE3 SW7 2 pointer</name><styleUrl>#s_5_2</styleUrl><LineString><tessellate>1</tessellate><coordinates>-77.027894349,38.944730710,0 -77.033141688,38.940615039,0</coordinates></LineString></Placemark><Placemark><name>NE3 SW7 3</name><styleUrl>#s_5_3</styleUrl><ExtendedData><Data name="bin"><value>ES</value></Data><Data name="azimuth_deg"><value>-135.1306</value></Data><Data name="dist_to_target_m"><value>11285.809</value></Data></ExtendedData><Point><coordinates>-77.040990852,38.934457332,0</coordinates></Point></Placemark><Placemark><name>NE3 SW7 3 pointer</name><styleUrl>#s_5_3</styleUrl><LineString><tessellate>1</tessellate><coordinates>-77.040990852,38.934457332,0 -77.045582017,38.930854800,0</coordinates></LineString></Placemark><Placemark><name>NE3 SW7 4</name><styleUrl>#s_5_4</styleUrl><ExtendedData><Data name="bin"><value>ES</value></Data><Data name="azimuth_deg"><value>-135.1388</value></Data><Data name="dist_to_target_m"><value>9676.459</value></Data></ExtendedData><Point><coordinates>-77.054083576,38.924182468,0</coordinates></Point></Placemark><Placemark><name>NE3 SW7 4 pointer</name><styleUrl>#s_5_4</styleUrl><LineString><tessellate>1</tessellate><coordinates>-77.054083576,38.924182468,0 -77.058018936,38.921093219,0</coordinates></LineString></Placemark><Placemark><name>NE3 SW7 5</name><styleUrl>#s_5_5</styleUrl><ExtendedData><Data name="bin"><value>ES</value></Data><Data name="azimuth_deg"><value>-135.1471</value></Data><Data name="dist_to_target_m"><value>8067.109</value></Data></ExtendedData><Point><coordinates>-77.067172523,38.913906117,0</coordinates></Point></Placemark><Placemark><name>NE3 SW7 5 pointer</name><styleUrl>#s_5_5</styleUrl><LineString><tessellate>1</tessellate><coordinates>-77.067172523,38.913906117,0 -77.070452448,38.911330297,0</coordinates></LineString></Placemark><Placemark><name>NE3 SW7 6</name><styleUrl>#s_5_6</styleUrl><ExtendedData><Data name="bin"><value>ES</value></Data><Data name="azimuth_deg"><value>-135.1553</value></Data><Data name="dist_to_target_m"><value>6457.759</value></Data></ExtendedData><Point><coordinates>-77.080257696,38.903628282,0</coordinates></Point></Placemark><Placemark><name>NE3 SW7 6 pointer</name><styleUrl>#s_5_6</styleUrl><LineString><tessellate>1</tessellate><coordinates>-77.080257696,38.903628282,0 -77.082882553,38.901566034,0</coordinates></LineString></Placemark><Placemark><name>NE3 SW7 7</name><styleUrl>#s_5_7</styleUrl><ExtendedData><Data name="bin"><value>ES</value></Data><Data name="azimuth_deg"><value>-135.1635</value></Data><Data name="dist_to_target_m"><value>4848.409</value></Data></ExtendedData><Point><coordinates>-77.093339096,38.893348962,0</coordinates></Point></Placemark><Placemark><name>NE3 SW7 7 pointer</name><styleUrl>#s_5_7</styleUrl><LineString><tessellate>1</tessellate><coordinates>-77.093339096,38.893348962,0 -77.095309254,38.891800433,0</coordinates></LineString></Placemark><Placemark><name>NE3 SW7 8</name><styleUrl>#s_5_8</styleUrl><ExtendedData><Data name="bin"><value>ES</value></Data><Data name="azimuth_deg"><value>-135.1717</value></Data><Data name="dist_to_target_m"><value>3239.059</value></Data></ExtendedData><Point><coordinates>-77.106416725,38.883068158,0</coordinates></Point></Placemark><Placemark><name>NE3 SW7 8 pointer</name><styleUrl>#s_5_8</styleUrl><LineString><tessellate>1</tessellate><coordinates>-77.106416725,38.883068158,0 -77.107732551,38.882033493,0</coordinates></LineString></Placemark><Placemark><name>NE3 SW7 9</name><styleUrl>#s_5_9</styleUrl><ExtendedData><Data name="bin"><value>ES</value></Data><Data name="azimuth_deg"><value>-135.1799</value></Data><Data name="dist_to_target_m"><value>1629.709</value></Data></ExtendedData><Point><coordinates>-77.119490585,38.872785873,0</coordinates></Point></Placemark><Placemark><name>NE3 SW7 9 pointer</name><styleUrl>#s_5_9</styleUrl><LineString><tessellate>1</tessellate><coordinates>-77.119490585,38.872785873,0 -77.120152448,38.872265215,0</coordinates></LineString></Placemark><Placemark><name>NE3 SW7 10</name><styleUrl>#s_5_10</styleUrl><ExtendedData><Data name="bin"><value>ES</value></Data><Data name="azimuth_deg"><value>-135.1881</value></Data><Data name="dist_to_target_m"><value>0.000</value></Data></ExtendedData><Point><coordinates>-77.132726000,38.862372000,0</coordinates></Point></Placemark></Folder><Style id="s_5_0"><IconStyle><color>fff20c7f</color><scale>1.0</scale><Icon><href>http://maps.google.com/mapfiles/kml/shapes/star.png</href></Icon></IconStyle><LineStyle><color>fff20c7f</color><width>2.0</width></LineStyle><LabelStyle><scale>0.9</scale><color>ccffffff</color></LabelStyle></Style><Style id="s_5_1"><IconStyle><color>ffec0c7c</color><scale>1.0</scale><Icon><href>http://maps.google.com/mapfiles/kml/shapes/triangle.png</href></Icon></IconStyle><LineStyle><color>ffec0c7c</color><width>2.0</width></LineStyle><LabelStyle><scale>0.9</scale><color>ccffffff</color></LabelStyle></Style><Style id="s_5_2"><IconStyle><color>ffe50b78</color><scale>1.0</scale><Icon><href>http://maps.google.com/mapfiles/kml/shapes/cross-hairs.png</href></Icon></IconStyle><LineStyle><color>ffe50b78</color><width>2.0</width></LineStyle><LabelStyle><scale>0.9</scale><color>ccffffff</color></LabelStyle></Style><Style id="s_5_3"><IconStyle><color>ffdf0b75</color><scale>1.0</scale><Icon><href>http://maps.google.com/mapfiles/kml/shapes/target.png</href></Icon></IconStyle><LineStyle><color>ffdf0b75</color><width>2.0</width></LineStyle><LabelStyle><scale>0.9</scale><color>ccffffff</color></LabelStyle></Style><Style id="s_5_4"><IconStyle><color>ffd90b72</color><scale>1.0</scale><Icon><href>http://maps.google.com/mapfiles/kml/shapes/open-diamond.png</href></Icon></IconStyle><LineStyle><color>ffd90b72</color><width>2.0</width></LineStyle><LabelStyle><scale>0.9</scale><color>ccffffff</color></LabelStyle></Style><Style id="s_5_5"><IconStyle><color>ffd20b6e</color><scale>1.0</scale><Icon><href>http://maps.google.com/mapfiles/kml/shapes/shaded_dot.png</href></Icon></IconStyle><LineStyle><color>ffd20b6e</color><width>2.0</width></LineStyle><LabelStyle><scale>0.9</scale><color>ccffffff</color></LabelStyle></Style><Style id="s_5_6"><IconStyle><color>ffcc0a6b</color><scale>1.0</scale><Icon><href>http://maps.google.com/mapfiles/kml/shapes/donut.png</href></Icon></IconStyle><LineStyle><color>ffcc0a6b</color><width>2.0</width></LineStyle><LabelStyle><scale>0.9</scale><color>ccffffff</color></LabelStyle></Style><Style id="s_5_7"><IconStyle><color>ffc60a68</color><scale>1.0</scale><Icon><href>http://maps.google.com/mapfiles/kml/shapes/square.png</href></Icon></IconStyle><LineStyle><color>ffc60a68</color><width>2.0</width></LineStyle><LabelStyle><scale>0.9</scale><color>ccffffff</color></LabelStyle></Style><Style id="s_5_8"><IconStyle><color>ffbf0a64</color><scale>1.0</scale><Icon><href>http://maps.google.com/mapfiles/kml/shapes/placemark_circle.png</href></Icon></IconStyle><LineStyle><color>ffbf0a64</color><width>2.0</width></LineStyle><LabelStyle><scale>0.9</scale><color>ccffffff</color></LabelStyle></Style><Style id="s_5_9"><IconStyle><color>ffb90961</color><scale>1.0</scale><Icon><href>http://maps.google.com/mapfiles/kml/shapes/placemark_square.png</href></Icon></IconStyle><LineStyle><color>ffb90961</color><width>2.0</width></LineStyle><LabelStyle><scale>0.9</scale><color>ccffffff</color></LabelStyle></Style><Style id="s_5_10"><IconStyle><color>ffb2095e</color><scale>1.0</scale><Icon><href>http://maps.google.com/mapfiles/kml/shapes/star.png</href></Icon></IconStyle><LineStyle><color>ffb2095e</color><width>2.0</width></LineStyle><LabelStyle><scale>0.9</scale><color>ccffffff</color></LabelStyle></Style><Folder><name>SW9→NE1</name><Placemark><name>SW9 NE1 0</name><styleUrl>#s_6_0</styleUrl><ExtendedData><Data name="bin"><value>WN</value></Data><Data name="azimuth_deg"><value>44.9337</value></Data><Data name="dist_to_target_m"><value>16113.012</value></Data></ExtendedData><Point><coordinates>-77.159090000,38.882943000,0</coordinates></Point></Placemark><Placemark><name>SW9 NE1 0 pointer</name><styleUrl>#s_6_0</styleUrl><LineString><tessellate>1</tessellate><coordinates>-77.159090000,38.882943000,0 -77.152531639,38.888080400,0</coordinates></LineString></Placemark><Placemark><name>SW9 NE1 1</name><styleUrl>#s_6_1</styleUrl><ExtendedData><Data name="bin"><value>WN</value></Data><Data name="azimuth_deg"><value>44.9419</value></Data><Data name="dist_to_target_m"><value>14503.662</value></Data></ExtendedData><Point><coordinates>-77.145988221,38.893204985,0</coordinates></Point></Placemark><Placemark><name>SW9 NE1 1 pointer</name><styleUrl>#s_6_1</styleUrl><LineString><tessellate>1</tessellate><coordinates>-77.145988221,38.893204985,0 -77.140083245,38.897828613,0</coordinates></LineString></Placemark><Placemark><name>SW9 NE1 2</name><styleUrl>#s_6_2</styleUrl><ExtendedData><Data name="bin"><value>WN</value></Data><Data name="azimuth_deg"><value>44.9501</value></Data><Data name="dist_to_target_m"><value>12894.312</value></Data></ExtendedData><Point><coordinates>-77.132882671,38.903465482,0</coordinates></Point></Placemark><Placemark><name>SW9 NE1 2 pointer</name><styleUrl>#s_6_2</styleUrl><LineString><tessellate>1</tessellate><coordinates>-77.132882671,38.903465482,0 -77.127631448,38.907575483,0</coordinates></LineString></Placemark><Placemark><name>SW9 NE1 3</name><styleUrl>#s_6_3</styleUrl><ExtendedData><Data name="bin"><value>WN</value></Data><Data name="azimuth_deg"><value>44.9584</value></Data><Data name="dist_to_target_m"><value>11284.962</value></Data></ExtendedData><Point><coordinates>-77.119773348,38.913724489,0</coordinates></Point></Placemark><Placemark><name>SW9 NE1 3 pointer</name><styleUrl>#s_6_3</styleUrl><LineString><tessellate>1</tessellate><coordinates>-77.119773348,38.913724489,0 -77.115176244,38.917321008,0</coordinates></LineString></Placemark><Placemark><name>SW9 NE1 4</name><styleUrl>#s_6_4</styleUrl><ExtendedData><Data name="bin"><value>WN</value></Data><Data name="azimuth_deg"><value>44.9666</value></Data><Data name="dist_to_target_m"><value>9675.612</value></Data></ExtendedData><Point><coordinates>-77.106660250,38.923982005,0</coordinates></Point></Placemark><Placemark><name>SW9 NE1 4 pointer</name><styleUrl>#s_6_4</styleUrl><LineString><tessellate>1</tessellate><coordinates>-77.106660250,38.923982005,0 -77.102717633,38.927065187,0</coordinates></LineString></Placemark><Placemark><name>SW9 NE1 5</name><styleUrl>#s_6_5</styleUrl><ExtendedData><Data name="bin"><value>WN</value></Data><Data name="azimuth_deg"><value>44.9748</value></Data><Data name="dist_to_target_m"><value>8066.262</value></Data></ExtendedData><Point><coordinates>-77.093543376,38.934238031,0</coordinates></Point></Placemark><Placemark><name>SW9 NE1 5 pointer</name><styleUrl>#s_6_5</styleUrl><LineString><tessellate>1</tessellate><coordinates>-77.093543376,38.934238031,0 -77.090255614,38.936808020,0</coordinates></LineString></Placemark><Placemark><name>SW9 NE1 6</name><styleUrl>#s_6_6</styleUrl><ExtendedData><Data name="bin"><value>WN</value></Data><Data name="azimuth_deg"><value>44.9831</value></Data><Data name="dist_to_target_m"><value>6456.912</value></Data></ExtendedData><Point><coordinates>-77.080422723,38.944492563,0</coordinates></Point></Placemark><Placemark><name>SW9 NE1 6 pointer</name><styleUrl>#s_6_6</styleUrl><LineString><tessellate>1</tessellate><coordinates>-77.080422723,38.944492563,0 -77.077790183,38.946549507,0</coordinates></LineString></Placemark><Placemark><name>SW9 NE1 7</name><styleUrl>#s_6_7</styleUrl><ExtendedData><Data name="bin"><value>WN</value></Data><Data name="azimuth_deg"><value>44.9913</value></Data><Data name="dist_to_target_m"><value>4847.562</value></Data></ExtendedData><Point><coordinates>-77.067298290,38.954745603,0</coordinates></Point></Placemark><Placemark><name>SW9 NE1 7 pointer</name><styleUrl>#s_6_7</styleUrl><LineString><tessellate>1</tessellate><coordinates>-77.067298290,38.954745603,0 -77.065321341,38.956289645,0</coordinates></LineString></Placemark><Placemark><name>SW9 NE1 8</name><styleUrl>#s_6_8</styleUrl><ExtendedData><Data name="bin"><value>WN</value></Data><Data name="azimuth_deg"><value>44.9996</value></Data><Data name="dist_to_target_m"><value>3238.212</value></Data></ExtendedData><Point><coordinates>-77.054170074,38.964997148,0</coordinates></Point></Placemark><Placemark><name>SW9 NE1 8 pointer</name><styleUrl>#s_6_8</styleUrl><LineString><tessellate>1</tessellate><coordinates>-77.054170074,38.964997148,0 -77.052849084,38.966028434,0</coordinates></LineString></Placemark><Placemark><name>SW9 NE1 9</name><styleUrl>#s_6_9</styleUrl><ExtendedData><Data name="bin"><value>WN</value></Data><Data name="azimuth_deg"><value>45.0079</value></Data><Data name="dist_to_target_m"><value>1628.862</value></Data></ExtendedData><Point><coordinates>-77.041038074,38.975247198,0</coordinates></Point></Placemark><Placemark><name>SW9 NE1 9 pointer</name><styleUrl>#s_6_9</styleUrl><LineString><tessellate>1</tessellate><coordinates>-77.041038074,38.975247198,0 -77.040373412,38.975765874,0</coordinates></LineString></Placemark><Placemark><name>SW9 NE1 10</name><styleUrl>#s_6_10</styleUrl><ExtendedData><Data name="bin"><value>WN</value></Data><Data name="azimuth_deg"><value>45.0161</value></Data><Data name="dist_to_target_m"><value>0.000</value></Data></ExtendedData><Point><coordinates>-77.027743000,38.985620000,0</coordinates></Point></Placemark></Folder><Style id="s_6_0"><IconStyle><color>ff0cf20c</color><scale>1.0</scale><Icon><href>http://maps.google.com/mapfiles/kml/shapes/star.png</href></Icon></IconStyle><LineStyle><color>ff0cf20c</color><width>2.0</width></LineStyle><LabelStyle><scale>0.9</scale><color>ccffffff</color></LabelStyle></Style><Style id="s_6_1"><IconStyle><color>ff0cec0c</color><scale>1.0</scale><Icon><href>http://maps.google.com/mapfiles/kml/shapes/triangle.png</href></Icon></IconStyle><LineStyle><color>ff0cec0c</color><width>2.0</width></LineStyle><LabelStyle><scale>0.9</scale><color>ccffffff</color></LabelStyle></Style><Style id="s_6_2"><IconStyle><color>ff0be50b</color><scale>1.0</scale><Icon><href>http://maps.google.com/mapfiles/kml/shapes/cross-hairs.png</href></Icon></IconStyle><LineStyle><color>ff0be50b</color><width>2.0</width></LineStyle><LabelStyle><scale>0.9</scale><color>ccffffff</color></LabelStyle></Style><Style id="s_6_3"><IconStyle><color>ff0bdf0b</color><scale>1.0</scale><Icon><href>http://maps.google.com/mapfiles/kml/shapes/target.png</href></Icon></IconStyle><LineStyle><color>ff0bdf0b</color><width>2.0</width></LineStyle><LabelStyle><scale>0.9</scale><color>ccffffff</color></LabelStyle></Style><Style id="s_6_4"><IconStyle><color>ff0bd90b</color><scale>1.0</scale><Icon><href>http://maps.google.com/mapfiles/kml/shapes/open-diamond.png</href></Icon></IconStyle><LineStyle><color>ff0bd90b</color><width>2.0</width></LineStyle><LabelStyle><scale>0.9</scale><color>ccffffff</color></LabelStyle></Style><Style id="s_6_5"><IconStyle><color>ff0bd20b</color><scale>1.0</scale><Icon><href>http://maps.google.com/mapfiles/kml/shapes/shaded_dot.png</href></Icon></IconStyle><LineStyle><color>ff0bd20b</color><width>2.0</width></LineStyle><LabelStyle><scale>0.9</scale><color>ccffffff</color></LabelStyle></Style><Style id="s_6_6"><IconStyle><color>ff0acc0a</color><scale>1.0</scale><Icon><href>http://maps.google.com/mapfiles/kml/shapes/donut.png</href></Icon></IconStyle><LineStyle><color>ff0acc0a</color><width>2.0</width></LineStyle><LabelStyle><scale>0.9</scale><color>ccffffff</color></LabelStyle></Style><Style id="s_6_7"><IconStyle><color>ff0ac60a</color><scale>1.0</scale><Icon><href>http://maps.google.com/mapfiles/kml/shapes/square.png</href></Icon></IconStyle><LineStyle><color>ff0ac60a</color><width>2.0</width></LineStyle><LabelStyle><scale>0.9</scale><color>ccffffff</color></LabelStyle></Style><Style id="s_6_8"><IconStyle><color>ff0abf0a</color><scale>1.0</scale><Icon><href>http://maps.google.com/mapfiles/kml/shapes/placemark_circle.png</href></Icon></IconStyle><LineStyle><color>ff0abf0a</color><width>2.0</width></LineStyle><LabelStyle><scale>0.9</scale><color>ccffffff</color></LabelStyle></Style><Style id="s_6_9"><IconStyle><color>ff09b909</color><scale>1.0</scale><Icon><href>http://maps.google.com/mapfiles/kml/shapes/placemark_square.png</href></Icon></IconStyle><LineStyle><color>ff09b909</color><width>2.0</width></LineStyle><LabelStyle><scale>0.9</scale><color>ccffffff</color></LabelStyle></Style><Style id="s_6_10"><IconStyle><color>ff09b209</color><scale>1.0</scale><Icon><href>http://maps.google.com/mapfiles/kml/shapes/star.png</href></Icon></IconStyle><LineStyle><color>ff09b209</color><width>2.0</width></LineStyle><LabelStyle><scale>0.9</scale><color>ccffffff</color></LabelStyle></Style><Folder><name>NE1→SW9</name><Placemark><name>NE1 SW9 0</name><styleUrl>#s_7_0</styleUrl><ExtendedData><Data name="bin"><value>ES</value></Data><Data name="azimuth_deg"><value>-134.9838</value></Data><Data name="dist_to_target_m"><value>16113.012</value></Data></ExtendedData><Point><coordinates>-77.027743000,38.985620000,0</coordinates></Point></Placemark><Placemark><name>NE1 SW9 0 pointer</name><styleUrl>#s_7_0</styleUrl><LineString><tessellate>1</tessellate><coordinates>-77.027743000,38.985620000,0 -77.034319353,38.980489706,0</coordinates></LineString></Placemark><Placemark><name>NE1 SW9 1</name><styleUrl>#s_7_1</styleUrl><ExtendedData><Data name="bin"><value>ES</value></Data><Data name="azimuth_deg"><value>-134.9920</value></Data><Data name="dist_to_target_m"><value>14503.662</value></Data></ExtendedData><Point><coordinates>-77.040878832,38.975371465,0</coordinates></Point></Placemark><Placemark><name>NE1 SW9 1 pointer</name><styleUrl>#s_7_1</styleUrl><LineString><tessellate>1</tessellate><coordinates>-77.040878832,38.975371465,0 -77.046796683,38.970752922,0</coordinates></LineString></Placemark><Placemark><name>NE1 SW9 2</name><styleUrl>#s_7_2</styleUrl><ExtendedData><Data name="bin"><value>ES</value></Data><Data name="azimuth_deg"><value>-135.0003</value></Data><Data name="dist_to_target_m"><value>12894.312</value></Data></ExtendedData><Point><coordinates>-77.054010879,38.965121433,0</coordinates></Point></Placemark><Placemark><name>NE1 SW9 2 pointer</name><styleUrl>#s_7_2</styleUrl><LineString><tessellate>1</tessellate><coordinates>-77.054010879,38.965121433,0 -77.059270596,38.961014787,0</coordinates></LineString></Placemark><Placemark><name>NE1 SW9 3</name><styleUrl>#s_7_3</styleUrl><ExtendedData><Data name="bin"><value>ES</value></Data><Data name="azimuth_deg"><value>-135.0086</value></Data><Data name="dist_to_target_m"><value>11284.962</value></Data></ExtendedData><Point><coordinates>-77.067139140,38.954869906,0</coordinates></Point></Placemark><Placemark><name>NE1 SW9 3 pointer</name><styleUrl>#s_7_3</styleUrl><LineString><tessellate>1</tessellate><coordinates>-77.067139140,38.954869906,0 -77.071741095,38.951275303,0</coordinates></LineString></Placemark><Placemark><name>NE1 SW9 4</name><styleUrl>#s_7_4</styleUrl><ExtendedData><Data name="bin"><value>ES</value></Data><Data name="azimuth_deg"><value>-135.0168</value></Data><Data name="dist_to_target_m"><value>9675.612</value></Data></ExtendedData><Point><coordinates>-77.080263620,38.944616884,0</coordinates></Point></Placemark><Placemark><name>NE1 SW9 4 pointer</name><styleUrl>#s_7_4</styleUrl><LineString><tessellate>1</tessellate><coordinates>-77.080263620,38.944616884,0 -77.084208181,38.941534471,0</coordinates></LineString></Placemark><Placemark><name>NE1 SW9 5</name><styleUrl>#s_7_5</styleUrl><ExtendedData><Data name="bin"><value>ES</value></Data><Data name="azimuth_deg"><value>-135.0251</value></Data><Data name="dist_to_target_m"><value>8066.262</value></Data></ExtendedData><Point><coordinates>-77.093384318,38.934362370,0</coordinates></Point></Placemark><Placemark><name>NE1 SW9 5 pointer</name><styleUrl>#s_7_5</styleUrl><LineString><tessellate>1</tessellate><coordinates>-77.093384318,38.934362370,0 -77.096671855,38.931792291,0</coordinates></LineString></Placemark><Placemark><name>NE1 SW9 6</name><styleUrl>#s_7_6</styleUrl><ExtendedData><Data name="bin"><value>ES</value></Data><Data name="azimuth_deg"><value>-135.0333</value></Data><Data name="dist_to_target_m"><value>6456.912</value></Data></ExtendedData><Point><coordinates>-77.106501238,38.924106363,0</coordinates></Point></Placemark><Placemark><name>NE1 SW9 6 pointer</name><styleUrl>#s_7_6</styleUrl><LineString><tessellate>1</tessellate><coordinates>-77.106501238,38.924106363,0 -77.109132119,38.922048764,0</coordinates></LineString></Placemark><Placemark><name>NE1 SW9 7</name><styleUrl>#s_7_7</styleUrl><ExtendedData><Data name="bin"><value>ES</value></Data><Data name="azimuth_deg"><value>-135.0415</value></Data><Data name="dist_to_target_m"><value>4847.562</value></Data></ExtendedData><Point><coordinates>-77.119614382,38.913848864,0</coordinates></Point></Placemark><Placemark><name>NE1 SW9 7 pointer</name><styleUrl>#s_7_7</styleUrl><LineString><tessellate>1</tessellate><coordinates>-77.119614382,38.913848864,0 -77.121588976,38.912303892,0</coordinates></LineString></Placemark><Placemark><name>NE1 SW9 8</name><styleUrl>#s_7_8</styleUrl><ExtendedData><Data name="bin"><value>ES</value></Data><Data name="azimuth_deg"><value>-135.0498</value></Data><Data name="dist_to_target_m"><value>3238.212</value></Data></ExtendedData><Point><coordinates>-77.132723750,38.903589875,0</coordinates></Point></Placemark><Placemark><name>NE1 SW9 8 pointer</name><styleUrl>#s_7_8</styleUrl><LineString><tessellate>1</tessellate><coordinates>-77.132723750,38.903589875,0 -77.134042426,38.902557675,0</coordinates></LineString></Placemark><Placemark><name>NE1 SW9 9</name><styleUrl>#s_7_9</styleUrl><ExtendedData><Data name="bin"><value>ES</value></Data><Data name="azimuth_deg"><value>-135.0580</value></Data><Data name="dist_to_target_m"><value>1628.862</value></Data></ExtendedData><Point><coordinates>-77.145829346,38.893329397,0</coordinates></Point></Placemark><Placemark><name>NE1 SW9 9 pointer</name><styleUrl>#s_7_9</styleUrl><LineString><tessellate>1</tessellate><coordinates>-77.145829346,38.893329397,0 -77.146492471,38.892810113,0</coordinates></LineString></Placemark><Placemark><name>NE1 SW9 10</name><styleUrl>#s_7_10</styleUrl><ExtendedData><Data name="bin"><value>ES</value></Data><Data name="azimuth_deg"><value>-135.0662</value></Data><Data name="dist_to_target_m"><value>0.000</value></Data></ExtendedData><Point><coordinates>-77.159090000,38.882943000,0</coordinates></Point></Placemark></Folder><Style id="s_7_0"><IconStyle><color>fff20c7f</color><scale>1.0</scale><Icon><href>http://maps.google.com/mapfiles/kml/shapes/star.png</href></Icon></IconStyle><LineStyle><color>fff20c7f</color><width>2.0</width></LineStyle><LabelStyle><scale>0.9</scale><color>ccffffff</color></LabelStyle></Style><Style id="s_7_1"><IconStyle><color>ffec0c7c</color><scale>1.0</scale><Icon><href>http://maps.google.com/mapfiles/kml/shapes/triangle.png</href></Icon></IconStyle><LineStyle><color>ffec0c7c</color><width>2.0</width></LineStyle><LabelStyle><scale>0.9</scale><color>ccffffff</color></LabelStyle></Style><Style id="s_7_2"><IconStyle><color>ffe50b78</color><scale>1.0</scale><Icon><href>http://maps.google.com/mapfiles/kml/shapes/cross-hairs.png</href></Icon></IconStyle><LineStyle><color>ffe50b78</color><width>2.0</width></LineStyle><LabelStyle><scale>0.9</scale><color>ccffffff</color></LabelStyle></Style><Style id="s_7_3"><IconStyle><color>ffdf0b75</color><scale>1.0</scale><Icon><href>http://maps.google.com/mapfiles/kml/shapes/target.png</href></Icon></IconStyle><LineStyle><color>ffdf0b75</color><width>2.0</width></LineStyle><LabelStyle><scale>0.9</scale><color>ccffffff</color></LabelStyle></Style><Style id="s_7_4"><IconStyle><color>ffd90b72</color><scale>1.0</scale><Icon><href>http://maps.google.com/mapfiles/kml/shapes/open-diamond.png</href></Icon></IconStyle><LineStyle><color>ffd90b72</color><width>2.0</width></LineStyle><LabelStyle><scale>0.9</scale><color>ccffffff</color></LabelStyle></Style><Style id="s_7_5"><IconStyle><color>ffd20b6e</color><scale>1.0</scale><Icon><href>http://maps.google.com/mapfiles/kml/shapes/shaded_dot.png</href></Icon></IconStyle><LineStyle><color>ffd20b6e</color><width>2.0</width></LineStyle><LabelStyle><scale>0.9</scale><color>ccffffff</color></LabelStyle></Style><Style id="s_7_6"><IconStyle><color>ffcc0a6b</color><scale>1.0</scale><Icon><href>http://maps.google.com/mapfiles/kml/shapes/donut.png</href></Icon></IconStyle><LineStyle><color>ffcc0a6b</color><width>2.0</width></LineStyle><LabelStyle><scale>0.9</scale><color>ccffffff</color></LabelStyle></Style><Style id="s_7_7"><IconStyle><color>ffc60a68</color><scale>1.0</scale><Icon><href>http://maps.google.com/mapfiles/kml/shapes/square.png</href></Icon></IconStyle><LineStyle><color>ffc60a68</color><width>2.0</width></LineStyle><LabelStyle><scale>0.9</scale><color>ccffffff</color></LabelStyle></Style><Style id="s_7_8"><IconStyle><color>ffbf0a64</color><scale>1.0</scale><Icon><href>http://maps.google.com/mapfiles/kml/shapes/placemark_circle.png</href></Icon></IconStyle><LineStyle><color>ffbf0a64</color><width>2.0</width></LineStyle><LabelStyle><scale>0.9</scale><color>ccffffff</color></LabelStyle></Style><Style id="s_7_9"><IconStyle><color>ffb90961</color><scale>1.0</scale><Icon><href>http://maps.google.com/mapfiles/kml/shapes/placemark_square.png</href></Icon></IconStyle><LineStyle><color>ffb90961</color><width>2.0</width></LineStyle><LabelStyle><scale>0.9</scale><color>ccffffff</color></LabelStyle></Style><Style id="s_7_10"><IconStyle><color>ffb2095e</color><scale>1.0</scale><Icon><href>http://maps.google.com/mapfiles/kml/shapes/star.png</href></Icon></IconStyle><LineStyle><color>ffb2095e</color><width>2.0</width></LineStyle><LabelStyle><scale>0.9</scale><color>ccffffff</color></LabelStyle></Style><Folder><name>SE1→NW9</name><Placemark><name>SE1 NW9 0</name><styleUrl>#s_8_0</styleUrl><ExtendedData><Data name="bin"><value>EN</value></Data><Data name="azimuth_deg"><value>-44.9336</value></Data><Data name="dist_to_target_m"><value>16172.992</value></Data></ExtendedData><Point><coordinates>-76.922293000,38.882640000,0</coordinates></Point></Placemark><Placemark><name>SE1 NW9 0 pointer</name><styleUrl>#s_8_0</styleUrl><LineString><tessellate>1</tessellate><coordinates>-76.922293000,38.882640000,0 -76.928875744,38.887796526,0</coordinates></LineString></Placemark><Placemark><name>SE1 NW9 1</name><styleUrl>#s_8_1</styleUrl><ExtendedData><Data name="bin"><value>EN</value></Data><Data name="azimuth_deg"><value>-44.9419</value></Data><Data name="dist_to_target_m"><value>14563.642</value></Data></ExtendedData><Point><coordinates>-76.935394716,38.892901992,0</coordinates></Point></Placemark><Placemark><name>SE1 NW9 1 pointer</name><styleUrl>#s_8_1</styleUrl><LineString><tessellate>1</tessellate><coordinates>-76.935394716,38.892901992,0 -76.941324084,38.897544743,0</coordinates></LineString></Placemark><Placemark><name>SE1 NW9 2</name><styleUrl>#s_8_2</styleUrl><ExtendedData><Data name="bin"><value>EN</value></Data><Data name="azimuth_deg"><value>-44.9501</value></Data><Data name="dist_to_target_m"><value>12954.292</value></Data></ExtendedData><Point><coordinates>-76.948500202,38.903162495,0</coordinates></Point></Placemark><Placemark><name>SE1 NW9 2 pointer</name><styleUrl>#s_8_2</styleUrl><LineString><tessellate>1</tessellate><coordinates>-76.948500202,38.903162495,0 -76.953775828,38.907291617,0</coordinates></LineString></Placemark><Placemark><name>SE1 NW9 3</name><styleUrl>#s_8_3</styleUrl><ExtendedData><Data name="bin"><value>EN</value></Data><Data name="azimuth_deg"><value>-44.9583</value></Data><Data name="dist_to_target_m"><value>11344.942</value></Data></ExtendedData><Point><coordinates>-76.961609461,38.913421509,0</coordinates></Point></Placemark><Placemark><name>SE1 NW9 3 pointer</name><styleUrl>#s_8_3</styleUrl><LineString><tessellate>1</tessellate><coordinates>-76.961609461,38.913421509,0 -76.966230977,38.917037146,0</coordinates></LineString></Placemark><Placemark><name>SE1 NW9 4</name><styleUrl>#s_8_4</styleUrl><ExtendedData><Data name="bin"><value>EN</value></Data><Data name="azimuth_deg"><value>-44.9666</value></Data><Data name="dist_to_target_m"><value>9735.592</value></Data></ExtendedData><Point><coordinates>-76.974722495,38.923679033,0</coordinates></Point></Placemark><Placemark><name>SE1 NW9 4 pointer</name><styleUrl>#s_8_4</styleUrl><LineString><tessellate>1</tessellate><coordinates>-76.974722495,38.923679033,0 -76.978689534,38.926781329,0</coordinates></LineString></Placemark><Placemark><name>SE1 NW9 5</name><styleUrl>#s_8_5</styleUrl><ExtendedData><Data name="bin"><value>EN</value></Data><Data name="azimuth_deg"><value>-44.9748</value></Data><Data name="dist_to_target_m"><value>8126.242</value></Data></ExtendedData><Point><coordinates>-76.987839305,38.933935065,0</coordinates></Point></Placemark><Placemark><name>SE1 NW9 5 pointer</name><styleUrl>#s_8_5</styleUrl><LineString><tessellate>1</tessellate><coordinates>-76.987839305,38.933935065,0 -76.991151500,38.936524166,0</coordinates></LineString></Placemark><Placemark><name>SE1 NW9 6</name><styleUrl>#s_8_6</styleUrl><ExtendedData><Data name="bin"><value>EN</value></Data><Data name="azimuth_deg"><value>-44.9831</value></Data><Data name="dist_to_target_m"><value>6516.892</value></Data></ExtendedData><Point><coordinates>-77.000959894,38.944189604,0</coordinates></Point></Placemark><Placemark><name>SE1 NW9 6 pointer</name><styleUrl>#s_8_6</styleUrl><LineString><tessellate>1</tessellate><coordinates>-77.000959894,38.944189604,0 -77.003616876,38.946265656,0</coordinates></LineString></Placemark><Placemark><name>SE1 NW9 7</name><styleUrl>#s_8_7</styleUrl><ExtendedData><Data name="bin"><value>EN</value></Data><Data name="azimuth_deg"><value>-44.9913</value></Data><Data name="dist_to_target_m"><value>4907.542</value></Data></ExtendedData><Point><coordinates>-77.014084264,38.954442650,0</coordinates></Point></Placemark><Placemark><name>SE1 NW9 7 pointer</name><styleUrl>#s_8_7</styleUrl><LineString><tessellate>1</tessellate><coordinates>-77.014084264,38.954442650,0 -77.016085665,38.956005798,0</coordinates></LineString></Placemark><Placemark><name>SE1 NW9 8</name><styleUrl>#s_8_8</styleUrl><ExtendedData><Data name="bin"><value>EN</value></Data><Data name="azimuth_deg"><value>-44.9996</value></Data><Data name="dist_to_target_m"><value>3298.192</value></Data></ExtendedData><Point><coordinates>-77.027212415,38.964694202,0</coordinates></Point></Placemark><Placemark><name>SE1 NW9 8 pointer</name><styleUrl>#s_8_8</styleUrl><LineString><tessellate>1</tessellate><coordinates>-77.027212415,38.964694202,0 -77.028557867,38.965744592,0</coordinates></LineString></Placemark><Placemark><name>SE1 NW9 9</name><styleUrl>#s_8_9</styleUrl><ExtendedData><Data name="bin"><value>EN</value></Data><Data name="azimuth_deg"><value>-45.0078</value></Data><Data name="dist_to_target_m"><value>1688.842</value></Data></ExtendedData><Point><coordinates>-77.040344352,38.974944259,0</coordinates></Point></Placemark><Placemark><name>SE1 NW9 9 pointer</name><styleUrl>#s_8_9</styleUrl><LineString><tessellate>1</tessellate><coordinates>-77.040344352,38.974944259,0 -77.041033485,38.975482035,0</coordinates></LineString></Placemark><Placemark><name>SE1 NW9 10</name><styleUrl>#s_8_10</styleUrl><ExtendedData><Data name="bin"><value>EN</value></Data><Data name="azimuth_deg"><value>-45.0161</value></Data><Data name="dist_to_target_m"><value>0.000</value></Data></ExtendedData><Point><coordinates>-77.054129000,38.985699000,0</coordinates></Point></Placemark></Folder><Style id="s_8_0"><IconStyle><color>fff20cf2</color><scale>1.0</scale><Icon><href>http://maps.google.com/mapfiles/kml/shapes/star.png</href></Icon></IconStyle><LineStyle><color>fff20cf2</color><width>2.0</width></LineStyle><LabelStyle><scale>0.9</scale><color>ccffffff</color></LabelStyle></Style><Style id="s_8_1"><IconStyle><color>ffec0cec</color><scale>1.0</scale><Icon><href>http://maps.google.com/mapfiles/kml/shapes/triangle.png</href></Icon></IconStyle><LineStyle><color>ffec0cec</color><width>2.0</width></LineStyle><LabelStyle><scale>0.9</scale><color>ccffffff</color></LabelStyle></Style><Style id="s_8_2"><IconStyle><color>ffe50be5</color><scale>1.0</scale><Icon><href>http://maps.google.com/mapfiles/kml/shapes/cross-hairs.png</href></Icon></IconStyle><LineStyle><color>ffe50be5</color><width>2.0</width></LineStyle><LabelStyle><scale>0.9</scale><color>ccffffff</color></LabelStyle></Style><Style id="s_8_3"><IconStyle><color>ffdf0bdf</color><scale>1.0</scale><Icon><href>http://maps.google.com/mapfiles/kml/shapes/target.png</href></Icon></IconStyle><LineStyle><color>ffdf0bdf</color><width>2.0</width></LineStyle><LabelStyle><scale>0.9</scale><color>ccffffff</color></LabelStyle></Style><Style id="s_8_4"><IconStyle><color>ffd90bd9</color><scale>1.0</scale><Icon><href>http://maps.google.com/mapfiles/kml/shapes/open-diamond.png</href></Icon></IconStyle><LineStyle><color>ffd90bd9</color><width>2.0</width></LineStyle><LabelStyle><scale>0.9</scale><color>ccffffff</color></LabelStyle></Style><Style id="s_8_5"><IconStyle><color>ffd20bd2</color><scale>1.0</scale><Icon><href>http://maps.google.com/mapfiles/kml/shapes/shaded_dot.png</href></Icon></IconStyle><LineStyle><color>ffd20bd2</color><width>2.0</width></LineStyle><LabelStyle><scale>0.9</scale><color>ccffffff</color></LabelStyle></Style><Style id="s_8_6"><IconStyle><color>ffcc0acc</color><scale>1.0</scale><Icon><href>http://maps.google.com/mapfiles/kml/shapes/donut.png</href></Icon></IconStyle><LineStyle><color>ffcc0acc</color><width>2.0</width></LineStyle><LabelStyle><scale>0.9</scale><color>ccffffff</color></LabelStyle></Style><Style id="s_8_7"><IconStyle><color>ffc60ac6</color><scale>1.0</scale><Icon><href>http://maps.google.com/mapfiles/kml/shapes/square.png</href></Icon></IconStyle><LineStyle><color>ffc60ac6</color><width>2.0</width></LineStyle><LabelStyle><scale>0.9</scale><color>ccffffff</color></LabelStyle></Style><Style id="s_8_8"><IconStyle><color>ffbf0abf</color><scale>1.0</scale><Icon><href>http://maps.google.com/mapfiles/kml/shapes/placemark_circle.png</href></Icon></IconStyle><LineStyle><color>ffbf0abf</color><width>2.0</width></LineStyle><LabelStyle><scale>0.9</scale><color>ccffffff</color></LabelStyle></Style><Style id="s_8_9"><IconStyle><color>ffb909b9</color><scale>1.0</scale><Icon><href>http://maps.google.com/mapfiles/kml/shapes/placemark_square.png</href></Icon></IconStyle><LineStyle><color>ffb909b9</color><width>2.0</width></LineStyle><LabelStyle><scale>0.9</scale><color>ccffffff</color></LabelStyle></Style><Style id="s_8_10"><IconStyle><color>ffb209b2</color><scale>1.0</scale><Icon><href>http://maps.google.com/mapfiles/kml/shapes/star.png</href></Icon></IconStyle><LineStyle><color>ffb209b2</color><width>2.0</width></LineStyle><LabelStyle><scale>0.9</scale><color>ccffffff</color></LabelStyle></Style><Folder><name>NW9→SE1</name><Placemark><name>NW9 SE1 0</name><styleUrl>#s_9_0</styleUrl><ExtendedData><Data name="bin"><value>WS</value></Data><Data name="azimuth_deg"><value>134.9835</value></Data><Data name="dist_to_target_m"><value>16172.992</value></Data></ExtendedData><Point><coordinates>-77.054129000,38.985699000,0</coordinates></Point></Placemark><Placemark><name>NW9 SE1 0 pointer</name><styleUrl>#s_9_0</styleUrl><LineString><tessellate>1</tessellate><coordinates>-77.054129000,38.985699000,0 -77.047528130,38.980549633,0</coordinates></LineString></Placemark><Placemark><name>NW9 SE1 1</name><styleUrl>#s_9_1</styleUrl><ExtendedData><Data name="bin"><value>WS</value></Data><Data name="azimuth_deg"><value>134.9918</value></Data><Data name="dist_to_target_m"><value>14563.642</value></Data></ExtendedData><Point><coordinates>-77.040993091,38.975450513,0</coordinates></Point></Placemark><Placemark><name>NW9 SE1 1 pointer</name><styleUrl>#s_9_1</styleUrl><LineString><tessellate>1</tessellate><coordinates>-77.040993091,38.975450513,0 -77.035050734,38.970812892,0</coordinates></LineString></Placemark><Placemark><name>NW9 SE1 2</name><styleUrl>#s_9_2</styleUrl><ExtendedData><Data name="bin"><value>WS</value></Data><Data name="azimuth_deg"><value>135.0000</value></Data><Data name="dist_to_target_m"><value>12954.292</value></Data></ExtendedData><Point><coordinates>-77.027860967,38.965200530,0</coordinates></Point></Placemark><Placemark><name>NW9 SE1 2 pointer</name><styleUrl>#s_9_2</styleUrl><LineString><tessellate>1</tessellate><coordinates>-77.027860967,38.965200530,0 -77.022576754,38.961074801,0</coordinates></LineString></Placemark><Placemark><name>NW9 SE1 3</name><styleUrl>#s_9_3</styleUrl><ExtendedData><Data name="bin"><value>WS</value></Data><Data name="azimuth_deg"><value>135.0083</value></Data><Data name="dist_to_target_m"><value>11344.942</value></Data></ExtendedData><Point><coordinates>-77.014732629,38.954949052,0</coordinates></Point></Placemark><Placemark><name>NW9 SE1 3 pointer</name><styleUrl>#s_9_3</styleUrl><LineString><tessellate>1</tessellate><coordinates>-77.014732629,38.954949052,0 -77.010106189,38.951335361,0</coordinates></LineString></Placemark><Placemark><name>NW9 SE1 4</name><styleUrl>#s_9_4</styleUrl><ExtendedData><Data name="bin"><value>WS</value></Data><Data name="azimuth_deg"><value>135.0165</value></Data><Data name="dist_to_target_m"><value>9735.592</value></Data></ExtendedData><Point><coordinates>-77.001608073,38.944696080,0</coordinates></Point></Placemark><Placemark><name>NW9 SE1 4 pointer</name><styleUrl>#s_9_4</styleUrl><LineString><tessellate>1</tessellate><coordinates>-77.001608073,38.944696080,0 -76.997639037,38.941594572,0</coordinates></LineString></Placemark><Placemark><name>NW9 SE1 5</name><styleUrl>#s_9_5</styleUrl><ExtendedData><Data name="bin"><value>WS</value></Data><Data name="azimuth_deg"><value>135.0248</value></Data><Data name="dist_to_target_m"><value>8126.242</value></Data></ExtendedData><Point><coordinates>-76.988487297,38.934441614,0</coordinates></Point></Placemark><Placemark><name>NW9 SE1 5 pointer</name><styleUrl>#s_9_5</styleUrl><LineString><tessellate>1</tessellate><coordinates>-76.988487297,38.934441614,0 -76.985175296,38.931852436,0</coordinates></LineString></Placemark><Placemark><name>NW9 SE1 6</name><styleUrl>#s_9_6</styleUrl><ExtendedData><Data name="bin"><value>WS</value></Data><Data name="azimuth_deg"><value>135.0330</value></Data><Data name="dist_to_target_m"><value>6516.892</value></Data></ExtendedData><Point><coordinates>-76.975370300,38.924185656,0</coordinates></Point></Placemark><Placemark><name>NW9 SE1 6 pointer</name><styleUrl>#s_9_6</styleUrl><LineString><tessellate>1</tessellate><coordinates>-76.975370300,38.924185656,0 -76.972714965,38.922108953,0</coordinates></LineString></Placemark><Placemark><name>NW9 SE1 7</name><styleUrl>#s_9_7</styleUrl><ExtendedData><Data name="bin"><value>WS</value></Data><Data name="azimuth_deg"><value>135.0413</value></Data><Data name="dist_to_target_m"><value>4907.542</value></Data></ExtendedData><Point><coordinates>-76.962257080,38.913928206,0</coordinates></Point></Placemark><Placemark><name>NW9 SE1 7 pointer</name><styleUrl>#s_9_7</styleUrl><LineString><tessellate>1</tessellate><coordinates>-76.962257080,38.913928206,0 -76.960258042,38.912364124,0</coordinates></LineString></Placemark><Placemark><name>NW9 SE1 8</name><styleUrl>#s_9_8</styleUrl><ExtendedData><Data name="bin"><value>WS</value></Data><Data name="azimuth_deg"><value>135.0495</value></Data><Data name="dist_to_target_m"><value>3298.192</value></Data></ExtendedData><Point><coordinates>-76.949147634,38.903669266,0</coordinates></Point></Placemark><Placemark><name>NW9 SE1 8 pointer</name><styleUrl>#s_9_8</styleUrl><LineString><tessellate>1</tessellate><coordinates>-76.949147634,38.903669266,0 -76.947804526,38.902617951,0</coordinates></LineString></Placemark><Placemark><name>NW9 SE1 9</name><styleUrl>#s_9_9</styleUrl><ExtendedData><Data name="bin"><value>WS</value></Data><Data name="azimuth_deg"><value>135.0577</value></Data><Data name="dist_to_target_m"><value>1688.842</value></Data></ExtendedData><Point><coordinates>-76.936041961,38.893408836,0</coordinates></Point></Placemark><Placemark><name>NW9 SE1 9 pointer</name><styleUrl>#s_9_9</styleUrl><LineString><tessellate>1</tessellate><coordinates>-76.936041961,38.893408836,0 -76.935354415,38.892870433,0</coordinates></LineString></Placemark><Placemark><name>NW9 SE1 10</name><styleUrl>#s_9_10</styleUrl><ExtendedData><Data name="bin"><value>WS</value></Data><Data name="azimuth_deg"><value>135.0660</value></Data><Data name="dist_to_target_m"><value>0.000</value></Data></ExtendedData><Point><coordinates>-76.922293000,38.882640000,0</coordinates></Point></Placemark></Folder><Style id="s_9_0"><IconStyle><color>fff27f0c</color><scale>1.0</scale><Icon><href>http://maps.google.com/mapfiles/kml/shapes/star.png</href></Icon></IconStyle><LineStyle><color>fff27f0c</color><width>2.0</width></LineStyle><LabelStyle><scale>0.9</scale><color>ccffffff</color></LabelStyle></Style><Style id="s_9_1"><IconStyle><color>ffec7c0c</color><scale>1.0</scale><Icon><href>http://maps.google.com/mapfiles/kml/shapes/triangle.png</href></Icon></IconStyle><LineStyle><color>ffec7c0c</color><width>2.0</width></LineStyle><LabelStyle><scale>0.9</scale><color>ccffffff</color></LabelStyle></Style><Style id="s_9_2"><IconStyle><color>ffe5780b</color><scale>1.0</scale><Icon><href>http://maps.google.com/mapfiles/kml/shapes/cross-hairs.png</href></Icon></IconStyle><LineStyle><color>ffe5780b</color><width>2.0</width></LineStyle><LabelStyle><scale>0.9</scale><color>ccffffff</color></LabelStyle></Style><Style id="s_9_3"><IconStyle><color>ffdf750b</color><scale>1.0</scale><Icon><href>http://maps.google.com/mapfiles/kml/shapes/target.png</href></Icon></IconStyle><LineStyle><color>ffdf750b</color><width>2.0</width></LineStyle><LabelStyle><scale>0.9</scale><color>ccffffff</color></LabelStyle></Style><Style id="s_9_4"><IconStyle><color>ffd9720b</color><scale>1.0</scale><Icon><href>http://maps.google.com/mapfiles/kml/shapes/open-diamond.png</href></Icon></IconStyle><LineStyle><color>ffd9720b</color><width>2.0</width></LineStyle><LabelStyle><scale>0.9</scale><color>ccffffff</color></LabelStyle></Style><Style id="s_9_5"><IconStyle><color>ffd26e0b</color><scale>1.0</scale><Icon><href>http://maps.google.com/mapfiles/kml/shapes/shaded_dot.png</href></Icon></IconStyle><LineStyle><color>ffd26e0b</color><width>2.0</width></LineStyle><LabelStyle><scale>0.9</scale><color>ccffffff</color></LabelStyle></Style><Style id="s_9_6"><IconStyle><color>ffcc6b0a</color><scale>1.0</scale><Icon><href>http://maps.google.com/mapfiles/kml/shapes/donut.png</href></Icon></IconStyle><LineStyle><color>ffcc6b0a</color><width>2.0</width></LineStyle><LabelStyle><scale>0.9</scale><color>ccffffff</color></LabelStyle></Style><Style id="s_9_7"><IconStyle><color>ffc6680a</color><scale>1.0</scale><Icon><href>http://maps.google.com/mapfiles/kml/shapes/square.png</href></Icon></IconStyle><LineStyle><color>ffc6680a</color><width>2.0</width></LineStyle><LabelStyle><scale>0.9</scale><color>ccffffff</color></LabelStyle></Style><Style id="s_9_8"><IconStyle><color>ffbf640a</color><scale>1.0</scale><Icon><href>http://maps.google.com/mapfiles/kml/shapes/placemark_circle.png</href></Icon></IconStyle><LineStyle><color>ffbf640a</color><width>2.0</width></LineStyle><LabelStyle><scale>0.9</scale><color>ccffffff</color></LabelStyle></Style><Style id="s_9_9"><IconStyle><color>ffb96109</color><scale>1.0</scale><Icon><href>http://maps.google.com/mapfiles/kml/shapes/placemark_square.png</href></Icon></IconStyle><LineStyle><color>ffb96109</color><width>2.0</width></LineStyle><LabelStyle><scale>0.9</scale><color>ccffffff</color></LabelStyle></Style><Style id="s_9_10"><IconStyle><color>ffb25e09</color><scale>1.0</scale><Icon><href>http://maps.google.com/mapfiles/kml/shapes/star.png</href></Icon></IconStyle><LineStyle><color>ffb25e09</color><width>2.0</width></LineStyle><LabelStyle><scale>0.9</scale><color>ccffffff</color></LabelStyle></Style><Folder><name>SE3→NW7</name><Placemark><name>SE3 NW7 0</name><styleUrl>#s_10_0</styleUrl><ExtendedData><Data name="bin"><value>EN</value></Data><Data name="azimuth_deg"><value>-44.9517</value></Data><Data name="dist_to_target_m"><value>16172.061</value></Data></ExtendedData><Point><coordinates>-76.948571000,38.862161000,0</coordinates></Point></Placemark><Placemark><name>SE3 NW7 0 pointer</name><styleUrl>#s_10_0</styleUrl><LineString><tessellate>1</tessellate><coordinates>-76.948571000,38.862161000,0 -76.955153554,38.867315625,0</coordinates></LineString></Placemark><Placemark><name>SE3 NW7 1</name><styleUrl>#s_10_1</styleUrl><ExtendedData><Data name="bin"><value>EN</value></Data><Data name="azimuth_deg"><value>-44.9599</value></Data><Data name="dist_to_target_m"><value>14562.711</value></Data></ExtendedData><Point><coordinates>-76.961673092,38.872419800,0</coordinates></Point></Placemark><Placemark><name>SE3 NW7 1 pointer</name><styleUrl>#s_10_1</styleUrl><LineString><tessellate>1</tessellate><coordinates>-76.961673092,38.872419800,0 -76.967602250,38.877060811,0</coordinates></LineString></Placemark><Placemark><name>SE3 NW7 2</name><styleUrl>#s_10_2</styleUrl><ExtendedData><Data name="bin"><value>EN</value></Data><Data name="azimuth_deg"><value>-44.9681</value></Data><Data name="dist_to_target_m"><value>12953.361</value></Data></ExtendedData><Point><coordinates>-76.974778951,38.882677112,0</coordinates></Point></Placemark><Placemark><name>SE3 NW7 2 pointer</name><styleUrl>#s_10_2</styleUrl><LineString><tessellate>1</tessellate><coordinates>-76.974778951,38.882677112,0 -76.980054346,38.886804652,0</coordinates></LineString></Placemark><Placemark><name>SE3 NW7 3</name><styleUrl>#s_10_3</styleUrl><ExtendedData><Data name="bin"><value>EN</value></Data><Data name="azimuth_deg"><value>-44.9764</value></Data><Data name="dist_to_target_m"><value>11344.011</value></Data></ExtendedData><Point><coordinates>-76.987888579,38.892932935,0</coordinates></Point></Placemark><Placemark><name>SE3 NW7 3 pointer</name><styleUrl>#s_10_3</styleUrl><LineString><tessellate>1</tessellate><coordinates>-76.987888579,38.892932935,0 -76.992509845,38.896547149,0</coordinates></LineString></Placemark><Placemark><name>SE3 NW7 4</name><styleUrl>#s_10_4</styleUrl><ExtendedData><Data name="bin"><value>EN</value></Data><Data name="azimuth_deg"><value>-44.9846</value></Data><Data name="dist_to_target_m"><value>9734.661</value></Data></ExtendedData><Point><coordinates>-77.001001978,38.903187267,0</coordinates></Point></Placemark><Placemark><name>SE3 NW7 4 pointer</name><styleUrl>#s_10_4</styleUrl><LineString><tessellate>1</tessellate><coordinates>-77.001001978,38.903187267,0 -77.004968747,38.906288301,0</coordinates></LineString></Placemark><Placemark><name>SE3 NW7 5</name><styleUrl>#s_10_5</styleUrl><ExtendedData><Data name="bin"><value>EN</value></Data><Data name="azimuth_deg"><value>-44.9928</value></Data><Data name="dist_to_target_m"><value>8125.311</value></Data></ExtendedData><Point><coordinates>-77.014119149,38.913440108,0</coordinates></Point></Placemark><Placemark><name>SE3 NW7 5 pointer</name><styleUrl>#s_10_5</styleUrl><LineString><tessellate>1</tessellate><coordinates>-77.014119149,38.913440108,0 -77.017431054,38.916028107,0</coordinates></LineString></Placemark><Placemark><name>SE3 NW7 6</name><styleUrl>#s_10_6</styleUrl><ExtendedData><Data name="bin"><value>EN</value></Data><Data name="azimuth_deg"><value>-45.0011</value></Data><Data name="dist_to_target_m"><value>6515.961</value></Data></ExtendedData><Point><coordinates>-77.027240095,38.923691456,0</coordinates></Point></Placemark><Placemark><name>SE3 NW7 6 pointer</name><styleUrl>#s_10_6</styleUrl><LineString><tessellate>1</tessellate><coordinates>-77.027240095,38.923691456,0 -77.029896769,38.925766565,0</coordinates></LineString></Placemark><Placemark><name>SE3 NW7 7</name><styleUrl>#s_10_7</styleUrl><ExtendedData><Data name="bin"><value>EN</value></Data><Data name="azimuth_deg"><value>-45.0093</value></Data><Data name="dist_to_target_m"><value>4906.611</value></Data></ExtendedData><Point><coordinates>-77.040364818,38.933941312,0</coordinates></Point></Placemark><Placemark><name>SE3 NW7 7 pointer</name><styleUrl>#s_10_7</styleUrl><LineString><tessellate>1</tessellate><coordinates>-77.040364818,38.933941312,0 -77.042365893,38.935503676,0</coordinates></LineString></Placemark><Placemark><name>SE3 NW7 8</name><styleUrl>#s_10_8</styleUrl><ExtendedData><Data name="bin"><value>EN</value></Data><Data name="azimuth_deg"><value>-45.0176</value></Data><Data name="dist_to_target_m"><value>3297.261</value></Data></ExtendedData><Point><coordinates>-77.053493319,38.944189673,0</coordinates></Point></Placemark><Placemark><name>SE3 NW7 8 pointer</name><styleUrl>#s_10_8</styleUrl><LineString><tessellate>1</tessellate><coordinates>-77.053493319,38.944189673,0 -77.054838426,38.945239439,0</coordinates></LineString></Placemark><Placemark><name>SE3 NW7 9</name><styleUrl>#s_10_9</styleUrl><ExtendedData><Data name="bin"><value>EN</value></Data><Data name="azimuth_deg"><value>-45.0258</value></Data><Data name="dist_to_target_m"><value>1687.911</value></Data></ExtendedData><Point><coordinates>-77.066625601,38.954436540,0</coordinates></Point></Placemark><Placemark><name>SE3 NW7 9 pointer</name><styleUrl>#s_10_9</styleUrl><LineString><tessellate>1</tessellate><coordinates>-77.066625601,38.954436540,0 -77.067314372,38.954973852,0</coordinates></LineString></Placemark><Placemark><name>SE3 NW7 10</name><styleUrl>#s_10_10</styleUrl><ExtendedData><Data name="bin"><value>EN</value></Data><Data name="azimuth_deg"><value>-45.0341</value></Data><Data name="dist_to_target_m"><value>0.000</value></Data></ExtendedData><Point><coordinates>-77.080403000,38.965182000,0</coordinates></Point></Placemark></Folder><Style id="s_10_0"><IconStyle><color>fff20cf2</color><scale>1.0</scale><Icon><href>http://maps.google.com/mapfiles/kml/shapes/star.png</href></Icon></IconStyle><LineStyle><color>fff20cf2</color><width>2.0</width></LineStyle><LabelStyle><scale>0.9</scale><color>ccffffff</color></LabelStyle></Style><Style id="s_10_1"><IconStyle><color>ffec0cec</color><scale>1.0</scale><Icon><href>http://maps.google.com/mapfiles/kml/shapes/triangle.png</href></Icon></IconStyle><LineStyle><color>ffec0cec</color><width>2.0</width></LineStyle><LabelStyle><scale>0.9</scale><color>ccffffff</color></LabelStyle></Style><Style id="s_10_2"><IconStyle><color>ffe50be5</color><scale>1.0</scale><Icon><href>http://maps.google.com/mapfiles/kml/shapes/cross-hairs.png</href></Icon></IconStyle><LineStyle><color>ffe50be5</color><width>2.0</width></LineStyle><LabelStyle><scale>0.9</scale><color>ccffffff</color></LabelStyle></Style><Style id="s_10_3"><IconStyle><color>ffdf0bdf</color><scale>1.0</scale><Icon><href>http://maps.google.com/mapfiles/kml/shapes/target.png</href></Icon></IconStyle><LineStyle><color>ffdf0bdf</color><width>2.0</width></LineStyle><LabelStyle><scale>0.9</scale><color>ccffffff</color></LabelStyle></Style><Style id="s_10_4"><IconStyle><color>ffd90bd9</color><scale>1.0</scale><Icon><href>http://maps.google.com/mapfiles/kml/shapes/open-diamond.png</href></Icon></IconStyle><LineStyle><color>ffd90bd9</color><width>2.0</width></LineStyle><LabelStyle><scale>0.9</scale><color>ccffffff</color></LabelStyle></Style><Style id="s_10_5"><IconStyle><color>ffd20bd2</color><scale>1.0</scale><Icon><href>http://maps.google.com/mapfiles/kml/shapes/shaded_dot.png</href></Icon></IconStyle><LineStyle><color>ffd20bd2</color><width>2.0</width></LineStyle><LabelStyle><scale>0.9</scale><color>ccffffff</color></LabelStyle></Style><Style id="s_10_6"><IconStyle><color>ffcc0acc</color><scale>1.0</scale><Icon><href>http://maps.google.com/mapfiles/kml/shapes/donut.png</href></Icon></IconStyle><LineStyle><color>ffcc0acc</color><width>2.0</width></LineStyle><LabelStyle><scale>0.9</scale><color>ccffffff</color></LabelStyle></Style><Style id="s_10_7"><IconStyle><color>ffc60ac6</color><scale>1.0</scale><Icon><href>http://maps.google.com/mapfiles/kml/shapes/square.png</href></Icon></IconStyle><LineStyle><color>ffc60ac6</color><width>2.0</width></LineStyle><LabelStyle><scale>0.9</scale><color>ccffffff</color></LabelStyle></Style><Style id="s_10_8"><IconStyle><color>ffbf0abf</color><scale>1.0</scale><Icon><href>http://maps.google.com/mapfiles/kml/shapes/placemark_circle.png</href></Icon></IconStyle><LineStyle><color>ffbf0abf</color><width>2.0</width></LineStyle><LabelStyle><scale>0.9</scale><color>ccffffff</color></LabelStyle></Style><Style id="s_10_9"><IconStyle><color>ffb909b9</color><scale>1.0</scale><Icon><href>http://maps.google.com/mapfiles/kml/shapes/placemark_square.png</href></Icon></IconStyle><LineStyle><color>ffb909b9</color><width>2.0</width></LineStyle><LabelStyle><scale>0.9</scale><color>ccffffff</color></LabelStyle></Style><Style id="s_10_10"><IconStyle><color>ffb209b2</color><scale>1.0</scale><Icon><href>http://maps.google.com/mapfiles/kml/shapes/star.png</href></Icon></IconStyle><LineStyle><color>ffb209b2</color><width>2.0</width></LineStyle><LabelStyle><scale>0.9</scale><color>ccffffff</color></LabelStyle></Style><Folder><name>NW7→SE3</name><Placemark><name>NW7 SE3 0</name><styleUrl>#s_11_0</styleUrl><ExtendedData><Data name="bin"><value>WS</value></Data><Data name="azimuth_deg"><value>134.9655</value></Data><Data name="dist_to_target_m"><value>16172.061</value></Data></ExtendedData><Point><coordinates>-77.080403000,38.965182000,0</coordinates></Point></Placemark><Placemark><name>NW7 SE3 0 pointer</name><styleUrl>#s_11_0</styleUrl><LineString><tessellate>1</tessellate><coordinates>-77.080403000,38.965182000,0 -77.073802340,38.960034532,0</coordinates></LineString></Placemark><Placemark><name>NW7 SE3 1</name><styleUrl>#s_11_1</styleUrl><ExtendedData><Data name="bin"><value>WS</value></Data><Data name="azimuth_deg"><value>134.9738</value></Data><Data name="dist_to_target_m"><value>14562.711</value></Data></ExtendedData><Point><coordinates>-77.067266751,38.954936703,0</coordinates></Point></Placemark><Placemark><name>NW7 SE3 1 pointer</name><styleUrl>#s_11_1</styleUrl><LineString><tessellate>1</tessellate><coordinates>-77.067266751,38.954936703,0 -77.061324620,38.950300821,0</coordinates></LineString></Placemark><Placemark><name>NW7 SE3 2</name><styleUrl>#s_11_2</styleUrl><ExtendedData><Data name="bin"><value>WS</value></Data><Data name="azimuth_deg"><value>134.9820</value></Data><Data name="dist_to_target_m"><value>12953.361</value></Data></ExtendedData><Point><coordinates>-77.054134285,38.944689909,0</coordinates></Point></Placemark><Placemark><name>NW7 SE3 2 pointer</name><styleUrl>#s_11_2</styleUrl><LineString><tessellate>1</tessellate><coordinates>-77.054134285,38.944689909,0 -77.048850312,38.940565760,0</coordinates></LineString></Placemark><Placemark><name>NW7 SE3 3</name><styleUrl>#s_11_3</styleUrl><ExtendedData><Data name="bin"><value>WS</value></Data><Data name="azimuth_deg"><value>134.9903</value></Data><Data name="dist_to_target_m"><value>11344.011</value></Data></ExtendedData><Point><coordinates>-77.041005599,38.934441621,0</coordinates></Point></Placemark><Placemark><name>NW7 SE3 3 pointer</name><styleUrl>#s_11_3</styleUrl><LineString><tessellate>1</tessellate><coordinates>-77.041005599,38.934441621,0 -77.036379416,38.930829350,0</coordinates></LineString></Placemark><Placemark><name>NW7 SE3 4</name><styleUrl>#s_11_4</styleUrl><ExtendedData><Data name="bin"><value>WS</value></Data><Data name="azimuth_deg"><value>134.9985</value></Data><Data name="dist_to_target_m"><value>9734.661</value></Data></ExtendedData><Point><coordinates>-77.027880692,38.924191838,0</coordinates></Point></Placemark><Placemark><name>NW7 SE3 4 pointer</name><styleUrl>#s_11_4</styleUrl><LineString><tessellate>1</tessellate><coordinates>-77.027880692,38.924191838,0 -77.023911929,38.921091592,0</coordinates></LineString></Placemark><Placemark><name>NW7 SE3 5</name><styleUrl>#s_11_5</styleUrl><ExtendedData><Data name="bin"><value>WS</value></Data><Data name="azimuth_deg"><value>135.0067</value></Data><Data name="dist_to_target_m"><value>8125.311</value></Data></ExtendedData><Point><coordinates>-77.014759561,38.913940562,0</coordinates></Point></Placemark><Placemark><name>NW7 SE3 5 pointer</name><styleUrl>#s_11_5</styleUrl><LineString><tessellate>1</tessellate><coordinates>-77.014759561,38.913940562,0 -77.011447850,38.911352487,0</coordinates></LineString></Placemark><Placemark><name>NW7 SE3 6</name><styleUrl>#s_11_6</styleUrl><ExtendedData><Data name="bin"><value>WS</value></Data><Data name="azimuth_deg"><value>135.0150</value></Data><Data name="dist_to_target_m"><value>6515.961</value></Data></ExtendedData><Point><coordinates>-77.001642205,38.903687794,0</coordinates></Point></Placemark><Placemark><name>NW7 SE3 6 pointer</name><styleUrl>#s_11_6</styleUrl><LineString><tessellate>1</tessellate><coordinates>-77.001642205,38.903687794,0 -76.998987177,38.901612035,0</coordinates></LineString></Placemark><Placemark><name>NW7 SE3 7</name><styleUrl>#s_11_7</styleUrl><ExtendedData><Data name="bin"><value>WS</value></Data><Data name="azimuth_deg"><value>135.0232</value></Data><Data name="dist_to_target_m"><value>4906.611</value></Data></ExtendedData><Point><coordinates>-76.988528623,38.893433535,0</coordinates></Point></Placemark><Placemark><name>NW7 SE3 7 pointer</name><styleUrl>#s_11_7</styleUrl><LineString><tessellate>1</tessellate><coordinates>-76.988528623,38.893433535,0 -76.986529909,38.891870237,0</coordinates></LineString></Placemark><Placemark><name>NW7 SE3 8</name><styleUrl>#s_11_8</styleUrl><ExtendedData><Data name="bin"><value>WS</value></Data><Data name="azimuth_deg"><value>135.0315</value></Data><Data name="dist_to_target_m"><value>3297.261</value></Data></ExtendedData><Point><coordinates>-76.975418811,38.883177785,0</coordinates></Point></Placemark><Placemark><name>NW7 SE3 8 pointer</name><styleUrl>#s_11_8</styleUrl><LineString><tessellate>1</tessellate><coordinates>-76.975418811,38.883177785,0 -76.974076044,38.882127094,0</coordinates></LineString></Placemark><Placemark><name>NW7 SE3 9</name><styleUrl>#s_11_9</styleUrl><ExtendedData><Data name="bin"><value>WS</value></Data><Data name="azimuth_deg"><value>135.0397</value></Data><Data name="dist_to_target_m"><value>1687.911</value></Data></ExtendedData><Point><coordinates>-76.962312768,38.872920546,0</coordinates></Point></Placemark><Placemark><name>NW7 SE3 9 pointer</name><styleUrl>#s_11_9</styleUrl><LineString><tessellate>1</tessellate><coordinates>-76.962312768,38.872920546,0 -76.961625581,38.872382608,0</coordinates></LineString></Placemark><Placemark><name>NW7 SE3 10</name><styleUrl>#s_11_10</styleUrl><ExtendedData><Data name="bin"><value>WS</value></Data><Data name="azimuth_deg"><value>135.0479</value></Data><Data name="dist_to_target_m"><value>0.000</value></Data></ExtendedData><Point><coordinates>-76.948571000,38.862161000,0</coordinates></Point></Placemark></Folder><Style id="s_11_0"><IconStyle><color>fff27f0c</color><scale>1.0</scale><Icon><href>http://maps.google.com/mapfiles/kml/shapes/star.png</href></Icon></IconStyle><LineStyle><color>fff27f0c</color><width>2.0</width></LineStyle><LabelStyle><scale>0.9</scale><color>ccffffff</color></LabelStyle></Style><Style id="s_11_1"><IconStyle><color>ffec7c0c</color><scale>1.0</scale><Icon><href>http://maps.google.com/mapfiles/kml/shapes/triangle.png</href></Icon></IconStyle><LineStyle><color>ffec7c0c</color><width>2.0</width></LineStyle><LabelStyle><scale>0.9</scale><color>ccffffff</color></LabelStyle></Style><Style id="s_11_2"><IconStyle><color>ffe5780b</color><scale>1.0</scale><Icon><href>http://maps.google.com/mapfiles/kml/shapes/cross-hairs.png</href></Icon></IconStyle><LineStyle><color>ffe5780b</color><width>2.0</width></LineStyle><LabelStyle><scale>0.9</scale><color>ccffffff</color></LabelStyle></Style><Style id="s_11_3"><IconStyle><color>ffdf750b</color><scale>1.0</scale><Icon><href>http://maps.google.com/mapfiles/kml/shapes/target.png</href></Icon></IconStyle><LineStyle><color>ffdf750b</color><width>2.0</width></LineStyle><LabelStyle><scale>0.9</scale><color>ccffffff</color></LabelStyle></Style><Style id="s_11_4"><IconStyle><color>ffd9720b</color><scale>1.0</scale><Icon><href>http://maps.google.com/mapfiles/kml/shapes/open-diamond.png</href></Icon></IconStyle><LineStyle><color>ffd9720b</color><width>2.0</width></LineStyle><LabelStyle><scale>0.9</scale><color>ccffffff</color></LabelStyle></Style><Style id="s_11_5"><IconStyle><color>ffd26e0b</color><scale>1.0</scale><Icon><href>http://maps.google.com/mapfiles/kml/shapes/shaded_dot.png</href></Icon></IconStyle><LineStyle><color>ffd26e0b</color><width>2.0</width></LineStyle><LabelStyle><scale>0.9</scale><color>ccffffff</color></LabelStyle></Style><Style id="s_11_6"><IconStyle><color>ffcc6b0a</color><scale>1.0</scale><Icon><href>http://maps.google.com/mapfiles/kml/shapes/donut.png</href></Icon></IconStyle><LineStyle><color>ffcc6b0a</color><width>2.0</width></LineStyle><LabelStyle><scale>0.9</scale><color>ccffffff</color></LabelStyle></Style><Style id="s_11_7"><IconStyle><color>ffc6680a</color><scale>1.0</scale><Icon><href>http://maps.google.com/mapfiles/kml/shapes/square.png</href></Icon></IconStyle><LineStyle><color>ffc6680a</color><width>2.0</width></LineStyle><LabelStyle><scale>0.9</scale><color>ccffffff</color></LabelStyle></Style><Style id="s_11_8"><IconStyle><color>ffbf640a</color><scale>1.0</scale><Icon><href>http://maps.google.com/mapfiles/kml/shapes/placemark_circle.png</href></Icon></IconStyle><LineStyle><color>ffbf640a</color><width>2.0</width></LineStyle><LabelStyle><scale>0.9</scale><color>ccffffff</color></LabelStyle></Style><Style id="s_11_9"><IconStyle><color>ffb96109</color><scale>1.0</scale><Icon><href>http://maps.google.com/mapfiles/kml/shapes/placemark_square.png</href></Icon></IconStyle><LineStyle><color>ffb96109</color><width>2.0</width></LineStyle><LabelStyle><scale>0.9</scale><color>ccffffff</color></LabelStyle></Style><Style id="s_11_10"><IconStyle><color>ffb25e09</color><scale>1.0</scale><Icon><href>http://maps.google.com/mapfiles/kml/shapes/star.png</href></Icon></IconStyle><LineStyle><color>ffb25e09</color><width>2.0</width></LineStyle><LabelStyle><scale>0.9</scale><color>ccffffff</color></LabelStyle></Style><Folder><name>SE7→NW3</name><Placemark><name>SE7 NW3 0</name><styleUrl>#s_12_0</styleUrl><ExtendedData><Data name="bin"><value>EN</value></Data><Data name="azimuth_deg"><value>-44.7026</value></Data><Data name="dist_to_target_m"><value>16166.901</value></Data></ExtendedData><Point><coordinates>-77.001096000,38.821197000,0</coordinates></Point></Placemark><Placemark><name>SE7 NW3 0 pointer</name><styleUrl>#s_12_0</styleUrl><LineString><tessellate>1</tessellate><coordinates>-77.001096000,38.821197000,0 -77.007643979,38.826372338,0</coordinates></LineString></Placemark><Placemark><name>SE7 NW3 1</name><styleUrl>#s_12_1</styleUrl><ExtendedData><Data name="bin"><value>EN</value></Data><Data name="azimuth_deg"><value>-44.7108</value></Data><Data name="dist_to_target_m"><value>14557.551</value></Data></ExtendedData><Point><coordinates>-77.014133435,38.831500315,0</coordinates></Point></Placemark><Placemark><name>SE7 NW3 1 pointer</name><styleUrl>#s_12_1</styleUrl><LineString><tessellate>1</tessellate><coordinates>-77.014133435,38.831500315,0 -77.020031246,38.836159818,0</coordinates></LineString></Placemark><Placemark><name>SE7 NW3 2</name><styleUrl>#s_12_2</styleUrl><ExtendedData><Data name="bin"><value>EN</value></Data><Data name="azimuth_deg"><value>-44.7189</value></Data><Data name="dist_to_target_m"><value>12948.201</value></Data></ExtendedData><Point><coordinates>-77.027174628,38.841802156,0</coordinates></Point></Placemark><Placemark><name>SE7 NW3 2 pointer</name><styleUrl>#s_12_2</styleUrl><LineString><tessellate>1</tessellate><coordinates>-77.027174628,38.841802156,0 -77.032421906,38.845945969,0</coordinates></LineString></Placemark><Placemark><name>SE7 NW3 3</name><styleUrl>#s_12_3</styleUrl><ExtendedData><Data name="bin"><value>EN</value></Data><Data name="azimuth_deg"><value>-44.7271</value></Data><Data name="dist_to_target_m"><value>11338.851</value></Data></ExtendedData><Point><coordinates>-77.040219583,38.852102522,0</coordinates></Point></Placemark><Placemark><name>SE7 NW3 3 pointer</name><styleUrl>#s_12_3</styleUrl><LineString><tessellate>1</tessellate><coordinates>-77.040219583,38.852102522,0 -77.044815962,38.855730788,0</coordinates></LineString></Placemark><Placemark><name>SE7 NW3 4</name><styleUrl>#s_12_4</styleUrl><ExtendedData><Data name="bin"><value>EN</value></Data><Data name="azimuth_deg"><value>-44.7353</value></Data><Data name="dist_to_target_m"><value>9729.501</value></Data></ExtendedData><Point><coordinates>-77.053268301,38.862401413,0</coordinates></Point></Placemark><Placemark><name>SE7 NW3 4 pointer</name><styleUrl>#s_12_4</styleUrl><LineString><tessellate>1</tessellate><coordinates>-77.053268301,38.862401413,0 -77.057213414,38.865514276,0</coordinates></LineString></Placemark><Placemark><name>SE7 NW3 5</name><styleUrl>#s_12_5</styleUrl><ExtendedData><Data name="bin"><value>EN</value></Data><Data name="azimuth_deg"><value>-44.7435</value></Data><Data name="dist_to_target_m"><value>8120.151</value></Data></ExtendedData><Point><coordinates>-77.066320784,38.872698827,0</coordinates></Point></Placemark><Placemark><name>SE7 NW3 5 pointer</name><styleUrl>#s_12_5</styleUrl><LineString><tessellate>1</tessellate><coordinates>-77.066320784,38.872698827,0 -77.069614265,38.875296430,0</coordinates></LineString></Placemark><Placemark><name>SE7 NW3 6</name><styleUrl>#s_12_6</styleUrl><ExtendedData><Data name="bin"><value>EN</value></Data><Data name="azimuth_deg"><value>-44.7517</value></Data><Data name="dist_to_target_m"><value>6510.801</value></Data></ExtendedData><Point><coordinates>-77.079377034,38.882994764,0</coordinates></Point></Placemark><Placemark><name>SE7 NW3 6 pointer</name><styleUrl>#s_12_6</styleUrl><LineString><tessellate>1</tessellate><coordinates>-77.079377034,38.882994764,0 -77.082018516,38.885077251,0</coordinates></LineString></Placemark><Placemark><name>SE7 NW3 7</name><styleUrl>#s_12_7</styleUrl><ExtendedData><Data name="bin"><value>EN</value></Data><Data name="azimuth_deg"><value>-44.7599</value></Data><Data name="dist_to_target_m"><value>4901.451</value></Data></ExtendedData><Point><coordinates>-77.092437053,38.893289223,0</coordinates></Point></Placemark><Placemark><name>SE7 NW3 7 pointer</name><styleUrl>#s_12_7</styleUrl><LineString><tessellate>1</tessellate><coordinates>-77.092437053,38.893289223,0 -77.094426169,38.894856738,0</coordinates></LineString></Placemark><Placemark><name>SE7 NW3 8</name><styleUrl>#s_12_8</styleUrl><ExtendedData><Data name="bin"><value>EN</value></Data><Data name="azimuth_deg"><value>-44.7681</value></Data><Data name="dist_to_target_m"><value>3292.101</value></Data></ExtendedData><Point><coordinates>-77.105500842,38.903582202,0</coordinates></Point></Placemark><Placemark><name>SE7 NW3 8 pointer</name><styleUrl>#s_12_8</styleUrl><LineString><tessellate>1</tessellate><coordinates>-77.105500842,38.903582202,0 -77.106837225,38.904634889,0</coordinates></LineString></Placemark><Placemark><name>SE7 NW3 9</name><styleUrl>#s_12_9</styleUrl><ExtendedData><Data name="bin"><value>EN</value></Data><Data name="azimuth_deg"><value>-44.7763</value></Data><Data name="dist_to_target_m"><value>1682.751</value></Data></ExtendedData><Point><coordinates>-77.118568404,38.913873701,0</coordinates></Point></Placemark><Placemark><name>SE7 NW3 9 pointer</name><styleUrl>#s_12_9</styleUrl><LineString><tessellate>1</tessellate><coordinates>-77.118568404,38.913873701,0 -77.119251686,38.914411705,0</coordinates></LineString></Placemark><Placemark><name>SE7 NW3 10</name><styleUrl>#s_12_10</styleUrl><ExtendedData><Data name="bin"><value>EN</value></Data><Data name="azimuth_deg"><value>-44.7845</value></Data><Data name="dist_to_target_m"><value>0.000</value></Data></ExtendedData><Point><coordinates>-77.132236000,38.924633000,0</coordinates></Point></Placemark></Folder><Style id="s_12_0"><IconStyle><color>fff20cf2</color><scale>1.0</scale><Icon><href>http://maps.google.com/mapfiles/kml/shapes/star.png</href></Icon></IconStyle><LineStyle><color>fff20cf2</color><width>2.0</width></LineStyle><LabelStyle><scale>0.9</scale><color>ccffffff</color></LabelStyle></Style><Style id="s_12_1"><IconStyle><color>ffec0cec</color><scale>1.0</scale><Icon><href>http://maps.google.com/mapfiles/kml/shapes/triangle.png</href></Icon></IconStyle><LineStyle><color>ffec0cec</color><width>2.0</width></LineStyle><LabelStyle><scale>0.9</scale><color>ccffffff</color></LabelStyle></Style><Style id="s_12_2"><IconStyle><color>ffe50be5</color><scale>1.0</scale><Icon><href>http://maps.google.com/mapfiles/kml/shapes/cross-hairs.png</href></Icon></IconStyle><LineStyle><color>ffe50be5</color><width>2.0</width></LineStyle><LabelStyle><scale>0.9</scale><color>ccffffff</color></LabelStyle></Style><Style id="s_12_3"><IconStyle><color>ffdf0bdf</color><scale>1.0</scale><Icon><href>http://maps.google.com/mapfiles/kml/shapes/target.png</href></Icon></IconStyle><LineStyle><color>ffdf0bdf</color><width>2.0</width></LineStyle><LabelStyle><scale>0.9</scale><color>ccffffff</color></LabelStyle></Style><Style id="s_12_4"><IconStyle><color>ffd90bd9</color><scale>1.0</scale><Icon><href>http://maps.google.com/mapfiles/kml/shapes/open-diamond.png</href></Icon></IconStyle><LineStyle><color>ffd90bd9</color><width>2.0</width></LineStyle><LabelStyle><scale>0.9</scale><color>ccffffff</color></LabelStyle></Style><Style id="s_12_5"><IconStyle><color>ffd20bd2</color><scale>1.0</scale><Icon><href>http://maps.google.com/mapfiles/kml/shapes/shaded_dot.png</href></Icon></IconStyle><LineStyle><color>ffd20bd2</color><width>2.0</width></LineStyle><LabelStyle><scale>0.9</scale><color>ccffffff</color></LabelStyle></Style><Style id="s_12_6"><IconStyle><color>ffcc0acc</color><scale>1.0</scale><Icon><href>http://maps.google.com/mapfiles/kml/shapes/donut.png</href></Icon></IconStyle><LineStyle><color>ffcc0acc</color><width>2.0</width></LineStyle><LabelStyle><scale>0.9</scale><color>ccffffff</color></LabelStyle></Style><Style id="s_12_7"><IconStyle><color>ffc60ac6</color><scale>1.0</scale><Icon><href>http://maps.google.com/mapfiles/kml/shapes/square.png</href></Icon></IconStyle><LineStyle><color>ffc60ac6</color><width>2.0</width></LineStyle><LabelStyle><scale>0.9</scale><color>ccffffff</color></LabelStyle></Style><Style id="s_12_8"><IconStyle><color>ffbf0abf</color><scale>1.0</scale><Icon><href>http://maps.google.com/mapfiles/kml/shapes/placemark_circle.png</href></Icon></IconStyle><LineStyle><color>ffbf0abf</color><width>2.0</width></LineStyle><LabelStyle><scale>0.9</scale><color>ccffffff</color></LabelStyle></Style><Style id="s_12_9"><IconStyle><color>ffb909b9</color><scale>1.0</scale><Icon><href>http://maps.google.com/mapfiles/kml/shapes/placemark_square.png</href></Icon></IconStyle><LineStyle><color>ffb909b9</color><width>2.0</width></LineStyle><LabelStyle><scale>0.9</scale><color>ccffffff</color></LabelStyle></Style><Style id="s_12_10"><IconStyle><color>ffb209b2</color><scale>1.0</scale><Icon><href>http://maps.google.com/mapfiles/kml/shapes/star.png</href></Icon></IconStyle><LineStyle><color>ffb209b2</color><width>2.0</width></LineStyle><LabelStyle><scale>0.9</scale><color>ccffffff</color></LabelStyle></Style><Folder><name>NW3→SE7</name><Placemark><name>NW3 SE7 0</name><styleUrl>#s_13_0</styleUrl><ExtendedData><Data name="bin"><value>WS</value></Data><Data name="azimuth_deg"><value>135.2151</value></Data><Data name="dist_to_target_m"><value>16166.901</value></Data></ExtendedData><Point><coordinates>-77.132236000,38.924633000,0</coordinates></Point></Placemark><Placemark><name>NW3 SE7 0 pointer</name><styleUrl>#s_13_0</styleUrl><LineString><tessellate>1</tessellate><coordinates>-77.132236000,38.924633000,0 -77.125669965,38.919464744,0</coordinates></LineString></Placemark><Placemark><name>NW3 SE7 1</name><styleUrl>#s_13_1</styleUrl><ExtendedData><Data name="bin"><value>WS</value></Data><Data name="azimuth_deg"><value>135.2233</value></Data><Data name="dist_to_target_m"><value>14557.551</value></Data></ExtendedData><Point><coordinates>-77.119164491,38.914343050,0</coordinates></Point></Placemark><Placemark><name>NW3 SE7 1 pointer</name><styleUrl>#s_13_1</styleUrl><LineString><tessellate>1</tessellate><coordinates>-77.119164491,38.914343050,0 -77.113253743,38.909688620,0</coordinates></LineString></Placemark><Placemark><name>NW3 SE7 2</name><styleUrl>#s_13_2</styleUrl><ExtendedData><Data name="bin"><value>WS</value></Data><Data name="azimuth_deg"><value>135.2315</value></Data><Data name="dist_to_target_m"><value>12948.201</value></Data></ExtendedData><Point><coordinates>-77.106096757,38.904051618,0</coordinates></Point></Placemark><Placemark><name>NW3 SE7 2 pointer</name><styleUrl>#s_13_2</styleUrl><LineString><tessellate>1</tessellate><coordinates>-77.106096757,38.904051618,0 -77.100840927,38.899911159,0</coordinates></LineString></Placemark><Placemark><name>NW3 SE7 3</name><styleUrl>#s_13_3</styleUrl><ExtendedData><Data name="bin"><value>WS</value></Data><Data name="azimuth_deg"><value>135.2397</value></Data><Data name="dist_to_target_m"><value>11338.851</value></Data></ExtendedData><Point><coordinates>-77.093032795,38.893758706,0</coordinates></Point></Placemark><Placemark><name>NW3 SE7 3 pointer</name><styleUrl>#s_13_3</styleUrl><LineString><tessellate>1</tessellate><coordinates>-77.093032795,38.893758706,0 -77.088431515,38.890132362,0</coordinates></LineString></Placemark><Placemark><name>NW3 SE7 4</name><styleUrl>#s_13_4</styleUrl><ExtendedData><Data name="bin"><value>WS</value></Data><Data name="azimuth_deg"><value>135.2479</value></Data><Data name="dist_to_target_m"><value>9729.501</value></Data></ExtendedData><Point><coordinates>-77.079972605,38.883464315,0</coordinates></Point></Placemark><Placemark><name>NW3 SE7 4 pointer</name><styleUrl>#s_13_4</styleUrl><LineString><tessellate>1</tessellate><coordinates>-77.079972605,38.883464315,0 -77.076025506,38.880352231,0</coordinates></LineString></Placemark><Placemark><name>NW3 SE7 5</name><styleUrl>#s_13_5</styleUrl><ExtendedData><Data name="bin"><value>WS</value></Data><Data name="azimuth_deg"><value>135.2561</value></Data><Data name="dist_to_target_m"><value>8120.151</value></Data></ExtendedData><Point><coordinates>-77.066916183,38.873168446,0</coordinates></Point></Placemark><Placemark><name>NW3 SE7 5 pointer</name><styleUrl>#s_13_5</styleUrl><LineString><tessellate>1</tessellate><coordinates>-77.066916183,38.873168446,0 -77.063622898,38.870570766,0</coordinates></LineString></Placemark><Placemark><name>NW3 SE7 6</name><styleUrl>#s_13_6</styleUrl><ExtendedData><Data name="bin"><value>WS</value></Data><Data name="azimuth_deg"><value>135.2643</value></Data><Data name="dist_to_target_m"><value>6510.801</value></Data></ExtendedData><Point><coordinates>-77.053863528,38.862871099,0</coordinates></Point></Placemark><Placemark><name>NW3 SE7 6 pointer</name><styleUrl>#s_13_6</styleUrl><LineString><tessellate>1</tessellate><coordinates>-77.053863528,38.862871099,0 -77.051223689,38.860787967,0</coordinates></LineString></Placemark><Placemark><name>NW3 SE7 7</name><styleUrl>#s_13_7</styleUrl><ExtendedData><Data name="bin"><value>WS</value></Data><Data name="azimuth_deg"><value>135.2725</value></Data><Data name="dist_to_target_m"><value>4901.451</value></Data></ExtendedData><Point><coordinates>-77.040814639,38.852572275,0</coordinates></Point></Placemark><Placemark><name>NW3 SE7 7 pointer</name><styleUrl>#s_13_7</styleUrl><LineString><tessellate>1</tessellate><coordinates>-77.040814639,38.852572275,0 -77.038827878,38.851003836,0</coordinates></LineString></Placemark><Placemark><name>NW3 SE7 8</name><styleUrl>#s_13_8</styleUrl><ExtendedData><Data name="bin"><value>WS</value></Data><Data name="azimuth_deg"><value>135.2807</value></Data><Data name="dist_to_target_m"><value>3292.101</value></Data></ExtendedData><Point><coordinates>-77.027769512,38.842271976,0</coordinates></Point></Placemark><Placemark><name>NW3 SE7 8 pointer</name><styleUrl>#s_13_8</styleUrl><LineString><tessellate>1</tessellate><coordinates>-77.027769512,38.842271976,0 -77.026435463,38.841218373,0</coordinates></LineString></Placemark><Placemark><name>NW3 SE7 9</name><styleUrl>#s_13_9</styleUrl><ExtendedData><Data name="bin"><value>WS</value></Data><Data name="azimuth_deg"><value>135.2889</value></Data><Data name="dist_to_target_m"><value>1682.751</value></Data></ExtendedData><Point><coordinates>-77.014728147,38.831970202,0</coordinates></Point></Placemark><Placemark><name>NW3 SE7 9 pointer</name><styleUrl>#s_13_9</styleUrl><LineString><tessellate>1</tessellate><coordinates>-77.014728147,38.831970202,0 -77.014046442,38.831431580,0</coordinates></LineString></Placemark><Placemark><name>NW3 SE7 10</name><styleUrl>#s_13_10</styleUrl><ExtendedData><Data name="bin"><value>WS</value></Data><Data name="azimuth_deg"><value>135.2970</value></Data><Data name="dist_to_target_m"><value>0.000</value></Data></ExtendedData><Point><coordinates>-77.001096000,38.821197000,0</coordinates></Point></Placemark></Folder><Style id="s_13_0"><IconStyle><color>fff27f0c</color><scale>1.0</scale><Icon><href>http://maps.google.com/mapfiles/kml/shapes/star.png</href></Icon></IconStyle><LineStyle><color>fff27f0c</color><width>2.0</width></LineStyle><LabelStyle><scale>0.9</scale><color>ccffffff</color></LabelStyle></Style><Style id="s_13_1"><IconStyle><color>ffec7c0c</color><scale>1.0</scale><Icon><href>http://maps.google.com/mapfiles/kml/shapes/triangle.png</href></Icon></IconStyle><LineStyle><color>ffec7c0c</color><width>2.0</width></LineStyle><LabelStyle><scale>0.9</scale><color>ccffffff</color></LabelStyle></Style><Style id="s_13_2"><IconStyle><color>ffe5780b</color><scale>1.0</scale><Icon><href>http://maps.google.com/mapfiles/kml/shapes/cross-hairs.png</href></Icon></IconStyle><LineStyle><color>ffe5780b</color><width>2.0</width></LineStyle><LabelStyle><scale>0.9</scale><color>ccffffff</color></LabelStyle></Style><Style id="s_13_3"><IconStyle><color>ffdf750b</color><scale>1.0</scale><Icon><href>http://maps.google.com/mapfiles/kml/shapes/target.png</href></Icon></IconStyle><LineStyle><color>ffdf750b</color><width>2.0</width></LineStyle><LabelStyle><scale>0.9</scale><color>ccffffff</color></LabelStyle></Style><Style id="s_13_4"><IconStyle><color>ffd9720b</color><scale>1.0</scale><Icon><href>http://maps.google.com/mapfiles/kml/shapes/open-diamond.png</href></Icon></IconStyle><LineStyle><color>ffd9720b</color><width>2.0</width></LineStyle><LabelStyle><scale>0.9</scale><color>ccffffff</color></LabelStyle></Style><Style id="s_13_5"><IconStyle><color>ffd26e0b</color><scale>1.0</scale><Icon><href>http://maps.google.com/mapfiles/kml/shapes/shaded_dot.png</href></Icon></IconStyle><LineStyle><color>ffd26e0b</color><width>2.0</width></LineStyle><LabelStyle><scale>0.9</scale><color>ccffffff</color></LabelStyle></Style><Style id="s_13_6"><IconStyle><color>ffcc6b0a</color><scale>1.0</scale><Icon><href>http://maps.google.com/mapfiles/kml/shapes/donut.png</href></Icon></IconStyle><LineStyle><color>ffcc6b0a</color><width>2.0</width></LineStyle><LabelStyle><scale>0.9</scale><color>ccffffff</color></LabelStyle></Style><Style id="s_13_7"><IconStyle><color>ffc6680a</color><scale>1.0</scale><Icon><href>http://maps.google.com/mapfiles/kml/shapes/square.png</href></Icon></IconStyle><LineStyle><color>ffc6680a</color><width>2.0</width></LineStyle><LabelStyle><scale>0.9</scale><color>ccffffff</color></LabelStyle></Style><Style id="s_13_8"><IconStyle><color>ffbf640a</color><scale>1.0</scale><Icon><href>http://maps.google.com/mapfiles/kml/shapes/placemark_circle.png</href></Icon></IconStyle><LineStyle><color>ffbf640a</color><width>2.0</width></LineStyle><LabelStyle><scale>0.9</scale><color>ccffffff</color></LabelStyle></Style><Style id="s_13_9"><IconStyle><color>ffb96109</color><scale>1.0</scale><Icon><href>http://maps.google.com/mapfiles/kml/shapes/placemark_square.png</href></Icon></IconStyle><LineStyle><color>ffb96109</color><width>2.0</width></LineStyle><LabelStyle><scale>0.9</scale><color>ccffffff</color></LabelStyle></Style><Style id="s_13_10"><IconStyle><color>ffb25e09</color><scale>1.0</scale><Icon><href>http://maps.google.com/mapfiles/kml/shapes/star.png</href></Icon></IconStyle><LineStyle><color>ffb25e09</color><width>2.0</width></LineStyle><LabelStyle><scale>0.9</scale><color>ccffffff</color></LabelStyle></Style><Folder><name>SE9→NW1</name><Placemark><name>SE9 NW1 0</name><styleUrl>#s_14_0</styleUrl><ExtendedData><Data name="bin"><value>EN</value></Data><Data name="azimuth_deg"><value>-46.6762</value></Data><Data name="dist_to_target_m"><value>16165.629</value></Data></ExtendedData><Point><coordinates>-77.023569000,38.803728000,0</coordinates></Point></Placemark><Placemark><name>SE9 NW1 0 pointer</name><styleUrl>#s_14_0</styleUrl><LineString><tessellate>1</tessellate><coordinates>-77.023569000,38.803728000,0 -77.030338754,38.808723474,0</coordinates></LineString></Placemark><Placemark><name>SE9 NW1 1</name><styleUrl>#s_14_1</styleUrl><ExtendedData><Data name="bin"><value>EN</value></Data><Data name="azimuth_deg"><value>-46.6847</value></Data><Data name="dist_to_target_m"><value>14556.279</value></Data></ExtendedData><Point><coordinates>-77.037049030,38.813673980,0</coordinates></Point></Placemark><Placemark><name>SE9 NW1 1 pointer</name><styleUrl>#s_14_1</styleUrl><LineString><tessellate>1</tessellate><coordinates>-77.037049030,38.813673980,0 -77.043146482,38.818171442,0</coordinates></LineString></Placemark><Placemark><name>SE9 NW1 2</name><styleUrl>#s_14_2</styleUrl><ExtendedData><Data name="bin"><value>EN</value></Data><Data name="azimuth_deg"><value>-46.6931</value></Data><Data name="dist_to_target_m"><value>12946.929</value></Data></ExtendedData><Point><coordinates>-77.050532809,38.823618386,0</coordinates></Point></Placemark><Placemark><name>SE9 NW1 2 pointer</name><styleUrl>#s_14_2</styleUrl><LineString><tessellate>1</tessellate><coordinates>-77.050532809,38.823618386,0 -77.055957595,38.827617990,0</coordinates></LineString></Placemark><Placemark><name>SE9 NW1 3</name><styleUrl>#s_14_3</styleUrl><ExtendedData><Data name="bin"><value>EN</value></Data><Data name="azimuth_deg"><value>-46.7016</value></Data><Data name="dist_to_target_m"><value>11337.579</value></Data></ExtendedData><Point><coordinates>-77.064020340,38.833561220,0</coordinates></Point></Placemark><Placemark><name>SE9 NW1 3 pointer</name><styleUrl>#s_14_3</styleUrl><LineString><tessellate>1</tessellate><coordinates>-77.064020340,38.833561220,0 -77.068772094,38.837063117,0</coordinates></LineString></Placemark><Placemark><name>SE9 NW1 4</name><styleUrl>#s_14_4</styleUrl><ExtendedData><Data name="bin"><value>EN</value></Data><Data name="azimuth_deg"><value>-46.7100</value></Data><Data name="dist_to_target_m"><value>9728.229</value></Data></ExtendedData><Point><coordinates>-77.077511623,38.843502478,0</coordinates></Point></Placemark><Placemark><name>SE9 NW1 4 pointer</name><styleUrl>#s_14_4</styleUrl><LineString><tessellate>1</tessellate><coordinates>-77.077511623,38.843502478,0 -77.081589980,38.846506823,0</coordinates></LineString></Placemark><Placemark><name>SE9 NW1 5</name><styleUrl>#s_14_5</styleUrl><ExtendedData><Data name="bin"><value>EN</value></Data><Data name="azimuth_deg"><value>-46.7185</value></Data><Data name="dist_to_target_m"><value>8118.879</value></Data></ExtendedData><Point><coordinates>-77.091006662,38.853442161,0</coordinates></Point></Placemark><Placemark><name>SE9 NW1 5 pointer</name><styleUrl>#s_14_5</styleUrl><LineString><tessellate>1</tessellate><coordinates>-77.091006662,38.853442161,0 -77.094411256,38.855949107,0</coordinates></LineString></Placemark><Placemark><name>SE9 NW1 6</name><styleUrl>#s_14_6</styleUrl><ExtendedData><Data name="bin"><value>EN</value></Data><Data name="azimuth_deg"><value>-46.7270</value></Data><Data name="dist_to_target_m"><value>6509.529</value></Data></ExtendedData><Point><coordinates>-77.104505457,38.863380268,0</coordinates></Point></Placemark><Placemark><name>SE9 NW1 6 pointer</name><styleUrl>#s_14_6</styleUrl><LineString><tessellate>1</tessellate><coordinates>-77.104505457,38.863380268,0 -77.107235923,38.865389968,0</coordinates></LineString></Placemark><Placemark><name>SE9 NW1 7</name><styleUrl>#s_14_7</styleUrl><ExtendedData><Data name="bin"><value>EN</value></Data><Data name="azimuth_deg"><value>-46.7354</value></Data><Data name="dist_to_target_m"><value>4900.179</value></Data></ExtendedData><Point><coordinates>-77.118008011,38.873316797,0</coordinates></Point></Placemark><Placemark><name>SE9 NW1 7 pointer</name><styleUrl>#s_14_7</styleUrl><LineString><tessellate>1</tessellate><coordinates>-77.118008011,38.873316797,0 -77.120063982,38.874829405,0</coordinates></LineString></Placemark><Placemark><name>SE9 NW1 8</name><styleUrl>#s_14_8</styleUrl><ExtendedData><Data name="bin"><value>EN</value></Data><Data name="azimuth_deg"><value>-46.7439</value></Data><Data name="dist_to_target_m"><value>3290.829</value></Data></ExtendedData><Point><coordinates>-77.131514325,38.883251747,0</coordinates></Point></Placemark><Placemark><name>SE9 NW1 8 pointer</name><styleUrl>#s_14_8</styleUrl><LineString><tessellate>1</tessellate><coordinates>-77.131514325,38.883251747,0 -77.132895435,38.884267417,0</coordinates></LineString></Placemark><Placemark><name>SE9 NW1 9</name><styleUrl>#s_14_9</styleUrl><ExtendedData><Data name="bin"><value>EN</value></Data><Data name="azimuth_deg"><value>-46.7524</value></Data><Data name="dist_to_target_m"><value>1681.479</value></Data></ExtendedData><Point><coordinates>-77.145024401,38.893185118,0</coordinates></Point></Placemark><Placemark><name>SE9 NW1 9 pointer</name><styleUrl>#s_14_9</styleUrl><LineString><tessellate>1</tessellate><coordinates>-77.145024401,38.893185118,0 -77.145730283,38.893704003,0</coordinates></LineString></Placemark><Placemark><name>SE9 NW1 10</name><styleUrl>#s_14_10</styleUrl><ExtendedData><Data name="bin"><value>EN</value></Data><Data name="azimuth_deg"><value>-46.7609</value></Data><Data name="dist_to_target_m"><value>0.000</value></Data></ExtendedData><Point><coordinates>-77.159144000,38.903562000,0</coordinates></Point></Placemark></Folder><Style id="s_14_0"><IconStyle><color>fff20cf2</color><scale>1.0</scale><Icon><href>http://maps.google.com/mapfiles/kml/shapes/star.png</href></Icon></IconStyle><LineStyle><color>fff20cf2</color><width>2.0</width></LineStyle><LabelStyle><scale>0.9</scale><color>ccffffff</color></LabelStyle></Style><Style id="s_14_1"><IconStyle><color>ffec0cec</color><scale>1.0</scale><Icon><href>http://maps.google.com/mapfiles/kml/shapes/triangle.png</href></Icon></IconStyle><LineStyle><color>ffec0cec</color><width>2.0</width></LineStyle><LabelStyle><scale>0.9</scale><color>ccffffff</color></LabelStyle></Style><Style id="s_14_2"><IconStyle><color>ffe50be5</color><scale>1.0</scale><Icon><href>http://maps.google.com/mapfiles/kml/shapes/cross-hairs.png</href></Icon></IconStyle><LineStyle><color>ffe50be5</color><width>2.0</width></LineStyle><LabelStyle><scale>0.9</scale><color>ccffffff</color></LabelStyle></Style><Style id="s_14_3"><IconStyle><color>ffdf0bdf</color><scale>1.0</scale><Icon><href>http://maps.google.com/mapfiles/kml/shapes/target.png</href></Icon></IconStyle><LineStyle><color>ffdf0bdf</color><width>2.0</width></LineStyle><LabelStyle><scale>0.9</scale><color>ccffffff</color></LabelStyle></Style><Style id="s_14_4"><IconStyle><color>ffd90bd9</color><scale>1.0</scale><Icon><href>http://maps.google.com/mapfiles/kml/shapes/open-diamond.png</href></Icon></IconStyle><LineStyle><color>ffd90bd9</color><width>2.0</width></LineStyle><LabelStyle><scale>0.9</scale><color>ccffffff</color></LabelStyle></Style><Style id="s_14_5"><IconStyle><color>ffd20bd2</color><scale>1.0</scale><Icon><href>http://maps.google.com/mapfiles/kml/shapes/shaded_dot.png</href></Icon></IconStyle><LineStyle><color>ffd20bd2</color><width>2.0</width></LineStyle><LabelStyle><scale>0.9</scale><color>ccffffff</color></LabelStyle></Style><Style id="s_14_6"><IconStyle><color>ffcc0acc</color><scale>1.0</scale><Icon><href>http://maps.google.com/mapfiles/kml/shapes/donut.png</href></Icon></IconStyle><LineStyle><color>ffcc0acc</color><width>2.0</width></LineStyle><LabelStyle><scale>0.9</scale><color>ccffffff</color></LabelStyle></Style><Style id="s_14_7"><IconStyle><color>ffc60ac6</color><scale>1.0</scale><Icon><href>http://maps.google.com/mapfiles/kml/shapes/square.png</href></Icon></IconStyle><LineStyle><color>ffc60ac6</color><width>2.0</width></LineStyle><LabelStyle><scale>0.9</scale><color>ccffffff</color></LabelStyle></Style><Style id="s_14_8"><IconStyle><color>ffbf0abf</color><scale>1.0</scale><Icon><href>http://maps.google.com/mapfiles/kml/shapes/placemark_circle.png</href></Icon></IconStyle><LineStyle><color>ffbf0abf</color><width>2.0</width></LineStyle><LabelStyle><scale>0.9</scale><color>ccffffff</color></LabelStyle></Style><Style id="s_14_9"><IconStyle><color>ffb909b9</color><scale>1.0</scale><Icon><href>http://maps.google.com/mapfiles/kml/shapes/placemark_square.png</href></Icon></IconStyle><LineStyle><color>ffb909b9</color><width>2.0</width></LineStyle><LabelStyle><scale>0.9</scale><color>ccffffff</color></LabelStyle></Style><Style id="s_14_10"><IconStyle><color>ffb209b2</color><scale>1.0</scale><Icon><href>http://maps.google.com/mapfiles/kml/shapes/star.png</href></Icon></IconStyle><LineStyle><color>ffb209b2</color><width>2.0</width></LineStyle><LabelStyle><scale>0.9</scale><color>ccffffff</color></LabelStyle></Style><Folder><name>NW1→SE9</name><Placemark><name>NW1 SE9 0</name><styleUrl>#s_15_0</styleUrl><ExtendedData><Data name="bin"><value>WS</value></Data><Data name="azimuth_deg"><value>133.2387</value></Data><Data name="dist_to_target_m"><value>16165.629</value></Data></ExtendedData><Point><coordinates>-77.159144000,38.903562000,0</coordinates></Point></Placemark><Placemark><name>NW1 SE9 0 pointer</name><styleUrl>#s_15_0</styleUrl><LineString><tessellate>1</tessellate><coordinates>-77.159144000,38.903562000,0 -77.152356241,38.898574082,0</coordinates></LineString></Placemark><Placemark><name>NW1 SE9 1</name><styleUrl>#s_15_1</styleUrl><ExtendedData><Data name="bin"><value>WS</value></Data><Data name="azimuth_deg"><value>133.2472</value></Data><Data name="dist_to_target_m"><value>14556.279</value></Data></ExtendedData><Point><coordinates>-77.145629991,38.893630280,0</coordinates></Point></Placemark><Placemark><name>NW1 SE9 1 pointer</name><styleUrl>#s_15_1</styleUrl><LineString><tessellate>1</tessellate><coordinates>-77.145629991,38.893630280,0 -77.139519640,38.889138231,0</coordinates></LineString></Placemark><Placemark><name>NW1 SE9 2</name><styleUrl>#s_15_2</styleUrl><ExtendedData><Data name="bin"><value>WS</value></Data><Data name="azimuth_deg"><value>133.2557</value></Data><Data name="dist_to_target_m"><value>12946.929</value></Data></ExtendedData><Point><coordinates>-77.132119747,38.883696980,0</coordinates></Point></Placemark><Placemark><name>NW1 SE9 2 pointer</name><styleUrl>#s_15_2</styleUrl><LineString><tessellate>1</tessellate><coordinates>-77.132119747,38.883696980,0 -77.126686434,38.879700955,0</coordinates></LineString></Placemark><Placemark><name>NW1 SE9 3</name><styleUrl>#s_15_3</styleUrl><ExtendedData><Data name="bin"><value>WS</value></Data><Data name="azimuth_deg"><value>133.2642</value></Data><Data name="dist_to_target_m"><value>11337.579</value></Data></ExtendedData><Point><coordinates>-77.118613264,38.873762101,0</coordinates></Point></Placemark><Placemark><name>NW1 SE9 3 pointer</name><styleUrl>#s_15_3</styleUrl><LineString><tessellate>1</tessellate><coordinates>-77.118613264,38.873762101,0 -77.113856624,38.870262253,0</coordinates></LineString></Placemark><Placemark><name>NW1 SE9 4</name><styleUrl>#s_15_4</styleUrl><ExtendedData><Data name="bin"><value>WS</value></Data><Data name="azimuth_deg"><value>133.2726</value></Data><Data name="dist_to_target_m"><value>9728.229</value></Data></ExtendedData><Point><coordinates>-77.105110542,38.863825642,0</coordinates></Point></Placemark><Placemark><name>NW1 SE9 4 pointer</name><styleUrl>#s_15_4</styleUrl><LineString><tessellate>1</tessellate><coordinates>-77.105110542,38.863825642,0 -77.101030206,38.860822128,0</coordinates></LineString></Placemark><Placemark><name>NW1 SE9 5</name><styleUrl>#s_15_5</styleUrl><ExtendedData><Data name="bin"><value>WS</value></Data><Data name="azimuth_deg"><value>133.2811</value></Data><Data name="dist_to_target_m"><value>8118.879</value></Data></ExtendedData><Point><coordinates>-77.091611578,38.853887607,0</coordinates></Point></Placemark><Placemark><name>NW1 SE9 5 pointer</name><styleUrl>#s_15_5</styleUrl><LineString><tessellate>1</tessellate><coordinates>-77.091611578,38.853887607,0 -77.088207180,38.851380578,0</coordinates></LineString></Placemark><Placemark><name>NW1 SE9 6</name><styleUrl>#s_15_6</styleUrl><ExtendedData><Data name="bin"><value>WS</value></Data><Data name="azimuth_deg"><value>133.2896</value></Data><Data name="dist_to_target_m"><value>6509.529</value></Data></ExtendedData><Point><coordinates>-77.078116371,38.843947994,0</coordinates></Point></Placemark><Placemark><name>NW1 SE9 6 pointer</name><styleUrl>#s_15_6</styleUrl><LineString><tessellate>1</tessellate><coordinates>-77.078116371,38.843947994,0 -77.075387545,38.841937606,0</coordinates></LineString></Placemark><Placemark><name>NW1 SE9 7</name><styleUrl>#s_15_7</styleUrl><ExtendedData><Data name="bin"><value>WS</value></Data><Data name="azimuth_deg"><value>133.2980</value></Data><Data name="dist_to_target_m"><value>4900.179</value></Data></ExtendedData><Point><coordinates>-77.064624919,38.834006806,0</coordinates></Point></Placemark><Placemark><name>NW1 SE9 7 pointer</name><styleUrl>#s_15_7</styleUrl><LineString><tessellate>1</tessellate><coordinates>-77.064624919,38.834006806,0 -77.062571297,38.832493212,0</coordinates></LineString></Placemark><Placemark><name>NW1 SE9 8</name><styleUrl>#s_15_8</styleUrl><ExtendedData><Data name="bin"><value>WS</value></Data><Data name="azimuth_deg"><value>133.3065</value></Data><Data name="dist_to_target_m"><value>3290.829</value></Data></ExtendedData><Point><coordinates>-77.051137220,38.824064044,0</coordinates></Point></Placemark><Placemark><name>NW1 SE9 8 pointer</name><styleUrl>#s_15_8</styleUrl><LineString><tessellate>1</tessellate><coordinates>-77.051137220,38.824064044,0 -77.049758437,38.823047398,0</coordinates></LineString></Placemark><Placemark><name>NW1 SE9 9</name><styleUrl>#s_15_9</styleUrl><ExtendedData><Data name="bin"><value>WS</value></Data><Data name="azimuth_deg"><value>133.3150</value></Data><Data name="dist_to_target_m"><value>1681.479</value></Data></ExtendedData><Point><coordinates>-77.037653273,38.814119707,0</coordinates></Point></Placemark><Placemark><name>NW1 SE9 9 pointer</name><styleUrl>#s_15_9</styleUrl><LineString><tessellate>1</tessellate><coordinates>-77.037653273,38.814119707,0 -77.036948962,38.813600163,0</coordinates></LineString></Placemark><Placemark><name>NW1 SE9 10</name><styleUrl>#s_15_10</styleUrl><ExtendedData><Data name="bin"><value>WS</value></Data><Data name="azimuth_deg"><value>133.3234</value></Data><Data name="dist_to_target_m"><value>0.000</value></Data></ExtendedData><Point><coordinates>-77.023569000,38.803728000,0</coordinates></Point></Placemark></Folder><Style id="s_15_0"><IconStyle><color>fff27f0c</color><scale>1.0</scale><Icon><href>http://maps.google.com/mapfiles/kml/shapes/star.png</href></Icon></IconStyle><LineStyle><color>fff27f0c</color><width>2.0</width></LineStyle><LabelStyle><scale>0.9</scale><color>ccffffff</color></LabelStyle></Style><Style id="s_15_1"><IconStyle><color>ffec7c0c</color><scale>1.0</scale><Icon><href>http://maps.google.com/mapfiles/kml/shapes/triangle.png</href></Icon></IconStyle><LineStyle><color>ffec7c0c</color><width>2.0</width></LineStyle><LabelStyle><scale>0.9</scale><color>ccffffff</color></LabelStyle></Style><Style id="s_15_2"><IconStyle><color>ffe5780b</color><scale>1.0</scale><Icon><href>http://maps.google.com/mapfiles/kml/shapes/cross-hairs.png</href></Icon></IconStyle><LineStyle><color>ffe5780b</color><width>2.0</width></LineStyle><LabelStyle><scale>0.9</scale><color>ccffffff</color></LabelStyle></Style><Style id="s_15_3"><IconStyle><color>ffdf750b</color><scale>1.0</scale><Icon><href>http://maps.google.com/mapfiles/kml/shapes/target.png</href></Icon></IconStyle><LineStyle><color>ffdf750b</color><width>2.0</width></LineStyle><LabelStyle><scale>0.9</scale><color>ccffffff</color></LabelStyle></Style><Style id="s_15_4"><IconStyle><color>ffd9720b</color><scale>1.0</scale><Icon><href>http://maps.google.com/mapfiles/kml/shapes/open-diamond.png</href></Icon></IconStyle><LineStyle><color>ffd9720b</color><width>2.0</width></LineStyle><LabelStyle><scale>0.9</scale><color>ccffffff</color></LabelStyle></Style><Style id="s_15_5"><IconStyle><color>ffd26e0b</color><scale>1.0</scale><Icon><href>http://maps.google.com/mapfiles/kml/shapes/shaded_dot.png</href></Icon></IconStyle><LineStyle><color>ffd26e0b</color><width>2.0</width></LineStyle><LabelStyle><scale>0.9</scale><color>ccffffff</color></LabelStyle></Style><Style id="s_15_6"><IconStyle><color>ffcc6b0a</color><scale>1.0</scale><Icon><href>http://maps.google.com/mapfiles/kml/shapes/donut.png</href></Icon></IconStyle><LineStyle><color>ffcc6b0a</color><width>2.0</width></LineStyle><LabelStyle><scale>0.9</scale><color>ccffffff</color></LabelStyle></Style><Style id="s_15_7"><IconStyle><color>ffc6680a</color><scale>1.0</scale><Icon><href>http://maps.google.com/mapfiles/kml/shapes/square.png</href></Icon></IconStyle><LineStyle><color>ffc6680a</color><width>2.0</width></LineStyle><LabelStyle><scale>0.9</scale><color>ccffffff</color></LabelStyle></Style><Style id="s_15_8"><IconStyle><color>ffbf640a</color><scale>1.0</scale><Icon><href>http://maps.google.com/mapfiles/kml/shapes/placemark_circle.png</href></Icon></IconStyle><LineStyle><color>ffbf640a</color><width>2.0</width></LineStyle><LabelStyle><scale>0.9</scale><color>ccffffff</color></LabelStyle></Style><Style id="s_15_9"><IconStyle><color>ffb96109</color><scale>1.0</scale><Icon><href>http://maps.google.com/mapfiles/kml/shapes/placemark_square.png</href></Icon></IconStyle><LineStyle><color>ffb96109</color><width>2.0</width></LineStyle><LabelStyle><scale>0.9</scale><color>ccffffff</color></LabelStyle></Style><Style id="s_15_10"><IconStyle><color>ffb25e09</color><scale>1.0</scale><Icon><href>http://maps.google.com/mapfiles/kml/shapes/star.png</href></Icon></IconStyle><LineStyle><color>ffb25e09</color><width>2.0</width></LineStyle><LabelStyle><scale>0.9</scale><color>ccffffff</color></LabelStyle></Style><Folder><name>SW2→NE8</name><Placemark><name>SW2 NE8 0</name><styleUrl>#s_16_0</styleUrl><ExtendedData><Data name="bin"><value>WN</value></Data><Data name="azimuth_deg"><value>43.1540</value></Data><Data name="dist_to_target_m"><value>16124.264</value></Data></ExtendedData><Point><coordinates>-77.062638000,38.807592000,0</coordinates></Point></Placemark><Placemark><name>SW2 NE8 0 pointer</name><styleUrl>#s_16_0</styleUrl><LineString><tessellate>1</tessellate><coordinates>-77.062638000,38.807592000,0 -77.056289200,38.812889880,0</coordinates></LineString></Placemark><Placemark><name>SW2 NE8 1</name><styleUrl>#s_16_1</styleUrl><ExtendedData><Data name="bin"><value>WN</value></Data><Data name="azimuth_deg"><value>43.1620</value></Data><Data name="dist_to_target_m"><value>14514.914</value></Data></ExtendedData><Point><coordinates>-77.049963692,38.818167197,0</coordinates></Point></Placemark><Placemark><name>SW2 NE8 1 pointer</name><styleUrl>#s_16_1</styleUrl><LineString><tessellate>1</tessellate><coordinates>-77.049963692,38.818167197,0 -77.044246913,38.822935687,0</coordinates></LineString></Placemark><Placemark><name>SW2 NE8 2</name><styleUrl>#s_16_2</styleUrl><ExtendedData><Data name="bin"><value>WN</value></Data><Data name="azimuth_deg"><value>43.1699</value></Data><Data name="dist_to_target_m"><value>12905.564</value></Data></ExtendedData><Point><coordinates>-77.037285634,38.828740999,0</coordinates></Point></Placemark><Placemark><name>SW2 NE8 2 pointer</name><styleUrl>#s_16_2</styleUrl><LineString><tessellate>1</tessellate><coordinates>-77.037285634,38.828740999,0 -77.032201240,38.832980234,0</coordinates></LineString></Placemark><Placemark><name>SW2 NE8 3</name><styleUrl>#s_16_3</styleUrl><ExtendedData><Data name="bin"><value>WN</value></Data><Data name="azimuth_deg"><value>43.1779</value></Data><Data name="dist_to_target_m"><value>11296.214</value></Data></ExtendedData><Point><coordinates>-77.024603826,38.839313405,0</coordinates></Point></Placemark><Placemark><name>SW2 NE8 3 pointer</name><styleUrl>#s_16_3</styleUrl><LineString><tessellate>1</tessellate><coordinates>-77.024603826,38.839313405,0 -77.020152182,38.843023522,0</coordinates></LineString></Placemark><Placemark><name>SW2 NE8 4</name><styleUrl>#s_16_4</styleUrl><ExtendedData><Data name="bin"><value>WN</value></Data><Data name="azimuth_deg"><value>43.1858</value></Data><Data name="dist_to_target_m"><value>9686.864</value></Data></ExtendedData><Point><coordinates>-77.011918264,38.849884416,0</coordinates></Point></Placemark><Placemark><name>SW2 NE8 4 pointer</name><styleUrl>#s_16_4</styleUrl><LineString><tessellate>1</tessellate><coordinates>-77.011918264,38.849884416,0 -77.008099736,38.853065549,0</coordinates></LineString></Placemark><Placemark><name>SW2 NE8 5</name><styleUrl>#s_16_5</styleUrl><ExtendedData><Data name="bin"><value>WN</value></Data><Data name="azimuth_deg"><value>43.1938</value></Data><Data name="dist_to_target_m"><value>8077.514</value></Data></ExtendedData><Point><coordinates>-76.999228947,38.860454029,0</coordinates></Point></Placemark><Placemark><name>SW2 NE8 5 pointer</name><styleUrl>#s_16_5</styleUrl><LineString><tessellate>1</tessellate><coordinates>-76.999228947,38.860454029,0 -76.996043899,38.863106315,0</coordinates></LineString></Placemark><Placemark><name>SW2 NE8 6</name><styleUrl>#s_16_6</styleUrl><ExtendedData><Data name="bin"><value>WN</value></Data><Data name="azimuth_deg"><value>43.2018</value></Data><Data name="dist_to_target_m"><value>6468.164</value></Data></ExtendedData><Point><coordinates>-76.986535872,38.871022243,0</coordinates></Point></Placemark><Placemark><name>SW2 NE8 6 pointer</name><styleUrl>#s_16_6</styleUrl><LineString><tessellate>1</tessellate><coordinates>-76.986535872,38.871022243,0 -76.983984672,38.873145819,0</coordinates></LineString></Placemark><Placemark><name>SW2 NE8 7</name><styleUrl>#s_16_7</styleUrl><ExtendedData><Data name="bin"><value>WN</value></Data><Data name="azimuth_deg"><value>43.2097</value></Data><Data name="dist_to_target_m"><value>4858.814</value></Data></ExtendedData><Point><coordinates>-76.973839039,38.881589059,0</coordinates></Point></Placemark><Placemark><name>SW2 NE8 7 pointer</name><styleUrl>#s_16_7</styleUrl><LineString><tessellate>1</tessellate><coordinates>-76.973839039,38.881589059,0 -76.971922051,38.883184059,0</coordinates></LineString></Placemark><Placemark><name>SW2 NE8 8</name><styleUrl>#s_16_8</styleUrl><ExtendedData><Data name="bin"><value>WN</value></Data><Data name="azimuth_deg"><value>43.2177</value></Data><Data name="dist_to_target_m"><value>3249.464</value></Data></ExtendedData><Point><coordinates>-76.961138444,38.892154475,0</coordinates></Point></Placemark><Placemark><name>SW2 NE8 8 pointer</name><styleUrl>#s_16_8</styleUrl><LineString><tessellate>1</tessellate><coordinates>-76.961138444,38.892154475,0 -76.959856036,38.893221037,0</coordinates></LineString></Placemark><Placemark><name>SW2 NE8 9</name><styleUrl>#s_16_9</styleUrl><ExtendedData><Data name="bin"><value>WN</value></Data><Data name="azimuth_deg"><value>43.2257</value></Data><Data name="dist_to_target_m"><value>1640.114</value></Data></ExtendedData><Point><coordinates>-76.948434085,38.902718489,0</coordinates></Point></Placemark><Placemark><name>SW2 NE8 9 pointer</name><styleUrl>#s_16_9</styleUrl><LineString><tessellate>1</tessellate><coordinates>-76.948434085,38.902718489,0 -76.947786624,38.903256750,0</coordinates></LineString></Placemark><Placemark><name>SW2 NE8 10</name><styleUrl>#s_16_10</styleUrl><ExtendedData><Data name="bin"><value>WN</value></Data><Data name="azimuth_deg"><value>43.2337</value></Data><Data name="dist_to_target_m"><value>0.000</value></Data></ExtendedData><Point><coordinates>-76.935483000,38.913483000,0</coordinates></Point></Placemark></Folder><Style id="s_16_0"><IconStyle><color>ff0cf20c</color><scale>1.0</scale><Icon><href>http://maps.google.com/mapfiles/kml/shapes/star.png</href></Icon></IconStyle><LineStyle><color>ff0cf20c</color><width>2.0</width></LineStyle><LabelStyle><scale>0.9</scale><color>ccffffff</color></LabelStyle></Style><Style id="s_16_1"><IconStyle><color>ff0cec0c</color><scale>1.0</scale><Icon><href>http://maps.google.com/mapfiles/kml/shapes/triangle.png</href></Icon></IconStyle><LineStyle><color>ff0cec0c</color><width>2.0</width></LineStyle><LabelStyle><scale>0.9</scale><color>ccffffff</color></LabelStyle></Style><Style id="s_16_2"><IconStyle><color>ff0be50b</color><scale>1.0</scale><Icon><href>http://maps.google.com/mapfiles/kml/shapes/cross-hairs.png</href></Icon></IconStyle><LineStyle><color>ff0be50b</color><width>2.0</width></LineStyle><LabelStyle><scale>0.9</scale><color>ccffffff</color></LabelStyle></Style><Style id="s_16_3"><IconStyle><color>ff0bdf0b</color><scale>1.0</scale><Icon><href>http://maps.google.com/mapfiles/kml/shapes/target.png</href></Icon></IconStyle><LineStyle><color>ff0bdf0b</color><width>2.0</width></LineStyle><LabelStyle><scale>0.9</scale><color>ccffffff</color></LabelStyle></Style><Style id="s_16_4"><IconStyle><color>ff0bd90b</color><scale>1.0</scale><Icon><href>http://maps.google.com/mapfiles/kml/shapes/open-diamond.png</href></Icon></IconStyle><LineStyle><color>ff0bd90b</color><width>2.0</width></LineStyle><LabelStyle><scale>0.9</scale><color>ccffffff</color></LabelStyle></Style><Style id="s_16_5"><IconStyle><color>ff0bd20b</color><scale>1.0</scale><Icon><href>http://maps.google.com/mapfiles/kml/shapes/shaded_dot.png</href></Icon></IconStyle><LineStyle><color>ff0bd20b</color><width>2.0</width></LineStyle><LabelStyle><scale>0.9</scale><color>ccffffff</color></LabelStyle></Style><Style id="s_16_6"><IconStyle><color>ff0acc0a</color><scale>1.0</scale><Icon><href>http://maps.google.com/mapfiles/kml/shapes/donut.png</href></Icon></IconStyle><LineStyle><color>ff0acc0a</color><width>2.0</width></LineStyle><LabelStyle><scale>0.9</scale><color>ccffffff</color></LabelStyle></Style><Style id="s_16_7"><IconStyle><color>ff0ac60a</color><scale>1.0</scale><Icon><href>http://maps.google.com/mapfiles/kml/shapes/square.png</href></Icon></IconStyle><LineStyle><color>ff0ac60a</color><width>2.0</width></LineStyle><LabelStyle><scale>0.9</scale><color>ccffffff</color></LabelStyle></Style><Style id="s_16_8"><IconStyle><color>ff0abf0a</color><scale>1.0</scale><Icon><href>http://maps.google.com/mapfiles/kml/shapes/placemark_circle.png</href></Icon></IconStyle><LineStyle><color>ff0abf0a</color><width>2.0</width></LineStyle><LabelStyle><scale>0.9</scale><color>ccffffff</color></LabelStyle></Style><Style id="s_16_9"><IconStyle><color>ff09b909</color><scale>1.0</scale><Icon><href>http://maps.google.com/mapfiles/kml/shapes/placemark_square.png</href></Icon></IconStyle><LineStyle><color>ff09b909</color><width>2.0</width></LineStyle><LabelStyle><scale>0.9</scale><color>ccffffff</color></LabelStyle></Style><Style id="s_16_10"><IconStyle><color>ff09b209</color><scale>1.0</scale><Icon><href>http://maps.google.com/mapfiles/kml/shapes/star.png</href></Icon></IconStyle><LineStyle><color>ff09b209</color><width>2.0</width></LineStyle><LabelStyle><scale>0.9</scale><color>ccffffff</color></LabelStyle></Style><Folder><name>NE8→SW2</name><Placemark><name>NE8 SW2 0</name><styleUrl>#s_17_0</styleUrl><ExtendedData><Data name="bin"><value>ES</value></Data><Data name="azimuth_deg"><value>-136.7662</value></Data><Data name="dist_to_target_m"><value>16124.264</value></Data></ExtendedData><Point><coordinates>-76.935483000,38.913483000,0</coordinates></Point></Placemark><Placemark><name>NE8 SW2 0 pointer</name><styleUrl>#s_17_0</styleUrl><LineString><tessellate>1</tessellate><coordinates>-76.935483000,38.913483000,0 -76.941849715,38.908191787,0</coordinates></LineString></Placemark><Placemark><name>NE8 SW2 1</name><styleUrl>#s_17_1</styleUrl><ExtendedData><Data name="bin"><value>ES</value></Data><Data name="azimuth_deg"><value>-136.7742</value></Data><Data name="dist_to_target_m"><value>14514.914</value></Data></ExtendedData><Point><coordinates>-76.948191196,38.902920414,0</coordinates></Point></Placemark><Placemark><name>NE8 SW2 1 pointer</name><styleUrl>#s_17_1</styleUrl><LineString><tessellate>1</tessellate><coordinates>-76.948191196,38.902920414,0 -76.953920798,38.898156696,0</coordinates></LineString></Placemark><Placemark><name>NE8 SW2 2</name><styleUrl>#s_17_2</styleUrl><ExtendedData><Data name="bin"><value>ES</value></Data><Data name="azimuth_deg"><value>-136.7821</value></Data><Data name="dist_to_target_m"><value>12905.564</value></Data></ExtendedData><Point><coordinates>-76.960895626,38.892356426,0</coordinates></Point></Placemark><Placemark><name>NE8 SW2 2 pointer</name><styleUrl>#s_17_2</styleUrl><LineString><tessellate>1</tessellate><coordinates>-76.960895626,38.892356426,0 -76.965988484,38.888120341,0</coordinates></LineString></Placemark><Placemark><name>NE8 SW2 3</name><styleUrl>#s_17_3</styleUrl><ExtendedData><Data name="bin"><value>ES</value></Data><Data name="azimuth_deg"><value>-136.7901</value></Data><Data name="dist_to_target_m"><value>11296.214</value></Data></ExtendedData><Point><coordinates>-76.973596293,38.881791037,0</coordinates></Point></Placemark><Placemark><name>NE8 SW2 3 pointer</name><styleUrl>#s_17_3</styleUrl><LineString><tessellate>1</tessellate><coordinates>-76.973596293,38.881791037,0 -76.978052774,38.878082721,0</coordinates></LineString></Placemark><Placemark><name>NE8 SW2 4</name><styleUrl>#s_17_4</styleUrl><ExtendedData><Data name="bin"><value>ES</value></Data><Data name="azimuth_deg"><value>-136.7981</value></Data><Data name="dist_to_target_m"><value>9686.864</value></Data></ExtendedData><Point><coordinates>-76.986293199,38.871224248,0</coordinates></Point></Placemark><Placemark><name>NE8 SW2 4 pointer</name><styleUrl>#s_17_4</styleUrl><LineString><tessellate>1</tessellate><coordinates>-76.986293199,38.871224248,0 -76.990113670,38.868043838,0</coordinates></LineString></Placemark><Placemark><name>NE8 SW2 5</name><styleUrl>#s_17_5</styleUrl><ExtendedData><Data name="bin"><value>ES</value></Data><Data name="azimuth_deg"><value>-136.8061</value></Data><Data name="dist_to_target_m"><value>8077.514</value></Data></ExtendedData><Point><coordinates>-76.998986345,38.860656060,0</coordinates></Point></Placemark><Placemark><name>NE8 SW2 5 pointer</name><styleUrl>#s_17_5</styleUrl><LineString><tessellate>1</tessellate><coordinates>-76.998986345,38.860656060,0 -77.002171174,38.858003693,0</coordinates></LineString></Placemark><Placemark><name>NE8 SW2 6</name><styleUrl>#s_17_6</styleUrl><ExtendedData><Data name="bin"><value>ES</value></Data><Data name="azimuth_deg"><value>-136.8140</value></Data><Data name="dist_to_target_m"><value>6468.164</value></Data></ExtendedData><Point><coordinates>-77.011675734,38.850086474,0</coordinates></Point></Placemark><Placemark><name>NE8 SW2 6 pointer</name><styleUrl>#s_17_6</styleUrl><LineString><tessellate>1</tessellate><coordinates>-77.011675734,38.850086474,0 -77.014225287,38.847962286,0</coordinates></LineString></Placemark><Placemark><name>NE8 SW2 7</name><styleUrl>#s_17_7</styleUrl><ExtendedData><Data name="bin"><value>ES</value></Data><Data name="azimuth_deg"><value>-136.8220</value></Data><Data name="dist_to_target_m"><value>4858.814</value></Data></ExtendedData><Point><coordinates>-77.024361368,38.839515491,0</coordinates></Point></Placemark><Placemark><name>NE8 SW2 7 pointer</name><styleUrl>#s_17_7</styleUrl><LineString><tessellate>1</tessellate><coordinates>-77.024361368,38.839515491,0 -77.026276011,38.837919618,0</coordinates></LineString></Placemark><Placemark><name>NE8 SW2 8</name><styleUrl>#s_17_8</styleUrl><ExtendedData><Data name="bin"><value>ES</value></Data><Data name="azimuth_deg"><value>-136.8299</value></Data><Data name="dist_to_target_m"><value>3249.464</value></Data></ExtendedData><Point><coordinates>-77.037043248,38.828943111,0</coordinates></Point></Placemark><Placemark><name>NE8 SW2 8 pointer</name><styleUrl>#s_17_8</styleUrl><LineString><tessellate>1</tessellate><coordinates>-77.037043248,38.828943111,0 -77.038323349,38.827875690,0</coordinates></LineString></Placemark><Placemark><name>NE8 SW2 9</name><styleUrl>#s_17_9</styleUrl><ExtendedData><Data name="bin"><value>ES</value></Data><Data name="azimuth_deg"><value>-136.8379</value></Data><Data name="dist_to_target_m"><value>1640.114</value></Data></ExtendedData><Point><coordinates>-77.049721377,38.818369335,0</coordinates></Point></Placemark><Placemark><name>NE8 SW2 9 pointer</name><styleUrl>#s_17_9</styleUrl><LineString><tessellate>1</tessellate><coordinates>-77.049721377,38.818369335,0 -77.050367301,38.817830503,0</coordinates></LineString></Placemark><Placemark><name>NE8 SW2 10</name><styleUrl>#s_17_10</styleUrl><ExtendedData><Data name="bin"><value>ES</value></Data><Data name="azimuth_deg"><value>-136.8458</value></Data><Data name="dist_to_target_m"><value>0.000</value></Data></ExtendedData><Point><coordinates>-77.062638000,38.807592000,0</coordinates></Point></Placemark></Folder><Style id="s_17_0"><IconStyle><color>fff20c7f</color><scale>1.0</scale><Icon><href>http://maps.google.com/mapfiles/kml/shapes/star.png</href></Icon></IconStyle><LineStyle><color>fff20c7f</color><width>2.0</width></LineStyle><LabelStyle><scale>0.9</scale><color>ccffffff</color></LabelStyle></Style><Style id="s_17_1"><IconStyle><color>ffec0c7c</color><scale>1.0</scale><Icon><href>http://maps.google.com/mapfiles/kml/shapes/triangle.png</href></Icon></IconStyle><LineStyle><color>ffec0c7c</color><width>2.0</width></LineStyle><LabelStyle><scale>0.9</scale><color>ccffffff</color></LabelStyle></Style><Style id="s_17_2"><IconStyle><color>ffe50b78</color><scale>1.0</scale><Icon><href>http://maps.google.com/mapfiles/kml/shapes/cross-hairs.png</href></Icon></IconStyle><LineStyle><color>ffe50b78</color><width>2.0</width></LineStyle><LabelStyle><scale>0.9</scale><color>ccffffff</color></LabelStyle></Style><Style id="s_17_3"><IconStyle><color>ffdf0b75</color><scale>1.0</scale><Icon><href>http://maps.google.com/mapfiles/kml/shapes/target.png</href></Icon></IconStyle><LineStyle><color>ffdf0b75</color><width>2.0</width></LineStyle><LabelStyle><scale>0.9</scale><color>ccffffff</color></LabelStyle></Style><Style id="s_17_4"><IconStyle><color>ffd90b72</color><scale>1.0</scale><Icon><href>http://maps.google.com/mapfiles/kml/shapes/open-diamond.png</href></Icon></IconStyle><LineStyle><color>ffd90b72</color><width>2.0</width></LineStyle><LabelStyle><scale>0.9</scale><color>ccffffff</color></LabelStyle></Style><Style id="s_17_5"><IconStyle><color>ffd20b6e</color><scale>1.0</scale><Icon><href>http://maps.google.com/mapfiles/kml/shapes/shaded_dot.png</href></Icon></IconStyle><LineStyle><color>ffd20b6e</color><width>2.0</width></LineStyle><LabelStyle><scale>0.9</scale><color>ccffffff</color></LabelStyle></Style><Style id="s_17_6"><IconStyle><color>ffcc0a6b</color><scale>1.0</scale><Icon><href>http://maps.google.com/mapfiles/kml/shapes/donut.png</href></Icon></IconStyle><LineStyle><color>ffcc0a6b</color><width>2.0</width></LineStyle><LabelStyle><scale>0.9</scale><color>ccffffff</color></LabelStyle></Style><Style id="s_17_7"><IconStyle><color>ffc60a68</color><scale>1.0</scale><Icon><href>http://maps.google.com/mapfiles/kml/shapes/square.png</href></Icon></IconStyle><LineStyle><color>ffc60a68</color><width>2.0</width></LineStyle><LabelStyle><scale>0.9</scale><color>ccffffff</color></LabelStyle></Style><Style id="s_17_8"><IconStyle><color>ffbf0a64</color><scale>1.0</scale><Icon><href>http://maps.google.com/mapfiles/kml/shapes/placemark_circle.png</href></Icon></IconStyle><LineStyle><color>ffbf0a64</color><width>2.0</width></LineStyle><LabelStyle><scale>0.9</scale><color>ccffffff</color></LabelStyle></Style><Style id="s_17_9"><IconStyle><color>ffb90961</color><scale>1.0</scale><Icon><href>http://maps.google.com/mapfiles/kml/shapes/placemark_square.png</href></Icon></IconStyle><LineStyle><color>ffb90961</color><width>2.0</width></LineStyle><LabelStyle><scale>0.9</scale><color>ccffffff</color></LabelStyle></Style><Style id="s_17_10"><IconStyle><color>ffb2095e</color><scale>1.0</scale><Icon><href>http://maps.google.com/mapfiles/kml/shapes/star.png</href></Icon></IconStyle><LineStyle><color>ffb2095e</color><width>2.0</width></LineStyle><LabelStyle><scale>0.9</scale><color>ccffffff</color></LabelStyle></Style><Folder><name>SW4→NE6</name><Placemark><name>SW4 NE6 0</name><styleUrl>#s_18_0</styleUrl><ExtendedData><Data name="bin"><value>WN</value></Data><Data name="azimuth_deg"><value>45.2068</value></Data><Data name="dist_to_target_m"><value>16110.578</value></Data></ExtendedData><Point><coordinates>-77.093187000,38.831543000,0</coordinates></Point></Placemark><Placemark><name>SW4 NE6 0 pointer</name><styleUrl>#s_18_0</styleUrl><LineString><tessellate>1</tessellate><coordinates>-77.093187000,38.831543000,0 -77.086603113,38.836655175,0</coordinates></LineString></Placemark><Placemark><name>SW4 NE6 1</name><styleUrl>#s_18_1</styleUrl><ExtendedData><Data name="bin"><value>WN</value></Data><Data name="azimuth_deg"><value>45.2151</value></Data><Data name="dist_to_target_m"><value>14501.228</value></Data></ExtendedData><Point><coordinates>-77.080032246,38.841756137,0</coordinates></Point></Placemark><Placemark><name>SW4 NE6 1 pointer</name><styleUrl>#s_18_1</styleUrl><LineString><tessellate>1</tessellate><coordinates>-77.080032246,38.841756137,0 -77.074104398,38.846356978,0</coordinates></LineString></Placemark><Placemark><name>SW4 NE6 2</name><styleUrl>#s_18_2</styleUrl><ExtendedData><Data name="bin"><value>WN</value></Data><Data name="azimuth_deg"><value>45.2233</value></Data><Data name="dist_to_target_m"><value>12891.878</value></Data></ExtendedData><Point><coordinates>-77.066873730,38.851967775,0</coordinates></Point></Placemark><Placemark><name>SW4 NE6 2 pointer</name><styleUrl>#s_18_2</styleUrl><LineString><tessellate>1</tessellate><coordinates>-77.066873730,38.851967775,0 -77.061602287,38.856057428,0</coordinates></LineString></Placemark><Placemark><name>SW4 NE6 3</name><styleUrl>#s_18_3</styleUrl><ExtendedData><Data name="bin"><value>WN</value></Data><Data name="azimuth_deg"><value>45.2316</value></Data><Data name="dist_to_target_m"><value>11282.528</value></Data></ExtendedData><Point><coordinates>-77.053711452,38.862177912,0</coordinates></Point></Placemark><Placemark><name>SW4 NE6 3 pointer</name><styleUrl>#s_18_3</styleUrl><LineString><tessellate>1</tessellate><coordinates>-77.053711452,38.862177912,0 -77.049096779,38.865756522,0</coordinates></LineString></Placemark><Placemark><name>SW4 NE6 4</name><styleUrl>#s_18_4</styleUrl><ExtendedData><Data name="bin"><value>WN</value></Data><Data name="azimuth_deg"><value>45.2399</value></Data><Data name="dist_to_target_m"><value>9673.178</value></Data></ExtendedData><Point><coordinates>-77.040545408,38.872386548,0</coordinates></Point></Placemark><Placemark><name>SW4 NE6 4 pointer</name><styleUrl>#s_18_4</styleUrl><LineString><tessellate>1</tessellate><coordinates>-77.040545408,38.872386548,0 -77.036587873,38.875454261,0</coordinates></LineString></Placemark><Placemark><name>SW4 NE6 5</name><styleUrl>#s_18_5</styleUrl><ExtendedData><Data name="bin"><value>WN</value></Data><Data name="azimuth_deg"><value>45.2481</value></Data><Data name="dist_to_target_m"><value>8063.828</value></Data></ExtendedData><Point><coordinates>-77.027375598,38.882593680,0</coordinates></Point></Placemark><Placemark><name>SW4 NE6 5 pointer</name><styleUrl>#s_18_5</styleUrl><LineString><tessellate>1</tessellate><coordinates>-77.027375598,38.882593680,0 -77.024075567,38.885150644,0</coordinates></LineString></Placemark><Placemark><name>SW4 NE6 6</name><styleUrl>#s_18_6</styleUrl><ExtendedData><Data name="bin"><value>WN</value></Data><Data name="azimuth_deg"><value>45.2564</value></Data><Data name="dist_to_target_m"><value>6454.478</value></Data></ExtendedData><Point><coordinates>-77.014202018,38.892799310,0</coordinates></Point></Placemark><Placemark><name>SW4 NE6 6 pointer</name><styleUrl>#s_18_6</styleUrl><LineString><tessellate>1</tessellate><coordinates>-77.014202018,38.892799310,0 -77.011559859,38.894845670,0</coordinates></LineString></Placemark><Placemark><name>SW4 NE6 7</name><styleUrl>#s_18_7</styleUrl><ExtendedData><Data name="bin"><value>WN</value></Data><Data name="azimuth_deg"><value>45.2647</value></Data><Data name="dist_to_target_m"><value>4845.128</value></Data></ExtendedData><Point><coordinates>-77.001024668,38.903003434,0</coordinates></Point></Placemark><Placemark><name>SW4 NE6 7 pointer</name><styleUrl>#s_18_7</styleUrl><LineString><tessellate>1</tessellate><coordinates>-77.001024668,38.903003434,0 -76.999040748,38.904539337,0</coordinates></LineString></Placemark><Placemark><name>SW4 NE6 8</name><styleUrl>#s_18_8</styleUrl><ExtendedData><Data name="bin"><value>WN</value></Data><Data name="azimuth_deg"><value>45.2730</value></Data><Data name="dist_to_target_m"><value>3235.778</value></Data></ExtendedData><Point><coordinates>-76.987843546,38.913206054,0</coordinates></Point></Placemark><Placemark><name>SW4 NE6 8 pointer</name><styleUrl>#s_18_8</styleUrl><LineString><tessellate>1</tessellate><coordinates>-76.987843546,38.913206054,0 -76.986518231,38.914231646,0</coordinates></LineString></Placemark><Placemark><name>SW4 NE6 9</name><styleUrl>#s_18_9</styleUrl><ExtendedData><Data name="bin"><value>WN</value></Data><Data name="azimuth_deg"><value>45.2812</value></Data><Data name="dist_to_target_m"><value>1626.428</value></Data></ExtendedData><Point><coordinates>-76.974658649,38.923407167,0</coordinates></Point></Placemark><Placemark><name>SW4 NE6 9 pointer</name><styleUrl>#s_18_9</styleUrl><LineString><tessellate>1</tessellate><coordinates>-76.974658649,38.923407167,0 -76.973992308,38.923922595,0</coordinates></LineString></Placemark><Placemark><name>SW4 NE6 10</name><styleUrl>#s_18_10</styleUrl><ExtendedData><Data name="bin"><value>WN</value></Data><Data name="azimuth_deg"><value>45.2895</value></Data><Data name="dist_to_target_m"><value>0.000</value></Data></ExtendedData><Point><coordinates>-76.961330000,38.933715000,0</coordinates></Point></Placemark></Folder><Style id="s_18_0"><IconStyle><color>ff0cf20c</color><scale>1.0</scale><Icon><href>http://maps.google.com/mapfiles/kml/shapes/star.png</href></Icon></IconStyle><LineStyle><color>ff0cf20c</color><width>2.0</width></LineStyle><LabelStyle><scale>0.9</scale><color>ccffffff</color></LabelStyle></Style><Style id="s_18_1"><IconStyle><color>ff0cec0c</color><scale>1.0</scale><Icon><href>http://maps.google.com/mapfiles/kml/shapes/triangle.png</href></Icon></IconStyle><LineStyle><color>ff0cec0c</color><width>2.0</width></LineStyle><LabelStyle><scale>0.9</scale><color>ccffffff</color></LabelStyle></Style><Style id="s_18_2"><IconStyle><color>ff0be50b</color><scale>1.0</scale><Icon><href>http://maps.google.com/mapfiles/kml/shapes/cross-hairs.png</href></Icon></IconStyle><LineStyle><color>ff0be50b</color><width>2.0</width></LineStyle><LabelStyle><scale>0.9</scale><color>ccffffff</color></LabelStyle></Style><Style id="s_18_3"><IconStyle><color>ff0bdf0b</color><scale>1.0</scale><Icon><href>http://maps.google.com/mapfiles/kml/shapes/target.png</href></Icon></IconStyle><LineStyle><color>ff0bdf0b</color><width>2.0</width></LineStyle><LabelStyle><scale>0.9</scale><color>ccffffff</color></LabelStyle></Style><Style id="s_18_4"><IconStyle><color>ff0bd90b</color><scale>1.0</scale><Icon><href>http://maps.google.com/mapfiles/kml/shapes/open-diamond.png</href></Icon></IconStyle><LineStyle><color>ff0bd90b</color><width>2.0</width></LineStyle><LabelStyle><scale>0.9</scale><color>ccffffff</color></LabelStyle></Style><Style id="s_18_5"><IconStyle><color>ff0bd20b</color><scale>1.0</scale><Icon><href>http://maps.google.com/mapfiles/kml/shapes/shaded_dot.png</href></Icon></IconStyle><LineStyle><color>ff0bd20b</color><width>2.0</width></LineStyle><LabelStyle><scale>0.9</scale><color>ccffffff</color></LabelStyle></Style><Style id="s_18_6"><IconStyle><color>ff0acc0a</color><scale>1.0</scale><Icon><href>http://maps.google.com/mapfiles/kml/shapes/donut.png</href></Icon></IconStyle><LineStyle><color>ff0acc0a</color><width>2.0</width></LineStyle><LabelStyle><scale>0.9</scale><color>ccffffff</color></LabelStyle></Style><Style id="s_18_7"><IconStyle><color>ff0ac60a</color><scale>1.0</scale><Icon><href>http://maps.google.com/mapfiles/kml/shapes/square.png</href></Icon></IconStyle><LineStyle><color>ff0ac60a</color><width>2.0</width></LineStyle><LabelStyle><scale>0.9</scale><color>ccffffff</color></LabelStyle></Style><Style id="s_18_8"><IconStyle><color>ff0abf0a</color><scale>1.0</scale><Icon><href>http://maps.google.com/mapfiles/kml/shapes/placemark_circle.png</href></Icon></IconStyle><LineStyle><color>ff0abf0a</color><width>2.0</width></LineStyle><LabelStyle><scale>0.9</scale><color>ccffffff</color></LabelStyle></Style><Style id="s_18_9"><IconStyle><color>ff09b909</color><scale>1.0</scale><Icon><href>http://maps.google.com/mapfiles/kml/shapes/placemark_square.png</href></Icon></IconStyle><LineStyle><color>ff09b909</color><width>2.0</width></LineStyle><LabelStyle><scale>0.9</scale><color>ccffffff</color></LabelStyle></Style><Style id="s_18_10"><IconStyle><color>ff09b209</color><scale>1.0</scale><Icon><href>http://maps.google.com/mapfiles/kml/shapes/star.png</href></Icon></IconStyle><LineStyle><color>ff09b209</color><width>2.0</width></LineStyle><LabelStyle><scale>0.9</scale><color>ccffffff</color></LabelStyle></Style><Folder><name>NE6→SW4</name><Placemark><name>NE6 SW4 0</name><styleUrl>#s_19_0</styleUrl><ExtendedData><Data name="bin"><value>ES</value></Data><Data name="azimuth_deg"><value>-134.7104</value></Data><Data name="dist_to_target_m"><value>16110.578</value></Data></ExtendedData><Point><coordinates>-76.961330000,38.933715000,0</coordinates></Point></Placemark><Placemark><name>NE6 SW4 0 pointer</name><styleUrl>#s_19_0</styleUrl><LineString><tessellate>1</tessellate><coordinates>-76.961330000,38.933715000,0 -76.967931827,38.928609982,0</coordinates></LineString></Placemark><Placemark><name>NE6 SW4 1</name><styleUrl>#s_19_1</styleUrl><ExtendedData><Data name="bin"><value>ES</value></Data><Data name="azimuth_deg"><value>-134.7187</value></Data><Data name="dist_to_target_m"><value>14501.228</value></Data></ExtendedData><Point><coordinates>-76.974518713,38.923515411,0</coordinates></Point></Placemark><Placemark><name>NE6 SW4 1 pointer</name><styleUrl>#s_19_1</styleUrl><LineString><tessellate>1</tessellate><coordinates>-76.974518713,38.923515411,0 -76.980459398,38.918919691,0</coordinates></LineString></Placemark><Placemark><name>NE6 SW4 2</name><styleUrl>#s_19_2</styleUrl><ExtendedData><Data name="bin"><value>ES</value></Data><Data name="azimuth_deg"><value>-134.7270</value></Data><Data name="dist_to_target_m"><value>12891.878</value></Data></ExtendedData><Point><coordinates>-76.987703650,38.913314314,0</coordinates></Point></Placemark><Placemark><name>NE6 SW4 2 pointer</name><styleUrl>#s_19_2</styleUrl><LineString><tessellate>1</tessellate><coordinates>-76.987703650,38.913314314,0 -76.992983562,38.909228040,0</coordinates></LineString></Placemark><Placemark><name>NE6 SW4 3</name><styleUrl>#s_19_3</styleUrl><ExtendedData><Data name="bin"><value>ES</value></Data><Data name="azimuth_deg"><value>-134.7352</value></Data><Data name="dist_to_target_m"><value>11282.528</value></Data></ExtendedData><Point><coordinates>-77.000884813,38.903111711,0</coordinates></Point></Placemark><Placemark><name>NE6 SW4 3 pointer</name><styleUrl>#s_19_3</styleUrl><LineString><tessellate>1</tessellate><coordinates>-77.000884813,38.903111711,0 -77.005504320,38.899535030,0</coordinates></LineString></Placemark><Placemark><name>NE6 SW4 4</name><styleUrl>#s_19_4</styleUrl><ExtendedData><Data name="bin"><value>ES</value></Data><Data name="azimuth_deg"><value>-134.7435</value></Data><Data name="dist_to_target_m"><value>9673.178</value></Data></ExtendedData><Point><coordinates>-77.014062203,38.892907602,0</coordinates></Point></Placemark><Placemark><name>NE6 SW4 4 pointer</name><styleUrl>#s_19_4</styleUrl><LineString><tessellate>1</tessellate><coordinates>-77.014062203,38.892907602,0 -77.018021675,38.889840661,0</coordinates></LineString></Placemark><Placemark><name>NE6 SW4 5</name><styleUrl>#s_19_5</styleUrl><ExtendedData><Data name="bin"><value>ES</value></Data><Data name="azimuth_deg"><value>-134.7518</value></Data><Data name="dist_to_target_m"><value>8063.828</value></Data></ExtendedData><Point><coordinates>-77.027235822,38.882701988,0</coordinates></Point></Placemark><Placemark><name>NE6 SW4 5 pointer</name><styleUrl>#s_19_5</styleUrl><LineString><tessellate>1</tessellate><coordinates>-77.027235822,38.882701988,0 -77.030535626,38.880144935,0</coordinates></LineString></Placemark><Placemark><name>NE6 SW4 6</name><styleUrl>#s_19_6</styleUrl><ExtendedData><Data name="bin"><value>ES</value></Data><Data name="azimuth_deg"><value>-134.7601</value></Data><Data name="dist_to_target_m"><value>6454.478</value></Data></ExtendedData><Point><coordinates>-77.040405672,38.872494872,0</coordinates></Point></Placemark><Placemark><name>NE6 SW4 6 pointer</name><styleUrl>#s_19_6</styleUrl><LineString><tessellate>1</tessellate><coordinates>-77.040405672,38.872494872,0 -77.043046177,38.870447852,0</coordinates></LineString></Placemark><Placemark><name>NE6 SW4 7</name><styleUrl>#s_19_7</styleUrl><ExtendedData><Data name="bin"><value>ES</value></Data><Data name="azimuth_deg"><value>-134.7683</value></Data><Data name="dist_to_target_m"><value>4845.128</value></Data></ExtendedData><Point><coordinates>-77.053571756,38.862286252,0</coordinates></Point></Placemark><Placemark><name>NE6 SW4 7 pointer</name><styleUrl>#s_19_7</styleUrl><LineString><tessellate>1</tessellate><coordinates>-77.053571756,38.862286252,0 -77.055553328,38.860749413,0</coordinates></LineString></Placemark><Placemark><name>NE6 SW4 8</name><styleUrl>#s_19_8</styleUrl><ExtendedData><Data name="bin"><value>ES</value></Data><Data name="azimuth_deg"><value>-134.7766</value></Data><Data name="dist_to_target_m"><value>3235.778</value></Data></ExtendedData><Point><coordinates>-77.066734074,38.852076131,0</coordinates></Point></Placemark><Placemark><name>NE6 SW4 8 pointer</name><styleUrl>#s_19_8</styleUrl><LineString><tessellate>1</tessellate><coordinates>-77.066734074,38.852076131,0 -77.068057082,38.851049618,0</coordinates></LineString></Placemark><Placemark><name>NE6 SW4 9</name><styleUrl>#s_19_9</styleUrl><ExtendedData><Data name="bin"><value>ES</value></Data><Data name="azimuth_deg"><value>-134.7848</value></Data><Data name="dist_to_target_m"><value>1626.428</value></Data></ExtendedData><Point><coordinates>-77.079892630,38.841864509,0</coordinates></Point></Placemark><Placemark><name>NE6 SW4 9 pointer</name><styleUrl>#s_19_9</styleUrl><LineString><tessellate>1</tessellate><coordinates>-77.079892630,38.841864509,0 -77.080557440,38.841348470,0</coordinates></LineString></Placemark><Placemark><name>NE6 SW4 10</name><styleUrl>#s_19_10</styleUrl><ExtendedData><Data name="bin"><value>ES</value></Data><Data name="azimuth_deg"><value>-134.7931</value></Data><Data name="dist_to_target_m"><value>0.000</value></Data></ExtendedData><Point><coordinates>-77.093187000,38.831543000,0</coordinates></Point></Placemark></Folder><Style id="s_19_0"><IconStyle><color>fff20c7f</color><scale>1.0</scale><Icon><href>http://maps.google.com/mapfiles/kml/shapes/star.png</href></Icon></IconStyle><LineStyle><color>fff20c7f</color><width>2.0</width></LineStyle><LabelStyle><scale>0.9</scale><color>ccffffff</color></LabelStyle></Style><Style id="s_19_1"><IconStyle><color>ffec0c7c</color><scale>1.0</scale><Icon><href>http://maps.google.com/mapfiles/kml/shapes/triangle.png</href></Icon></IconStyle><LineStyle><color>ffec0c7c</color><width>2.0</width></LineStyle><LabelStyle><scale>0.9</scale><color>ccffffff</color></LabelStyle></Style><Style id="s_19_2"><IconStyle><color>ffe50b78</color><scale>1.0</scale><Icon><href>http://maps.google.com/mapfiles/kml/shapes/cross-hairs.png</href></Icon></IconStyle><LineStyle><color>ffe50b78</color><width>2.0</width></LineStyle><LabelStyle><scale>0.9</scale><color>ccffffff</color></LabelStyle></Style><Style id="s_19_3"><IconStyle><color>ffdf0b75</color><scale>1.0</scale><Icon><href>http://maps.google.com/mapfiles/kml/shapes/target.png</href></Icon></IconStyle><LineStyle><color>ffdf0b75</color><width>2.0</width></LineStyle><LabelStyle><scale>0.9</scale><color>ccffffff</color></LabelStyle></Style><Style id="s_19_4"><IconStyle><color>ffd90b72</color><scale>1.0</scale><Icon><href>http://maps.google.com/mapfiles/kml/shapes/open-diamond.png</href></Icon></IconStyle><LineStyle><color>ffd90b72</color><width>2.0</width></LineStyle><LabelStyle><scale>0.9</scale><color>ccffffff</color></LabelStyle></Style><Style id="s_19_5"><IconStyle><color>ffd20b6e</color><scale>1.0</scale><Icon><href>http://maps.google.com/mapfiles/kml/shapes/shaded_dot.png</href></Icon></IconStyle><LineStyle><color>ffd20b6e</color><width>2.0</width></LineStyle><LabelStyle><scale>0.9</scale><color>ccffffff</color></LabelStyle></Style><Style id="s_19_6"><IconStyle><color>ffcc0a6b</color><scale>1.0</scale><Icon><href>http://maps.google.com/mapfiles/kml/shapes/donut.png</href></Icon></IconStyle><LineStyle><color>ffcc0a6b</color><width>2.0</width></LineStyle><LabelStyle><scale>0.9</scale><color>ccffffff</color></LabelStyle></Style><Style id="s_19_7"><IconStyle><color>ffc60a68</color><scale>1.0</scale><Icon><href>http://maps.google.com/mapfiles/kml/shapes/square.png</href></Icon></IconStyle><LineStyle><color>ffc60a68</color><width>2.0</width></LineStyle><LabelStyle><scale>0.9</scale><color>ccffffff</color></LabelStyle></Style><Style id="s_19_8"><IconStyle><color>ffbf0a64</color><scale>1.0</scale><Icon><href>http://maps.google.com/mapfiles/kml/shapes/placemark_circle.png</href></Icon></IconStyle><LineStyle><color>ffbf0a64</color><width>2.0</width></LineStyle><LabelStyle><scale>0.9</scale><color>ccffffff</color></LabelStyle></Style><Style id="s_19_9"><IconStyle><color>ffb90961</color><scale>1.0</scale><Icon><href>http://maps.google.com/mapfiles/kml/shapes/placemark_square.png</href></Icon></IconStyle><LineStyle><color>ffb90961</color><width>2.0</width></LineStyle><LabelStyle><scale>0.9</scale><color>ccffffff</color></LabelStyle></Style><Style id="s_19_10"><IconStyle><color>ffb2095e</color><scale>1.0</scale><Icon><href>http://maps.google.com/mapfiles/kml/shapes/star.png</href></Icon></IconStyle><LineStyle><color>ffb2095e</color><width>2.0</width></LineStyle><LabelStyle><scale>0.9</scale><color>ccffffff</color></LabelStyle></Style><Folder><name>SW6→NE4</name><Placemark><name>SW6 NE4 0</name><styleUrl>#s_20_0</styleUrl><ExtendedData><Data name="bin"><value>WN</value></Data><Data name="azimuth_deg"><value>44.8207</value></Data><Data name="dist_to_target_m"><value>16116.315</value></Data></ExtendedData><Point><coordinates>-77.119264000,38.851832000,0</coordinates></Point></Placemark><Placemark><name>SW6 NE4 0 pointer</name><styleUrl>#s_20_0</styleUrl><LineString><tessellate>1</tessellate><coordinates>-77.119264000,38.851832000,0 -77.112720129,38.856980584,0</coordinates></LineString></Placemark><Placemark><name>SW6 NE4 1</name><styleUrl>#s_20_1</styleUrl><ExtendedData><Data name="bin"><value>WN</value></Data><Data name="azimuth_deg"><value>44.8289</value></Data><Data name="dist_to_target_m"><value>14506.965</value></Data></ExtendedData><Point><coordinates>-77.106193846,38.862114220,0</coordinates></Point></Placemark><Placemark><name>SW6 NE4 1 pointer</name><styleUrl>#s_20_1</styleUrl><LineString><tessellate>1</tessellate><coordinates>-77.106193846,38.862114220,0 -77.100301781,38.866748023,0</coordinates></LineString></Placemark><Placemark><name>SW6 NE4 2</name><styleUrl>#s_20_2</styleUrl><ExtendedData><Data name="bin"><value>WN</value></Data><Data name="azimuth_deg"><value>44.8371</value></Data><Data name="dist_to_target_m"><value>12897.615</value></Data></ExtendedData><Point><coordinates>-77.093119926,38.872394959,0</coordinates></Point></Placemark><Placemark><name>SW6 NE4 2 pointer</name><styleUrl>#s_20_2</styleUrl><LineString><tessellate>1</tessellate><coordinates>-77.093119926,38.872394959,0 -77.087880034,38.876514126,0</coordinates></LineString></Placemark><Placemark><name>SW6 NE4 3</name><styleUrl>#s_20_3</styleUrl><ExtendedData><Data name="bin"><value>WN</value></Data><Data name="azimuth_deg"><value>44.8453</value></Data><Data name="dist_to_target_m"><value>11288.265</value></Data></ExtendedData><Point><coordinates>-77.080042240,38.882674216,0</coordinates></Point></Placemark><Placemark><name>SW6 NE4 3 pointer</name><styleUrl>#s_20_3</styleUrl><LineString><tessellate>1</tessellate><coordinates>-77.080042240,38.882674216,0 -77.075454887,38.886278891,0</coordinates></LineString></Placemark><Placemark><name>SW6 NE4 4</name><styleUrl>#s_20_4</styleUrl><ExtendedData><Data name="bin"><value>WN</value></Data><Data name="azimuth_deg"><value>44.8535</value></Data><Data name="dist_to_target_m"><value>9678.915</value></Data></ExtendedData><Point><coordinates>-77.066960785,38.892951990,0</coordinates></Point></Placemark><Placemark><name>SW6 NE4 4 pointer</name><styleUrl>#s_20_4</styleUrl><LineString><tessellate>1</tessellate><coordinates>-77.066960785,38.892951990,0 -77.063026338,38.896042317,0</coordinates></LineString></Placemark><Placemark><name>SW6 NE4 5</name><styleUrl>#s_20_5</styleUrl><ExtendedData><Data name="bin"><value>WN</value></Data><Data name="azimuth_deg"><value>44.8617</value></Data><Data name="dist_to_target_m"><value>8069.565</value></Data></ExtendedData><Point><coordinates>-77.053875559,38.903228279,0</coordinates></Point></Placemark><Placemark><name>SW6 NE4 5 pointer</name><styleUrl>#s_20_5</styleUrl><LineString><tessellate>1</tessellate><coordinates>-77.053875559,38.903228279,0 -77.050594386,38.905804403,0</coordinates></LineString></Placemark><Placemark><name>SW6 NE4 6</name><styleUrl>#s_20_6</styleUrl><ExtendedData><Data name="bin"><value>WN</value></Data><Data name="azimuth_deg"><value>44.8699</value></Data><Data name="dist_to_target_m"><value>6460.215</value></Data></ExtendedData><Point><coordinates>-77.040786560,38.913503084,0</coordinates></Point></Placemark><Placemark><name>SW6 NE4 6 pointer</name><styleUrl>#s_20_6</styleUrl><LineString><tessellate>1</tessellate><coordinates>-77.040786560,38.913503084,0 -77.038159028,38.915565149,0</coordinates></LineString></Placemark><Placemark><name>SW6 NE4 7</name><styleUrl>#s_20_7</styleUrl><ExtendedData><Data name="bin"><value>WN</value></Data><Data name="azimuth_deg"><value>44.8781</value></Data><Data name="dist_to_target_m"><value>4850.865</value></Data></ExtendedData><Point><coordinates>-77.027693787,38.923776403,0</coordinates></Point></Placemark><Placemark><name>SW6 NE4 7 pointer</name><styleUrl>#s_20_7</styleUrl><LineString><tessellate>1</tessellate><coordinates>-77.027693787,38.923776403,0 -77.025720263,38.925324554,0</coordinates></LineString></Placemark><Placemark><name>SW6 NE4 8</name><styleUrl>#s_20_8</styleUrl><ExtendedData><Data name="bin"><value>WN</value></Data><Data name="azimuth_deg"><value>44.8864</value></Data><Data name="dist_to_target_m"><value>3241.515</value></Data></ExtendedData><Point><coordinates>-77.014597236,38.934048234,0</coordinates></Point></Placemark><Placemark><name>SW6 NE4 8 pointer</name><styleUrl>#s_20_8</styleUrl><LineString><tessellate>1</tessellate><coordinates>-77.014597236,38.934048234,0 -77.013278089,38.935082616,0</coordinates></LineString></Placemark><Placemark><name>SW6 NE4 9</name><styleUrl>#s_20_9</styleUrl><ExtendedData><Data name="bin"><value>WN</value></Data><Data name="azimuth_deg"><value>44.8946</value></Data><Data name="dist_to_target_m"><value>1632.165</value></Data></ExtendedData><Point><coordinates>-77.001496908,38.944318578,0</coordinates></Point></Placemark><Placemark><name>SW6 NE4 9 pointer</name><styleUrl>#s_20_9</styleUrl><LineString><tessellate>1</tessellate><coordinates>-77.001496908,38.944318578,0 -77.000832505,38.944839336,0</coordinates></LineString></Placemark><Placemark><name>SW6 NE4 10</name><styleUrl>#s_20_10</styleUrl><ExtendedData><Data name="bin"><value>WN</value></Data><Data name="azimuth_deg"><value>44.9028</value></Data><Data name="dist_to_target_m"><value>0.000</value></Data></ExtendedData><Point><coordinates>-76.988207000,38.954733000,0</coordinates></Point></Placemark></Folder><Style id="s_20_0"><IconStyle><color>ff0cf20c</color><scale>1.0</scale><Icon><href>http://maps.google.com/mapfiles/kml/shapes/star.png</href></Icon></IconStyle><LineStyle><color>ff0cf20c</color><width>2.0</width></LineStyle><LabelStyle><scale>0.9</scale><color>ccffffff</color></LabelStyle></Style><Style id="s_20_1"><IconStyle><color>ff0cec0c</color><scale>1.0</scale><Icon><href>http://maps.google.com/mapfiles/kml/shapes/triangle.png</href></Icon></IconStyle><LineStyle><color>ff0cec0c</color><width>2.0</width></LineStyle><LabelStyle><scale>0.9</scale><color>ccffffff</color></LabelStyle></Style><Style id="s_20_2"><IconStyle><color>ff0be50b</color><scale>1.0</scale><Icon><href>http://maps.google.com/mapfiles/kml/shapes/cross-hairs.png</href></Icon></IconStyle><LineStyle><color>ff0be50b</color><width>2.0</width></LineStyle><LabelStyle><scale>0.9</scale><color>ccffffff</color></LabelStyle></Style><Style id="s_20_3"><IconStyle><color>ff0bdf0b</color><scale>1.0</scale><Icon><href>http://maps.google.com/mapfiles/kml/shapes/target.png</href></Icon></IconStyle><LineStyle><color>ff0bdf0b</color><width>2.0</width></LineStyle><LabelStyle><scale>0.9</scale><color>ccffffff</color></LabelStyle></Style><Style id="s_20_4"><IconStyle><color>ff0bd90b</color><scale>1.0</scale><Icon><href>http://maps.google.com/mapfiles/kml/shapes/open-diamond.png</href></Icon></IconStyle><LineStyle><color>ff0bd90b</color><width>2.0</width></LineStyle><LabelStyle><scale>0.9</scale><color>ccffffff</color></LabelStyle></Style><Style id="s_20_5"><IconStyle><color>ff0bd20b</color><scale>1.0</scale><Icon><href>http://maps.google.com/mapfiles/kml/shapes/shaded_dot.png</href></Icon></IconStyle><LineStyle><color>ff0bd20b</color><width>2.0</width></LineStyle><LabelStyle><scale>0.9</scale><color>ccffffff</color></LabelStyle></Style><Style id="s_20_6"><IconStyle><color>ff0acc0a</color><scale>1.0</scale><Icon><href>http://maps.google.com/mapfiles/kml/shapes/donut.png</href></Icon></IconStyle><LineStyle><color>ff0acc0a</color><width>2.0</width></LineStyle><LabelStyle><scale>0.9</scale><color>ccffffff</color></LabelStyle></Style><Style id="s_20_7"><IconStyle><color>ff0ac60a</color><scale>1.0</scale><Icon><href>http://maps.google.com/mapfiles/kml/shapes/square.png</href></Icon></IconStyle><LineStyle><color>ff0ac60a</color><width>2.0</width></LineStyle><LabelStyle><scale>0.9</scale><color>ccffffff</color></LabelStyle></Style><Style id="s_20_8"><IconStyle><color>ff0abf0a</color><scale>1.0</scale><Icon><href>http://maps.google.com/mapfiles/kml/shapes/placemark_circle.png</href></Icon></IconStyle><LineStyle><color>ff0abf0a</color><width>2.0</width></LineStyle><LabelStyle><scale>0.9</scale><color>ccffffff</color></LabelStyle></Style><Style id="s_20_9"><IconStyle><color>ff09b909</color><scale>1.0</scale><Icon><href>http://maps.google.com/mapfiles/kml/shapes/placemark_square.png</href></Icon></IconStyle><LineStyle><color>ff09b909</color><width>2.0</width></LineStyle><LabelStyle><scale>0.9</scale><color>ccffffff</color></LabelStyle></Style><Style id="s_20_10"><IconStyle><color>ff09b209</color><scale>1.0</scale><Icon><href>http://maps.google.com/mapfiles/kml/shapes/star.png</href></Icon></IconStyle><LineStyle><color>ff09b209</color><width>2.0</width></LineStyle><LabelStyle><scale>0.9</scale><color>ccffffff</color></LabelStyle></Style><Folder><name>NE4→SW6</name><Placemark><name>NE4 SW6 0</name><styleUrl>#s_21_0</styleUrl><ExtendedData><Data name="bin"><value>ES</value></Data><Data name="azimuth_deg"><value>-135.0970</value></Data><Data name="dist_to_target_m"><value>16116.315</value></Data></ExtendedData><Point><coordinates>-76.988207000,38.954733000,0</coordinates></Point></Placemark><Placemark><name>NE4 SW6 0 pointer</name><styleUrl>#s_21_0</styleUrl><LineString><tessellate>1</tessellate><coordinates>-76.988207000,38.954733000,0 -76.994768843,38.949591490,0</coordinates></LineString></Placemark><Placemark><name>NE4 SW6 1</name><styleUrl>#s_21_1</styleUrl><ExtendedData><Data name="bin"><value>ES</value></Data><Data name="azimuth_deg"><value>-135.1053</value></Data><Data name="dist_to_target_m"><value>14506.965</value></Data></ExtendedData><Point><coordinates>-77.001311163,38.944464166,0</coordinates></Point></Placemark><Placemark><name>NE4 SW6 1 pointer</name><styleUrl>#s_21_1</styleUrl><LineString><tessellate>1</tessellate><coordinates>-77.001311163,38.944464166,0 -77.007216088,38.939835425,0</coordinates></LineString></Placemark><Placemark><name>NE4 SW6 2</name><styleUrl>#s_21_2</styleUrl><ExtendedData><Data name="bin"><value>ES</value></Data><Data name="azimuth_deg"><value>-135.1135</value></Data><Data name="dist_to_target_m"><value>12897.615</value></Data></ExtendedData><Point><coordinates>-77.014411545,38.934193843,0</coordinates></Point></Placemark><Placemark><name>NE4 SW6 2 pointer</name><styleUrl>#s_21_2</styleUrl><LineString><tessellate>1</tessellate><coordinates>-77.014411545,38.934193843,0 -77.019659923,38.930078017,0</coordinates></LineString></Placemark><Placemark><name>NE4 SW6 3</name><styleUrl>#s_21_3</styleUrl><ExtendedData><Data name="bin"><value>ES</value></Data><Data name="azimuth_deg"><value>-135.1217</value></Data><Data name="dist_to_target_m"><value>11288.265</value></Data></ExtendedData><Point><coordinates>-77.027508148,38.923922033,0</coordinates></Point></Placemark><Placemark><name>NE4 SW6 3 pointer</name><styleUrl>#s_21_3</styleUrl><LineString><tessellate>1</tessellate><coordinates>-77.027508148,38.923922033,0 -77.032100348,38.920319266,0</coordinates></LineString></Placemark><Placemark><name>NE4 SW6 4</name><styleUrl>#s_21_4</styleUrl><ExtendedData><Data name="bin"><value>ES</value></Data><Data name="azimuth_deg"><value>-135.1300</value></Data><Data name="dist_to_target_m"><value>9678.915</value></Data></ExtendedData><Point><coordinates>-77.040600975,38.913648735,0</coordinates></Point></Placemark><Placemark><name>NE4 SW6 4 pointer</name><styleUrl>#s_21_4</styleUrl><LineString><tessellate>1</tessellate><coordinates>-77.040600975,38.913648735,0 -77.044537366,38.910559173,0</coordinates></LineString></Placemark><Placemark><name>NE4 SW6 5</name><styleUrl>#s_21_5</styleUrl><ExtendedData><Data name="bin"><value>ES</value></Data><Data name="azimuth_deg"><value>-135.1382</value></Data><Data name="dist_to_target_m"><value>8069.565</value></Data></ExtendedData><Point><coordinates>-77.053690027,38.903373952,0</coordinates></Point></Placemark><Placemark><name>NE4 SW6 5 pointer</name><styleUrl>#s_21_5</styleUrl><LineString><tessellate>1</tessellate><coordinates>-77.053690027,38.903373952,0 -77.056970977,38.900797740,0</coordinates></LineString></Placemark><Placemark><name>NE4 SW6 6</name><styleUrl>#s_21_6</styleUrl><ExtendedData><Data name="bin"><value>ES</value></Data><Data name="azimuth_deg"><value>-135.1464</value></Data><Data name="dist_to_target_m"><value>6460.215</value></Data></ExtendedData><Point><coordinates>-77.066775307,38.893097683,0</coordinates></Point></Placemark><Placemark><name>NE4 SW6 6 pointer</name><styleUrl>#s_21_6</styleUrl><LineString><tessellate>1</tessellate><coordinates>-77.066775307,38.893097683,0 -77.069401184,38.891034966,0</coordinates></LineString></Placemark><Placemark><name>NE4 SW6 7</name><styleUrl>#s_21_7</styleUrl><ExtendedData><Data name="bin"><value>ES</value></Data><Data name="azimuth_deg"><value>-135.1546</value></Data><Data name="dist_to_target_m"><value>4850.865</value></Data></ExtendedData><Point><coordinates>-77.079856816,38.882819930,0</coordinates></Point></Placemark><Placemark><name>NE4 SW6 7 pointer</name><styleUrl>#s_21_7</styleUrl><LineString><tessellate>1</tessellate><coordinates>-77.079856816,38.882819930,0 -77.081827988,38.881270854,0</coordinates></LineString></Placemark><Placemark><name>NE4 SW6 8</name><styleUrl>#s_21_8</styleUrl><ExtendedData><Data name="bin"><value>ES</value></Data><Data name="azimuth_deg"><value>-135.1628</value></Data><Data name="dist_to_target_m"><value>3241.515</value></Data></ExtendedData><Point><coordinates>-77.092934555,38.872540694,0</coordinates></Point></Placemark><Placemark><name>NE4 SW6 8 pointer</name><styleUrl>#s_21_8</styleUrl><LineString><tessellate>1</tessellate><coordinates>-77.092934555,38.872540694,0 -77.094251390,38.871505402,0</coordinates></LineString></Placemark><Placemark><name>NE4 SW6 9</name><styleUrl>#s_21_9</styleUrl><ExtendedData><Data name="bin"><value>ES</value></Data><Data name="azimuth_deg"><value>-135.1710</value></Data><Data name="dist_to_target_m"><value>1632.165</value></Data></ExtendedData><Point><coordinates>-77.106008528,38.862259976,0</coordinates></Point></Placemark><Placemark><name>NE4 SW6 9 pointer</name><styleUrl>#s_21_9</styleUrl><LineString><tessellate>1</tessellate><coordinates>-77.106008528,38.862259976,0 -77.106671394,38.861738614,0</coordinates></LineString></Placemark><Placemark><name>NE4 SW6 10</name><styleUrl>#s_21_10</styleUrl><ExtendedData><Data name="bin"><value>ES</value></Data><Data name="azimuth_deg"><value>-135.1792</value></Data><Data name="dist_to_target_m"><value>0.000</value></Data></ExtendedData><Point><coordinates>-77.119264000,38.851832000,0</coordinates></Point></Placemark></Folder><Style id="s_21_0"><IconStyle><color>fff20c7f</color><scale>1.0</scale><Icon><href>http://maps.google.com/mapfiles/kml/shapes/star.png</href></Icon></IconStyle><LineStyle><color>fff20c7f</color><width>2.0</width></LineStyle><LabelStyle><scale>0.9</scale><color>ccffffff</color></LabelStyle></Style><Style id="s_21_1"><IconStyle><color>ffec0c7c</color><scale>1.0</scale><Icon><href>http://maps.google.com/mapfiles/kml/shapes/triangle.png</href></Icon></IconStyle><LineStyle><color>ffec0c7c</color><width>2.0</width></LineStyle><LabelStyle><scale>0.9</scale><color>ccffffff</color></LabelStyle></Style><Style id="s_21_2"><IconStyle><color>ffe50b78</color><scale>1.0</scale><Icon><href>http://maps.google.com/mapfiles/kml/shapes/cross-hairs.png</href></Icon></IconStyle><LineStyle><color>ffe50b78</color><width>2.0</width></LineStyle><LabelStyle><scale>0.9</scale><color>ccffffff</color></LabelStyle></Style><Style id="s_21_3"><IconStyle><color>ffdf0b75</color><scale>1.0</scale><Icon><href>http://maps.google.com/mapfiles/kml/shapes/target.png</href></Icon></IconStyle><LineStyle><color>ffdf0b75</color><width>2.0</width></LineStyle><LabelStyle><scale>0.9</scale><color>ccffffff</color></LabelStyle></Style><Style id="s_21_4"><IconStyle><color>ffd90b72</color><scale>1.0</scale><Icon><href>http://maps.google.com/mapfiles/kml/shapes/open-diamond.png</href></Icon></IconStyle><LineStyle><color>ffd90b72</color><width>2.0</width></LineStyle><LabelStyle><scale>0.9</scale><color>ccffffff</color></LabelStyle></Style><Style id="s_21_5"><IconStyle><color>ffd20b6e</color><scale>1.0</scale><Icon><href>http://maps.google.com/mapfiles/kml/shapes/shaded_dot.png</href></Icon></IconStyle><LineStyle><color>ffd20b6e</color><width>2.0</width></LineStyle><LabelStyle><scale>0.9</scale><color>ccffffff</color></LabelStyle></Style><Style id="s_21_6"><IconStyle><color>ffcc0a6b</color><scale>1.0</scale><Icon><href>http://maps.google.com/mapfiles/kml/shapes/donut.png</href></Icon></IconStyle><LineStyle><color>ffcc0a6b</color><width>2.0</width></LineStyle><LabelStyle><scale>0.9</scale><color>ccffffff</color></LabelStyle></Style><Style id="s_21_7"><IconStyle><color>ffc60a68</color><scale>1.0</scale><Icon><href>http://maps.google.com/mapfiles/kml/shapes/square.png</href></Icon></IconStyle><LineStyle><color>ffc60a68</color><width>2.0</width></LineStyle><LabelStyle><scale>0.9</scale><color>ccffffff</color></LabelStyle></Style><Style id="s_21_8"><IconStyle><color>ffbf0a64</color><scale>1.0</scale><Icon><href>http://maps.google.com/mapfiles/kml/shapes/placemark_circle.png</href></Icon></IconStyle><LineStyle><color>ffbf0a64</color><width>2.0</width></LineStyle><LabelStyle><scale>0.9</scale><color>ccffffff</color></LabelStyle></Style><Style id="s_21_9"><IconStyle><color>ffb90961</color><scale>1.0</scale><Icon><href>http://maps.google.com/mapfiles/kml/shapes/placemark_square.png</href></Icon></IconStyle><LineStyle><color>ffb90961</color><width>2.0</width></LineStyle><LabelStyle><scale>0.9</scale><color>ccffffff</color></LabelStyle></Style><Style id="s_21_10"><IconStyle><color>ffb2095e</color><scale>1.0</scale><Icon><href>http://maps.google.com/mapfiles/kml/shapes/star.png</href></Icon></IconStyle><LineStyle><color>ffb2095e</color><width>2.0</width></LineStyle><LabelStyle><scale>0.9</scale><color>ccffffff</color></LabelStyle></Style><Folder><name>SW8→NE2</name><Placemark><name>SW8 NE2 0</name><styleUrl>#s_22_0</styleUrl><ExtendedData><Data name="bin"><value>WN</value></Data><Data name="azimuth_deg"><value>44.9379</value></Data><Data name="dist_to_target_m"><value>16114.640</value></Data></ExtendedData><Point><coordinates>-77.145945000,38.872671000,0</coordinates></Point></Placemark><Placemark><name>SW8 NE2 0 pointer</name><styleUrl>#s_22_0</styleUrl><LineString><tessellate>1</tessellate><coordinates>-77.145945000,38.872671000,0 -77.139386436,38.877808550,0</coordinates></LineString></Placemark><Placemark><name>SW8 NE2 1</name><styleUrl>#s_22_1</styleUrl><ExtendedData><Data name="bin"><value>WN</value></Data><Data name="azimuth_deg"><value>44.9461</value></Data><Data name="dist_to_target_m"><value>14505.290</value></Data></ExtendedData><Point><coordinates>-77.132844139,38.882932248,0</coordinates></Point></Placemark><Placemark><name>SW8 NE2 1 pointer</name><styleUrl>#s_22_1</styleUrl><LineString><tessellate>1</tessellate><coordinates>-77.132844139,38.882932248,0 -77.126938916,38.887556063,0</coordinates></LineString></Placemark><Placemark><name>SW8 NE2 2</name><styleUrl>#s_22_2</styleUrl><ExtendedData><Data name="bin"><value>WN</value></Data><Data name="azimuth_deg"><value>44.9543</value></Data><Data name="dist_to_target_m"><value>12895.940</value></Data></ExtendedData><Point><coordinates>-77.119739510,38.893192009,0</coordinates></Point></Placemark><Placemark><name>SW8 NE2 2 pointer</name><styleUrl>#s_22_2</styleUrl><LineString><tessellate>1</tessellate><coordinates>-77.119739510,38.893192009,0 -77.114487993,38.897302233,0</coordinates></LineString></Placemark><Placemark><name>SW8 NE2 3</name><styleUrl>#s_22_3</styleUrl><ExtendedData><Data name="bin"><value>WN</value></Data><Data name="azimuth_deg"><value>44.9626</value></Data><Data name="dist_to_target_m"><value>11286.590</value></Data></ExtendedData><Point><coordinates>-77.106631110,38.903450279,0</coordinates></Point></Placemark><Placemark><name>SW8 NE2 3 pointer</name><styleUrl>#s_22_3</styleUrl><LineString><tessellate>1</tessellate><coordinates>-77.106631110,38.903450279,0 -77.102033667,38.907047059,0</coordinates></LineString></Placemark><Placemark><name>SW8 NE2 4</name><styleUrl>#s_22_4</styleUrl><ExtendedData><Data name="bin"><value>WN</value></Data><Data name="azimuth_deg"><value>44.9708</value></Data><Data name="dist_to_target_m"><value>9677.240</value></Data></ExtendedData><Point><coordinates>-77.093518936,38.913707060,0</coordinates></Point></Placemark><Placemark><name>SW8 NE2 4 pointer</name><styleUrl>#s_22_4</styleUrl><LineString><tessellate>1</tessellate><coordinates>-77.093518936,38.913707060,0 -77.089575935,38.916790539,0</coordinates></LineString></Placemark><Placemark><name>SW8 NE2 5</name><styleUrl>#s_22_5</styleUrl><ExtendedData><Data name="bin"><value>WN</value></Data><Data name="azimuth_deg"><value>44.9791</value></Data><Data name="dist_to_target_m"><value>8067.890</value></Data></ExtendedData><Point><coordinates>-77.080402988,38.923962350,0</coordinates></Point></Placemark><Placemark><name>SW8 NE2 5 pointer</name><styleUrl>#s_22_5</styleUrl><LineString><tessellate>1</tessellate><coordinates>-77.080402988,38.923962350,0 -77.077114795,38.926532674,0</coordinates></LineString></Placemark><Placemark><name>SW8 NE2 6</name><styleUrl>#s_22_6</styleUrl><ExtendedData><Data name="bin"><value>WN</value></Data><Data name="azimuth_deg"><value>44.9873</value></Data><Data name="dist_to_target_m"><value>6458.540</value></Data></ExtendedData><Point><coordinates>-77.067283264,38.934216148,0</coordinates></Point></Placemark><Placemark><name>SW8 NE2 6 pointer</name><styleUrl>#s_22_6</styleUrl><LineString><tessellate>1</tessellate><coordinates>-77.067283264,38.934216148,0 -77.064650247,38.936273462,0</coordinates></LineString></Placemark><Placemark><name>SW8 NE2 7</name><styleUrl>#s_22_7</styleUrl><ExtendedData><Data name="bin"><value>WN</value></Data><Data name="azimuth_deg"><value>44.9955</value></Data><Data name="dist_to_target_m"><value>4849.190</value></Data></ExtendedData><Point><coordinates>-77.054159760,38.944468452,0</coordinates></Point></Placemark><Placemark><name>SW8 NE2 7 pointer</name><styleUrl>#s_22_7</styleUrl><LineString><tessellate>1</tessellate><coordinates>-77.054159760,38.944468452,0 -77.052182288,38.946012902,0</coordinates></LineString></Placemark><Placemark><name>SW8 NE2 8</name><styleUrl>#s_22_8</styleUrl><ExtendedData><Data name="bin"><value>WN</value></Data><Data name="azimuth_deg"><value>45.0038</value></Data><Data name="dist_to_target_m"><value>3239.840</value></Data></ExtendedData><Point><coordinates>-77.041032477,38.954719263,0</coordinates></Point></Placemark><Placemark><name>SW8 NE2 8 pointer</name><styleUrl>#s_22_8</styleUrl><LineString><tessellate>1</tessellate><coordinates>-77.041032477,38.954719263,0 -77.039710917,38.955750994,0</coordinates></LineString></Placemark><Placemark><name>SW8 NE2 9</name><styleUrl>#s_22_9</styleUrl><ExtendedData><Data name="bin"><value>WN</value></Data><Data name="azimuth_deg"><value>45.0121</value></Data><Data name="dist_to_target_m"><value>1630.490</value></Data></ExtendedData><Point><coordinates>-77.027901411,38.964968578,0</coordinates></Point></Placemark><Placemark><name>SW8 NE2 9 pointer</name><styleUrl>#s_22_9</styleUrl><LineString><tessellate>1</tessellate><coordinates>-77.027901411,38.964968578,0 -77.027236132,38.965487736,0</coordinates></LineString></Placemark><Placemark><name>SW8 NE2 10</name><styleUrl>#s_22_10</styleUrl><ExtendedData><Data name="bin"><value>WN</value></Data><Data name="azimuth_deg"><value>45.0203</value></Data><Data name="dist_to_target_m"><value>0.000</value></Data></ExtendedData><Point><coordinates>-77.014594000,38.975351000,0</coordinates></Point></Placemark></Folder><Style id="s_22_0"><IconStyle><color>ff0cf20c</color><scale>1.0</scale><Icon><href>http://maps.google.com/mapfiles/kml/shapes/star.png</href></Icon></IconStyle><LineStyle><color>ff0cf20c</color><width>2.0</width></LineStyle><LabelStyle><scale>0.9</scale><color>ccffffff</color></LabelStyle></Style><Style id="s_22_1"><IconStyle><color>ff0cec0c</color><scale>1.0</scale><Icon><href>http://maps.google.com/mapfiles/kml/shapes/triangle.png</href></Icon></IconStyle><LineStyle><color>ff0cec0c</color><width>2.0</width></LineStyle><LabelStyle><scale>0.9</scale><color>ccffffff</color></LabelStyle></Style><Style id="s_22_2"><IconStyle><color>ff0be50b</color><scale>1.0</scale><Icon><href>http://maps.google.com/mapfiles/kml/shapes/cross-hairs.png</href></Icon></IconStyle><LineStyle><color>ff0be50b</color><width>2.0</width></LineStyle><LabelStyle><scale>0.9</scale><color>ccffffff</color></LabelStyle></Style><Style id="s_22_3"><IconStyle><color>ff0bdf0b</color><scale>1.0</scale><Icon><href>http://maps.google.com/mapfiles/kml/shapes/target.png</href></Icon></IconStyle><LineStyle><color>ff0bdf0b</color><width>2.0</width></LineStyle><LabelStyle><scale>0.9</scale><color>ccffffff</color></LabelStyle></Style><Style id="s_22_4"><IconStyle><color>ff0bd90b</color><scale>1.0</scale><Icon><href>http://maps.google.com/mapfiles/kml/shapes/open-diamond.png</href></Icon></IconStyle><LineStyle><color>ff0bd90b</color><width>2.0</width></LineStyle><LabelStyle><scale>0.9</scale><color>ccffffff</color></LabelStyle></Style><Style id="s_22_5"><IconStyle><color>ff0bd20b</color><scale>1.0</scale><Icon><href>http://maps.google.com/mapfiles/kml/shapes/shaded_dot.png</href></Icon></IconStyle><LineStyle><color>ff0bd20b</color><width>2.0</width></LineStyle><LabelStyle><scale>0.9</scale><color>ccffffff</color></LabelStyle></Style><Style id="s_22_6"><IconStyle><color>ff0acc0a</color><scale>1.0</scale><Icon><href>http://maps.google.com/mapfiles/kml/shapes/donut.png</href></Icon></IconStyle><LineStyle><color>ff0acc0a</color><width>2.0</width></LineStyle><LabelStyle><scale>0.9</scale><color>ccffffff</color></LabelStyle></Style><Style id="s_22_7"><IconStyle><color>ff0ac60a</color><scale>1.0</scale><Icon><href>http://maps.google.com/mapfiles/kml/shapes/square.png</href></Icon></IconStyle><LineStyle><color>ff0ac60a</color><width>2.0</width></LineStyle><LabelStyle><scale>0.9</scale><color>ccffffff</color></LabelStyle></Style><Style id="s_22_8"><IconStyle><color>ff0abf0a</color><scale>1.0</scale><Icon><href>http://maps.google.com/mapfiles/kml/shapes/placemark_circle.png</href></Icon></IconStyle><LineStyle><color>ff0abf0a</color><width>2.0</width></LineStyle><LabelStyle><scale>0.9</scale><color>ccffffff</color></LabelStyle></Style><Style id="s_22_9"><IconStyle><color>ff09b909</color><scale>1.0</scale><Icon><href>http://maps.google.com/mapfiles/kml/shapes/placemark_square.png</href></Icon></IconStyle><LineStyle><color>ff09b909</color><width>2.0</width></LineStyle><LabelStyle><scale>0.9</scale><color>ccffffff</color></LabelStyle></Style><Style id="s_22_10"><IconStyle><color>ff09b209</color><scale>1.0</scale><Icon><href>http://maps.google.com/mapfiles/kml/shapes/star.png</href></Icon></IconStyle><LineStyle><color>ff09b209</color><width>2.0</width></LineStyle><LabelStyle><scale>0.9</scale><color>ccffffff</color></LabelStyle></Style><Folder><name>NE2→SW8</name><Placemark><name>NE2 SW8 0</name><styleUrl>#s_23_0</styleUrl><ExtendedData><Data name="bin"><value>ES</value></Data><Data name="azimuth_deg"><value>-134.9796</value></Data><Data name="dist_to_target_m"><value>16114.640</value></Data></ExtendedData><Point><coordinates>-77.014594000,38.975351000,0</coordinates></Point></Placemark><Placemark><name>NE2 SW8 0 pointer</name><styleUrl>#s_23_0</styleUrl><LineString><tessellate>1</tessellate><coordinates>-77.014594000,38.975351000,0 -77.021170550,38.970220556,0</coordinates></LineString></Placemark><Placemark><name>NE2 SW8 1</name><styleUrl>#s_23_1</styleUrl><ExtendedData><Data name="bin"><value>ES</value></Data><Data name="azimuth_deg"><value>-134.9878</value></Data><Data name="dist_to_target_m"><value>14505.290</value></Data></ExtendedData><Point><coordinates>-77.027728900,38.965103200,0</coordinates></Point></Placemark><Placemark><name>NE2 SW8 1 pointer</name><styleUrl>#s_23_1</styleUrl><LineString><tessellate>1</tessellate><coordinates>-77.027728900,38.965103200,0 -77.033646995,38.960484470,0</coordinates></LineString></Placemark><Placemark><name>NE2 SW8 2</name><styleUrl>#s_23_2</styleUrl><ExtendedData><Data name="bin"><value>ES</value></Data><Data name="azimuth_deg"><value>-134.9961</value></Data><Data name="dist_to_target_m"><value>12895.940</value></Data></ExtendedData><Point><coordinates>-77.040860016,38.954853904,0</coordinates></Point></Placemark><Placemark><name>NE2 SW8 2 pointer</name><styleUrl>#s_23_2</styleUrl><LineString><tessellate>1</tessellate><coordinates>-77.040860016,38.954853904,0 -77.046120025,38.950747034,0</coordinates></LineString></Placemark><Placemark><name>NE2 SW8 3</name><styleUrl>#s_23_3</styleUrl><ExtendedData><Data name="bin"><value>ES</value></Data><Data name="azimuth_deg"><value>-135.0043</value></Data><Data name="dist_to_target_m"><value>11286.590</value></Data></ExtendedData><Point><coordinates>-77.053987350,38.944603113,0</coordinates></Point></Placemark><Placemark><name>NE2 SW8 3 pointer</name><styleUrl>#s_23_3</styleUrl><LineString><tessellate>1</tessellate><coordinates>-77.053987350,38.944603113,0 -77.058589643,38.941008250,0</coordinates></LineString></Placemark><Placemark><name>NE2 SW8 4</name><styleUrl>#s_23_4</styleUrl><ExtendedData><Data name="bin"><value>ES</value></Data><Data name="azimuth_deg"><value>-135.0126</value></Data><Data name="dist_to_target_m"><value>9677.240</value></Data></ExtendedData><Point><coordinates>-77.067110902,38.934350828,0</coordinates></Point></Placemark><Placemark><name>NE2 SW8 4 pointer</name><styleUrl>#s_23_4</styleUrl><LineString><tessellate>1</tessellate><coordinates>-77.067110902,38.934350828,0 -77.071055849,38.931268117,0</coordinates></LineString></Placemark><Placemark><name>NE2 SW8 5</name><styleUrl>#s_23_5</styleUrl><ExtendedData><Data name="bin"><value>ES</value></Data><Data name="azimuth_deg"><value>-135.0208</value></Data><Data name="dist_to_target_m"><value>8067.890</value></Data></ExtendedData><Point><coordinates>-77.080230677,38.924097050,0</coordinates></Point></Placemark><Placemark><name>NE2 SW8 5 pointer</name><styleUrl>#s_23_5</styleUrl><LineString><tessellate>1</tessellate><coordinates>-77.080230677,38.924097050,0 -77.083518645,38.921526637,0</coordinates></LineString></Placemark><Placemark><name>NE2 SW8 6</name><styleUrl>#s_23_6</styleUrl><ExtendedData><Data name="bin"><value>ES</value></Data><Data name="azimuth_deg"><value>-135.0291</value></Data><Data name="dist_to_target_m"><value>6458.540</value></Data></ExtendedData><Point><coordinates>-77.093346674,38.913841780,0</coordinates></Point></Placemark><Placemark><name>NE2 SW8 6 pointer</name><styleUrl>#s_23_6</styleUrl><LineString><tessellate>1</tessellate><coordinates>-77.093346674,38.913841780,0 -77.095978033,38.911783811,0</coordinates></LineString></Placemark><Placemark><name>NE2 SW8 7</name><styleUrl>#s_23_7</styleUrl><ExtendedData><Data name="bin"><value>ES</value></Data><Data name="azimuth_deg"><value>-135.0373</value></Data><Data name="dist_to_target_m"><value>4849.190</value></Data></ExtendedData><Point><coordinates>-77.106458897,38.903585019,0</coordinates></Point></Placemark><Placemark><name>NE2 SW8 7 pointer</name><styleUrl>#s_23_7</styleUrl><LineString><tessellate>1</tessellate><coordinates>-77.106458897,38.903585019,0 -77.108434015,38.902039639,0</coordinates></LineString></Placemark><Placemark><name>NE2 SW8 8</name><styleUrl>#s_23_8</styleUrl><ExtendedData><Data name="bin"><value>ES</value></Data><Data name="azimuth_deg"><value>-135.0455</value></Data><Data name="dist_to_target_m"><value>3239.840</value></Data></ExtendedData><Point><coordinates>-77.119567347,38.893326767,0</coordinates></Point></Placemark><Placemark><name>NE2 SW8 8 pointer</name><styleUrl>#s_23_8</styleUrl><LineString><tessellate>1</tessellate><coordinates>-77.119567347,38.893326767,0 -77.120886592,38.892294122,0</coordinates></LineString></Placemark><Placemark><name>NE2 SW8 9</name><styleUrl>#s_23_9</styleUrl><ExtendedData><Data name="bin"><value>ES</value></Data><Data name="azimuth_deg"><value>-135.0538</value></Data><Data name="dist_to_target_m"><value>1630.490</value></Data></ExtendedData><Point><coordinates>-77.132672026,38.883067027,0</coordinates></Point></Placemark><Placemark><name>NE2 SW8 9 pointer</name><styleUrl>#s_23_9</styleUrl><LineString><tessellate>1</tessellate><coordinates>-77.132672026,38.883067027,0 -77.133335767,38.882547262,0</coordinates></LineString></Placemark><Placemark><name>NE2 SW8 10</name><styleUrl>#s_23_10</styleUrl><ExtendedData><Data name="bin"><value>ES</value></Data><Data name="azimuth_deg"><value>-135.0620</value></Data><Data name="dist_to_target_m"><value>0.000</value></Data></ExtendedData><Point><coordinates>-77.145945000,38.872671000,0</coordinates></Point></Placemark></Folder><Style id="s_23_0"><IconStyle><color>fff20c7f</color><scale>1.0</scale><Icon><href>http://maps.google.com/mapfiles/kml/shapes/star.png</href></Icon></IconStyle><LineStyle><color>fff20c7f</color><width>2.0</width></LineStyle><LabelStyle><scale>0.9</scale><color>ccffffff</color></LabelStyle></Style><Style id="s_23_1"><IconStyle><color>ffec0c7c</color><scale>1.0</scale><Icon><href>http://maps.google.com/mapfiles/kml/shapes/triangle.png</href></Icon></IconStyle><LineStyle><color>ffec0c7c</color><width>2.0</width></LineStyle><LabelStyle><scale>0.9</scale><color>ccffffff</color></LabelStyle></Style><Style id="s_23_2"><IconStyle><color>ffe50b78</color><scale>1.0</scale><Icon><href>http://maps.google.com/mapfiles/kml/shapes/cross-hairs.png</href></Icon></IconStyle><LineStyle><color>ffe50b78</color><width>2.0</width></LineStyle><LabelStyle><scale>0.9</scale><color>ccffffff</color></LabelStyle></Style><Style id="s_23_3"><IconStyle><color>ffdf0b75</color><scale>1.0</scale><Icon><href>http://maps.google.com/mapfiles/kml/shapes/target.png</href></Icon></IconStyle><LineStyle><color>ffdf0b75</color><width>2.0</width></LineStyle><LabelStyle><scale>0.9</scale><color>ccffffff</color></LabelStyle></Style><Style id="s_23_4"><IconStyle><color>ffd90b72</color><scale>1.0</scale><Icon><href>http://maps.google.com/mapfiles/kml/shapes/open-diamond.png</href></Icon></IconStyle><LineStyle><color>ffd90b72</color><width>2.0</width></LineStyle><LabelStyle><scale>0.9</scale><color>ccffffff</color></LabelStyle></Style><Style id="s_23_5"><IconStyle><color>ffd20b6e</color><scale>1.0</scale><Icon><href>http://maps.google.com/mapfiles/kml/shapes/shaded_dot.png</href></Icon></IconStyle><LineStyle><color>ffd20b6e</color><width>2.0</width></LineStyle><LabelStyle><scale>0.9</scale><color>ccffffff</color></LabelStyle></Style><Style id="s_23_6"><IconStyle><color>ffcc0a6b</color><scale>1.0</scale><Icon><href>http://maps.google.com/mapfiles/kml/shapes/donut.png</href></Icon></IconStyle><LineStyle><color>ffcc0a6b</color><width>2.0</width></LineStyle><LabelStyle><scale>0.9</scale><color>ccffffff</color></LabelStyle></Style><Style id="s_23_7"><IconStyle><color>ffc60a68</color><scale>1.0</scale><Icon><href>http://maps.google.com/mapfiles/kml/shapes/square.png</href></Icon></IconStyle><LineStyle><color>ffc60a68</color><width>2.0</width></LineStyle><LabelStyle><scale>0.9</scale><color>ccffffff</color></LabelStyle></Style><Style id="s_23_8"><IconStyle><color>ffbf0a64</color><scale>1.0</scale><Icon><href>http://maps.google.com/mapfiles/kml/shapes/placemark_circle.png</href></Icon></IconStyle><LineStyle><color>ffbf0a64</color><width>2.0</width></LineStyle><LabelStyle><scale>0.9</scale><color>ccffffff</color></LabelStyle></Style><Style id="s_23_9"><IconStyle><color>ffb90961</color><scale>1.0</scale><Icon><href>http://maps.google.com/mapfiles/kml/shapes/placemark_square.png</href></Icon></IconStyle><LineStyle><color>ffb90961</color><width>2.0</width></LineStyle><LabelStyle><scale>0.9</scale><color>ccffffff</color></LabelStyle></Style><Style id="s_23_10"><IconStyle><color>ffb2095e</color><scale>1.0</scale><Icon><href>http://maps.google.com/mapfiles/kml/shapes/star.png</href></Icon></IconStyle><LineStyle><color>ffb2095e</color><width>2.0</width></LineStyle><LabelStyle><scale>0.9</scale><color>ccffffff</color></LabelStyle></Style><Folder><name>SE2→NW8</name><Placemark><name>SE2 NW8 0</name><styleUrl>#s_24_0</styleUrl><ExtendedData><Data name="bin"><value>EN</value></Data><Data name="azimuth_deg"><value>-44.9468</value></Data><Data name="dist_to_target_m"><value>16172.449</value></Data></ExtendedData><Point><coordinates>-76.935424000,38.872410000,0</coordinates></Point></Placemark><Placemark><name>SE2 NW8 0 pointer</name><styleUrl>#s_24_0</styleUrl><LineString><tessellate>1</tessellate><coordinates>-76.935424000,38.872410000,0 -76.942007099,38.877565176,0</coordinates></LineString></Placemark><Placemark><name>SE2 NW8 1</name><styleUrl>#s_24_1</styleUrl><ExtendedData><Data name="bin"><value>EN</value></Data><Data name="azimuth_deg"><value>-44.9551</value></Data><Data name="dist_to_target_m"><value>14563.099</value></Data></ExtendedData><Point><coordinates>-76.948526862,38.882669650,0</coordinates></Point></Placemark><Placemark><name>SE2 NW8 1 pointer</name><styleUrl>#s_24_1</styleUrl><LineString><tessellate>1</tessellate><coordinates>-76.948526862,38.882669650,0 -76.954456527,38.887311168,0</coordinates></LineString></Placemark><Placemark><name>SE2 NW8 2</name><styleUrl>#s_24_2</styleUrl><ExtendedData><Data name="bin"><value>EN</value></Data><Data name="azimuth_deg"><value>-44.9633</value></Data><Data name="dist_to_target_m"><value>12953.749</value></Data></ExtendedData><Point><coordinates>-76.961633493,38.892927811,0</coordinates></Point></Placemark><Placemark><name>SE2 NW8 2 pointer</name><styleUrl>#s_24_2</styleUrl><LineString><tessellate>1</tessellate><coordinates>-76.961633493,38.892927811,0 -76.966909358,38.897055817,0</coordinates></LineString></Placemark><Placemark><name>SE2 NW8 3</name><styleUrl>#s_24_3</styleUrl><ExtendedData><Data name="bin"><value>EN</value></Data><Data name="azimuth_deg"><value>-44.9715</value></Data><Data name="dist_to_target_m"><value>11344.399</value></Data></ExtendedData><Point><coordinates>-76.974743895,38.903184482,0</coordinates></Point></Placemark><Placemark><name>SE2 NW8 3 pointer</name><styleUrl>#s_24_3</styleUrl><LineString><tessellate>1</tessellate><coordinates>-76.974743895,38.903184482,0 -76.979365592,38.906799120,0</coordinates></LineString></Placemark><Placemark><name>SE2 NW8 4</name><styleUrl>#s_24_4</styleUrl><ExtendedData><Data name="bin"><value>EN</value></Data><Data name="azimuth_deg"><value>-44.9798</value></Data><Data name="dist_to_target_m"><value>9735.049</value></Data></ExtendedData><Point><coordinates>-76.987858069,38.913439663,0</coordinates></Point></Placemark><Placemark><name>SE2 NW8 4 pointer</name><styleUrl>#s_24_4</styleUrl><LineString><tessellate>1</tessellate><coordinates>-76.987858069,38.913439663,0 -76.991825232,38.916541078,0</coordinates></LineString></Placemark><Placemark><name>SE2 NW8 5</name><styleUrl>#s_24_5</styleUrl><ExtendedData><Data name="bin"><value>EN</value></Data><Data name="azimuth_deg"><value>-44.9880</value></Data><Data name="dist_to_target_m"><value>8125.699</value></Data></ExtendedData><Point><coordinates>-77.000976018,38.923693353,0</coordinates></Point></Placemark><Placemark><name>SE2 NW8 5 pointer</name><styleUrl>#s_24_5</styleUrl><LineString><tessellate>1</tessellate><coordinates>-77.000976018,38.923693353,0 -77.004288279,38.926281690,0</coordinates></LineString></Placemark><Placemark><name>SE2 NW8 6</name><styleUrl>#s_24_6</styleUrl><ExtendedData><Data name="bin"><value>EN</value></Data><Data name="azimuth_deg"><value>-44.9963</value></Data><Data name="dist_to_target_m"><value>6516.349</value></Data></ExtendedData><Point><coordinates>-77.014097744,38.933945550,0</coordinates></Point></Placemark><Placemark><name>SE2 NW8 6 pointer</name><styleUrl>#s_24_6</styleUrl><LineString><tessellate>1</tessellate><coordinates>-77.014097744,38.933945550,0 -77.016754734,38.936020954,0</coordinates></LineString></Placemark><Placemark><name>SE2 NW8 7</name><styleUrl>#s_24_7</styleUrl><ExtendedData><Data name="bin"><value>EN</value></Data><Data name="azimuth_deg"><value>-45.0045</value></Data><Data name="dist_to_target_m"><value>4906.999</value></Data></ExtendedData><Point><coordinates>-77.027223248,38.944196253,0</coordinates></Point></Placemark><Placemark><name>SE2 NW8 7 pointer</name><styleUrl>#s_24_7</styleUrl><LineString><tessellate>1</tessellate><coordinates>-77.027223248,38.944196253,0 -77.029224601,38.945758871,0</coordinates></LineString></Placemark><Placemark><name>SE2 NW8 8</name><styleUrl>#s_24_8</styleUrl><ExtendedData><Data name="bin"><value>EN</value></Data><Data name="azimuth_deg"><value>-45.0128</value></Data><Data name="dist_to_target_m"><value>3297.649</value></Data></ExtendedData><Point><coordinates>-77.040352533,38.954445462,0</coordinates></Point></Placemark><Placemark><name>SE2 NW8 8 pointer</name><styleUrl>#s_24_8</styleUrl><LineString><tessellate>1</tessellate><coordinates>-77.040352533,38.954445462,0 -77.041697879,38.955495438,0</coordinates></LineString></Placemark><Placemark><name>SE2 NW8 9</name><styleUrl>#s_24_9</styleUrl><ExtendedData><Data name="bin"><value>EN</value></Data><Data name="azimuth_deg"><value>-45.0210</value></Data><Data name="dist_to_target_m"><value>1688.299</value></Data></ExtendedData><Point><coordinates>-77.053485600,38.964693176,0</coordinates></Point></Placemark><Placemark><name>SE2 NW8 9 pointer</name><styleUrl>#s_24_9</styleUrl><LineString><tessellate>1</tessellate><coordinates>-77.053485600,38.964693176,0 -77.054174571,38.965230656,0</coordinates></LineString></Placemark><Placemark><name>SE2 NW8 10</name><styleUrl>#s_24_10</styleUrl><ExtendedData><Data name="bin"><value>EN</value></Data><Data name="azimuth_deg"><value>-45.0293</value></Data><Data name="dist_to_target_m"><value>0.000</value></Data></ExtendedData><Point><coordinates>-77.067267000,38.975442000,0</coordinates></Point></Placemark></Folder><Style id="s_24_0"><IconStyle><color>fff20cf2</color><scale>1.0</scale><Icon><href>http://maps.google.com/mapfiles/kml/shapes/star.png</href></Icon></IconStyle><LineStyle><color>fff20cf2</color><width>2.0</width></LineStyle><LabelStyle><scale>0.9</scale><color>ccffffff</color></LabelStyle></Style><Style id="s_24_1"><IconStyle><color>ffec0cec</color><scale>1.0</scale><Icon><href>http://maps.google.com/mapfiles/kml/shapes/triangle.png</href></Icon></IconStyle><LineStyle><color>ffec0cec</color><width>2.0</width></LineStyle><LabelStyle><scale>0.9</scale><color>ccffffff</color></LabelStyle></Style><Style id="s_24_2"><IconStyle><color>ffe50be5</color><scale>1.0</scale><Icon><href>http://maps.google.com/mapfiles/kml/shapes/cross-hairs.png</href></Icon></IconStyle><LineStyle><color>ffe50be5</color><width>2.0</width></LineStyle><LabelStyle><scale>0.9</scale><color>ccffffff</color></LabelStyle></Style><Style id="s_24_3"><IconStyle><color>ffdf0bdf</color><scale>1.0</scale><Icon><href>http://maps.google.com/mapfiles/kml/shapes/target.png</href></Icon></IconStyle><LineStyle><color>ffdf0bdf</color><width>2.0</width></LineStyle><LabelStyle><scale>0.9</scale><color>ccffffff</color></LabelStyle></Style><Style id="s_24_4"><IconStyle><color>ffd90bd9</color><scale>1.0</scale><Icon><href>http://maps.google.com/mapfiles/kml/shapes/open-diamond.png</href></Icon></IconStyle><LineStyle><color>ffd90bd9</color><width>2.0</width></LineStyle><LabelStyle><scale>0.9</scale><color>ccffffff</color></LabelStyle></Style><Style id="s_24_5"><IconStyle><color>ffd20bd2</color><scale>1.0</scale><Icon><href>http://maps.google.com/mapfiles/kml/shapes/shaded_dot.png</href></Icon></IconStyle><LineStyle><color>ffd20bd2</color><width>2.0</width></LineStyle><LabelStyle><scale>0.9</scale><color>ccffffff</color></LabelStyle></Style><Style id="s_24_6"><IconStyle><color>ffcc0acc</color><scale>1.0</scale><Icon><href>http://maps.google.com/mapfiles/kml/shapes/donut.png</href></Icon></IconStyle><LineStyle><color>ffcc0acc</color><width>2.0</width></LineStyle><LabelStyle><scale>0.9</scale><color>ccffffff</color></LabelStyle></Style><Style id="s_24_7"><IconStyle><color>ffc60ac6</color><scale>1.0</scale><Icon><href>http://maps.google.com/mapfiles/kml/shapes/square.png</href></Icon></IconStyle><LineStyle><color>ffc60ac6</color><width>2.0</width></LineStyle><LabelStyle><scale>0.9</scale><color>ccffffff</color></LabelStyle></Style><Style id="s_24_8"><IconStyle><color>ffbf0abf</color><scale>1.0</scale><Icon><href>http://maps.google.com/mapfiles/kml/shapes/placemark_circle.png</href></Icon></IconStyle><LineStyle><color>ffbf0abf</color><width>2.0</width></LineStyle><LabelStyle><scale>0.9</scale><color>ccffffff</color></LabelStyle></Style><Style id="s_24_9"><IconStyle><color>ffb909b9</color><scale>1.0</scale><Icon><href>http://maps.google.com/mapfiles/kml/shapes/placemark_square.png</href></Icon></IconStyle><LineStyle><color>ffb909b9</color><width>2.0</width></LineStyle><LabelStyle><scale>0.9</scale><color>ccffffff</color></LabelStyle></Style><Style id="s_24_10"><IconStyle><color>ffb209b2</color><scale>1.0</scale><Icon><href>http://maps.google.com/mapfiles/kml/shapes/star.png</href></Icon></IconStyle><LineStyle><color>ffb209b2</color><width>2.0</width></LineStyle><LabelStyle><scale>0.9</scale><color>ccffffff</color></LabelStyle></Style><Folder><name>NW8→SE2</name><Placemark><name>NW8 SE2 0</name><styleUrl>#s_25_0</styleUrl><ExtendedData><Data name="bin"><value>WS</value></Data><Data name="azimuth_deg"><value>134.9703</value></Data><Data name="dist_to_target_m"><value>16172.449</value></Data></ExtendedData><Point><coordinates>-77.067267000,38.975442000,0</coordinates></Point></Placemark><Placemark><name>NW8 SE2 0 pointer</name><styleUrl>#s_25_0</styleUrl><LineString><tessellate>1</tessellate><coordinates>-77.067267000,38.975442000,0 -77.060665785,38.970293983,0</coordinates></LineString></Placemark><Placemark><name>NW8 SE2 1</name><styleUrl>#s_25_1</styleUrl><ExtendedData><Data name="bin"><value>WS</value></Data><Data name="azimuth_deg"><value>134.9786</value></Data><Data name="dist_to_target_m"><value>14563.099</value></Data></ExtendedData><Point><coordinates>-77.054129963,38.965195856,0</coordinates></Point></Placemark><Placemark><name>NW8 SE2 1 pointer</name><styleUrl>#s_25_1</styleUrl><LineString><tessellate>1</tessellate><coordinates>-77.054129963,38.965195856,0 -77.048187317,38.960559468,0</coordinates></LineString></Placemark><Placemark><name>NW8 SE2 2</name><styleUrl>#s_25_2</styleUrl><ExtendedData><Data name="bin"><value>WS</value></Data><Data name="azimuth_deg"><value>134.9868</value></Data><Data name="dist_to_target_m"><value>12953.749</value></Data></ExtendedData><Point><coordinates>-77.040996710,38.954948216,0</coordinates></Point></Placemark><Placemark><name>NW8 SE2 2 pointer</name><styleUrl>#s_25_2</styleUrl><LineString><tessellate>1</tessellate><coordinates>-77.040996710,38.954948216,0 -77.035712263,38.950823602,0</coordinates></LineString></Placemark><Placemark><name>NW8 SE2 3</name><styleUrl>#s_25_3</styleUrl><ExtendedData><Data name="bin"><value>WS</value></Data><Data name="azimuth_deg"><value>134.9951</value></Data><Data name="dist_to_target_m"><value>11344.399</value></Data></ExtendedData><Point><coordinates>-77.027867240,38.944699080,0</coordinates></Point></Placemark><Placemark><name>NW8 SE2 3 pointer</name><styleUrl>#s_25_3</styleUrl><LineString><tessellate>1</tessellate><coordinates>-77.027867240,38.944699080,0 -77.023240622,38.941086387,0</coordinates></LineString></Placemark><Placemark><name>NW8 SE2 4</name><styleUrl>#s_25_4</styleUrl><ExtendedData><Data name="bin"><value>WS</value></Data><Data name="azimuth_deg"><value>135.0033</value></Data><Data name="dist_to_target_m"><value>9735.049</value></Data></ExtendedData><Point><coordinates>-77.014741550,38.934448450,0</coordinates></Point></Placemark><Placemark><name>NW8 SE2 4 pointer</name><styleUrl>#s_25_4</styleUrl><LineString><tessellate>1</tessellate><coordinates>-77.014741550,38.934448450,0 -77.010772392,38.931347824,0</coordinates></LineString></Placemark><Placemark><name>NW8 SE2 5</name><styleUrl>#s_25_5</styleUrl><ExtendedData><Data name="bin"><value>WS</value></Data><Data name="azimuth_deg"><value>135.0116</value></Data><Data name="dist_to_target_m"><value>8125.699</value></Data></ExtendedData><Point><coordinates>-77.001619639,38.924196327,0</coordinates></Point></Placemark><Placemark><name>NW8 SE2 5 pointer</name><styleUrl>#s_25_5</styleUrl><LineString><tessellate>1</tessellate><coordinates>-77.001619639,38.924196327,0 -76.998307572,38.921607913,0</coordinates></LineString></Placemark><Placemark><name>NW8 SE2 6</name><styleUrl>#s_25_6</styleUrl><ExtendedData><Data name="bin"><value>WS</value></Data><Data name="azimuth_deg"><value>135.0198</value></Data><Data name="dist_to_target_m"><value>6516.349</value></Data></ExtendedData><Point><coordinates>-76.988501504,38.913942710,0</coordinates></Point></Placemark><Placemark><name>NW8 SE2 6 pointer</name><styleUrl>#s_25_6</styleUrl><LineString><tessellate>1</tessellate><coordinates>-76.988501504,38.913942710,0 -76.985846160,38.911866655,0</coordinates></LineString></Placemark><Placemark><name>NW8 SE2 7</name><styleUrl>#s_25_7</styleUrl><ExtendedData><Data name="bin"><value>WS</value></Data><Data name="azimuth_deg"><value>135.0281</value></Data><Data name="dist_to_target_m"><value>4906.999</value></Data></ExtendedData><Point><coordinates>-76.975387145,38.903687603,0</coordinates></Point></Placemark><Placemark><name>NW8 SE2 7 pointer</name><styleUrl>#s_25_7</styleUrl><LineString><tessellate>1</tessellate><coordinates>-76.975387145,38.903687603,0 -76.973388155,38.902124051,0</coordinates></LineString></Placemark><Placemark><name>NW8 SE2 8</name><styleUrl>#s_25_8</styleUrl><ExtendedData><Data name="bin"><value>WS</value></Data><Data name="azimuth_deg"><value>135.0363</value></Data><Data name="dist_to_target_m"><value>3297.649</value></Data></ExtendedData><Point><coordinates>-76.962276558,38.893431004,0</coordinates></Point></Placemark><Placemark><name>NW8 SE2 8 pointer</name><styleUrl>#s_25_8</styleUrl><LineString><tessellate>1</tessellate><coordinates>-76.962276558,38.893431004,0 -76.960933554,38.892380103,0</coordinates></LineString></Placemark><Placemark><name>NW8 SE2 9</name><styleUrl>#s_25_9</styleUrl><ExtendedData><Data name="bin"><value>WS</value></Data><Data name="azimuth_deg"><value>135.0445</value></Data><Data name="dist_to_target_m"><value>1688.299</value></Data></ExtendedData><Point><coordinates>-76.949169742,38.883172916,0</coordinates></Point></Placemark><Placemark><name>NW8 SE2 9 pointer</name><styleUrl>#s_25_9</styleUrl><LineString><tessellate>1</tessellate><coordinates>-76.949169742,38.883172916,0 -76.948482357,38.882634809,0</coordinates></LineString></Placemark><Placemark><name>NW8 SE2 10</name><styleUrl>#s_25_10</styleUrl><ExtendedData><Data name="bin"><value>WS</value></Data><Data name="azimuth_deg"><value>135.0528</value></Data><Data name="dist_to_target_m"><value>0.000</value></Data></ExtendedData><Point><coordinates>-76.935424000,38.872410000,0</coordinates></Point></Placemark></Folder><Style id="s_25_0"><IconStyle><color>fff27f0c</color><scale>1.0</scale><Icon><href>http://maps.google.com/mapfiles/kml/shapes/star.png</href></Icon></IconStyle><LineStyle><color>fff27f0c</color><width>2.0</width></LineStyle><LabelStyle><scale>0.9</scale><color>ccffffff</color></LabelStyle></Style><Style id="s_25_1"><IconStyle><color>ffec7c0c</color><scale>1.0</scale><Icon><href>http://maps.google.com/mapfiles/kml/shapes/triangle.png</href></Icon></IconStyle><LineStyle><color>ffec7c0c</color><width>2.0</width></LineStyle><LabelStyle><scale>0.9</scale><color>ccffffff</color></LabelStyle></Style><Style id="s_25_2"><IconStyle><color>ffe5780b</color><scale>1.0</scale><Icon><href>http://maps.google.com/mapfiles/kml/shapes/cross-hairs.png</href></Icon></IconStyle><LineStyle><color>ffe5780b</color><width>2.0</width></LineStyle><LabelStyle><scale>0.9</scale><color>ccffffff</color></LabelStyle></Style><Style id="s_25_3"><IconStyle><color>ffdf750b</color><scale>1.0</scale><Icon><href>http://maps.google.com/mapfiles/kml/shapes/target.png</href></Icon></IconStyle><LineStyle><color>ffdf750b</color><width>2.0</width></LineStyle><LabelStyle><scale>0.9</scale><color>ccffffff</color></LabelStyle></Style><Style id="s_25_4"><IconStyle><color>ffd9720b</color><scale>1.0</scale><Icon><href>http://maps.google.com/mapfiles/kml/shapes/open-diamond.png</href></Icon></IconStyle><LineStyle><color>ffd9720b</color><width>2.0</width></LineStyle><LabelStyle><scale>0.9</scale><color>ccffffff</color></LabelStyle></Style><Style id="s_25_5"><IconStyle><color>ffd26e0b</color><scale>1.0</scale><Icon><href>http://maps.google.com/mapfiles/kml/shapes/shaded_dot.png</href></Icon></IconStyle><LineStyle><color>ffd26e0b</color><width>2.0</width></LineStyle><LabelStyle><scale>0.9</scale><color>ccffffff</color></LabelStyle></Style><Style id="s_25_6"><IconStyle><color>ffcc6b0a</color><scale>1.0</scale><Icon><href>http://maps.google.com/mapfiles/kml/shapes/donut.png</href></Icon></IconStyle><LineStyle><color>ffcc6b0a</color><width>2.0</width></LineStyle><LabelStyle><scale>0.9</scale><color>ccffffff</color></LabelStyle></Style><Style id="s_25_7"><IconStyle><color>ffc6680a</color><scale>1.0</scale><Icon><href>http://maps.google.com/mapfiles/kml/shapes/square.png</href></Icon></IconStyle><LineStyle><color>ffc6680a</color><width>2.0</width></LineStyle><LabelStyle><scale>0.9</scale><color>ccffffff</color></LabelStyle></Style><Style id="s_25_8"><IconStyle><color>ffbf640a</color><scale>1.0</scale><Icon><href>http://maps.google.com/mapfiles/kml/shapes/placemark_circle.png</href></Icon></IconStyle><LineStyle><color>ffbf640a</color><width>2.0</width></LineStyle><LabelStyle><scale>0.9</scale><color>ccffffff</color></LabelStyle></Style><Style id="s_25_9"><IconStyle><color>ffb96109</color><scale>1.0</scale><Icon><href>http://maps.google.com/mapfiles/kml/shapes/placemark_square.png</href></Icon></IconStyle><LineStyle><color>ffb96109</color><width>2.0</width></LineStyle><LabelStyle><scale>0.9</scale><color>ccffffff</color></LabelStyle></Style><Style id="s_25_10"><IconStyle><color>ffb25e09</color><scale>1.0</scale><Icon><href>http://maps.google.com/mapfiles/kml/shapes/star.png</href></Icon></IconStyle><LineStyle><color>ffb25e09</color><width>2.0</width></LineStyle><LabelStyle><scale>0.9</scale><color>ccffffff</color></LabelStyle></Style><Folder><name>SE4→NW6</name><Placemark><name>SE4 NW6 0</name><styleUrl>#s_26_0</styleUrl><ExtendedData><Data name="bin"><value>EN</value></Data><Data name="azimuth_deg"><value>-44.8814</value></Data><Data name="dist_to_target_m"><value>16172.923</value></Data></ExtendedData><Point><coordinates>-76.961890000,38.851756000,0</coordinates></Point></Placemark><Placemark><name>SE4 NW6 0 pointer</name><styleUrl>#s_26_0</styleUrl><LineString><tessellate>1</tessellate><coordinates>-76.961890000,38.851756000,0 -76.968463858,38.856917216,0</coordinates></LineString></Placemark><Placemark><name>SE4 NW6 1</name><styleUrl>#s_26_1</styleUrl><ExtendedData><Data name="bin"><value>EN</value></Data><Data name="azimuth_deg"><value>-44.8897</value></Data><Data name="dist_to_target_m"><value>14563.573</value></Data></ExtendedData><Point><coordinates>-76.974974086,38.862027371,0</coordinates></Point></Placemark><Placemark><name>SE4 NW6 1 pointer</name><styleUrl>#s_26_1</styleUrl><LineString><tessellate>1</tessellate><coordinates>-76.974974086,38.862027371,0 -76.980895447,38.866674345,0</coordinates></LineString></Placemark><Placemark><name>SE4 NW6 2</name><styleUrl>#s_26_2</styleUrl><ExtendedData><Data name="bin"><value>EN</value></Data><Data name="azimuth_deg"><value>-44.8979</value></Data><Data name="dist_to_target_m"><value>12954.223</value></Data></ExtendedData><Point><coordinates>-76.988061937,38.872297257,0</coordinates></Point></Placemark><Placemark><name>SE4 NW6 2 pointer</name><styleUrl>#s_26_2</styleUrl><LineString><tessellate>1</tessellate><coordinates>-76.988061937,38.872297257,0 -76.993330435,38.876430134,0</coordinates></LineString></Placemark><Placemark><name>SE4 NW6 3</name><styleUrl>#s_26_3</styleUrl><ExtendedData><Data name="bin"><value>EN</value></Data><Data name="azimuth_deg"><value>-44.9061</value></Data><Data name="dist_to_target_m"><value>11344.873</value></Data></ExtendedData><Point><coordinates>-77.001153555,38.882565658,0</coordinates></Point></Placemark><Placemark><name>SE4 NW6 3 pointer</name><styleUrl>#s_26_3</styleUrl><LineString><tessellate>1</tessellate><coordinates>-77.001153555,38.882565658,0 -77.005768823,38.886184582,0</coordinates></LineString></Placemark><Placemark><name>SE4 NW6 4</name><styleUrl>#s_26_4</styleUrl><ExtendedData><Data name="bin"><value>EN</value></Data><Data name="azimuth_deg"><value>-44.9143</value></Data><Data name="dist_to_target_m"><value>9735.523</value></Data></ExtendedData><Point><coordinates>-77.014248941,38.892832573,0</coordinates></Point></Placemark><Placemark><name>SE4 NW6 4 pointer</name><styleUrl>#s_26_4</styleUrl><LineString><tessellate>1</tessellate><coordinates>-77.014248941,38.892832573,0 -77.018210613,38.895937689,0</coordinates></LineString></Placemark><Placemark><name>SE4 NW6 5</name><styleUrl>#s_26_5</styleUrl><ExtendedData><Data name="bin"><value>EN</value></Data><Data name="azimuth_deg"><value>-44.9225</value></Data><Data name="dist_to_target_m"><value>8126.173</value></Data></ExtendedData><Point><coordinates>-77.027348099,38.903098001,0</coordinates></Point></Placemark><Placemark><name>SE4 NW6 5 pointer</name><styleUrl>#s_26_5</styleUrl><LineString><tessellate>1</tessellate><coordinates>-77.027348099,38.903098001,0 -77.030655807,38.905689453,0</coordinates></LineString></Placemark><Placemark><name>SE4 NW6 6</name><styleUrl>#s_26_6</styleUrl><ExtendedData><Data name="bin"><value>EN</value></Data><Data name="azimuth_deg"><value>-44.9308</value></Data><Data name="dist_to_target_m"><value>6516.823</value></Data></ExtendedData><Point><coordinates>-77.040451029,38.913361941,0</coordinates></Point></Placemark><Placemark><name>SE4 NW6 6 pointer</name><styleUrl>#s_26_6</styleUrl><LineString><tessellate>1</tessellate><coordinates>-77.040451029,38.913361941,0 -77.043104407,38.915439874,0</coordinates></LineString></Placemark><Placemark><name>SE4 NW6 7</name><styleUrl>#s_26_7</styleUrl><ExtendedData><Data name="bin"><value>EN</value></Data><Data name="azimuth_deg"><value>-44.9390</value></Data><Data name="dist_to_target_m"><value>4907.473</value></Data></ExtendedData><Point><coordinates>-77.053557734,38.923624391,0</coordinates></Point></Placemark><Placemark><name>SE4 NW6 7 pointer</name><styleUrl>#s_26_7</styleUrl><LineString><tessellate>1</tessellate><coordinates>-77.053557734,38.923624391,0 -77.055556413,38.925188951,0</coordinates></LineString></Placemark><Placemark><name>SE4 NW6 8</name><styleUrl>#s_26_8</styleUrl><ExtendedData><Data name="bin"><value>EN</value></Data><Data name="azimuth_deg"><value>-44.9472</value></Data><Data name="dist_to_target_m"><value>3298.123</value></Data></ExtendedData><Point><coordinates>-77.066668216,38.933885352,0</coordinates></Point></Placemark><Placemark><name>SE4 NW6 8 pointer</name><styleUrl>#s_26_8</styleUrl><LineString><tessellate>1</tessellate><coordinates>-77.066668216,38.933885352,0 -77.068011828,38.934936683,0</coordinates></LineString></Placemark><Placemark><name>SE4 NW6 9</name><styleUrl>#s_26_9</styleUrl><ExtendedData><Data name="bin"><value>EN</value></Data><Data name="azimuth_deg"><value>-44.9555</value></Data><Data name="dist_to_target_m"><value>1688.773</value></Data></ExtendedData><Point><coordinates>-77.079782476,38.944144822,0</coordinates></Point></Placemark><Placemark><name>SE4 NW6 9 pointer</name><styleUrl>#s_26_9</styleUrl><LineString><tessellate>1</tessellate><coordinates>-77.079782476,38.944144822,0 -77.080470653,38.944683070,0</coordinates></LineString></Placemark><Placemark><name>SE4 NW6 10</name><styleUrl>#s_26_10</styleUrl><ExtendedData><Data name="bin"><value>EN</value></Data><Data name="azimuth_deg"><value>-44.9637</value></Data><Data name="dist_to_target_m"><value>0.000</value></Data></ExtendedData><Point><coordinates>-77.093548000,38.954909000,0</coordinates></Point></Placemark></Folder><Style id="s_26_0"><IconStyle><color>fff20cf2</color><scale>1.0</scale><Icon><href>http://maps.google.com/mapfiles/kml/shapes/star.png</href></Icon></IconStyle><LineStyle><color>fff20cf2</color><width>2.0</width></LineStyle><LabelStyle><scale>0.9</scale><color>ccffffff</color></LabelStyle></Style><Style id="s_26_1"><IconStyle><color>ffec0cec</color><scale>1.0</scale><Icon><href>http://maps.google.com/mapfiles/kml/shapes/triangle.png</href></Icon></IconStyle><LineStyle><color>ffec0cec</color><width>2.0</width></LineStyle><LabelStyle><scale>0.9</scale><color>ccffffff</color></LabelStyle></Style><Style id="s_26_2"><IconStyle><color>ffe50be5</color><scale>1.0</scale><Icon><href>http://maps.google.com/mapfiles/kml/shapes/cross-hairs.png</href></Icon></IconStyle><LineStyle><color>ffe50be5</color><width>2.0</width></LineStyle><LabelStyle><scale>0.9</scale><color>ccffffff</color></LabelStyle></Style><Style id="s_26_3"><IconStyle><color>ffdf0bdf</color><scale>1.0</scale><Icon><href>http://maps.google.com/mapfiles/kml/shapes/target.png</href></Icon></IconStyle><LineStyle><color>ffdf0bdf</color><width>2.0</width></LineStyle><LabelStyle><scale>0.9</scale><color>ccffffff</color></LabelStyle></Style><Style id="s_26_4"><IconStyle><color>ffd90bd9</color><scale>1.0</scale><Icon><href>http://maps.google.com/mapfiles/kml/shapes/open-diamond.png</href></Icon></IconStyle><LineStyle><color>ffd90bd9</color><width>2.0</width></LineStyle><LabelStyle><scale>0.9</scale><color>ccffffff</color></LabelStyle></Style><Style id="s_26_5"><IconStyle><color>ffd20bd2</color><scale>1.0</scale><Icon><href>http://maps.google.com/mapfiles/kml/shapes/shaded_dot.png</href></Icon></IconStyle><LineStyle><color>ffd20bd2</color><width>2.0</width></LineStyle><LabelStyle><scale>0.9</scale><color>ccffffff</color></LabelStyle></Style><Style id="s_26_6"><IconStyle><color>ffcc0acc</color><scale>1.0</scale><Icon><href>http://maps.google.com/mapfiles/kml/shapes/donut.png</href></Icon></IconStyle><LineStyle><color>ffcc0acc</color><width>2.0</width></LineStyle><LabelStyle><scale>0.9</scale><color>ccffffff</color></LabelStyle></Style><Style id="s_26_7"><IconStyle><color>ffc60ac6</color><scale>1.0</scale><Icon><href>http://maps.google.com/mapfiles/kml/shapes/square.png</href></Icon></IconStyle><LineStyle><color>ffc60ac6</color><width>2.0</width></LineStyle><LabelStyle><scale>0.9</scale><color>ccffffff</color></LabelStyle></Style><Style id="s_26_8"><IconStyle><color>ffbf0abf</color><scale>1.0</scale><Icon><href>http://maps.google.com/mapfiles/kml/shapes/placemark_circle.png</href></Icon></IconStyle><LineStyle><color>ffbf0abf</color><width>2.0</width></LineStyle><LabelStyle><scale>0.9</scale><color>ccffffff</color></LabelStyle></Style><Style id="s_26_9"><IconStyle><color>ffb909b9</color><scale>1.0</scale><Icon><href>http://maps.google.com/mapfiles/kml/shapes/placemark_square.png</href></Icon></IconStyle><LineStyle><color>ffb909b9</color><width>2.0</width></LineStyle><LabelStyle><scale>0.9</scale><color>ccffffff</color></LabelStyle></Style><Style id="s_26_10"><IconStyle><color>ffb209b2</color><scale>1.0</scale><Icon><href>http://maps.google.com/mapfiles/kml/shapes/star.png</href></Icon></IconStyle><LineStyle><color>ffb209b2</color><width>2.0</width></LineStyle><LabelStyle><scale>0.9</scale><color>ccffffff</color></LabelStyle></Style><Folder><name>NW6→SE4</name><Placemark><name>NW6 SE4 0</name><styleUrl>#s_27_0</styleUrl><ExtendedData><Data name="bin"><value>WS</value></Data><Data name="azimuth_deg"><value>135.0359</value></Data><Data name="dist_to_target_m"><value>16172.923</value></Data></ExtendedData><Point><coordinates>-77.093548000,38.954909000,0</coordinates></Point></Placemark><Placemark><name>NW6 SE4 0 pointer</name><styleUrl>#s_27_0</styleUrl><LineString><tessellate>1</tessellate><coordinates>-77.093548000,38.954909000,0 -77.086956044,38.949754923,0</coordinates></LineString></Placemark><Placemark><name>NW6 SE4 1</name><styleUrl>#s_27_1</styleUrl><ExtendedData><Data name="bin"><value>WS</value></Data><Data name="azimuth_deg"><value>135.0441</value></Data><Data name="dist_to_target_m"><value>14563.573</value></Data></ExtendedData><Point><coordinates>-77.080429773,38.944651096,0</coordinates></Point></Placemark><Placemark><name>NW6 SE4 1 pointer</name><styleUrl>#s_27_1</styleUrl><LineString><tessellate>1</tessellate><coordinates>-77.080429773,38.944651096,0 -77.074495443,38.940009237,0</coordinates></LineString></Placemark><Placemark><name>NW6 SE4 2</name><styleUrl>#s_27_2</styleUrl><ExtendedData><Data name="bin"><value>WS</value></Data><Data name="azimuth_deg"><value>135.0524</value></Data><Data name="dist_to_target_m"><value>12954.223</value></Data></ExtendedData><Point><coordinates>-77.067315326,38.934391700,0</coordinates></Point></Placemark><Placemark><name>NW6 SE4 2 pointer</name><styleUrl>#s_27_2</styleUrl><LineString><tessellate>1</tessellate><coordinates>-77.067315326,38.934391700,0 -77.062038254,38.930262205,0</coordinates></LineString></Placemark><Placemark><name>NW6 SE4 3</name><styleUrl>#s_27_3</styleUrl><ExtendedData><Data name="bin"><value>WS</value></Data><Data name="azimuth_deg"><value>135.0606</value></Data><Data name="dist_to_target_m"><value>11344.873</value></Data></ExtendedData><Point><coordinates>-77.054204658,38.924130813,0</coordinates></Point></Placemark><Placemark><name>NW6 SE4 3 pointer</name><styleUrl>#s_27_3</styleUrl><LineString><tessellate>1</tessellate><coordinates>-77.054204658,38.924130813,0 -77.049584474,38.920513828,0</coordinates></LineString></Placemark><Placemark><name>NW6 SE4 4</name><styleUrl>#s_27_4</styleUrl><ExtendedData><Data name="bin"><value>WS</value></Data><Data name="azimuth_deg"><value>135.0688</value></Data><Data name="dist_to_target_m"><value>9735.523</value></Data></ExtendedData><Point><coordinates>-77.041097767,38.913868436,0</coordinates></Point></Placemark><Placemark><name>NW6 SE4 4 pointer</name><styleUrl>#s_27_4</styleUrl><LineString><tessellate>1</tessellate><coordinates>-77.041097767,38.913868436,0 -77.037134101,38.910764106,0</coordinates></LineString></Placemark><Placemark><name>NW6 SE4 5</name><styleUrl>#s_27_5</styleUrl><ExtendedData><Data name="bin"><value>WS</value></Data><Data name="azimuth_deg"><value>135.0771</value></Data><Data name="dist_to_target_m"><value>8126.173</value></Data></ExtendedData><Point><coordinates>-77.027994650,38.903604569,0</coordinates></Point></Placemark><Placemark><name>NW6 SE4 5 pointer</name><styleUrl>#s_27_5</styleUrl><LineString><tessellate>1</tessellate><coordinates>-77.027994650,38.903604569,0 -77.024687135,38.901013041,0</coordinates></LineString></Placemark><Placemark><name>NW6 SE4 6</name><styleUrl>#s_27_6</styleUrl><ExtendedData><Data name="bin"><value>WS</value></Data><Data name="azimuth_deg"><value>135.0853</value></Data><Data name="dist_to_target_m"><value>6516.823</value></Data></ExtendedData><Point><coordinates>-77.014895307,38.893339215,0</coordinates></Point></Placemark><Placemark><name>NW6 SE4 6 pointer</name><styleUrl>#s_27_6</styleUrl><LineString><tessellate>1</tessellate><coordinates>-77.014895307,38.893339215,0 -77.012243574,38.891260633,0</coordinates></LineString></Placemark><Placemark><name>NW6 SE4 7</name><styleUrl>#s_27_7</styleUrl><ExtendedData><Data name="bin"><value>WS</value></Data><Data name="azimuth_deg"><value>135.0935</value></Data><Data name="dist_to_target_m"><value>4907.473</value></Data></ExtendedData><Point><coordinates>-77.001799734,38.883072373,0</coordinates></Point></Placemark><Placemark><name>NW6 SE4 7 pointer</name><styleUrl>#s_27_7</styleUrl><LineString><tessellate>1</tessellate><coordinates>-77.001799734,38.883072373,0 -76.999803415,38.881506883,0</coordinates></LineString></Placemark><Placemark><name>NW6 SE4 8</name><styleUrl>#s_27_8</styleUrl><ExtendedData><Data name="bin"><value>WS</value></Data><Data name="azimuth_deg"><value>135.1017</value></Data><Data name="dist_to_target_m"><value>3298.123</value></Data></ExtendedData><Point><coordinates>-76.988707930,38.872804046,0</coordinates></Point></Placemark><Placemark><name>NW6 SE4 8 pointer</name><styleUrl>#s_27_8</styleUrl><LineString><tessellate>1</tessellate><coordinates>-76.988707930,38.872804046,0 -76.987366658,38.871751791,0</coordinates></LineString></Placemark><Placemark><name>NW6 SE4 9</name><styleUrl>#s_27_9</styleUrl><ExtendedData><Data name="bin"><value>WS</value></Data><Data name="azimuth_deg"><value>135.1099</value></Data><Data name="dist_to_target_m"><value>1688.773</value></Data></ExtendedData><Point><coordinates>-76.975619893,38.862534233,0</coordinates></Point></Placemark><Placemark><name>NW6 SE4 9 pointer</name><styleUrl>#s_27_9</styleUrl><LineString><tessellate>1</tessellate><coordinates>-76.975619893,38.862534233,0 -76.974933300,38.861995360,0</coordinates></LineString></Placemark><Placemark><name>NW6 SE4 10</name><styleUrl>#s_27_10</styleUrl><ExtendedData><Data name="bin"><value>WS</value></Data><Data name="azimuth_deg"><value>135.1181</value></Data><Data name="dist_to_target_m"><value>0.000</value></Data></ExtendedData><Point><coordinates>-76.961890000,38.851756000,0</coordinates></Point></Placemark></Folder><Style id="s_27_0"><IconStyle><color>fff27f0c</color><scale>1.0</scale><Icon><href>http://maps.google.com/mapfiles/kml/shapes/star.png</href></Icon></IconStyle><LineStyle><color>fff27f0c</color><width>2.0</width></LineStyle><LabelStyle><scale>0.9</scale><color>ccffffff</color></LabelStyle></Style><Style id="s_27_1"><IconStyle><color>ffec7c0c</color><scale>1.0</scale><Icon><href>http://maps.google.com/mapfiles/kml/shapes/triangle.png</href></Icon></IconStyle><LineStyle><color>ffec7c0c</color><width>2.0</width></LineStyle><LabelStyle><scale>0.9</scale><color>ccffffff</color></LabelStyle></Style><Style id="s_27_2"><IconStyle><color>ffe5780b</color><scale>1.0</scale><Icon><href>http://maps.google.com/mapfiles/kml/shapes/cross-hairs.png</href></Icon></IconStyle><LineStyle><color>ffe5780b</color><width>2.0</width></LineStyle><LabelStyle><scale>0.9</scale><color>ccffffff</color></LabelStyle></Style><Style id="s_27_3"><IconStyle><color>ffdf750b</color><scale>1.0</scale><Icon><href>http://maps.google.com/mapfiles/kml/shapes/target.png</href></Icon></IconStyle><LineStyle><color>ffdf750b</color><width>2.0</width></LineStyle><LabelStyle><scale>0.9</scale><color>ccffffff</color></LabelStyle></Style><Style id="s_27_4"><IconStyle><color>ffd9720b</color><scale>1.0</scale><Icon><href>http://maps.google.com/mapfiles/kml/shapes/open-diamond.png</href></Icon></IconStyle><LineStyle><color>ffd9720b</color><width>2.0</width></LineStyle><LabelStyle><scale>0.9</scale><color>ccffffff</color></LabelStyle></Style><Style id="s_27_5"><IconStyle><color>ffd26e0b</color><scale>1.0</scale><Icon><href>http://maps.google.com/mapfiles/kml/shapes/shaded_dot.png</href></Icon></IconStyle><LineStyle><color>ffd26e0b</color><width>2.0</width></LineStyle><LabelStyle><scale>0.9</scale><color>ccffffff</color></LabelStyle></Style><Style id="s_27_6"><IconStyle><color>ffcc6b0a</color><scale>1.0</scale><Icon><href>http://maps.google.com/mapfiles/kml/shapes/donut.png</href></Icon></IconStyle><LineStyle><color>ffcc6b0a</color><width>2.0</width></LineStyle><LabelStyle><scale>0.9</scale><color>ccffffff</color></LabelStyle></Style><Style id="s_27_7"><IconStyle><color>ffc6680a</color><scale>1.0</scale><Icon><href>http://maps.google.com/mapfiles/kml/shapes/square.png</href></Icon></IconStyle><LineStyle><color>ffc6680a</color><width>2.0</width></LineStyle><LabelStyle><scale>0.9</scale><color>ccffffff</color></LabelStyle></Style><Style id="s_27_8"><IconStyle><color>ffbf640a</color><scale>1.0</scale><Icon><href>http://maps.google.com/mapfiles/kml/shapes/placemark_circle.png</href></Icon></IconStyle><LineStyle><color>ffbf640a</color><width>2.0</width></LineStyle><LabelStyle><scale>0.9</scale><color>ccffffff</color></LabelStyle></Style><Style id="s_27_9"><IconStyle><color>ffb96109</color><scale>1.0</scale><Icon><href>http://maps.google.com/mapfiles/kml/shapes/placemark_square.png</href></Icon></IconStyle><LineStyle><color>ffb96109</color><width>2.0</width></LineStyle><LabelStyle><scale>0.9</scale><color>ccffffff</color></LabelStyle></Style><Style id="s_27_10"><IconStyle><color>ffb25e09</color><scale>1.0</scale><Icon><href>http://maps.google.com/mapfiles/kml/shapes/star.png</href></Icon></IconStyle><LineStyle><color>ffb25e09</color><width>2.0</width></LineStyle><LabelStyle><scale>0.9</scale><color>ccffffff</color></LabelStyle></Style><Folder><name>SE6→NW4</name><Placemark><name>SE6 NW4 0</name><styleUrl>#s_28_0</styleUrl><ExtendedData><Data name="bin"><value>EN</value></Data><Data name="azimuth_deg"><value>-43.1912</value></Data><Data name="dist_to_target_m"><value>16176.572</value></Data></ExtendedData><Point><coordinates>-76.987973000,38.831437000,0</coordinates></Point></Placemark><Placemark><name>SE6 NW4 0 pointer</name><styleUrl>#s_28_0</styleUrl><LineString><tessellate>1</tessellate><coordinates>-76.987973000,38.831437000,0 -76.994348930,38.836748809,0</coordinates></LineString></Placemark><Placemark><name>SE6 NW4 1</name><styleUrl>#s_28_1</styleUrl><ExtendedData><Data name="bin"><value>EN</value></Data><Data name="azimuth_deg"><value>-43.1992</value></Data><Data name="dist_to_target_m"><value>14567.222</value></Data></ExtendedData><Point><coordinates>-77.000660309,38.842005715,0</coordinates></Point></Placemark><Placemark><name>SE6 NW4 1 pointer</name><styleUrl>#s_28_1</styleUrl><LineString><tessellate>1</tessellate><coordinates>-77.000660309,38.842005715,0 -77.006403576,38.846788455,0</coordinates></LineString></Placemark><Placemark><name>SE6 NW4 2</name><styleUrl>#s_28_2</styleUrl><ExtendedData><Data name="bin"><value>EN</value></Data><Data name="azimuth_deg"><value>-43.2071</value></Data><Data name="dist_to_target_m"><value>12957.872</value></Data></ExtendedData><Point><coordinates>-77.013351371,38.852573033,0</coordinates></Point></Placemark><Placemark><name>SE6 NW4 2 pointer</name><styleUrl>#s_28_2</styleUrl><LineString><tessellate>1</tessellate><coordinates>-77.013351371,38.852573033,0 -77.018461611,38.856826839,0</coordinates></LineString></Placemark><Placemark><name>SE6 NW4 3</name><styleUrl>#s_28_3</styleUrl><ExtendedData><Data name="bin"><value>EN</value></Data><Data name="azimuth_deg"><value>-43.2151</value></Data><Data name="dist_to_target_m"><value>11348.522</value></Data></ExtendedData><Point><coordinates>-77.026046190,38.863138953,0</coordinates></Point></Placemark><Placemark><name>SE6 NW4 3 pointer</name><styleUrl>#s_28_3</styleUrl><LineString><tessellate>1</tessellate><coordinates>-77.026046190,38.863138953,0 -77.030523036,38.866863960,0</coordinates></LineString></Placemark><Placemark><name>SE6 NW4 4</name><styleUrl>#s_28_4</styleUrl><ExtendedData><Data name="bin"><value>EN</value></Data><Data name="azimuth_deg"><value>-43.2231</value></Data><Data name="dist_to_target_m"><value>9739.172</value></Data></ExtendedData><Point><coordinates>-77.038744766,38.873703472,0</coordinates></Point></Placemark><Placemark><name>SE6 NW4 4 pointer</name><styleUrl>#s_28_4</styleUrl><LineString><tessellate>1</tessellate><coordinates>-77.038744766,38.873703472,0 -77.042587853,38.876899819,0</coordinates></LineString></Placemark><Placemark><name>SE6 NW4 5</name><styleUrl>#s_28_5</styleUrl><ExtendedData><Data name="bin"><value>EN</value></Data><Data name="azimuth_deg"><value>-43.2310</value></Data><Data name="dist_to_target_m"><value>8129.822</value></Data></ExtendedData><Point><coordinates>-77.051447102,38.884266592,0</coordinates></Point></Placemark><Placemark><name>SE6 NW4 5 pointer</name><styleUrl>#s_28_5</styleUrl><LineString><tessellate>1</tessellate><coordinates>-77.051447102,38.884266592,0 -77.054656065,38.886934413,0</coordinates></LineString></Placemark><Placemark><name>SE6 NW4 6</name><styleUrl>#s_28_6</styleUrl><ExtendedData><Data name="bin"><value>EN</value></Data><Data name="azimuth_deg"><value>-43.2390</value></Data><Data name="dist_to_target_m"><value>6520.472</value></Data></ExtendedData><Point><coordinates>-77.064153201,38.894828310,0</coordinates></Point></Placemark><Placemark><name>SE6 NW4 6 pointer</name><styleUrl>#s_28_6</styleUrl><LineString><tessellate>1</tessellate><coordinates>-77.064153201,38.894828310,0 -77.066727672,38.896967742,0</coordinates></LineString></Placemark><Placemark><name>SE6 NW4 7</name><styleUrl>#s_28_7</styleUrl><ExtendedData><Data name="bin"><value>EN</value></Data><Data name="azimuth_deg"><value>-43.2470</value></Data><Data name="dist_to_target_m"><value>4911.122</value></Data></ExtendedData><Point><coordinates>-77.076863063,38.905388626,0</coordinates></Point></Placemark><Placemark><name>SE6 NW4 7 pointer</name><styleUrl>#s_28_7</styleUrl><LineString><tessellate>1</tessellate><coordinates>-77.076863063,38.905388626,0 -77.078802677,38.906999806,0</coordinates></LineString></Placemark><Placemark><name>SE6 NW4 8</name><styleUrl>#s_28_8</styleUrl><ExtendedData><Data name="bin"><value>EN</value></Data><Data name="azimuth_deg"><value>-43.2550</value></Data><Data name="dist_to_target_m"><value>3301.772</value></Data></ExtendedData><Point><coordinates>-77.089576692,38.915947540,0</coordinates></Point></Placemark><Placemark><name>SE6 NW4 8 pointer</name><styleUrl>#s_28_8</styleUrl><LineString><tessellate>1</tessellate><coordinates>-77.089576692,38.915947540,0 -77.090881080,38.917030603,0</coordinates></LineString></Placemark><Placemark><name>SE6 NW4 9</name><styleUrl>#s_28_9</styleUrl><ExtendedData><Data name="bin"><value>EN</value></Data><Data name="azimuth_deg"><value>-43.2630</value></Data><Data name="dist_to_target_m"><value>1692.422</value></Data></ExtendedData><Point><coordinates>-77.102294089,38.926505048,0</coordinates></Point></Placemark><Placemark><name>SE6 NW4 9 pointer</name><styleUrl>#s_28_9</styleUrl><LineString><tessellate>1</tessellate><coordinates>-77.102294089,38.926505048,0 -77.102962885,38.927060133,0</coordinates></LineString></Placemark><Placemark><name>SE6 NW4 10</name><styleUrl>#s_28_10</styleUrl><ExtendedData><Data name="bin"><value>EN</value></Data><Data name="azimuth_deg"><value>-43.2710</value></Data><Data name="dist_to_target_m"><value>0.000</value></Data></ExtendedData><Point><coordinates>-77.115672000,38.937606000,0</coordinates></Point></Placemark></Folder><Style id="s_28_0"><IconStyle><color>fff20cf2</color><scale>1.0</scale><Icon><href>http://maps.google.com/mapfiles/kml/shapes/star.png</href></Icon></IconStyle><LineStyle><color>fff20cf2</color><width>2.0</width></LineStyle><LabelStyle><scale>0.9</scale><color>ccffffff</color></LabelStyle></Style><Style id="s_28_1"><IconStyle><color>ffec0cec</color><scale>1.0</scale><Icon><href>http://maps.google.com/mapfiles/kml/shapes/triangle.png</href></Icon></IconStyle><LineStyle><color>ffec0cec</color><width>2.0</width></LineStyle><LabelStyle><scale>0.9</scale><color>ccffffff</color></LabelStyle></Style><Style id="s_28_2"><IconStyle><color>ffe50be5</color><scale>1.0</scale><Icon><href>http://maps.google.com/mapfiles/kml/shapes/cross-hairs.png</href></Icon></IconStyle><LineStyle><color>ffe50be5</color><width>2.0</width></LineStyle><LabelStyle><scale>0.9</scale><color>ccffffff</color></LabelStyle></Style><Style id="s_28_3"><IconStyle><color>ffdf0bdf</color><scale>1.0</scale><Icon><href>http://maps.google.com/mapfiles/kml/shapes/target.png</href></Icon></IconStyle><LineStyle><color>ffdf0bdf</color><width>2.0</width></LineStyle><LabelStyle><scale>0.9</scale><color>ccffffff</color></LabelStyle></Style><Style id="s_28_4"><IconStyle><color>ffd90bd9</color><scale>1.0</scale><Icon><href>http://maps.google.com/mapfiles/kml/shapes/open-diamond.png</href></Icon></IconStyle><LineStyle><color>ffd90bd9</color><width>2.0</width></LineStyle><LabelStyle><scale>0.9</scale><color>ccffffff</color></LabelStyle></Style><Style id="s_28_5"><IconStyle><color>ffd20bd2</color><scale>1.0</scale><Icon><href>http://maps.google.com/mapfiles/kml/shapes/shaded_dot.png</href></Icon></IconStyle><LineStyle><color>ffd20bd2</color><width>2.0</width></LineStyle><LabelStyle><scale>0.9</scale><color>ccffffff</color></LabelStyle></Style><Style id="s_28_6"><IconStyle><color>ffcc0acc</color><scale>1.0</scale><Icon><href>http://maps.google.com/mapfiles/kml/shapes/donut.png</href></Icon></IconStyle><LineStyle><color>ffcc0acc</color><width>2.0</width></LineStyle><LabelStyle><scale>0.9</scale><color>ccffffff</color></LabelStyle></Style><Style id="s_28_7"><IconStyle><color>ffc60ac6</color><scale>1.0</scale><Icon><href>http://maps.google.com/mapfiles/kml/shapes/square.png</href></Icon></IconStyle><LineStyle><color>ffc60ac6</color><width>2.0</width></LineStyle><LabelStyle><scale>0.9</scale><color>ccffffff</color></LabelStyle></Style><Style id="s_28_8"><IconStyle><color>ffbf0abf</color><scale>1.0</scale><Icon><href>http://maps.google.com/mapfiles/kml/shapes/placemark_circle.png</href></Icon></IconStyle><LineStyle><color>ffbf0abf</color><width>2.0</width></LineStyle><LabelStyle><scale>0.9</scale><color>ccffffff</color></LabelStyle></Style><Style id="s_28_9"><IconStyle><color>ffb909b9</color><scale>1.0</scale><Icon><href>http://maps.google.com/mapfiles/kml/shapes/placemark_square.png</href></Icon></IconStyle><LineStyle><color>ffb909b9</color><width>2.0</width></LineStyle><LabelStyle><scale>0.9</scale><color>ccffffff</color></LabelStyle></Style><Style id="s_28_10"><IconStyle><color>ffb209b2</color><scale>1.0</scale><Icon><href>http://maps.google.com/mapfiles/kml/shapes/star.png</href></Icon></IconStyle><LineStyle><color>ffb209b2</color><width>2.0</width></LineStyle><LabelStyle><scale>0.9</scale><color>ccffffff</color></LabelStyle></Style><Folder><name>NW4→SE6</name><Placemark><name>NW4 SE6 0</name><styleUrl>#s_29_0</styleUrl><ExtendedData><Data name="bin"><value>WS</value></Data><Data name="azimuth_deg"><value>136.7286</value></Data><Data name="dist_to_target_m"><value>16176.572</value></Data></ExtendedData><Point><coordinates>-77.115672000,38.937606000,0</coordinates></Point></Placemark><Placemark><name>NW4 SE6 0 pointer</name><styleUrl>#s_29_0</styleUrl><LineString><tessellate>1</tessellate><coordinates>-77.115672000,38.937606000,0 -77.109278015,38.932300916,0</coordinates></LineString></Placemark><Placemark><name>NW4 SE6 1</name><styleUrl>#s_29_1</styleUrl><ExtendedData><Data name="bin"><value>WS</value></Data><Data name="azimuth_deg"><value>136.7366</value></Data><Data name="dist_to_target_m"><value>14567.222</value></Data></ExtendedData><Point><coordinates>-77.102950638,38.927049969,0</coordinates></Point></Placemark><Placemark><name>NW4 SE6 1 pointer</name><styleUrl>#s_29_1</styleUrl><LineString><tessellate>1</tessellate><coordinates>-77.102950638,38.927049969,0 -77.097194432,38.922272048,0</coordinates></LineString></Placemark><Placemark><name>NW4 SE6 2</name><styleUrl>#s_29_2</styleUrl><ExtendedData><Data name="bin"><value>WS</value></Data><Data name="azimuth_deg"><value>136.7446</value></Data><Data name="dist_to_target_m"><value>12957.872</value></Data></ExtendedData><Point><coordinates>-77.090233047,38.916492532,0</coordinates></Point></Placemark><Placemark><name>NW4 SE6 2 pointer</name><styleUrl>#s_29_2</styleUrl><LineString><tessellate>1</tessellate><coordinates>-77.090233047,38.916492532,0 -77.085114252,38.912241913,0</coordinates></LineString></Placemark><Placemark><name>NW4 SE6 3</name><styleUrl>#s_29_3</styleUrl><ExtendedData><Data name="bin"><value>WS</value></Data><Data name="azimuth_deg"><value>136.7526</value></Data><Data name="dist_to_target_m"><value>11348.522</value></Data></ExtendedData><Point><coordinates>-77.077519224,38.905933692,0</coordinates></Point></Placemark><Placemark><name>NW4 SE6 3 pointer</name><styleUrl>#s_29_3</styleUrl><LineString><tessellate>1</tessellate><coordinates>-77.077519224,38.905933692,0 -77.073037471,38.902210511,0</coordinates></LineString></Placemark><Placemark><name>NW4 SE6 4</name><styleUrl>#s_29_4</styleUrl><ExtendedData><Data name="bin"><value>WS</value></Data><Data name="azimuth_deg"><value>136.7606</value></Data><Data name="dist_to_target_m"><value>9739.172</value></Data></ExtendedData><Point><coordinates>-77.064809167,38.895373448,0</coordinates></Point></Placemark><Placemark><name>NW4 SE6 4 pointer</name><styleUrl>#s_29_4</styleUrl><LineString><tessellate>1</tessellate><coordinates>-77.064809167,38.895373448,0 -77.060964088,38.892177843,0</coordinates></LineString></Placemark><Placemark><name>NW4 SE6 5</name><styleUrl>#s_29_5</styleUrl><ExtendedData><Data name="bin"><value>WS</value></Data><Data name="azimuth_deg"><value>136.7686</value></Data><Data name="dist_to_target_m"><value>8129.822</value></Data></ExtendedData><Point><coordinates>-77.052102874,38.884811802,0</coordinates></Point></Placemark><Placemark><name>NW4 SE6 5 pointer</name><styleUrl>#s_29_5</styleUrl><LineString><tessellate>1</tessellate><coordinates>-77.052102874,38.884811802,0 -77.048894103,38.882143910,0</coordinates></LineString></Placemark><Placemark><name>NW4 SE6 6</name><styleUrl>#s_29_6</styleUrl><ExtendedData><Data name="bin"><value>WS</value></Data><Data name="azimuth_deg"><value>136.7765</value></Data><Data name="dist_to_target_m"><value>6520.472</value></Data></ExtendedData><Point><coordinates>-77.039400344,38.874248755,0</coordinates></Point></Placemark><Placemark><name>NW4 SE6 6 pointer</name><styleUrl>#s_29_6</styleUrl><LineString><tessellate>1</tessellate><coordinates>-77.039400344,38.874248755,0 -77.036827512,38.872108712,0</coordinates></LineString></Placemark><Placemark><name>NW4 SE6 7</name><styleUrl>#s_29_7</styleUrl><ExtendedData><Data name="bin"><value>WS</value></Data><Data name="azimuth_deg"><value>136.7845</value></Data><Data name="dist_to_target_m"><value>4911.122</value></Data></ExtendedData><Point><coordinates>-77.026701573,38.863684307,0</coordinates></Point></Placemark><Placemark><name>NW4 SE6 7 pointer</name><styleUrl>#s_29_7</styleUrl><LineString><tessellate>1</tessellate><coordinates>-77.026701573,38.863684307,0 -77.024764314,38.862072251,0</coordinates></LineString></Placemark><Placemark><name>NW4 SE6 8</name><styleUrl>#s_29_8</styleUrl><ExtendedData><Data name="bin"><value>WS</value></Data><Data name="azimuth_deg"><value>136.7925</value></Data><Data name="dist_to_target_m"><value>3301.772</value></Data></ExtendedData><Point><coordinates>-77.014006561,38.853118460,0</coordinates></Point></Placemark><Placemark><name>NW4 SE6 8 pointer</name><styleUrl>#s_29_8</styleUrl><LineString><tessellate>1</tessellate><coordinates>-77.014006561,38.853118460,0 -77.012704508,38.852034527,0</coordinates></LineString></Placemark><Placemark><name>NW4 SE6 9</name><styleUrl>#s_29_9</styleUrl><ExtendedData><Data name="bin"><value>WS</value></Data><Data name="azimuth_deg"><value>136.8004</value></Data><Data name="dist_to_target_m"><value>1692.422</value></Data></ExtendedData><Point><coordinates>-77.001315305,38.842551214,0</coordinates></Point></Placemark><Placemark><name>NW4 SE6 9 pointer</name><styleUrl>#s_29_9</styleUrl><LineString><tessellate>1</tessellate><coordinates>-77.001315305,38.842551214,0 -77.000648091,38.841995540,0</coordinates></LineString></Placemark><Placemark><name>NW4 SE6 10</name><styleUrl>#s_29_10</styleUrl><ExtendedData><Data name="bin"><value>WS</value></Data><Data name="azimuth_deg"><value>136.8084</value></Data><Data name="dist_to_target_m"><value>0.000</value></Data></ExtendedData><Point><coordinates>-76.987973000,38.831437000,0</coordinates></Point></Placemark></Folder><Style id="s_29_0"><IconStyle><color>fff27f0c</color><scale>1.0</scale><Icon><href>http://maps.google.com/mapfiles/kml/shapes/star.png</href></Icon></IconStyle><LineStyle><color>fff27f0c</color><width>2.0</width></LineStyle><LabelStyle><scale>0.9</scale><color>ccffffff</color></LabelStyle></Style><Style id="s_29_1"><IconStyle><color>ffec7c0c</color><scale>1.0</scale><Icon><href>http://maps.google.com/mapfiles/kml/shapes/triangle.png</href></Icon></IconStyle><LineStyle><color>ffec7c0c</color><width>2.0</width></LineStyle><LabelStyle><scale>0.9</scale><color>ccffffff</color></LabelStyle></Style><Style id="s_29_2"><IconStyle><color>ffe5780b</color><scale>1.0</scale><Icon><href>http://maps.google.com/mapfiles/kml/shapes/cross-hairs.png</href></Icon></IconStyle><LineStyle><color>ffe5780b</color><width>2.0</width></LineStyle><LabelStyle><scale>0.9</scale><color>ccffffff</color></LabelStyle></Style><Style id="s_29_3"><IconStyle><color>ffdf750b</color><scale>1.0</scale><Icon><href>http://maps.google.com/mapfiles/kml/shapes/target.png</href></Icon></IconStyle><LineStyle><color>ffdf750b</color><width>2.0</width></LineStyle><LabelStyle><scale>0.9</scale><color>ccffffff</color></LabelStyle></Style><Style id="s_29_4"><IconStyle><color>ffd9720b</color><scale>1.0</scale><Icon><href>http://maps.google.com/mapfiles/kml/shapes/open-diamond.png</href></Icon></IconStyle><LineStyle><color>ffd9720b</color><width>2.0</width></LineStyle><LabelStyle><scale>0.9</scale><color>ccffffff</color></LabelStyle></Style><Style id="s_29_5"><IconStyle><color>ffd26e0b</color><scale>1.0</scale><Icon><href>http://maps.google.com/mapfiles/kml/shapes/shaded_dot.png</href></Icon></IconStyle><LineStyle><color>ffd26e0b</color><width>2.0</width></LineStyle><LabelStyle><scale>0.9</scale><color>ccffffff</color></LabelStyle></Style><Style id="s_29_6"><IconStyle><color>ffcc6b0a</color><scale>1.0</scale><Icon><href>http://maps.google.com/mapfiles/kml/shapes/donut.png</href></Icon></IconStyle><LineStyle><color>ffcc6b0a</color><width>2.0</width></LineStyle><LabelStyle><scale>0.9</scale><color>ccffffff</color></LabelStyle></Style><Style id="s_29_7"><IconStyle><color>ffc6680a</color><scale>1.0</scale><Icon><href>http://maps.google.com/mapfiles/kml/shapes/square.png</href></Icon></IconStyle><LineStyle><color>ffc6680a</color><width>2.0</width></LineStyle><LabelStyle><scale>0.9</scale><color>ccffffff</color></LabelStyle></Style><Style id="s_29_8"><IconStyle><color>ffbf640a</color><scale>1.0</scale><Icon><href>http://maps.google.com/mapfiles/kml/shapes/placemark_circle.png</href></Icon></IconStyle><LineStyle><color>ffbf640a</color><width>2.0</width></LineStyle><LabelStyle><scale>0.9</scale><color>ccffffff</color></LabelStyle></Style><Style id="s_29_9"><IconStyle><color>ffb96109</color><scale>1.0</scale><Icon><href>http://maps.google.com/mapfiles/kml/shapes/placemark_square.png</href></Icon></IconStyle><LineStyle><color>ffb96109</color><width>2.0</width></LineStyle><LabelStyle><scale>0.9</scale><color>ccffffff</color></LabelStyle></Style><Style id="s_29_10"><IconStyle><color>ffb25e09</color><scale>1.0</scale><Icon><href>http://maps.google.com/mapfiles/kml/shapes/star.png</href></Icon></IconStyle><LineStyle><color>ffb25e09</color><width>2.0</width></LineStyle><LabelStyle><scale>0.9</scale><color>ccffffff</color></LabelStyle></Style><Folder><name>SE8→NW2</name><Placemark><name>SE8 NW2 0</name><styleUrl>#s_30_0</styleUrl><ExtendedData><Data name="bin"><value>EN</value></Data><Data name="azimuth_deg"><value>-44.9687</value></Data><Data name="dist_to_target_m"><value>16167.263</value></Data></ExtendedData><Point><coordinates>-77.014250000,38.810920000,0</coordinates></Point></Placemark><Placemark><name>SE8 NW2 0 pointer</name><styleUrl>#s_30_0</styleUrl><LineString><tessellate>1</tessellate><coordinates>-77.014250000,38.810920000,0 -77.020827833,38.816071619,0</coordinates></LineString></Placemark><Placemark><name>SE8 NW2 1</name><styleUrl>#s_30_1</styleUrl><ExtendedData><Data name="bin"><value>EN</value></Data><Data name="azimuth_deg"><value>-44.9769</value></Data><Data name="dist_to_target_m"><value>14557.913</value></Data></ExtendedData><Point><coordinates>-77.027346577,38.821175859,0</coordinates></Point></Placemark><Placemark><name>SE8 NW2 1 pointer</name><styleUrl>#s_30_1</styleUrl><LineString><tessellate>1</tessellate><coordinates>-77.027346577,38.821175859,0 -77.033271285,38.825814011,0</coordinates></LineString></Placemark><Placemark><name>SE8 NW2 2</name><styleUrl>#s_30_2</styleUrl><ExtendedData><Data name="bin"><value>EN</value></Data><Data name="azimuth_deg"><value>-44.9851</value></Data><Data name="dist_to_target_m"><value>12948.563</value></Data></ExtendedData><Point><coordinates>-77.040446912,38.831430232,0</coordinates></Point></Placemark><Placemark><name>SE8 NW2 2 pointer</name><styleUrl>#s_30_2</styleUrl><LineString><tessellate>1</tessellate><coordinates>-77.040446912,38.831430232,0 -77.045718129,38.835555062,0</coordinates></LineString></Placemark><Placemark><name>SE8 NW2 3</name><styleUrl>#s_30_3</styleUrl><ExtendedData><Data name="bin"><value>EN</value></Data><Data name="azimuth_deg"><value>-44.9933</value></Data><Data name="dist_to_target_m"><value>11339.213</value></Data></ExtendedData><Point><coordinates>-77.053551007,38.841683118,0</coordinates></Point></Placemark><Placemark><name>SE8 NW2 3 pointer</name><styleUrl>#s_30_3</styleUrl><LineString><tessellate>1</tessellate><coordinates>-77.053551007,38.841683118,0 -77.058168366,38.845294769,0</coordinates></LineString></Placemark><Placemark><name>SE8 NW2 4</name><styleUrl>#s_30_4</styleUrl><ExtendedData><Data name="bin"><value>EN</value></Data><Data name="azimuth_deg"><value>-45.0015</value></Data><Data name="dist_to_target_m"><value>9729.863</value></Data></ExtendedData><Point><coordinates>-77.066658862,38.851934514,0</coordinates></Point></Placemark><Placemark><name>SE8 NW2 4 pointer</name><styleUrl>#s_30_4</styleUrl><LineString><tessellate>1</tessellate><coordinates>-77.066658862,38.851934514,0 -77.070621999,38.855033134,0</coordinates></LineString></Placemark><Placemark><name>SE8 NW2 5</name><styleUrl>#s_30_5</styleUrl><ExtendedData><Data name="bin"><value>EN</value></Data><Data name="azimuth_deg"><value>-45.0097</value></Data><Data name="dist_to_target_m"><value>8120.513</value></Data></ExtendedData><Point><coordinates>-77.079770481,38.862184422,0</coordinates></Point></Placemark><Placemark><name>SE8 NW2 5 pointer</name><styleUrl>#s_30_5</styleUrl><LineString><tessellate>1</tessellate><coordinates>-77.079770481,38.862184422,0 -77.083079028,38.864770153,0</coordinates></LineString></Placemark><Placemark><name>SE8 NW2 6</name><styleUrl>#s_30_6</styleUrl><ExtendedData><Data name="bin"><value>EN</value></Data><Data name="azimuth_deg"><value>-45.0180</value></Data><Data name="dist_to_target_m"><value>6511.163</value></Data></ExtendedData><Point><coordinates>-77.092885864,38.872432839,0</coordinates></Point></Placemark><Placemark><name>SE8 NW2 6 pointer</name><styleUrl>#s_30_6</styleUrl><LineString><tessellate>1</tessellate><coordinates>-77.092885864,38.872432839,0 -77.095539456,38.874505827,0</coordinates></LineString></Placemark><Placemark><name>SE8 NW2 7</name><styleUrl>#s_30_7</styleUrl><ExtendedData><Data name="bin"><value>EN</value></Data><Data name="azimuth_deg"><value>-45.0262</value></Data><Data name="dist_to_target_m"><value>4901.813</value></Data></ExtendedData><Point><coordinates>-77.106005015,38.882679765,0</coordinates></Point></Placemark><Placemark><name>SE8 NW2 7 pointer</name><styleUrl>#s_30_7</styleUrl><LineString><tessellate>1</tessellate><coordinates>-77.106005015,38.882679765,0 -77.108003284,38.884240155,0</coordinates></LineString></Placemark><Placemark><name>SE8 NW2 8</name><styleUrl>#s_30_8</styleUrl><ExtendedData><Data name="bin"><value>EN</value></Data><Data name="azimuth_deg"><value>-45.0344</value></Data><Data name="dist_to_target_m"><value>3292.463</value></Data></ExtendedData><Point><coordinates>-77.119127935,38.892925198,0</coordinates></Point></Placemark><Placemark><name>SE8 NW2 8 pointer</name><styleUrl>#s_30_8</styleUrl><LineString><tessellate>1</tessellate><coordinates>-77.119127935,38.892925198,0 -77.120470513,38.893973137,0</coordinates></LineString></Placemark><Placemark><name>SE8 NW2 9</name><styleUrl>#s_30_9</styleUrl><ExtendedData><Data name="bin"><value>EN</value></Data><Data name="azimuth_deg"><value>-45.0427</value></Data><Data name="dist_to_target_m"><value>1683.113</value></Data></ExtendedData><Point><coordinates>-77.132254625,38.903169138,0</coordinates></Point></Placemark><Placemark><name>SE8 NW2 9 pointer</name><styleUrl>#s_30_9</styleUrl><LineString><tessellate>1</tessellate><coordinates>-77.132254625,38.903169138,0 -77.132941146,38.903704770,0</coordinates></LineString></Placemark><Placemark><name>SE8 NW2 10</name><styleUrl>#s_30_10</styleUrl><ExtendedData><Data name="bin"><value>EN</value></Data><Data name="azimuth_deg"><value>-45.0509</value></Data><Data name="dist_to_target_m"><value>0.000</value></Data></ExtendedData><Point><coordinates>-77.145987000,38.913881000,0</coordinates></Point></Placemark></Folder><Style id="s_30_0"><IconStyle><color>fff20cf2</color><scale>1.0</scale><Icon><href>http://maps.google.com/mapfiles/kml/shapes/star.png</href></Icon></IconStyle><LineStyle><color>fff20cf2</color><width>2.0</width></LineStyle><LabelStyle><scale>0.9</scale><color>ccffffff</color></LabelStyle></Style><Style id="s_30_1"><IconStyle><color>ffec0cec</color><scale>1.0</scale><Icon><href>http://maps.google.com/mapfiles/kml/shapes/triangle.png</href></Icon></IconStyle><LineStyle><color>ffec0cec</color><width>2.0</width></LineStyle><LabelStyle><scale>0.9</scale><color>ccffffff</color></LabelStyle></Style><Style id="s_30_2"><IconStyle><color>ffe50be5</color><scale>1.0</scale><Icon><href>http://maps.google.com/mapfiles/kml/shapes/cross-hairs.png</href></Icon></IconStyle><LineStyle><color>ffe50be5</color><width>2.0</width></LineStyle><LabelStyle><scale>0.9</scale><color>ccffffff</color></LabelStyle></Style><Style id="s_30_3"><IconStyle><color>ffdf0bdf</color><scale>1.0</scale><Icon><href>http://maps.google.com/mapfiles/kml/shapes/target.png</href></Icon></IconStyle><LineStyle><color>ffdf0bdf</color><width>2.0</width></LineStyle><LabelStyle><scale>0.9</scale><color>ccffffff</color></LabelStyle></Style><Style id="s_30_4"><IconStyle><color>ffd90bd9</color><scale>1.0</scale><Icon><href>http://maps.google.com/mapfiles/kml/shapes/open-diamond.png</href></Icon></IconStyle><LineStyle><color>ffd90bd9</color><width>2.0</width></LineStyle><LabelStyle><scale>0.9</scale><color>ccffffff</color></LabelStyle></Style><Style id="s_30_5"><IconStyle><color>ffd20bd2</color><scale>1.0</scale><Icon><href>http://maps.google.com/mapfiles/kml/shapes/shaded_dot.png</href></Icon></IconStyle><LineStyle><color>ffd20bd2</color><width>2.0</width></LineStyle><LabelStyle><scale>0.9</scale><color>ccffffff</color></LabelStyle></Style><Style id="s_30_6"><IconStyle><color>ffcc0acc</color><scale>1.0</scale><Icon><href>http://maps.google.com/mapfiles/kml/shapes/donut.png</href></Icon></IconStyle><LineStyle><color>ffcc0acc</color><width>2.0</width></LineStyle><LabelStyle><scale>0.9</scale><color>ccffffff</color></LabelStyle></Style><Style id="s_30_7"><IconStyle><color>ffc60ac6</color><scale>1.0</scale><Icon><href>http://maps.google.com/mapfiles/kml/shapes/square.png</href></Icon></IconStyle><LineStyle><color>ffc60ac6</color><width>2.0</width></LineStyle><LabelStyle><scale>0.9</scale><color>ccffffff</color></LabelStyle></Style><Style id="s_30_8"><IconStyle><color>ffbf0abf</color><scale>1.0</scale><Icon><href>http://maps.google.com/mapfiles/kml/shapes/placemark_circle.png</href></Icon></IconStyle><LineStyle><color>ffbf0abf</color><width>2.0</width></LineStyle><LabelStyle><scale>0.9</scale><color>ccffffff</color></LabelStyle></Style><Style id="s_30_9"><IconStyle><color>ffb909b9</color><scale>1.0</scale><Icon><href>http://maps.google.com/mapfiles/kml/shapes/placemark_square.png</href></Icon></IconStyle><LineStyle><color>ffb909b9</color><width>2.0</width></LineStyle><LabelStyle><scale>0.9</scale><color>ccffffff</color></LabelStyle></Style><Style id="s_30_10"><IconStyle><color>ffb209b2</color><scale>1.0</scale><Icon><href>http://maps.google.com/mapfiles/kml/shapes/star.png</href></Icon></IconStyle><LineStyle><color>ffb209b2</color><width>2.0</width></LineStyle><LabelStyle><scale>0.9</scale><color>ccffffff</color></LabelStyle></Style><Folder><name>NW2→SE8</name><Placemark><name>NW2 SE8 0</name><styleUrl>#s_31_0</styleUrl><ExtendedData><Data name="bin"><value>WS</value></Data><Data name="azimuth_deg"><value>134.9487</value></Data><Data name="dist_to_target_m"><value>16167.263</value></Data></ExtendedData><Point><coordinates>-77.145987000,38.913881000,0</coordinates></Point></Placemark><Placemark><name>NW2 SE8 0 pointer</name><styleUrl>#s_31_0</styleUrl><LineString><tessellate>1</tessellate><coordinates>-77.145987000,38.913881000,0 -77.139391119,38.908736526,0</coordinates></LineString></Placemark><Placemark><name>NW2 SE8 1</name><styleUrl>#s_31_1</styleUrl><ExtendedData><Data name="bin"><value>WS</value></Data><Data name="azimuth_deg"><value>134.9569</value></Data><Data name="dist_to_target_m"><value>14557.913</value></Data></ExtendedData><Point><coordinates>-77.132856364,38.903638623,0</coordinates></Point></Placemark><Placemark><name>NW2 SE8 1 pointer</name><styleUrl>#s_31_1</styleUrl><LineString><tessellate>1</tessellate><coordinates>-77.132856364,38.903638623,0 -77.126918725,38.899005589,0</coordinates></LineString></Placemark><Placemark><name>NW2 SE8 2</name><styleUrl>#s_31_2</styleUrl><ExtendedData><Data name="bin"><value>WS</value></Data><Data name="azimuth_deg"><value>134.9652</value></Data><Data name="dist_to_target_m"><value>12948.563</value></Data></ExtendedData><Point><coordinates>-77.119729500,38.893394751,0</coordinates></Point></Placemark><Placemark><name>NW2 SE8 2 pointer</name><styleUrl>#s_31_2</styleUrl><LineString><tessellate>1</tessellate><coordinates>-77.119729500,38.893394751,0 -77.114449736,38.889273305,0</coordinates></LineString></Placemark><Placemark><name>NW2 SE8 3</name><styleUrl>#s_31_3</styleUrl><ExtendedData><Data name="bin"><value>WS</value></Data><Data name="azimuth_deg"><value>134.9734</value></Data><Data name="dist_to_target_m"><value>11339.213</value></Data></ExtendedData><Point><coordinates>-77.106606408,38.883149386,0</coordinates></Point></Placemark><Placemark><name>NW2 SE8 3 pointer</name><styleUrl>#s_31_3</styleUrl><LineString><tessellate>1</tessellate><coordinates>-77.106606408,38.883149386,0 -77.101984149,38.879539673,0</coordinates></LineString></Placemark><Placemark><name>NW2 SE8 4</name><styleUrl>#s_31_4</styleUrl><ExtendedData><Data name="bin"><value>WS</value></Data><Data name="azimuth_deg"><value>134.9816</value></Data><Data name="dist_to_target_m"><value>9729.863</value></Data></ExtendedData><Point><coordinates>-77.093487084,38.872902529,0</coordinates></Point></Placemark><Placemark><name>NW2 SE8 4 pointer</name><styleUrl>#s_31_4</styleUrl><LineString><tessellate>1</tessellate><coordinates>-77.093487084,38.872902529,0 -77.089521963,38.869804695,0</coordinates></LineString></Placemark><Placemark><name>NW2 SE8 5</name><styleUrl>#s_31_5</styleUrl><ExtendedData><Data name="bin"><value>WS</value></Data><Data name="azimuth_deg"><value>134.9899</value></Data><Data name="dist_to_target_m"><value>8120.513</value></Data></ExtendedData><Point><coordinates>-77.080371528,38.862654180,0</coordinates></Point></Placemark><Placemark><name>NW2 SE8 5 pointer</name><styleUrl>#s_31_5</styleUrl><LineString><tessellate>1</tessellate><coordinates>-77.080371528,38.862654180,0 -77.077063177,38.860068371,0</coordinates></LineString></Placemark><Placemark><name>NW2 SE8 6</name><styleUrl>#s_31_6</styleUrl><ExtendedData><Data name="bin"><value>WS</value></Data><Data name="azimuth_deg"><value>134.9981</value></Data><Data name="dist_to_target_m"><value>6511.163</value></Data></ExtendedData><Point><coordinates>-77.067259737,38.852404341,0</coordinates></Point></Placemark><Placemark><name>NW2 SE8 6 pointer</name><styleUrl>#s_31_6</styleUrl><LineString><tessellate>1</tessellate><coordinates>-77.067259737,38.852404341,0 -77.064607788,38.850330702,0</coordinates></LineString></Placemark><Placemark><name>NW2 SE8 7</name><styleUrl>#s_31_7</styleUrl><ExtendedData><Data name="bin"><value>WS</value></Data><Data name="azimuth_deg"><value>135.0063</value></Data><Data name="dist_to_target_m"><value>4901.813</value></Data></ExtendedData><Point><coordinates>-77.054151709,38.842153012,0</coordinates></Point></Placemark><Placemark><name>NW2 SE8 7 pointer</name><styleUrl>#s_31_7</styleUrl><LineString><tessellate>1</tessellate><coordinates>-77.054151709,38.842153012,0 -77.052155795,38.840591689,0</coordinates></LineString></Placemark><Placemark><name>NW2 SE8 8</name><styleUrl>#s_31_8</styleUrl><ExtendedData><Data name="bin"><value>WS</value></Data><Data name="azimuth_deg"><value>135.0145</value></Data><Data name="dist_to_target_m"><value>3292.463</value></Data></ExtendedData><Point><coordinates>-77.041047442,38.831900195,0</coordinates></Point></Placemark><Placemark><name>NW2 SE8 8 pointer</name><styleUrl>#s_31_8</styleUrl><LineString><tessellate>1</tessellate><coordinates>-77.041047442,38.831900195,0 -77.039707197,38.830851333,0</coordinates></LineString></Placemark><Placemark><name>NW2 SE8 9</name><styleUrl>#s_31_9</styleUrl><ExtendedData><Data name="bin"><value>WS</value></Data><Data name="azimuth_deg"><value>135.0228</value></Data><Data name="dist_to_target_m"><value>1683.113</value></Data></ExtendedData><Point><coordinates>-77.027946935,38.821645890,0</coordinates></Point></Placemark><Placemark><name>NW2 SE8 9 pointer</name><styleUrl>#s_31_9</styleUrl><LineString><tessellate>1</tessellate><coordinates>-77.027946935,38.821645890,0 -77.027261991,38.821109634,0</coordinates></LineString></Placemark><Placemark><name>NW2 SE8 10</name><styleUrl>#s_31_10</styleUrl><ExtendedData><Data name="bin"><value>WS</value></Data><Data name="azimuth_deg"><value>135.0310</value></Data><Data name="dist_to_target_m"><value>0.000</value></Data></ExtendedData><Point><coordinates>-77.014250000,38.810920000,0</coordinates></Point></Placemark></Folder><Style id="s_31_0"><IconStyle><color>fff27f0c</color><scale>1.0</scale><Icon><href>http://maps.google.com/mapfiles/kml/shapes/star.png</href></Icon></IconStyle><LineStyle><color>fff27f0c</color><width>2.0</width></LineStyle><LabelStyle><scale>0.9</scale><color>ccffffff</color></LabelStyle></Style><Style id="s_31_1"><IconStyle><color>ffec7c0c</color><scale>1.0</scale><Icon><href>http://maps.google.com/mapfiles/kml/shapes/triangle.png</href></Icon></IconStyle><LineStyle><color>ffec7c0c</color><width>2.0</width></LineStyle><LabelStyle><scale>0.9</scale><color>ccffffff</color></LabelStyle></Style><Style id="s_31_2"><IconStyle><color>ffe5780b</color><scale>1.0</scale><Icon><href>http://maps.google.com/mapfiles/kml/shapes/cross-hairs.png</href></Icon></IconStyle><LineStyle><color>ffe5780b</color><width>2.0</width></LineStyle><LabelStyle><scale>0.9</scale><color>ccffffff</color></LabelStyle></Style><Style id="s_31_3"><IconStyle><color>ffdf750b</color><scale>1.0</scale><Icon><href>http://maps.google.com/mapfiles/kml/shapes/target.png</href></Icon></IconStyle><LineStyle><color>ffdf750b</color><width>2.0</width></LineStyle><LabelStyle><scale>0.9</scale><color>ccffffff</color></LabelStyle></Style><Style id="s_31_4"><IconStyle><color>ffd9720b</color><scale>1.0</scale><Icon><href>http://maps.google.com/mapfiles/kml/shapes/open-diamond.png</href></Icon></IconStyle><LineStyle><color>ffd9720b</color><width>2.0</width></LineStyle><LabelStyle><scale>0.9</scale><color>ccffffff</color></LabelStyle></Style><Style id="s_31_5"><IconStyle><color>ffd26e0b</color><scale>1.0</scale><Icon><href>http://maps.google.com/mapfiles/kml/shapes/shaded_dot.png</href></Icon></IconStyle><LineStyle><color>ffd26e0b</color><width>2.0</width></LineStyle><LabelStyle><scale>0.9</scale><color>ccffffff</color></LabelStyle></Style><Style id="s_31_6"><IconStyle><color>ffcc6b0a</color><scale>1.0</scale><Icon><href>http://maps.google.com/mapfiles/kml/shapes/donut.png</href></Icon></IconStyle><LineStyle><color>ffcc6b0a</color><width>2.0</width></LineStyle><LabelStyle><scale>0.9</scale><color>ccffffff</color></LabelStyle></Style><Style id="s_31_7"><IconStyle><color>ffc6680a</color><scale>1.0</scale><Icon><href>http://maps.google.com/mapfiles/kml/shapes/square.png</href></Icon></IconStyle><LineStyle><color>ffc6680a</color><width>2.0</width></LineStyle><LabelStyle><scale>0.9</scale><color>ccffffff</color></LabelStyle></Style><Style id="s_31_8"><IconStyle><color>ffbf640a</color><scale>1.0</scale><Icon><href>http://maps.google.com/mapfiles/kml/shapes/placemark_circle.png</href></Icon></IconStyle><LineStyle><color>ffbf640a</color><width>2.0</width></LineStyle><LabelStyle><scale>0.9</scale><color>ccffffff</color></LabelStyle></Style><Style id="s_31_9"><IconStyle><color>ffb96109</color><scale>1.0</scale><Icon><href>http://maps.google.com/mapfiles/kml/shapes/placemark_square.png</href></Icon></IconStyle><LineStyle><color>ffb96109</color><width>2.0</width></LineStyle><LabelStyle><scale>0.9</scale><color>ccffffff</color></LabelStyle></Style><Style id="s_31_10"><IconStyle><color>ffb25e09</color><scale>1.0</scale><Icon><href>http://maps.google.com/mapfiles/kml/shapes/star.png</href></Icon></IconStyle><LineStyle><color>ffb25e09</color><width>2.0</width></LineStyle><LabelStyle><scale>0.9</scale><color>ccffffff</color></LabelStyle></Style><Folder><name>SW5→NE5</name><Placemark><name>SW5 NE5 0</name><styleUrl>#s_32_0</styleUrl><ExtendedData><Data name="bin"><value>WN</value></Data><Data name="azimuth_deg"><value>45.1301</value></Data><Data name="dist_to_target_m"><value>16114.218</value></Data></ExtendedData><Point><coordinates>-77.106740000,38.842081000,0</coordinates></Point></Placemark><Placemark><name>SW5 NE5 0 pointer</name><styleUrl>#s_32_0</styleUrl><LineString><tessellate>1</tessellate><coordinates>-77.106740000,38.842081000,0 -77.100162422,38.847201219,0</coordinates></LineString></Placemark><Placemark><name>SW5 NE5 1</name><styleUrl>#s_32_1</styleUrl><ExtendedData><Data name="bin"><value>WN</value></Data><Data name="azimuth_deg"><value>45.1383</value></Data><Data name="dist_to_target_m"><value>14504.868</value></Data></ExtendedData><Point><coordinates>-77.093600818,38.852307898,0</coordinates></Point></Placemark><Placemark><name>SW5 NE5 1 pointer</name><styleUrl>#s_32_1</styleUrl><LineString><tessellate>1</tessellate><coordinates>-77.093600818,38.852307898,0 -77.087678499,38.856916096,0</coordinates></LineString></Placemark><Placemark><name>SW5 NE5 2</name><styleUrl>#s_32_2</styleUrl><ExtendedData><Data name="bin"><value>WN</value></Data><Data name="azimuth_deg"><value>45.1465</value></Data><Data name="dist_to_target_m"><value>12895.518</value></Data></ExtendedData><Point><coordinates>-77.080457873,38.862533300,0</coordinates></Point></Placemark><Placemark><name>SW5 NE5 2 pointer</name><styleUrl>#s_32_2</styleUrl><LineString><tessellate>1</tessellate><coordinates>-77.080457873,38.862533300,0 -77.075191179,38.866629622,0</coordinates></LineString></Placemark><Placemark><name>SW5 NE5 3</name><styleUrl>#s_32_3</styleUrl><ExtendedData><Data name="bin"><value>WN</value></Data><Data name="azimuth_deg"><value>45.1548</value></Data><Data name="dist_to_target_m"><value>11286.168</value></Data></ExtendedData><Point><coordinates>-77.067311163,38.872757204,0</coordinates></Point></Placemark><Placemark><name>SW5 NE5 3 pointer</name><styleUrl>#s_32_3</styleUrl><LineString><tessellate>1</tessellate><coordinates>-77.067311163,38.872757204,0 -77.062700460,38.876341796,0</coordinates></LineString></Placemark><Placemark><name>SW5 NE5 4</name><styleUrl>#s_32_4</styleUrl><ExtendedData><Data name="bin"><value>WN</value></Data><Data name="azimuth_deg"><value>45.1630</value></Data><Data name="dist_to_target_m"><value>9676.818</value></Data></ExtendedData><Point><coordinates>-77.054160686,38.882979610,0</coordinates></Point></Placemark><Placemark><name>SW5 NE5 4 pointer</name><styleUrl>#s_32_4</styleUrl><LineString><tessellate>1</tessellate><coordinates>-77.054160686,38.882979610,0 -77.050206341,38.886052618,0</coordinates></LineString></Placemark><Placemark><name>SW5 NE5 5</name><styleUrl>#s_32_5</styleUrl><ExtendedData><Data name="bin"><value>WN</value></Data><Data name="azimuth_deg"><value>45.1713</value></Data><Data name="dist_to_target_m"><value>8067.468</value></Data></ExtendedData><Point><coordinates>-77.041006440,38.893200516,0</coordinates></Point></Placemark><Placemark><name>SW5 NE5 5 pointer</name><styleUrl>#s_32_5</styleUrl><LineString><tessellate>1</tessellate><coordinates>-77.041006440,38.893200516,0 -77.037708820,38.895762087,0</coordinates></LineString></Placemark><Placemark><name>SW5 NE5 6</name><styleUrl>#s_32_6</styleUrl><ExtendedData><Data name="bin"><value>WN</value></Data><Data name="azimuth_deg"><value>45.1796</value></Data><Data name="dist_to_target_m"><value>6458.118</value></Data></ExtendedData><Point><coordinates>-77.027848423,38.903419923,0</coordinates></Point></Placemark><Placemark><name>SW5 NE5 6 pointer</name><styleUrl>#s_32_6</styleUrl><LineString><tessellate>1</tessellate><coordinates>-77.027848423,38.903419923,0 -77.025207896,38.905470201,0</coordinates></LineString></Placemark><Placemark><name>SW5 NE5 7</name><styleUrl>#s_32_7</styleUrl><ExtendedData><Data name="bin"><value>WN</value></Data><Data name="azimuth_deg"><value>45.1878</value></Data><Data name="dist_to_target_m"><value>4848.768</value></Data></ExtendedData><Point><coordinates>-77.014686634,38.913637828,0</coordinates></Point></Placemark><Placemark><name>SW5 NE5 7 pointer</name><styleUrl>#s_32_7</styleUrl><LineString><tessellate>1</tessellate><coordinates>-77.014686634,38.913637828,0 -77.012703566,38.915176961,0</coordinates></LineString></Placemark><Placemark><name>SW5 NE5 8</name><styleUrl>#s_32_8</styleUrl><ExtendedData><Data name="bin"><value>WN</value></Data><Data name="azimuth_deg"><value>45.1961</value></Data><Data name="dist_to_target_m"><value>3239.418</value></Data></ExtendedData><Point><coordinates>-77.001521069,38.923854231,0</coordinates></Point></Placemark><Placemark><name>SW5 NE5 8 pointer</name><styleUrl>#s_32_8</styleUrl><LineString><tessellate>1</tessellate><coordinates>-77.001521069,38.923854231,0 -77.000195829,38.924882364,0</coordinates></LineString></Placemark><Placemark><name>SW5 NE5 9</name><styleUrl>#s_32_9</styleUrl><ExtendedData><Data name="bin"><value>WN</value></Data><Data name="azimuth_deg"><value>45.2044</value></Data><Data name="dist_to_target_m"><value>1630.068</value></Data></ExtendedData><Point><coordinates>-76.988351728,38.934069131,0</coordinates></Point></Placemark><Placemark><name>SW5 NE5 9 pointer</name><styleUrl>#s_32_9</styleUrl><LineString><tessellate>1</tessellate><coordinates>-76.988351728,38.934069131,0 -76.987684684,38.934586411,0</coordinates></LineString></Placemark><Placemark><name>SW5 NE5 10</name><styleUrl>#s_32_10</styleUrl><ExtendedData><Data name="bin"><value>WN</value></Data><Data name="azimuth_deg"><value>45.2127</value></Data><Data name="dist_to_target_m"><value>0.000</value></Data></ExtendedData><Point><coordinates>-76.975009000,38.944414000,0</coordinates></Point></Placemark></Folder><Style id="s_32_0"><IconStyle><color>ff0cf20c</color><scale>1.0</scale><Icon><href>http://maps.google.com/mapfiles/kml/shapes/star.png</href></Icon></IconStyle><LineStyle><color>ff0cf20c</color><width>2.0</width></LineStyle><LabelStyle><scale>0.9</scale><color>ccffffff</color></LabelStyle></Style><Style id="s_32_1"><IconStyle><color>ff0cec0c</color><scale>1.0</scale><Icon><href>http://maps.google.com/mapfiles/kml/shapes/triangle.png</href></Icon></IconStyle><LineStyle><color>ff0cec0c</color><width>2.0</width></LineStyle><LabelStyle><scale>0.9</scale><color>ccffffff</color></LabelStyle></Style><Style id="s_32_2"><IconStyle><color>ff0be50b</color><scale>1.0</scale><Icon><href>http://maps.google.com/mapfiles/kml/shapes/cross-hairs.png</href></Icon></IconStyle><LineStyle><color>ff0be50b</color><width>2.0</width></LineStyle><LabelStyle><scale>0.9</scale><color>ccffffff</color></LabelStyle></Style><Style id="s_32_3"><IconStyle><color>ff0bdf0b</color><scale>1.0</scale><Icon><href>http://maps.google.com/mapfiles/kml/shapes/target.png</href></Icon></IconStyle><LineStyle><color>ff0bdf0b</color><width>2.0</width></LineStyle><LabelStyle><scale>0.9</scale><color>ccffffff</color></LabelStyle></Style><Style id="s_32_4"><IconStyle><color>ff0bd90b</color><scale>1.0</scale><Icon><href>http://maps.google.com/mapfiles/kml/shapes/open-diamond.png</href></Icon></IconStyle><LineStyle><color>ff0bd90b</color><width>2.0</width></LineStyle><LabelStyle><scale>0.9</scale><color>ccffffff</color></LabelStyle></Style><Style id="s_32_5"><IconStyle><color>ff0bd20b</color><scale>1.0</scale><Icon><href>http://maps.google.com/mapfiles/kml/shapes/shaded_dot.png</href></Icon></IconStyle><LineStyle><color>ff0bd20b</color><width>2.0</width></LineStyle><LabelStyle><scale>0.9</scale><color>ccffffff</color></LabelStyle></Style><Style id="s_32_6"><IconStyle><color>ff0acc0a</color><scale>1.0</scale><Icon><href>http://maps.google.com/mapfiles/kml/shapes/donut.png</href></Icon></IconStyle><LineStyle><color>ff0acc0a</color><width>2.0</width></LineStyle><LabelStyle><scale>0.9</scale><color>ccffffff</color></LabelStyle></Style><Style id="s_32_7"><IconStyle><color>ff0ac60a</color><scale>1.0</scale><Icon><href>http://maps.google.com/mapfiles/kml/shapes/square.png</href></Icon></IconStyle><LineStyle><color>ff0ac60a</color><width>2.0</width></LineStyle><LabelStyle><scale>0.9</scale><color>ccffffff</color></LabelStyle></Style><Style id="s_32_8"><IconStyle><color>ff0abf0a</color><scale>1.0</scale><Icon><href>http://maps.google.com/mapfiles/kml/shapes/placemark_circle.png</href></Icon></IconStyle><LineStyle><color>ff0abf0a</color><width>2.0</width></LineStyle><LabelStyle><scale>0.9</scale><color>ccffffff</color></LabelStyle></Style><Style id="s_32_9"><IconStyle><color>ff09b909</color><scale>1.0</scale><Icon><href>http://maps.google.com/mapfiles/kml/shapes/placemark_square.png</href></Icon></IconStyle><LineStyle><color>ff09b909</color><width>2.0</width></LineStyle><LabelStyle><scale>0.9</scale><color>ccffffff</color></LabelStyle></Style><Style id="s_32_10"><IconStyle><color>ff09b209</color><scale>1.0</scale><Icon><href>http://maps.google.com/mapfiles/kml/shapes/star.png</href></Icon></IconStyle><LineStyle><color>ff09b209</color><width>2.0</width></LineStyle><LabelStyle><scale>0.9</scale><color>ccffffff</color></LabelStyle></Style><Folder><name>NE5→SW5</name><Placemark><name>NE5 SW5 0</name><styleUrl>#s_33_0</styleUrl><ExtendedData><Data name="bin"><value>ES</value></Data><Data name="azimuth_deg"><value>-134.7872</value></Data><Data name="dist_to_target_m"><value>16114.218</value></Data></ExtendedData><Point><coordinates>-76.975009000,38.944414000,0</coordinates></Point></Placemark><Placemark><name>NE5 SW5 0 pointer</name><styleUrl>#s_33_0</styleUrl><LineString><tessellate>1</tessellate><coordinates>-76.975009000,38.944414000,0 -76.981604536,38.939300926,0</coordinates></LineString></Placemark><Placemark><name>NE5 SW5 1</name><styleUrl>#s_33_1</styleUrl><ExtendedData><Data name="bin"><value>ES</value></Data><Data name="azimuth_deg"><value>-134.7955</value></Data><Data name="dist_to_target_m"><value>14504.868</value></Data></ExtendedData><Point><coordinates>-76.988182168,38.934200623,0</coordinates></Point></Placemark><Placemark><name>NE5 SW5 1 pointer</name><styleUrl>#s_33_1</styleUrl><LineString><tessellate>1</tessellate><coordinates>-76.988182168,38.934200623,0 -76.994117338,38.929597538,0</coordinates></LineString></Placemark><Placemark><name>NE5 SW5 2</name><styleUrl>#s_33_2</styleUrl><ExtendedData><Data name="bin"><value>ES</value></Data><Data name="azimuth_deg"><value>-134.8038</value></Data><Data name="dist_to_target_m"><value>12895.518</value></Data></ExtendedData><Point><coordinates>-77.001351557,38.923985743,0</coordinates></Point></Placemark><Placemark><name>NE5 SW5 2 pointer</name><styleUrl>#s_33_2</styleUrl><LineString><tessellate>1</tessellate><coordinates>-77.001351557,38.923985743,0 -77.006626730,38.919892794,0</coordinates></LineString></Placemark><Placemark><name>NE5 SW5 3</name><styleUrl>#s_33_3</styleUrl><ExtendedData><Data name="bin"><value>ES</value></Data><Data name="azimuth_deg"><value>-134.8121</value></Data><Data name="dist_to_target_m"><value>11286.168</value></Data></ExtendedData><Point><coordinates>-77.014517170,38.913769359,0</coordinates></Point></Placemark><Placemark><name>NE5 SW5 3 pointer</name><styleUrl>#s_33_3</styleUrl><LineString><tessellate>1</tessellate><coordinates>-77.014517170,38.913769359,0 -77.019132715,38.910186693,0</coordinates></LineString></Placemark><Placemark><name>NE5 SW5 4</name><styleUrl>#s_33_4</styleUrl><ExtendedData><Data name="bin"><value>ES</value></Data><Data name="azimuth_deg"><value>-134.8203</value></Data><Data name="dist_to_target_m"><value>9676.818</value></Data></ExtendedData><Point><coordinates>-77.027679008,38.903551473,0</coordinates></Point></Placemark><Placemark><name>NE5 SW5 4 pointer</name><styleUrl>#s_33_4</styleUrl><LineString><tessellate>1</tessellate><coordinates>-77.027679008,38.903551473,0 -77.031635294,38.900479237,0</coordinates></LineString></Placemark><Placemark><name>NE5 SW5 5</name><styleUrl>#s_33_5</styleUrl><ExtendedData><Data name="bin"><value>ES</value></Data><Data name="azimuth_deg"><value>-134.8286</value></Data><Data name="dist_to_target_m"><value>8067.468</value></Data></ExtendedData><Point><coordinates>-77.040837074,38.893332086,0</coordinates></Point></Placemark><Placemark><name>NE5 SW5 5 pointer</name><styleUrl>#s_33_5</styleUrl><LineString><tessellate>1</tessellate><coordinates>-77.040837074,38.893332086,0 -77.044134469,38.890770426,0</coordinates></LineString></Placemark><Placemark><name>NE5 SW5 6</name><styleUrl>#s_33_6</styleUrl><ExtendedData><Data name="bin"><value>ES</value></Data><Data name="azimuth_deg"><value>-134.8368</value></Data><Data name="dist_to_target_m"><value>6458.118</value></Data></ExtendedData><Point><coordinates>-77.053991368,38.883111198,0</coordinates></Point></Placemark><Placemark><name>NE5 SW5 6 pointer</name><styleUrl>#s_33_6</styleUrl><LineString><tessellate>1</tessellate><coordinates>-77.053991368,38.883111198,0 -77.056630240,38.881060261,0</coordinates></LineString></Placemark><Placemark><name>NE5 SW5 7</name><styleUrl>#s_33_7</styleUrl><ExtendedData><Data name="bin"><value>ES</value></Data><Data name="azimuth_deg"><value>-134.8451</value></Data><Data name="dist_to_target_m"><value>4848.768</value></Data></ExtendedData><Point><coordinates>-77.067141894,38.872888812,0</coordinates></Point></Placemark><Placemark><name>NE5 SW5 7 pointer</name><styleUrl>#s_33_7</styleUrl><LineString><tessellate>1</tessellate><coordinates>-77.067141894,38.872888812,0 -77.069122611,38.871348744,0</coordinates></LineString></Placemark><Placemark><name>NE5 SW5 8</name><styleUrl>#s_33_8</styleUrl><ExtendedData><Data name="bin"><value>ES</value></Data><Data name="azimuth_deg"><value>-134.8533</value></Data><Data name="dist_to_target_m"><value>3239.418</value></Data></ExtendedData><Point><coordinates>-77.080288653,38.862664927,0</coordinates></Point></Placemark><Placemark><name>NE5 SW5 8 pointer</name><styleUrl>#s_33_8</styleUrl><LineString><tessellate>1</tessellate><coordinates>-77.080288653,38.862664927,0 -77.081611582,38.861635875,0</coordinates></LineString></Placemark><Placemark><name>NE5 SW5 9</name><styleUrl>#s_33_9</styleUrl><ExtendedData><Data name="bin"><value>ES</value></Data><Data name="azimuth_deg"><value>-134.8616</value></Data><Data name="dist_to_target_m"><value>1630.068</value></Data></ExtendedData><Point><coordinates>-77.093431646,38.852439545,0</coordinates></Point></Placemark><Placemark><name>NE5 SW5 9 pointer</name><styleUrl>#s_33_9</styleUrl><LineString><tessellate>1</tessellate><coordinates>-77.093431646,38.852439545,0 -77.094097155,38.851921654,0</coordinates></LineString></Placemark><Placemark><name>NE5 SW5 10</name><styleUrl>#s_33_10</styleUrl><ExtendedData><Data name="bin"><value>ES</value></Data><Data name="azimuth_deg"><value>-134.8698</value></Data><Data name="dist_to_target_m"><value>0.000</value></Data></ExtendedData><Point><coordinates>-77.106740000,38.842081000,0</coordinates></Point></Placemark></Folder><Style id="s_33_0"><IconStyle><color>fff20c7f</color><scale>1.0</scale><Icon><href>http://maps.google.com/mapfiles/kml/shapes/star.png</href></Icon></IconStyle><LineStyle><color>fff20c7f</color><width>2.0</width></LineStyle><LabelStyle><scale>0.9</scale><color>ccffffff</color></LabelStyle></Style><Style id="s_33_1"><IconStyle><color>ffec0c7c</color><scale>1.0</scale><Icon><href>http://maps.google.com/mapfiles/kml/shapes/triangle.png</href></Icon></IconStyle><LineStyle><color>ffec0c7c</color><width>2.0</width></LineStyle><LabelStyle><scale>0.9</scale><color>ccffffff</color></LabelStyle></Style><Style id="s_33_2"><IconStyle><color>ffe50b78</color><scale>1.0</scale><Icon><href>http://maps.google.com/mapfiles/kml/shapes/cross-hairs.png</href></Icon></IconStyle><LineStyle><color>ffe50b78</color><width>2.0</width></LineStyle><LabelStyle><scale>0.9</scale><color>ccffffff</color></LabelStyle></Style><Style id="s_33_3"><IconStyle><color>ffdf0b75</color><scale>1.0</scale><Icon><href>http://maps.google.com/mapfiles/kml/shapes/target.png</href></Icon></IconStyle><LineStyle><color>ffdf0b75</color><width>2.0</width></LineStyle><LabelStyle><scale>0.9</scale><color>ccffffff</color></LabelStyle></Style><Style id="s_33_4"><IconStyle><color>ffd90b72</color><scale>1.0</scale><Icon><href>http://maps.google.com/mapfiles/kml/shapes/open-diamond.png</href></Icon></IconStyle><LineStyle><color>ffd90b72</color><width>2.0</width></LineStyle><LabelStyle><scale>0.9</scale><color>ccffffff</color></LabelStyle></Style><Style id="s_33_5"><IconStyle><color>ffd20b6e</color><scale>1.0</scale><Icon><href>http://maps.google.com/mapfiles/kml/shapes/shaded_dot.png</href></Icon></IconStyle><LineStyle><color>ffd20b6e</color><width>2.0</width></LineStyle><LabelStyle><scale>0.9</scale><color>ccffffff</color></LabelStyle></Style><Style id="s_33_6"><IconStyle><color>ffcc0a6b</color><scale>1.0</scale><Icon><href>http://maps.google.com/mapfiles/kml/shapes/donut.png</href></Icon></IconStyle><LineStyle><color>ffcc0a6b</color><width>2.0</width></LineStyle><LabelStyle><scale>0.9</scale><color>ccffffff</color></LabelStyle></Style><Style id="s_33_7"><IconStyle><color>ffc60a68</color><scale>1.0</scale><Icon><href>http://maps.google.com/mapfiles/kml/shapes/square.png</href></Icon></IconStyle><LineStyle><color>ffc60a68</color><width>2.0</width></LineStyle><LabelStyle><scale>0.9</scale><color>ccffffff</color></LabelStyle></Style><Style id="s_33_8"><IconStyle><color>ffbf0a64</color><scale>1.0</scale><Icon><href>http://maps.google.com/mapfiles/kml/shapes/placemark_circle.png</href></Icon></IconStyle><LineStyle><color>ffbf0a64</color><width>2.0</width></LineStyle><LabelStyle><scale>0.9</scale><color>ccffffff</color></LabelStyle></Style><Style id="s_33_9"><IconStyle><color>ffb90961</color><scale>1.0</scale><Icon><href>http://maps.google.com/mapfiles/kml/shapes/placemark_square.png</href></Icon></IconStyle><LineStyle><color>ffb90961</color><width>2.0</width></LineStyle><LabelStyle><scale>0.9</scale><color>ccffffff</color></LabelStyle></Style><Style id="s_33_10"><IconStyle><color>ffb2095e</color><scale>1.0</scale><Icon><href>http://maps.google.com/mapfiles/kml/shapes/star.png</href></Icon></IconStyle><LineStyle><color>ffb2095e</color><width>2.0</width></LineStyle><LabelStyle><scale>0.9</scale><color>ccffffff</color></LabelStyle></Style><Folder><name>SE5→NW5</name><Placemark><name>SE5 NW5 0</name><styleUrl>#s_34_0</styleUrl><ExtendedData><Data name="bin"><value>EN</value></Data><Data name="azimuth_deg"><value>-44.9805</value></Data><Data name="dist_to_target_m"><value>16169.932</value></Data></ExtendedData><Point><coordinates>-76.974839000,38.841683000,0</coordinates></Point></Placemark><Placemark><name>SE5 NW5 0 pointer</name><styleUrl>#s_34_0</styleUrl><LineString><tessellate>1</tessellate><coordinates>-76.974839000,38.841683000,0 -76.981422116,38.846834375,0</coordinates></LineString></Placemark><Placemark><name>SE5 NW5 1</name><styleUrl>#s_34_1</styleUrl><ExtendedData><Data name="bin"><value>EN</value></Data><Data name="azimuth_deg"><value>-44.9887</value></Data><Data name="dist_to_target_m"><value>14560.582</value></Data></ExtendedData><Point><coordinates>-76.987943934,38.851936681,0</coordinates></Point></Placemark><Placemark><name>SE5 NW5 1 pointer</name><styleUrl>#s_34_1</styleUrl><LineString><tessellate>1</tessellate><coordinates>-76.987943934,38.851936681,0 -76.993873509,38.856574697,0</coordinates></LineString></Placemark><Placemark><name>SE5 NW5 2</name><styleUrl>#s_34_2</styleUrl><ExtendedData><Data name="bin"><value>EN</value></Data><Data name="azimuth_deg"><value>-44.9970</value></Data><Data name="dist_to_target_m"><value>12951.232</value></Data></ExtendedData><Point><coordinates>-77.001052630,38.862188874,0</coordinates></Point></Placemark><Placemark><name>SE5 NW5 2 pointer</name><styleUrl>#s_34_2</styleUrl><LineString><tessellate>1</tessellate><coordinates>-77.001052630,38.862188874,0 -77.006328299,38.866313676,0</coordinates></LineString></Placemark><Placemark><name>SE5 NW5 3</name><styleUrl>#s_34_3</styleUrl><ExtendedData><Data name="bin"><value>EN</value></Data><Data name="azimuth_deg"><value>-45.0052</value></Data><Data name="dist_to_target_m"><value>11341.882</value></Data></ExtendedData><Point><coordinates>-77.014165092,38.872439576,0</coordinates></Point></Placemark><Placemark><name>SE5 NW5 3 pointer</name><styleUrl>#s_34_3</styleUrl><LineString><tessellate>1</tessellate><coordinates>-77.014165092,38.872439576,0 -77.018786488,38.876051309,0</coordinates></LineString></Placemark><Placemark><name>SE5 NW5 4</name><styleUrl>#s_34_4</styleUrl><ExtendedData><Data name="bin"><value>EN</value></Data><Data name="azimuth_deg"><value>-45.0134</value></Data><Data name="dist_to_target_m"><value>9732.532</value></Data></ExtendedData><Point><coordinates>-77.027281321,38.882688788,0</coordinates></Point></Placemark><Placemark><name>SE5 NW5 4 pointer</name><styleUrl>#s_34_4</styleUrl><LineString><tessellate>1</tessellate><coordinates>-77.027281321,38.882688788,0 -77.031248078,38.885787596,0</coordinates></LineString></Placemark><Placemark><name>SE5 NW5 5</name><styleUrl>#s_34_5</styleUrl><ExtendedData><Data name="bin"><value>EN</value></Data><Data name="azimuth_deg"><value>-45.0217</value></Data><Data name="dist_to_target_m"><value>8123.182</value></Data></ExtendedData><Point><coordinates>-77.040401319,38.892936509,0</coordinates></Point></Placemark><Placemark><name>SE5 NW5 5 pointer</name><styleUrl>#s_34_5</styleUrl><LineString><tessellate>1</tessellate><coordinates>-77.040401319,38.892936509,0 -77.043713069,38.895522538,0</coordinates></LineString></Placemark><Placemark><name>SE5 NW5 6</name><styleUrl>#s_34_6</styleUrl><ExtendedData><Data name="bin"><value>EN</value></Data><Data name="azimuth_deg"><value>-45.0299</value></Data><Data name="dist_to_target_m"><value>6513.832</value></Data></ExtendedData><Point><coordinates>-77.053525087,38.903182737,0</coordinates></Point></Placemark><Placemark><name>SE5 NW5 6 pointer</name><styleUrl>#s_34_6</styleUrl><LineString><tessellate>1</tessellate><coordinates>-77.053525087,38.903182737,0 -77.056181464,38.905256131,0</coordinates></LineString></Placemark><Placemark><name>SE5 NW5 7</name><styleUrl>#s_34_7</styleUrl><ExtendedData><Data name="bin"><value>EN</value></Data><Data name="azimuth_deg"><value>-45.0382</value></Data><Data name="dist_to_target_m"><value>4904.482</value></Data></ExtendedData><Point><coordinates>-77.066652629,38.913427471,0</coordinates></Point></Placemark><Placemark><name>SE5 NW5 7 pointer</name><styleUrl>#s_34_7</styleUrl><LineString><tessellate>1</tessellate><coordinates>-77.066652629,38.913427471,0 -77.068653264,38.914988377,0</coordinates></LineString></Placemark><Placemark><name>SE5 NW5 8</name><styleUrl>#s_34_8</styleUrl><ExtendedData><Data name="bin"><value>EN</value></Data><Data name="azimuth_deg"><value>-45.0464</value></Data><Data name="dist_to_target_m"><value>3295.132</value></Data></ExtendedData><Point><coordinates>-77.079783945,38.923670711,0</coordinates></Point></Placemark><Placemark><name>SE5 NW5 8 pointer</name><styleUrl>#s_34_8</styleUrl><LineString><tessellate>1</tessellate><coordinates>-77.079783945,38.923670711,0 -77.081128471,38.924719274,0</coordinates></LineString></Placemark><Placemark><name>SE5 NW5 9</name><styleUrl>#s_34_9</styleUrl><ExtendedData><Data name="bin"><value>EN</value></Data><Data name="azimuth_deg"><value>-45.0547</value></Data><Data name="dist_to_target_m"><value>1685.782</value></Data></ExtendedData><Point><coordinates>-77.092919037,38.933912455,0</coordinates></Point></Placemark><Placemark><name>SE5 NW5 9 pointer</name><styleUrl>#s_34_9</styleUrl><LineString><tessellate>1</tessellate><coordinates>-77.092919037,38.933912455,0 -77.093607087,38.934448821,0</coordinates></LineString></Placemark><Placemark><name>SE5 NW5 10</name><styleUrl>#s_34_10</styleUrl><ExtendedData><Data name="bin"><value>EN</value></Data><Data name="azimuth_deg"><value>-45.0629</value></Data><Data name="dist_to_target_m"><value>0.000</value></Data></ExtendedData><Point><coordinates>-77.106682000,38.944639000,0</coordinates></Point></Placemark></Folder><Style id="s_34_0"><IconStyle><color>fff20cf2</color><scale>1.0</scale><Icon><href>http://maps.google.com/mapfiles/kml/shapes/star.png</href></Icon></IconStyle><LineStyle><color>fff20cf2</color><width>2.0</width></LineStyle><LabelStyle><scale>0.9</scale><color>ccffffff</color></LabelStyle></Style><Style id="s_34_1"><IconStyle><color>ffec0cec</color><scale>1.0</scale><Icon><href>http://maps.google.com/mapfiles/kml/shapes/triangle.png</href></Icon></IconStyle><LineStyle><color>ffec0cec</color><width>2.0</width></LineStyle><LabelStyle><scale>0.9</scale><color>ccffffff</color></LabelStyle></Style><Style id="s_34_2"><IconStyle><color>ffe50be5</color><scale>1.0</scale><Icon><href>http://maps.google.com/mapfiles/kml/shapes/cross-hairs.png</href></Icon></IconStyle><LineStyle><color>ffe50be5</color><width>2.0</width></LineStyle><LabelStyle><scale>0.9</scale><color>ccffffff</color></LabelStyle></Style><Style id="s_34_3"><IconStyle><color>ffdf0bdf</color><scale>1.0</scale><Icon><href>http://maps.google.com/mapfiles/kml/shapes/target.png</href></Icon></IconStyle><LineStyle><color>ffdf0bdf</color><width>2.0</width></LineStyle><LabelStyle><scale>0.9</scale><color>ccffffff</color></LabelStyle></Style><Style id="s_34_4"><IconStyle><color>ffd90bd9</color><scale>1.0</scale><Icon><href>http://maps.google.com/mapfiles/kml/shapes/open-diamond.png</href></Icon></IconStyle><LineStyle><color>ffd90bd9</color><width>2.0</width></LineStyle><LabelStyle><scale>0.9</scale><color>ccffffff</color></LabelStyle></Style><Style id="s_34_5"><IconStyle><color>ffd20bd2</color><scale>1.0</scale><Icon><href>http://maps.google.com/mapfiles/kml/shapes/shaded_dot.png</href></Icon></IconStyle><LineStyle><color>ffd20bd2</color><width>2.0</width></LineStyle><LabelStyle><scale>0.9</scale><color>ccffffff</color></LabelStyle></Style><Style id="s_34_6"><IconStyle><color>ffcc0acc</color><scale>1.0</scale><Icon><href>http://maps.google.com/mapfiles/kml/shapes/donut.png</href></Icon></IconStyle><LineStyle><color>ffcc0acc</color><width>2.0</width></LineStyle><LabelStyle><scale>0.9</scale><color>ccffffff</color></LabelStyle></Style><Style id="s_34_7"><IconStyle><color>ffc60ac6</color><scale>1.0</scale><Icon><href>http://maps.google.com/mapfiles/kml/shapes/square.png</href></Icon></IconStyle><LineStyle><color>ffc60ac6</color><width>2.0</width></LineStyle><LabelStyle><scale>0.9</scale><color>ccffffff</color></LabelStyle></Style><Style id="s_34_8"><IconStyle><color>ffbf0abf</color><scale>1.0</scale><Icon><href>http://maps.google.com/mapfiles/kml/shapes/placemark_circle.png</href></Icon></IconStyle><LineStyle><color>ffbf0abf</color><width>2.0</width></LineStyle><LabelStyle><scale>0.9</scale><color>ccffffff</color></LabelStyle></Style><Style id="s_34_9"><IconStyle><color>ffb909b9</color><scale>1.0</scale><Icon><href>http://maps.google.com/mapfiles/kml/shapes/placemark_square.png</href></Icon></IconStyle><LineStyle><color>ffb909b9</color><width>2.0</width></LineStyle><LabelStyle><scale>0.9</scale><color>ccffffff</color></LabelStyle></Style><Style id="s_34_10"><IconStyle><color>ffb209b2</color><scale>1.0</scale><Icon><href>http://maps.google.com/mapfiles/kml/shapes/star.png</href></Icon></IconStyle><LineStyle><color>ffb209b2</color><width>2.0</width></LineStyle><LabelStyle><scale>0.9</scale><color>ccffffff</color></LabelStyle></Style><Folder><name>NW5→SE5</name><Placemark><name>NW5 SE5 0</name><styleUrl>#s_35_0</styleUrl><ExtendedData><Data name="bin"><value>WS</value></Data><Data name="azimuth_deg"><value>134.9367</value></Data><Data name="dist_to_target_m"><value>16169.932</value></Data></ExtendedData><Point><coordinates>-77.106682000,38.944639000,0</coordinates></Point></Placemark><Placemark><name>NW5 SE5 0 pointer</name><styleUrl>#s_35_0</styleUrl><LineString><tessellate>1</tessellate><coordinates>-77.106682000,38.944639000,0 -77.100080802,38.939494782,0</coordinates></LineString></Placemark><Placemark><name>NW5 SE5 1</name><styleUrl>#s_35_1</styleUrl><ExtendedData><Data name="bin"><value>WS</value></Data><Data name="azimuth_deg"><value>134.9450</value></Data><Data name="dist_to_target_m"><value>14560.582</value></Data></ExtendedData><Point><coordinates>-77.093542949,38.934398823,0</coordinates></Point></Placemark><Placemark><name>NW5 SE5 1 pointer</name><styleUrl>#s_35_1</styleUrl><LineString><tessellate>1</tessellate><coordinates>-77.093542949,38.934398823,0 -77.087600418,38.929765936,0</coordinates></LineString></Placemark><Placemark><name>NW5 SE5 2</name><styleUrl>#s_35_2</styleUrl><ExtendedData><Data name="bin"><value>WS</value></Data><Data name="azimuth_deg"><value>134.9532</value></Data><Data name="dist_to_target_m"><value>12951.232</value></Data></ExtendedData><Point><coordinates>-77.080407677,38.924157150,0</coordinates></Point></Placemark><Placemark><name>NW5 SE5 2 pointer</name><styleUrl>#s_35_2</styleUrl><LineString><tessellate>1</tessellate><coordinates>-77.080407677,38.924157150,0 -77.075123443,38.920035739,0</coordinates></LineString></Placemark><Placemark><name>NW5 SE5 3</name><styleUrl>#s_35_3</styleUrl><ExtendedData><Data name="bin"><value>WS</value></Data><Data name="azimuth_deg"><value>134.9615</value></Data><Data name="dist_to_target_m"><value>11341.882</value></Data></ExtendedData><Point><coordinates>-77.067276182,38.913913981,0</coordinates></Point></Placemark><Placemark><name>NW5 SE5 3 pointer</name><styleUrl>#s_35_3</styleUrl><LineString><tessellate>1</tessellate><coordinates>-77.067276182,38.913913981,0 -77.062649876,38.910304193,0</coordinates></LineString></Placemark><Placemark><name>NW5 SE5 4</name><styleUrl>#s_35_4</styleUrl><ExtendedData><Data name="bin"><value>WS</value></Data><Data name="azimuth_deg"><value>134.9697</value></Data><Data name="dist_to_target_m"><value>9732.532</value></Data></ExtendedData><Point><coordinates>-77.054148461,38.903669318,0</coordinates></Point></Placemark><Placemark><name>NW5 SE5 4 pointer</name><styleUrl>#s_35_4</styleUrl><LineString><tessellate>1</tessellate><coordinates>-77.054148461,38.903669318,0 -77.050179715,38.900571298,0</coordinates></LineString></Placemark><Placemark><name>NW5 SE5 5</name><styleUrl>#s_35_5</styleUrl><ExtendedData><Data name="bin"><value>WS</value></Data><Data name="azimuth_deg"><value>134.9779</value></Data><Data name="dist_to_target_m"><value>8123.182</value></Data></ExtendedData><Point><coordinates>-77.041024513,38.893423161,0</coordinates></Point></Placemark><Placemark><name>NW5 SE5 5 pointer</name><styleUrl>#s_35_5</styleUrl><LineString><tessellate>1</tessellate><coordinates>-77.041024513,38.893423161,0 -77.037712958,38.890837055,0</coordinates></LineString></Placemark><Placemark><name>NW5 SE5 6</name><styleUrl>#s_35_6</styleUrl><ExtendedData><Data name="bin"><value>WS</value></Data><Data name="azimuth_deg"><value>134.9862</value></Data><Data name="dist_to_target_m"><value>6513.832</value></Data></ExtendedData><Point><coordinates>-77.027904337,38.883175512,0</coordinates></Point></Placemark><Placemark><name>NW5 SE5 6 pointer</name><styleUrl>#s_35_6</styleUrl><LineString><tessellate>1</tessellate><coordinates>-77.027904337,38.883175512,0 -77.025249604,38.881101466,0</coordinates></LineString></Placemark><Placemark><name>NW5 SE5 7</name><styleUrl>#s_35_7</styleUrl><ExtendedData><Data name="bin"><value>WS</value></Data><Data name="azimuth_deg"><value>134.9944</value></Data><Data name="dist_to_target_m"><value>4904.482</value></Data></ExtendedData><Point><coordinates>-77.014787929,38.872926370,0</coordinates></Point></Placemark><Placemark><name>NW5 SE5 7 pointer</name><styleUrl>#s_35_7</styleUrl><LineString><tessellate>1</tessellate><coordinates>-77.014787929,38.872926370,0 -77.012789652,38.871364531,0</coordinates></LineString></Placemark><Placemark><name>NW5 SE5 8</name><styleUrl>#s_35_8</styleUrl><ExtendedData><Data name="bin"><value>WS</value></Data><Data name="azimuth_deg"><value>135.0026</value></Data><Data name="dist_to_target_m"><value>3295.132</value></Data></ExtendedData><Point><coordinates>-77.001675288,38.862675739,0</coordinates></Point></Placemark><Placemark><name>NW5 SE5 8 pointer</name><styleUrl>#s_35_8</styleUrl><LineString><tessellate>1</tessellate><coordinates>-77.001675288,38.862675739,0 -77.000333099,38.861626250,0</coordinates></LineString></Placemark><Placemark><name>NW5 SE5 9</name><styleUrl>#s_35_9</styleUrl><ExtendedData><Data name="bin"><value>WS</value></Data><Data name="azimuth_deg"><value>135.0109</value></Data><Data name="dist_to_target_m"><value>1685.782</value></Data></ExtendedData><Point><coordinates>-76.988566413,38.852423617,0</coordinates></Point></Placemark><Placemark><name>NW5 SE5 9 pointer</name><styleUrl>#s_35_9</styleUrl><LineString><tessellate>1</tessellate><coordinates>-76.988566413,38.852423617,0 -76.987879944,38.851886625,0</coordinates></LineString></Placemark><Placemark><name>NW5 SE5 10</name><styleUrl>#s_35_10</styleUrl><ExtendedData><Data name="bin"><value>WS</value></Data><Data name="azimuth_deg"><value>135.0191</value></Data><Data name="dist_to_target_m"><value>0.000</value></Data></ExtendedData><Point><coordinates>-76.974839000,38.841683000,0</coordinates></Point></Placemark></Folder><Style id="s_35_0"><IconStyle><color>fff27f0c</color><scale>1.0</scale><Icon><href>http://maps.google.com/mapfiles/kml/shapes/star.png</href></Icon></IconStyle><LineStyle><color>fff27f0c</color><width>2.0</width></LineStyle><LabelStyle><scale>0.9</scale><color>ccffffff</color></LabelStyle></Style><Style id="s_35_1"><IconStyle><color>ffec7c0c</color><scale>1.0</scale><Icon><href>http://maps.google.com/mapfiles/kml/shapes/triangle.png</href></Icon></IconStyle><LineStyle><color>ffec7c0c</color><width>2.0</width></LineStyle><LabelStyle><scale>0.9</scale><color>ccffffff</color></LabelStyle></Style><Style id="s_35_2"><IconStyle><color>ffe5780b</color><scale>1.0</scale><Icon><href>http://maps.google.com/mapfiles/kml/shapes/cross-hairs.png</href></Icon></IconStyle><LineStyle><color>ffe5780b</color><width>2.0</width></LineStyle><LabelStyle><scale>0.9</scale><color>ccffffff</color></LabelStyle></Style><Style id="s_35_3"><IconStyle><color>ffdf750b</color><scale>1.0</scale><Icon><href>http://maps.google.com/mapfiles/kml/shapes/target.png</href></Icon></IconStyle><LineStyle><color>ffdf750b</color><width>2.0</width></LineStyle><LabelStyle><scale>0.9</scale><color>ccffffff</color></LabelStyle></Style><Style id="s_35_4"><IconStyle><color>ffd9720b</color><scale>1.0</scale><Icon><href>http://maps.google.com/mapfiles/kml/shapes/open-diamond.png</href></Icon></IconStyle><LineStyle><color>ffd9720b</color><width>2.0</width></LineStyle><LabelStyle><scale>0.9</scale><color>ccffffff</color></LabelStyle></Style><Style id="s_35_5"><IconStyle><color>ffd26e0b</color><scale>1.0</scale><Icon><href>http://maps.google.com/mapfiles/kml/shapes/shaded_dot.png</href></Icon></IconStyle><LineStyle><color>ffd26e0b</color><width>2.0</width></LineStyle><LabelStyle><scale>0.9</scale><color>ccffffff</color></LabelStyle></Style><Style id="s_35_6"><IconStyle><color>ffcc6b0a</color><scale>1.0</scale><Icon><href>http://maps.google.com/mapfiles/kml/shapes/donut.png</href></Icon></IconStyle><LineStyle><color>ffcc6b0a</color><width>2.0</width></LineStyle><LabelStyle><scale>0.9</scale><color>ccffffff</color></LabelStyle></Style><Style id="s_35_7"><IconStyle><color>ffc6680a</color><scale>1.0</scale><Icon><href>http://maps.google.com/mapfiles/kml/shapes/square.png</href></Icon></IconStyle><LineStyle><color>ffc6680a</color><width>2.0</width></LineStyle><LabelStyle><scale>0.9</scale><color>ccffffff</color></LabelStyle></Style><Style id="s_35_8"><IconStyle><color>ffbf640a</color><scale>1.0</scale><Icon><href>http://maps.google.com/mapfiles/kml/shapes/placemark_circle.png</href></Icon></IconStyle><LineStyle><color>ffbf640a</color><width>2.0</width></LineStyle><LabelStyle><scale>0.9</scale><color>ccffffff</color></LabelStyle></Style><Style id="s_35_9"><IconStyle><color>ffb96109</color><scale>1.0</scale><Icon><href>http://maps.google.com/mapfiles/kml/shapes/placemark_square.png</href></Icon></IconStyle><LineStyle><color>ffb96109</color><width>2.0</width></LineStyle><LabelStyle><scale>0.9</scale><color>ccffffff</color></LabelStyle></Style><Style id="s_35_10"><IconStyle><color>ffb25e09</color><scale>1.0</scale><Icon><href>http://maps.google.com/mapfiles/kml/shapes/star.png</href></Icon></IconStyle><LineStyle><color>ffb25e09</color><width>2.0</width></LineStyle><LabelStyle><scale>0.9</scale><color>ccffffff</color></LabelStyle></Style><Folder><name>S→W</name><Placemark><name>S W 0</name><styleUrl>#s_36_0</styleUrl><ExtendedData><Data name="bin"><value>EN</value></Data><Data name="azimuth_deg"><value>-44.9876</value></Data><Data name="dist_to_target_m"><value>16163.901</value></Data></ExtendedData><Point><coordinates>-77.040586000,38.790339000,0</coordinates></Point></Placemark><Placemark><name>S W 0 pointer</name><styleUrl>#s_36_0</styleUrl><LineString><tessellate>1</tessellate><coordinates>-77.040586000,38.790339000,0 -77.047162746,38.795487867,0</coordinates></LineString></Placemark><Placemark><name>S W 1</name><styleUrl>#s_36_1</styleUrl><ExtendedData><Data name="bin"><value>EN</value></Data><Data name="azimuth_deg"><value>-44.9992</value></Data><Data name="dist_to_target_m"><value>13887.901</value></Data></ExtendedData><Point><coordinates>-77.059109534,38.804838033,0</coordinates></Point></Placemark><Placemark><name>S W 1 pointer</name><styleUrl>#s_36_1</styleUrl><LineString><tessellate>1</tessellate><coordinates>-77.059109534,38.804838033,0 -77.064762457,38.809261016,0</coordinates></LineString></Placemark><Placemark><name>S W 2</name><styleUrl>#s_36_2</styleUrl><ExtendedData><Data name="bin"><value>EN</value></Data><Data name="azimuth_deg"><value>-45.0108</value></Data><Data name="dist_to_target_m"><value>11611.901</value></Data></ExtendedData><Point><coordinates>-77.077640577,38.819334092,0</coordinates></Point></Placemark><Placemark><name>S W 2 pointer</name><styleUrl>#s_36_2</styleUrl><LineString><tessellate>1</tessellate><coordinates>-77.077640577,38.819334092,0 -77.082368947,38.823031480,0</coordinates></LineString></Placemark><Placemark><name>S W 3</name><styleUrl>#s_36_3</styleUrl><ExtendedData><Data name="bin"><value>EN</value></Data><Data name="azimuth_deg"><value>-45.0224</value></Data><Data name="dist_to_target_m"><value>9335.901</value></Data></ExtendedData><Point><coordinates>-77.096179135,38.833827174,0</coordinates></Point></Placemark><Placemark><name>S W 3 pointer</name><styleUrl>#s_36_3</styleUrl><LineString><tessellate>1</tessellate><coordinates>-77.096179135,38.833827174,0 -77.099982220,38.836799257,0</coordinates></LineString></Placemark><Placemark><name>S W 4</name><styleUrl>#s_36_4</styleUrl><ExtendedData><Data name="bin"><value>EN</value></Data><Data name="azimuth_deg"><value>-45.0340</value></Data><Data name="dist_to_target_m"><value>7059.901</value></Data></ExtendedData><Point><coordinates>-77.114725212,38.848317277,0</coordinates></Point></Placemark><Placemark><name>S W 4 pointer</name><styleUrl>#s_36_4</styleUrl><LineString><tessellate>1</tessellate><coordinates>-77.114725212,38.848317277,0 -77.117602280,38.850564345,0</coordinates></LineString></Placemark><Placemark><name>S W 5</name><styleUrl>#s_36_5</styleUrl><ExtendedData><Data name="bin"><value>EN</value></Data><Data name="azimuth_deg"><value>-45.0457</value></Data><Data name="dist_to_target_m"><value>4783.901</value></Data></ExtendedData><Point><coordinates>-77.133278814,38.862804399,0</coordinates></Point></Placemark><Placemark><name>S W 5 pointer</name><styleUrl>#s_36_5</styleUrl><LineString><tessellate>1</tessellate><coordinates>-77.133278814,38.862804399,0 -77.135229133,38.864326742,0</coordinates></LineString></Placemark><Placemark><name>S W 6</name><styleUrl>#s_36_6</styleUrl><ExtendedData><Data name="bin"><value>EN</value></Data><Data name="azimuth_deg"><value>-45.0573</value></Data><Data name="dist_to_target_m"><value>2507.901</value></Data></ExtendedData><Point><coordinates>-77.151839948,38.877288535,0</coordinates></Point></Placemark><Placemark><name>S W 6 pointer</name><styleUrl>#s_36_6</styleUrl><LineString><tessellate>1</tessellate><coordinates>-77.151839948,38.877288535,0 -77.152862783,38.878086445,0</coordinates></LineString></Placemark><Placemark><name>S W 7</name><styleUrl>#s_36_7</styleUrl><ExtendedData><Data name="bin"><value>EN</value></Data><Data name="azimuth_deg"><value>-45.0690</value></Data><Data name="dist_to_target_m"><value>0.000</value></Data></ExtendedData><Point><coordinates>-77.172301000,38.893245000,0</coordinates></Point></Placemark></Folder><Style id="s_36_0"><IconStyle><color>fff20cf2</color><scale>1.0</scale><Icon><href>http://maps.google.com/mapfiles/kml/shapes/star.png</href></Icon></IconStyle><LineStyle><color>fff20cf2</color><width>2.0</width></LineStyle><LabelStyle><scale>0.9</scale><color>ccffffff</color></LabelStyle></Style><Style id="s_36_1"><IconStyle><color>ffe90ce9</color><scale>1.0</scale><Icon><href>http://maps.google.com/mapfiles/kml/shapes/triangle.png</href></Icon></IconStyle><LineStyle><color>ffe90ce9</color><width>2.0</width></LineStyle><LabelStyle><scale>0.9</scale><color>ccffffff</color></LabelStyle></Style><Style id="s_36_2"><IconStyle><color>ffe00be0</color><scale>1.0</scale><Icon><href>http://maps.google.com/mapfiles/kml/shapes/cross-hairs.png</href></Icon></IconStyle><LineStyle><color>ffe00be0</color><width>2.0</width></LineStyle><LabelStyle><scale>0.9</scale><color>ccffffff</color></LabelStyle></Style><Style id="s_36_3"><IconStyle><color>ffd70bd7</color><scale>1.0</scale><Icon><href>http://maps.google.com/mapfiles/kml/shapes/target.png</href></Icon></IconStyle><LineStyle><color>ffd70bd7</color><width>2.0</width></LineStyle><LabelStyle><scale>0.9</scale><color>ccffffff</color></LabelStyle></Style><Style id="s_36_4"><IconStyle><color>ffce0ace</color><scale>1.0</scale><Icon><href>http://maps.google.com/mapfiles/kml/shapes/open-diamond.png</href></Icon></IconStyle><LineStyle><color>ffce0ace</color><width>2.0</width></LineStyle><LabelStyle><scale>0.9</scale><color>ccffffff</color></LabelStyle></Style><Style id="s_36_5"><IconStyle><color>ffc50ac5</color><scale>1.0</scale><Icon><href>http://maps.google.com/mapfiles/kml/shapes/shaded_dot.png</href></Icon></IconStyle><LineStyle><color>ffc50ac5</color><width>2.0</width></LineStyle><LabelStyle><scale>0.9</scale><color>ccffffff</color></LabelStyle></Style><Style id="s_36_6"><IconStyle><color>ffbc09bc</color><scale>1.0</scale><Icon><href>http://maps.google.com/mapfiles/kml/shapes/donut.png</href></Icon></IconStyle><LineStyle><color>ffbc09bc</color><width>2.0</width></LineStyle><LabelStyle><scale>0.9</scale><color>ccffffff</color></LabelStyle></Style><Style id="s_36_7"><IconStyle><color>ffb209b2</color><scale>1.0</scale><Icon><href>http://maps.google.com/mapfiles/kml/shapes/square.png</href></Icon></IconStyle><LineStyle><color>ffb209b2</color><width>2.0</width></LineStyle><LabelStyle><scale>0.9</scale><color>ccffffff</color></LabelStyle></Style><Folder><name>W→S</name><Placemark><name>W S 0</name><styleUrl>#s_37_0</styleUrl><ExtendedData><Data name="bin"><value>WS</value></Data><Data name="azimuth_deg"><value>134.9298</value></Data><Data name="dist_to_target_m"><value>16163.901</value></Data></ExtendedData><Point><coordinates>-77.172301000,38.893245000,0</coordinates></Point></Placemark><Placemark><name>W S 0 pointer</name><styleUrl>#s_37_0</styleUrl><LineString><tessellate>1</tessellate><coordinates>-77.172301000,38.893245000,0 -77.165706232,38.888103274,0</coordinates></LineString></Placemark><Placemark><name>W S 1</name><styleUrl>#s_37_1</styleUrl><ExtendedData><Data name="bin"><value>WS</value></Data><Data name="azimuth_deg"><value>134.9415</value></Data><Data name="dist_to_target_m"><value>13887.901</value></Data></ExtendedData><Point><coordinates>-77.153731563,38.878764155,0</coordinates></Point></Placemark><Placemark><name>W S 1 pointer</name><styleUrl>#s_37_1</styleUrl><LineString><tessellate>1</tessellate><coordinates>-77.153731563,38.878764155,0 -77.148067630,38.874345534,0</coordinates></LineString></Placemark><Placemark><name>W S 2</name><styleUrl>#s_37_2</styleUrl><ExtendedData><Data name="bin"><value>WS</value></Data><Data name="azimuth_deg"><value>134.9531</value></Data><Data name="dist_to_target_m"><value>11611.901</value></Data></ExtendedData><Point><coordinates>-77.135169662,38.864280323,0</coordinates></Point></Placemark><Placemark><name>W S 2 pointer</name><styleUrl>#s_37_2</styleUrl><LineString><tessellate>1</tessellate><coordinates>-77.135169662,38.864280323,0 -77.130435829,38.860585099,0</coordinates></LineString></Placemark><Placemark><name>W S 3</name><styleUrl>#s_37_3</styleUrl><ExtendedData><Data name="bin"><value>WS</value></Data><Data name="azimuth_deg"><value>134.9648</value></Data><Data name="dist_to_target_m"><value>9335.901</value></Data></ExtendedData><Point><coordinates>-77.116615292,38.849793505,0</coordinates></Point></Placemark><Placemark><name>W S 3 pointer</name><styleUrl>#s_37_3</styleUrl><LineString><tessellate>1</tessellate><coordinates>-77.116615292,38.849793505,0 -77.112810823,38.846821970,0</coordinates></LineString></Placemark><Placemark><name>W S 4</name><styleUrl>#s_37_4</styleUrl><ExtendedData><Data name="bin"><value>WS</value></Data><Data name="azimuth_deg"><value>134.9764</value></Data><Data name="dist_to_target_m"><value>7059.901</value></Data></ExtendedData><Point><coordinates>-77.098068449,38.835303706,0</coordinates></Point></Placemark><Placemark><name>W S 4 pointer</name><styleUrl>#s_37_4</styleUrl><LineString><tessellate>1</tessellate><coordinates>-77.098068449,38.835303706,0 -77.095192609,38.833056150,0</coordinates></LineString></Placemark><Placemark><name>W S 5</name><styleUrl>#s_37_5</styleUrl><ExtendedData><Data name="bin"><value>WS</value></Data><Data name="azimuth_deg"><value>134.9880</value></Data><Data name="dist_to_target_m"><value>4783.901</value></Data></ExtendedData><Point><coordinates>-77.079529125,38.820810927,0</coordinates></Point></Placemark><Placemark><name>W S 5 pointer</name><styleUrl>#s_37_5</styleUrl><LineString><tessellate>1</tessellate><coordinates>-77.079529125,38.820810927,0 -77.077581181,38.819287642,0</coordinates></LineString></Placemark><Placemark><name>W S 6</name><styleUrl>#s_37_6</styleUrl><ExtendedData><Data name="bin"><value>WS</value></Data><Data name="azimuth_deg"><value>134.9996</value></Data><Data name="dist_to_target_m"><value>2507.901</value></Data></ExtendedData><Point><coordinates>-77.060997317,38.806315171,0</coordinates></Point></Placemark><Placemark><name>W S 6 pointer</name><styleUrl>#s_37_6</styleUrl><LineString><tessellate>1</tessellate><coordinates>-77.060997317,38.806315171,0 -77.059976534,38.805516448,0</coordinates></LineString></Placemark><Placemark><name>W S 7</name><styleUrl>#s_37_7</styleUrl><ExtendedData><Data name="bin"><value>WS</value></Data><Data name="azimuth_deg"><value>135.0112</value></Data><Data name="dist_to_target_m"><value>0.000</value></Data></ExtendedData><Point><coordinates>-77.040586000,38.790339000,0</coordinates></Point></Placemark></Folder><Style id="s_37_0"><IconStyle><color>fff27f0c</color><scale>1.0</scale><Icon><href>http://maps.google.com/mapfiles/kml/shapes/star.png</href></Icon></IconStyle><LineStyle><color>fff27f0c</color><width>2.0</width></LineStyle><LabelStyle><scale>0.9</scale><color>ccffffff</color></LabelStyle></Style><Style id="s_37_1"><IconStyle><color>ffe97a0c</color><scale>1.0</scale><Icon><href>http://maps.google.com/mapfiles/kml/shapes/triangle.png</href></Icon></IconStyle><LineStyle><color>ffe97a0c</color><width>2.0</width></LineStyle><LabelStyle><scale>0.9</scale><color>ccffffff</color></LabelStyle></Style><Style id="s_37_2"><IconStyle><color>ffe0760b</color><scale>1.0</scale><Icon><href>http://maps.google.com/mapfiles/kml/shapes/cross-hairs.png</href></Icon></IconStyle><LineStyle><color>ffe0760b</color><width>2.0</width></LineStyle><LabelStyle><scale>0.9</scale><color>ccffffff</color></LabelStyle></Style><Style id="s_37_3"><IconStyle><color>ffd7710b</color><scale>1.0</scale><Icon><href>http://maps.google.com/mapfiles/kml/shapes/target.png</href></Icon></IconStyle><LineStyle><color>ffd7710b</color><width>2.0</width></LineStyle><LabelStyle><scale>0.9</scale><color>ccffffff</color></LabelStyle></Style><Style id="s_37_4"><IconStyle><color>ffce6c0a</color><scale>1.0</scale><Icon><href>http://maps.google.com/mapfiles/kml/shapes/open-diamond.png</href></Icon></IconStyle><LineStyle><color>ffce6c0a</color><width>2.0</width></LineStyle><LabelStyle><scale>0.9</scale><color>ccffffff</color></LabelStyle></Style><Style id="s_37_5"><IconStyle><color>ffc5670a</color><scale>1.0</scale><Icon><href>http://maps.google.com/mapfiles/kml/shapes/shaded_dot.png</href></Icon></IconStyle><LineStyle><color>ffc5670a</color><width>2.0</width></LineStyle><LabelStyle><scale>0.9</scale><color>ccffffff</color></LabelStyle></Style><Style id="s_37_6"><IconStyle><color>ffbc6209</color><scale>1.0</scale><Icon><href>http://maps.google.com/mapfiles/kml/shapes/donut.png</href></Icon></IconStyle><LineStyle><color>ffbc6209</color><width>2.0</width></LineStyle><LabelStyle><scale>0.9</scale><color>ccffffff</color></LabelStyle></Style><Style id="s_37_7"><IconStyle><color>ffb25e09</color><scale>1.0</scale><Icon><href>http://maps.google.com/mapfiles/kml/shapes/square.png</href></Icon></IconStyle><LineStyle><color>ffb25e09</color><width>2.0</width></LineStyle><LabelStyle><scale>0.9</scale><color>ccffffff</color></LabelStyle></Style><Folder><name>N→W</name><Placemark><name>N W 0</name><styleUrl>#s_38_0</styleUrl><ExtendedData><Data name="bin"><value>NW</value></Data><Data name="azimuth_deg"><value>-135.0047</value></Data><Data name="dist_to_target_m"><value>16112.649</value></Data></ExtendedData><Point><coordinates>-77.040986000,38.995957000,0</coordinates></Point></Placemark><Placemark><name>N W 0 pointer</name><styleUrl>#s_38_0</styleUrl><LineString><tessellate>1</tessellate><coordinates>-77.040986000,38.995957000,0 -77.047560757,38.990824955,0</coordinates></LineString></Placemark><Placemark><name>N W 1</name><styleUrl>#s_38_1</styleUrl><ExtendedData><Data name="bin"><value>NW</value></Data><Data name="azimuth_deg"><value>-135.0164</value></Data><Data name="dist_to_target_m"><value>13836.649</value></Data></ExtendedData><Point><coordinates>-77.059557962,38.981457444,0</coordinates></Point></Placemark><Placemark><name>N W 1 pointer</name><styleUrl>#s_38_1</styleUrl><LineString><tessellate>1</tessellate><coordinates>-77.059557962,38.981457444,0 -77.065201753,38.977049442,0</coordinates></LineString></Placemark><Placemark><name>N W 2</name><styleUrl>#s_38_2</styleUrl><ExtendedData><Data name="bin"><value>NW</value></Data><Data name="azimuth_deg"><value>-135.0281</value></Data><Data name="dist_to_target_m"><value>11560.649</value></Data></ExtendedData><Point><coordinates>-77.078122348,38.966954897,0</coordinates></Point></Placemark><Placemark><name>N W 2 pointer</name><styleUrl>#s_38_2</styleUrl><LineString><tessellate>1</tessellate><coordinates>-77.078122348,38.966954897,0 -77.082835913,38.963271230,0</coordinates></LineString></Placemark><Placemark><name>N W 3</name><styleUrl>#s_38_3</styleUrl><ExtendedData><Data name="bin"><value>NW</value></Data><Data name="azimuth_deg"><value>-135.0398</value></Data><Data name="dist_to_target_m"><value>9284.649</value></Data></ExtendedData><Point><coordinates>-77.096679165,38.952449362,0</coordinates></Point></Placemark><Placemark><name>N W 3 pointer</name><styleUrl>#s_38_3</styleUrl><LineString><tessellate>1</tessellate><coordinates>-77.096679165,38.952449362,0 -77.100463243,38.949490322,0</coordinates></LineString></Placemark><Placemark><name>N W 4</name><styleUrl>#s_38_4</styleUrl><ExtendedData><Data name="bin"><value>NW</value></Data><Data name="azimuth_deg"><value>-135.0514</value></Data><Data name="dist_to_target_m"><value>7008.649</value></Data></ExtendedData><Point><coordinates>-77.115228417,38.937940842,0</coordinates></Point></Placemark><Placemark><name>N W 4 pointer</name><styleUrl>#s_38_4</styleUrl><LineString><tessellate>1</tessellate><coordinates>-77.115228417,38.937940842,0 -77.118083747,38.935706721,0</coordinates></LineString></Placemark><Placemark><name>N W 5</name><styleUrl>#s_38_5</styleUrl><ExtendedData><Data name="bin"><value>NW</value></Data><Data name="azimuth_deg"><value>-135.0631</value></Data><Data name="dist_to_target_m"><value>4732.649</value></Data></ExtendedData><Point><coordinates>-77.133770111,38.923429339,0</coordinates></Point></Placemark><Placemark><name>N W 5 pointer</name><styleUrl>#s_38_5</styleUrl><LineString><tessellate>1</tessellate><coordinates>-77.133770111,38.923429339,0 -77.135697431,38.921920428,0</coordinates></LineString></Placemark><Placemark><name>N W 6</name><styleUrl>#s_38_6</styleUrl><ExtendedData><Data name="bin"><value>NW</value></Data><Data name="azimuth_deg"><value>-135.0747</value></Data><Data name="dist_to_target_m"><value>2456.649</value></Data></ExtendedData><Point><coordinates>-77.152304251,38.908914857,0</coordinates></Point></Placemark><Placemark><name>N W 6 pointer</name><styleUrl>#s_38_6</styleUrl><LineString><tessellate>1</tessellate><coordinates>-77.152304251,38.908914857,0 -77.153304297,38.908131446,0</coordinates></LineString></Placemark><Placemark><name>N W 7</name><styleUrl>#s_38_7</styleUrl><ExtendedData><Data name="bin"><value>NW</value></Data><Data name="azimuth_deg"><value>-135.0864</value></Data><Data name="dist_to_target_m"><value>0.000</value></Data></ExtendedData><Point><coordinates>-77.172301000,38.893245000,0</coordinates></Point></Placemark></Folder><Style id="s_38_0"><IconStyle><color>fff20c0c</color><scale>1.0</scale><Icon><href>http://maps.google.com/mapfiles/kml/shapes/star.png</href></Icon></IconStyle><LineStyle><color>fff20c0c</color><width>2.0</width></LineStyle><LabelStyle><scale>0.9</scale><color>ccffffff</color></LabelStyle></Style><Style id="s_38_1"><IconStyle><color>ffe90c0c</color><scale>1.0</scale><Icon><href>http://maps.google.com/mapfiles/kml/shapes/triangle.png</href></Icon></IconStyle><LineStyle><color>ffe90c0c</color><width>2.0</width></LineStyle><LabelStyle><scale>0.9</scale><color>ccffffff</color></LabelStyle></Style><Style id="s_38_2"><IconStyle><color>ffe00b0b</color><scale>1.0</scale><Icon><href>http://maps.google.com/mapfiles/kml/shapes/cross-hairs.png</href></Icon></IconStyle><LineStyle><color>ffe00b0b</color><width>2.0</width></LineStyle><LabelStyle><scale>0.9</scale><color>ccffffff</color></LabelStyle></Style><Style id="s_38_3"><IconStyle><color>ffd70b0b</color><scale>1.0</scale><Icon><href>http://maps.google.com/mapfiles/kml/shapes/target.png</href></Icon></IconStyle><LineStyle><color>ffd70b0b</color><width>2.0</width></LineStyle><LabelStyle><scale>0.9</scale><color>ccffffff</color></LabelStyle></Style><Style id="s_38_4"><IconStyle><color>ffce0a0a</color><scale>1.0</scale><Icon><href>http://maps.google.com/mapfiles/kml/shapes/open-diamond.png</href></Icon></IconStyle><LineStyle><color>ffce0a0a</color><width>2.0</width></LineStyle><LabelStyle><scale>0.9</scale><color>ccffffff</color></LabelStyle></Style><Style id="s_38_5"><IconStyle><color>ffc50a0a</color><scale>1.0</scale><Icon><href>http://maps.google.com/mapfiles/kml/shapes/shaded_dot.png</href></Icon></IconStyle><LineStyle><color>ffc50a0a</color><width>2.0</width></LineStyle><LabelStyle><scale>0.9</scale><color>ccffffff</color></LabelStyle></Style><Style id="s_38_6"><IconStyle><color>ffbc0909</color><scale>1.0</scale><Icon><href>http://maps.google.com/mapfiles/kml/shapes/donut.png</href></Icon></IconStyle><LineStyle><color>ffbc0909</color><width>2.0</width></LineStyle><LabelStyle><scale>0.9</scale><color>ccffffff</color></LabelStyle></Style><Style id="s_38_7"><IconStyle><color>ffb20909</color><scale>1.0</scale><Icon><href>http://maps.google.com/mapfiles/kml/shapes/square.png</href></Icon></IconStyle><LineStyle><color>ffb20909</color><width>2.0</width></LineStyle><LabelStyle><scale>0.9</scale><color>ccffffff</color></LabelStyle></Style><Folder><name>W→N</name><Placemark><name>W N 0</name><styleUrl>#s_39_0</styleUrl><ExtendedData><Data name="bin"><value>SE</value></Data><Data name="azimuth_deg"><value>44.9127</value></Data><Data name="dist_to_target_m"><value>16112.649</value></Data></ExtendedData><Point><coordinates>-77.172301000,38.893245000,0</coordinates></Point></Placemark><Placemark><name>W N 0 pointer</name><styleUrl>#s_39_0</styleUrl><LineString><tessellate>1</tessellate><coordinates>-77.172301000,38.893245000,0 -77.165744243,38.898384148,0</coordinates></LineString></Placemark><Placemark><name>W N 1</name><styleUrl>#s_39_1</styleUrl><ExtendedData><Data name="bin"><value>SE</value></Data><Data name="azimuth_deg"><value>44.9244</value></Data><Data name="dist_to_target_m"><value>13836.649</value></Data></ExtendedData><Point><coordinates>-77.153775006,38.907762696,0</coordinates></Point></Placemark><Placemark><name>W N 1 pointer</name><styleUrl>#s_39_1</styleUrl><LineString><tessellate>1</tessellate><coordinates>-77.153775006,38.907762696,0 -77.148142191,38.912175029,0</coordinates></LineString></Placemark><Placemark><name>W N 2</name><styleUrl>#s_39_2</styleUrl><ExtendedData><Data name="bin"><value>SE</value></Data><Data name="azimuth_deg"><value>44.9360</value></Data><Data name="dist_to_target_m"><value>11560.649</value></Data></ExtendedData><Point><coordinates>-77.135241465,38.922277415,0</coordinates></Point></Placemark><Placemark><name>W N 2 pointer</name><styleUrl>#s_39_2</styleUrl><LineString><tessellate>1</tessellate><coordinates>-77.135241465,38.922277415,0 -77.130533326,38.925963223,0</coordinates></LineString></Placemark><Placemark><name>W N 3</name><styleUrl>#s_39_3</styleUrl><ExtendedData><Data name="bin"><value>SE</value></Data><Data name="azimuth_deg"><value>44.9477</value></Data><Data name="dist_to_target_m"><value>9284.649</value></Data></ExtendedData><Point><coordinates>-77.116700371,38.936789154,0</coordinates></Point></Placemark><Placemark><name>W N 3 pointer</name><styleUrl>#s_39_3</styleUrl><LineString><tessellate>1</tessellate><coordinates>-77.116700371,38.936789154,0 -77.112917643,38.939748727,0</coordinates></LineString></Placemark><Placemark><name>W N 4</name><styleUrl>#s_39_4</styleUrl><ExtendedData><Data name="bin"><value>SE</value></Data><Data name="azimuth_deg"><value>44.9593</value></Data><Data name="dist_to_target_m"><value>7008.649</value></Data></ExtendedData><Point><coordinates>-77.098151719,38.951297911,0</coordinates></Point></Placemark><Placemark><name>W N 4 pointer</name><styleUrl>#s_39_4</styleUrl><LineString><tessellate>1</tessellate><coordinates>-77.098151719,38.951297911,0 -77.095295138,38.953531539,0</coordinates></LineString></Placemark><Placemark><name>W N 5</name><styleUrl>#s_39_5</styleUrl><ExtendedData><Data name="bin"><value>SE</value></Data><Data name="azimuth_deg"><value>44.9710</value></Data><Data name="dist_to_target_m"><value>4732.649</value></Data></ExtendedData><Point><coordinates>-77.079595503,38.965803683,0</coordinates></Point></Placemark><Placemark><name>W N 5 pointer</name><styleUrl>#s_39_5</styleUrl><LineString><tessellate>1</tessellate><coordinates>-77.079595503,38.965803683,0 -77.077665806,38.967311656,0</coordinates></LineString></Placemark><Placemark><name>W N 6</name><styleUrl>#s_39_6</styleUrl><ExtendedData><Data name="bin"><value>SE</value></Data><Data name="azimuth_deg"><value>44.9827</value></Data><Data name="dist_to_target_m"><value>2456.649</value></Data></ExtendedData><Point><coordinates>-77.061031718,38.980306467,0</coordinates></Point></Placemark><Placemark><name>W N 6 pointer</name><styleUrl>#s_39_6</styleUrl><LineString><tessellate>1</tessellate><coordinates>-77.061031718,38.980306467,0 -77.060029641,38.981089077,0</coordinates></LineString></Placemark><Placemark><name>W N 7</name><styleUrl>#s_39_7</styleUrl><ExtendedData><Data name="bin"><value>SE</value></Data><Data name="azimuth_deg"><value>44.9943</value></Data><Data name="dist_to_target_m"><value>0.000</value></Data></ExtendedData><Point><coordinates>-77.040986000,38.995957000,0</coordinates></Point></Placemark></Folder><Style id="s_39_0"><IconStyle><color>ff7ff20c</color><scale>1.0</scale><Icon><href>http://maps.google.com/mapfiles/kml/shapes/star.png</href></Icon></IconStyle><LineStyle><color>ff7ff20c</color><width>2.0</width></LineStyle><LabelStyle><scale>0.9</scale><color>ccffffff</color></LabelStyle></Style><Style id="s_39_1"><IconStyle><color>ff7ae90c</color><scale>1.0</scale><Icon><href>http://maps.google.com/mapfiles/kml/shapes/triangle.png</href></Icon></IconStyle><LineStyle><color>ff7ae90c</color><width>2.0</width></LineStyle><LabelStyle><scale>0.9</scale><color>ccffffff</color></LabelStyle></Style><Style id="s_39_2"><IconStyle><color>ff76e00b</color><scale>1.0</scale><Icon><href>http://maps.google.com/mapfiles/kml/shapes/cross-hairs.png</href></Icon></IconStyle><LineStyle><color>ff76e00b</color><width>2.0</width></LineStyle><LabelStyle><scale>0.9</scale><color>ccffffff</color></LabelStyle></Style><Style id="s_39_3"><IconStyle><color>ff71d70b</color><scale>1.0</scale><Icon><href>http://maps.google.com/mapfiles/kml/shapes/target.png</href></Icon></IconStyle><LineStyle><color>ff71d70b</color><width>2.0</width></LineStyle><LabelStyle><scale>0.9</scale><color>ccffffff</color></LabelStyle></Style><Style id="s_39_4"><IconStyle><color>ff6cce0a</color><scale>1.0</scale><Icon><href>http://maps.google.com/mapfiles/kml/shapes/open-diamond.png</href></Icon></IconStyle><LineStyle><color>ff6cce0a</color><width>2.0</width></LineStyle><LabelStyle><scale>0.9</scale><color>ccffffff</color></LabelStyle></Style><Style id="s_39_5"><IconStyle><color>ff67c50a</color><scale>1.0</scale><Icon><href>http://maps.google.com/mapfiles/kml/shapes/shaded_dot.png</href></Icon></IconStyle><LineStyle><color>ff67c50a</color><width>2.0</width></LineStyle><LabelStyle><scale>0.9</scale><color>ccffffff</color></LabelStyle></Style><Style id="s_39_6"><IconStyle><color>ff62bc09</color><scale>1.0</scale><Icon><href>http://maps.google.com/mapfiles/kml/shapes/donut.png</href></Icon></IconStyle><LineStyle><color>ff62bc09</color><width>2.0</width></LineStyle><LabelStyle><scale>0.9</scale><color>ccffffff</color></LabelStyle></Style><Style id="s_39_7"><IconStyle><color>ff5eb209</color><scale>1.0</scale><Icon><href>http://maps.google.com/mapfiles/kml/shapes/square.png</href></Icon></IconStyle><LineStyle><color>ff5eb209</color><width>2.0</width></LineStyle><LabelStyle><scale>0.9</scale><color>ccffffff</color></LabelStyle></Style><Folder><name>N→E</name><Placemark><name>N E 0</name><styleUrl>#s_40_0</styleUrl><ExtendedData><Data name="bin"><value>NE</value></Data><Data name="azimuth_deg"><value>135.0017</value></Data><Data name="dist_to_target_m"><value>16173.850</value></Data></ExtendedData><Point><coordinates>-77.040986000,38.995957000,0</coordinates></Point></Placemark><Placemark><name>N E 0 pointer</name><styleUrl>#s_40_0</styleUrl><LineString><tessellate>1</tessellate><coordinates>-77.040986000,38.995957000,0 -77.034385924,38.990805732,0</coordinates></LineString></Placemark><Placemark><name>N E 1</name><styleUrl>#s_40_1</styleUrl><ExtendedData><Data name="bin"><value>NE</value></Data><Data name="azimuth_deg"><value>135.0134</value></Data><Data name="dist_to_target_m"><value>13897.850</value></Data></ExtendedData><Point><coordinates>-77.022413060,38.981458207,0</coordinates></Point></Placemark><Placemark><name>N E 1 pointer</name><styleUrl>#s_40_1</styleUrl><LineString><tessellate>1</tessellate><coordinates>-77.022413060,38.981458207,0 -77.016744010,38.977030940,0</coordinates></LineString></Placemark><Placemark><name>N E 2</name><styleUrl>#s_40_2</styleUrl><ExtendedData><Data name="bin"><value>NE</value></Data><Data name="azimuth_deg"><value>135.0251</value></Data><Data name="dist_to_target_m"><value>11621.850</value></Data></ExtendedData><Point><coordinates>-77.003847696,38.966956423,0</coordinates></Point></Placemark><Placemark><name>N E 2 pointer</name><styleUrl>#s_40_2</styleUrl><LineString><tessellate>1</tessellate><coordinates>-77.003847696,38.966956423,0 -76.999108930,38.963253449,0</coordinates></LineString></Placemark><Placemark><name>N E 3</name><styleUrl>#s_40_3</styleUrl><ExtendedData><Data name="bin"><value>NE</value></Data><Data name="azimuth_deg"><value>135.0367</value></Data><Data name="dist_to_target_m"><value>9345.850</value></Data></ExtendedData><Point><coordinates>-76.985289901,38.952451650,0</coordinates></Point></Placemark><Placemark><name>N E 3 pointer</name><styleUrl>#s_40_3</styleUrl><LineString><tessellate>1</tessellate><coordinates>-76.985289901,38.952451650,0 -76.981480680,38.949473261,0</coordinates></LineString></Placemark><Placemark><name>N E 4</name><styleUrl>#s_40_4</styleUrl><ExtendedData><Data name="bin"><value>NE</value></Data><Data name="azimuth_deg"><value>135.0484</value></Data><Data name="dist_to_target_m"><value>7069.850</value></Data></ExtendedData><Point><coordinates>-76.966739671,38.937943892,0</coordinates></Point></Placemark><Placemark><name>N E 4 pointer</name><styleUrl>#s_40_4</styleUrl><LineString><tessellate>1</tessellate><coordinates>-76.966739671,38.937943892,0 -76.963859257,38.935690380,0</coordinates></LineString></Placemark><Placemark><name>N E 5</name><styleUrl>#s_40_5</styleUrl><ExtendedData><Data name="bin"><value>NE</value></Data><Data name="azimuth_deg"><value>135.0601</value></Data><Data name="dist_to_target_m"><value>4793.850</value></Data></ExtendedData><Point><coordinates>-76.948196999,38.923433151,0</coordinates></Point></Placemark><Placemark><name>N E 5 pointer</name><styleUrl>#s_40_5</styleUrl><LineString><tessellate>1</tessellate><coordinates>-76.948196999,38.923433151,0 -76.946244654,38.921904807,0</coordinates></LineString></Placemark><Placemark><name>N E 6</name><styleUrl>#s_40_6</styleUrl><ExtendedData><Data name="bin"><value>NE</value></Data><Data name="azimuth_deg"><value>135.0717</value></Data><Data name="dist_to_target_m"><value>2517.850</value></Data></ExtendedData><Point><coordinates>-76.929661881,38.908919429,0</coordinates></Point></Placemark><Placemark><name>N E 6 pointer</name><styleUrl>#s_40_6</styleUrl><LineString><tessellate>1</tessellate><coordinates>-76.929661881,38.908919429,0 -76.928636868,38.908116544,0</coordinates></LineString></Placemark><Placemark><name>N E 7</name><styleUrl>#s_40_7</styleUrl><ExtendedData><Data name="bin"><value>NE</value></Data><Data name="azimuth_deg"><value>135.0833</value></Data><Data name="dist_to_target_m"><value>0.000</value></Data></ExtendedData><Point><coordinates>-76.909166000,38.892860000,0</coordinates></Point></Placemark></Folder><Style id="s_40_0"><IconStyle><color>fff2f20c</color><scale>1.0</scale><Icon><href>http://maps.google.com/mapfiles/kml/shapes/star.png</href></Icon></IconStyle><LineStyle><color>fff2f20c</color><width>2.0</width></LineStyle><LabelStyle><scale>0.9</scale><color>ccffffff</color></LabelStyle></Style><Style id="s_40_1"><IconStyle><color>ffe9e90c</color><scale>1.0</scale><Icon><href>http://maps.google.com/mapfiles/kml/shapes/triangle.png</href></Icon></IconStyle><LineStyle><color>ffe9e90c</color><width>2.0</width></LineStyle><LabelStyle><scale>0.9</scale><color>ccffffff</color></LabelStyle></Style><Style id="s_40_2"><IconStyle><color>ffe0e00b</color><scale>1.0</scale><Icon><href>http://maps.google.com/mapfiles/kml/shapes/cross-hairs.png</href></Icon></IconStyle><LineStyle><color>ffe0e00b</color><width>2.0</width></LineStyle><LabelStyle><scale>0.9</scale><color>ccffffff</color></LabelStyle></Style><Style id="s_40_3"><IconStyle><color>ffd7d70b</color><scale>1.0</scale><Icon><href>http://maps.google.com/mapfiles/kml/shapes/target.png</href></Icon></IconStyle><LineStyle><color>ffd7d70b</color><width>2.0</width></LineStyle><LabelStyle><scale>0.9</scale><color>ccffffff</color></LabelStyle></Style><Style id="s_40_4"><IconStyle><color>ffcece0a</color><scale>1.0</scale><Icon><href>http://maps.google.com/mapfiles/kml/shapes/open-diamond.png</href></Icon></IconStyle><LineStyle><color>ffcece0a</color><width>2.0</width></LineStyle><LabelStyle><scale>0.9</scale><color>ccffffff</color></LabelStyle></Style><Style id="s_40_5"><IconStyle><color>ffc5c50a</color><scale>1.0</scale><Icon><href>http://maps.google.com/mapfiles/kml/shapes/shaded_dot.png</href></Icon></IconStyle><LineStyle><color>ffc5c50a</color><width>2.0</width></LineStyle><LabelStyle><scale>0.9</scale><color>ccffffff</color></LabelStyle></Style><Style id="s_40_6"><IconStyle><color>ffbcbc09</color><scale>1.0</scale><Icon><href>http://maps.google.com/mapfiles/kml/shapes/donut.png</href></Icon></IconStyle><LineStyle><color>ffbcbc09</color><width>2.0</width></LineStyle><LabelStyle><scale>0.9</scale><color>ccffffff</color></LabelStyle></Style><Style id="s_40_7"><IconStyle><color>ffb2b209</color><scale>1.0</scale><Icon><href>http://maps.google.com/mapfiles/kml/shapes/square.png</href></Icon></IconStyle><LineStyle><color>ffb2b209</color><width>2.0</width></LineStyle><LabelStyle><scale>0.9</scale><color>ccffffff</color></LabelStyle></Style><Folder><name>E→N</name><Placemark><name>E N 0</name><styleUrl>#s_41_0</styleUrl><ExtendedData><Data name="bin"><value>SW</value></Data><Data name="azimuth_deg"><value>-44.9154</value></Data><Data name="dist_to_target_m"><value>16173.850</value></Data></ExtendedData><Point><coordinates>-76.909166000,38.892860000,0</coordinates></Point></Placemark><Placemark><name>E N 0 pointer</name><styleUrl>#s_41_0</styleUrl><LineString><tessellate>1</tessellate><coordinates>-76.909166000,38.892860000,0 -76.915747938,38.898018426,0</coordinates></LineString></Placemark><Placemark><name>E N 1</name><styleUrl>#s_41_1</styleUrl><ExtendedData><Data name="bin"><value>SW</value></Data><Data name="azimuth_deg"><value>-44.9271</value></Data><Data name="dist_to_target_m"><value>13897.850</value></Data></ExtendedData><Point><coordinates>-76.927692769,38.907377015,0</coordinates></Point></Placemark><Placemark><name>E N 1 pointer</name><styleUrl>#s_41_1</styleUrl><LineString><tessellate>1</tessellate><coordinates>-76.927692769,38.907377015,0 -76.933350736,38.911808656,0</coordinates></LineString></Placemark><Placemark><name>E N 2</name><styleUrl>#s_41_2</styleUrl><ExtendedData><Data name="bin"><value>SW</value></Data><Data name="azimuth_deg"><value>-44.9387</value></Data><Data name="dist_to_target_m"><value>11621.850</value></Data></ExtendedData><Point><coordinates>-76.946227085,38.921891053,0</coordinates></Point></Placemark><Placemark><name>E N 2 pointer</name><styleUrl>#s_41_2</styleUrl><LineString><tessellate>1</tessellate><coordinates>-76.946227085,38.921891053,0 -76.950960347,38.925596198,0</coordinates></LineString></Placemark><Placemark><name>E N 3</name><styleUrl>#s_41_3</styleUrl><ExtendedData><Data name="bin"><value>SW</value></Data><Data name="azimuth_deg"><value>-44.9504</value></Data><Data name="dist_to_target_m"><value>9345.850</value></Data></ExtendedData><Point><coordinates>-76.964768953,38.936402111,0</coordinates></Point></Placemark><Placemark><name>E N 3 pointer</name><styleUrl>#s_41_3</styleUrl><LineString><tessellate>1</tessellate><coordinates>-76.964768953,38.936402111,0 -76.968576776,38.939381051,0</coordinates></LineString></Placemark><Placemark><name>E N 4</name><styleUrl>#s_41_4</styleUrl><ExtendedData><Data name="bin"><value>SW</value></Data><Data name="azimuth_deg"><value>-44.9620</value></Data><Data name="dist_to_target_m"><value>7069.850</value></Data></ExtendedData><Point><coordinates>-76.983318380,38.950910186,0</coordinates></Point></Placemark><Placemark><name>E N 4 pointer</name><styleUrl>#s_41_4</styleUrl><LineString><tessellate>1</tessellate><coordinates>-76.983318380,38.950910186,0 -76.986200027,38.953163211,0</coordinates></LineString></Placemark><Placemark><name>E N 5</name><styleUrl>#s_41_5</styleUrl><ExtendedData><Data name="bin"><value>SW</value></Data><Data name="azimuth_deg"><value>-44.9737</value></Data><Data name="dist_to_target_m"><value>4793.850</value></Data></ExtendedData><Point><coordinates>-77.001875371,38.965415276,0</coordinates></Point></Placemark><Placemark><name>E N 5 pointer</name><styleUrl>#s_41_5</styleUrl><LineString><tessellate>1</tessellate><coordinates>-77.001875371,38.965415276,0 -77.003830104,38.966942677,0</coordinates></LineString></Placemark><Placemark><name>E N 6</name><styleUrl>#s_41_6</styleUrl><ExtendedData><Data name="bin"><value>SW</value></Data><Data name="azimuth_deg"><value>-44.9854</value></Data><Data name="dist_to_target_m"><value>2517.850</value></Data></ExtendedData><Point><coordinates>-77.020439931,38.979917378,0</coordinates></Point></Placemark><Placemark><name>E N 6 pointer</name><styleUrl>#s_41_6</styleUrl><LineString><tessellate>1</tessellate><coordinates>-77.020439931,38.979917378,0 -77.021467014,38.980719446,0</coordinates></LineString></Placemark><Placemark><name>E N 7</name><styleUrl>#s_41_7</styleUrl><ExtendedData><Data name="bin"><value>SW</value></Data><Data name="azimuth_deg"><value>-44.9970</value></Data><Data name="dist_to_target_m"><value>0.000</value></Data></ExtendedData><Point><coordinates>-77.040986000,38.995957000,0</coordinates></Point></Placemark></Folder><Style id="s_41_0"><IconStyle><color>ff7f0cf2</color><scale>1.0</scale><Icon><href>http://maps.google.com/mapfiles/kml/shapes/star.png</href></Icon></IconStyle><LineStyle><color>ff7f0cf2</color><width>2.0</width></LineStyle><LabelStyle><scale>0.9</scale><color>ccffffff</color></LabelStyle></Style><Style id="s_41_1"><IconStyle><color>ff7a0ce9</color><scale>1.0</scale><Icon><href>http://maps.google.com/mapfiles/kml/shapes/triangle.png</href></Icon></IconStyle><LineStyle><color>ff7a0ce9</color><width>2.0</width></LineStyle><LabelStyle><scale>0.9</scale><color>ccffffff</color></LabelStyle></Style><Style id="s_41_2"><IconStyle><color>ff760be0</color><scale>1.0</scale><Icon><href>http://maps.google.com/mapfiles/kml/shapes/cross-hairs.png</href></Icon></IconStyle><LineStyle><color>ff760be0</color><width>2.0</width></LineStyle><LabelStyle><scale>0.9</scale><color>ccffffff</color></LabelStyle></Style><Style id="s_41_3"><IconStyle><color>ff710bd7</color><scale>1.0</scale><Icon><href>http://maps.google.com/mapfiles/kml/shapes/target.png</href></Icon></IconStyle><LineStyle><color>ff710bd7</color><width>2.0</width></LineStyle><LabelStyle><scale>0.9</scale><color>ccffffff</color></LabelStyle></Style><Style id="s_41_4"><IconStyle><color>ff6c0ace</color><scale>1.0</scale><Icon><href>http://maps.google.com/mapfiles/kml/shapes/open-diamond.png</href></Icon></IconStyle><LineStyle><color>ff6c0ace</color><width>2.0</width></LineStyle><LabelStyle><scale>0.9</scale><color>ccffffff</color></LabelStyle></Style><Style id="s_41_5"><IconStyle><color>ff670ac5</color><scale>1.0</scale><Icon><href>http://maps.google.com/mapfiles/kml/shapes/shaded_dot.png</href></Icon></IconStyle><LineStyle><color>ff670ac5</color><width>2.0</width></LineStyle><LabelStyle><scale>0.9</scale><color>ccffffff</color></LabelStyle></Style><Style id="s_41_6"><IconStyle><color>ff6209bc</color><scale>1.0</scale><Icon><href>http://maps.google.com/mapfiles/kml/shapes/donut.png</href></Icon></IconStyle><LineStyle><color>ff6209bc</color><width>2.0</width></LineStyle><LabelStyle><scale>0.9</scale><color>ccffffff</color></LabelStyle></Style><Style id="s_41_7"><IconStyle><color>ff5e09b2</color><scale>1.0</scale><Icon><href>http://maps.google.com/mapfiles/kml/shapes/square.png</href></Icon></IconStyle><LineStyle><color>ff5e09b2</color><width>2.0</width></LineStyle><LabelStyle><scale>0.9</scale><color>ccffffff</color></LabelStyle></Style><Folder><name>S→E</name><Placemark><name>S E 0</name><styleUrl>#s_42_0</styleUrl><ExtendedData><Data name="bin"><value>WN</value></Data><Data name="azimuth_deg"><value>45.0309</value></Data><Data name="dist_to_target_m"><value>16115.602</value></Data></ExtendedData><Point><coordinates>-77.040586000,38.790339000,0</coordinates></Point></Placemark><Placemark><name>S E 0 pointer</name><styleUrl>#s_42_0</styleUrl><LineString><tessellate>1</tessellate><coordinates>-77.040586000,38.790339000,0 -77.034023951,38.795468601,0</coordinates></LineString></Placemark><Placemark><name>S E 1</name><styleUrl>#s_42_1</styleUrl><ExtendedData><Data name="bin"><value>WN</value></Data><Data name="azimuth_deg"><value>45.0425</value></Data><Data name="dist_to_target_m"><value>13839.602</value></Data></ExtendedData><Point><coordinates>-77.022048464,38.804827068,0</coordinates></Point></Placemark><Placemark><name>S E 1 pointer</name><styleUrl>#s_42_1</styleUrl><LineString><tessellate>1</tessellate><coordinates>-77.022048464,38.804827068,0 -77.016410945,38.809231335,0</coordinates></LineString></Placemark><Placemark><name>S E 2</name><styleUrl>#s_42_2</styleUrl><ExtendedData><Data name="bin"><value>WN</value></Data><Data name="azimuth_deg"><value>45.0541</value></Data><Data name="dist_to_target_m"><value>11563.602</value></Data></ExtendedData><Point><coordinates>-77.003503418,38.819312158,0</coordinates></Point></Placemark><Placemark><name>S E 2 pointer</name><styleUrl>#s_42_2</styleUrl><LineString><tessellate>1</tessellate><coordinates>-77.003503418,38.819312158,0 -76.998791160,38.822991381,0</coordinates></LineString></Placemark><Placemark><name>S E 3</name><styleUrl>#s_42_3</styleUrl><ExtendedData><Data name="bin"><value>WN</value></Data><Data name="azimuth_deg"><value>45.0658</value></Data><Data name="dist_to_target_m"><value>9287.602</value></Data></ExtendedData><Point><coordinates>-76.984950859,38.833794268,0</coordinates></Point></Placemark><Placemark><name>S E 3 pointer</name><styleUrl>#s_42_3</styleUrl><LineString><tessellate>1</tessellate><coordinates>-76.984950859,38.833794268,0 -76.981164593,38.836748736,0</coordinates></LineString></Placemark><Placemark><name>S E 4</name><styleUrl>#s_42_4</styleUrl><ExtendedData><Data name="bin"><value>WN</value></Data><Data name="azimuth_deg"><value>45.0774</value></Data><Data name="dist_to_target_m"><value>7011.602</value></Data></ExtendedData><Point><coordinates>-76.966390779,38.848273393,0</coordinates></Point></Placemark><Placemark><name>S E 4 pointer</name><styleUrl>#s_42_4</styleUrl><LineString><tessellate>1</tessellate><coordinates>-76.966390779,38.848273393,0 -76.963531238,38.850503397,0</coordinates></LineString></Placemark><Placemark><name>S E 5</name><styleUrl>#s_42_5</styleUrl><ExtendedData><Data name="bin"><value>WN</value></Data><Data name="azimuth_deg"><value>45.0890</value></Data><Data name="dist_to_target_m"><value>4735.602</value></Data></ExtendedData><Point><coordinates>-76.947823175,38.862749533,0</coordinates></Point></Placemark><Placemark><name>S E 5 pointer</name><styleUrl>#s_42_5</styleUrl><LineString><tessellate>1</tessellate><coordinates>-76.947823175,38.862749533,0 -76.945891091,38.864255364,0</coordinates></LineString></Placemark><Placemark><name>S E 6</name><styleUrl>#s_42_6</styleUrl><ExtendedData><Data name="bin"><value>WN</value></Data><Data name="azimuth_deg"><value>45.1007</value></Data><Data name="dist_to_target_m"><value>2459.602</value></Data></ExtendedData><Point><coordinates>-76.929248039,38.877222683,0</coordinates></Point></Placemark><Placemark><name>S E 6 pointer</name><styleUrl>#s_42_6</styleUrl><LineString><tessellate>1</tessellate><coordinates>-76.929248039,38.877222683,0 -76.928244146,38.878004632,0</coordinates></LineString></Placemark><Placemark><name>S E 7</name><styleUrl>#s_42_7</styleUrl><ExtendedData><Data name="bin"><value>WN</value></Data><Data name="azimuth_deg"><value>45.1124</value></Data><Data name="dist_to_target_m"><value>0.000</value></Data></ExtendedData><Point><coordinates>-76.909166000,38.892860000,0</coordinates></Point></Placemark></Folder><Style id="s_42_0"><IconStyle><color>ff0cf20c</color><scale>1.0</scale><Icon><href>http://maps.google.com/mapfiles/kml/shapes/star.png</href></Icon></IconStyle><LineStyle><color>ff0cf20c</color><width>2.0</width></LineStyle><LabelStyle><scale>0.9</scale><color>ccffffff</color></LabelStyle></Style><Style id="s_42_1"><IconStyle><color>ff0ce90c</color><scale>1.0</scale><Icon><href>http://maps.google.com/mapfiles/kml/shapes/triangle.png</href></Icon></IconStyle><LineStyle><color>ff0ce90c</color><width>2.0</width></LineStyle><LabelStyle><scale>0.9</scale><color>ccffffff</color></LabelStyle></Style><Style id="s_42_2"><IconStyle><color>ff0be00b</color><scale>1.0</scale><Icon><href>http://maps.google.com/mapfiles/kml/shapes/cross-hairs.png</href></Icon></IconStyle><LineStyle><color>ff0be00b</color><width>2.0</width></LineStyle><LabelStyle><scale>0.9</scale><color>ccffffff</color></LabelStyle></Style><Style id="s_42_3"><IconStyle><color>ff0bd70b</color><scale>1.0</scale><Icon><href>http://maps.google.com/mapfiles/kml/shapes/target.png</href></Icon></IconStyle><LineStyle><color>ff0bd70b</color><width>2.0</width></LineStyle><LabelStyle><scale>0.9</scale><color>ccffffff</color></LabelStyle></Style><Style id="s_42_4"><IconStyle><color>ff0ace0a</color><scale>1.0</scale><Icon><href>http://maps.google.com/mapfiles/kml/shapes/open-diamond.png</href></Icon></IconStyle><LineStyle><color>ff0ace0a</color><width>2.0</width></LineStyle><LabelStyle><scale>0.9</scale><color>ccffffff</color></LabelStyle></Style><Style id="s_42_5"><IconStyle><color>ff0ac50a</color><scale>1.0</scale><Icon><href>http://maps.google.com/mapfiles/kml/shapes/shaded_dot.png</href></Icon></IconStyle><LineStyle><color>ff0ac50a</color><width>2.0</width></LineStyle><LabelStyle><scale>0.9</scale><color>ccffffff</color></LabelStyle></Style><Style id="s_42_6"><IconStyle><color>ff09bc09</color><scale>1.0</scale><Icon><href>http://maps.google.com/mapfiles/kml/shapes/donut.png</href></Icon></IconStyle><LineStyle><color>ff09bc09</color><width>2.0</width></LineStyle><LabelStyle><scale>0.9</scale><color>ccffffff</color></LabelStyle></Style><Style id="s_42_7"><IconStyle><color>ff09b209</color><scale>1.0</scale><Icon><href>http://maps.google.com/mapfiles/kml/shapes/square.png</href></Icon></IconStyle><LineStyle><color>ff09b209</color><width>2.0</width></LineStyle><LabelStyle><scale>0.9</scale><color>ccffffff</color></LabelStyle></Style><Folder><name>E→S</name><Placemark><name>E S 0</name><styleUrl>#s_43_0</styleUrl><ExtendedData><Data name="bin"><value>ES</value></Data><Data name="azimuth_deg"><value>-134.8867</value></Data><Data name="dist_to_target_m"><value>16115.602</value></Data></ExtendedData><Point><coordinates>-76.909166000,38.892860000,0</coordinates></Point></Placemark><Placemark><name>E S 0 pointer</name><styleUrl>#s_43_0</styleUrl><LineString><tessellate>1</tessellate><coordinates>-76.909166000,38.892860000,0 -76.915745964,38.887737508,0</coordinates></LineString></Placemark><Placemark><name>E S 1</name><styleUrl>#s_43_1</styleUrl><ExtendedData><Data name="bin"><value>ES</value></Data><Data name="azimuth_deg"><value>-134.8984</value></Data><Data name="dist_to_target_m"><value>13839.602</value></Data></ExtendedData><Point><coordinates>-76.927749279,38.878390083,0</coordinates></Point></Placemark><Placemark><name>E S 1 pointer</name><styleUrl>#s_43_1</styleUrl><LineString><tessellate>1</tessellate><coordinates>-76.927749279,38.878390083,0 -76.933397723,38.873990151,0</coordinates></LineString></Placemark><Placemark><name>E S 2</name><styleUrl>#s_43_2</styleUrl><ExtendedData><Data name="bin"><value>ES</value></Data><Data name="azimuth_deg"><value>-134.9100</value></Data><Data name="dist_to_target_m"><value>11563.602</value></Data></ExtendedData><Point><coordinates>-76.946325022,38.863917173,0</coordinates></Point></Placemark><Placemark><name>E S 2 pointer</name><styleUrl>#s_43_2</styleUrl><LineString><tessellate>1</tessellate><coordinates>-76.946325022,38.863917173,0 -76.951042682,38.860240094,0</coordinates></LineString></Placemark><Placemark><name>E S 3</name><styleUrl>#s_43_3</styleUrl><ExtendedData><Data name="bin"><value>ES</value></Data><Data name="azimuth_deg"><value>-134.9217</value></Data><Data name="dist_to_target_m"><value>9287.602</value></Data></ExtendedData><Point><coordinates>-76.964893234,38.849441275,0</coordinates></Point></Placemark><Placemark><name>E S 3 pointer</name><styleUrl>#s_43_3</styleUrl><LineString><tessellate>1</tessellate><coordinates>-76.964893234,38.849441275,0 -76.968680846,38.846487341,0</coordinates></LineString></Placemark><Placemark><name>E S 4</name><styleUrl>#s_43_4</styleUrl><ExtendedData><Data name="bin"><value>ES</value></Data><Data name="azimuth_deg"><value>-134.9333</value></Data><Data name="dist_to_target_m"><value>7011.602</value></Data></ExtendedData><Point><coordinates>-76.983453921,38.834962390,0</coordinates></Point></Placemark><Placemark><name>E S 4 pointer</name><styleUrl>#s_43_4</styleUrl><LineString><tessellate>1</tessellate><coordinates>-76.983453921,38.834962390,0 -76.986312218,38.832731893,0</coordinates></LineString></Placemark><Placemark><name>E S 5</name><styleUrl>#s_43_5</styleUrl><ExtendedData><Data name="bin"><value>ES</value></Data><Data name="azimuth_deg"><value>-134.9449</value></Data><Data name="dist_to_target_m"><value>4735.602</value></Data></ExtendedData><Point><coordinates>-77.002007087,38.820480522,0</coordinates></Point></Placemark><Placemark><name>E S 5 pointer</name><styleUrl>#s_43_5</styleUrl><LineString><tessellate>1</tessellate><coordinates>-77.002007087,38.820480522,0 -77.003936805,38.818973752,0</coordinates></LineString></Placemark><Placemark><name>E S 6</name><styleUrl>#s_43_6</styleUrl><ExtendedData><Data name="bin"><value>ES</value></Data><Data name="azimuth_deg"><value>-134.9566</value></Data><Data name="dist_to_target_m"><value>2459.602</value></Data></ExtendedData><Point><coordinates>-77.020552738,38.805995672,0</coordinates></Point></Placemark><Placemark><name>E S 6 pointer</name><styleUrl>#s_43_6</styleUrl><LineString><tessellate>1</tessellate><coordinates>-77.020552738,38.805995672,0 -77.021554609,38.805212921,0</coordinates></LineString></Placemark><Placemark><name>E S 7</name><styleUrl>#s_43_7</styleUrl><ExtendedData><Data name="bin"><value>ES</value></Data><Data name="azimuth_deg"><value>-134.9682</value></Data><Data name="dist_to_target_m"><value>0.000</value></Data></ExtendedData><Point><coordinates>-77.040586000,38.790339000,0</coordinates></Point></Placemark></Folder><Style id="s_43_0"><IconStyle><color>fff20c7f</color><scale>1.0</scale><Icon><href>http://maps.google.com/mapfiles/kml/shapes/star.png</href></Icon></IconStyle><LineStyle><color>fff20c7f</color><width>2.0</width></LineStyle><LabelStyle><scale>0.9</scale><color>ccffffff</color></LabelStyle></Style><Style id="s_43_1"><IconStyle><color>ffe90c7a</color><scale>1.0</scale><Icon><href>http://maps.google.com/mapfiles/kml/shapes/triangle.png</href></Icon></IconStyle><LineStyle><color>ffe90c7a</color><width>2.0</width></LineStyle><LabelStyle><scale>0.9</scale><color>ccffffff</color></LabelStyle></Style><Style id="s_43_2"><IconStyle><color>ffe00b76</color><scale>1.0</scale><Icon><href>http://maps.google.com/mapfiles/kml/shapes/cross-hairs.png</href></Icon></IconStyle><LineStyle><color>ffe00b76</color><width>2.0</width></LineStyle><LabelStyle><scale>0.9</scale><color>ccffffff</color></LabelStyle></Style><Style id="s_43_3"><IconStyle><color>ffd70b71</color><scale>1.0</scale><Icon><href>http://maps.google.com/mapfiles/kml/shapes/target.png</href></Icon></IconStyle><LineStyle><color>ffd70b71</color><width>2.0</width></LineStyle><LabelStyle><scale>0.9</scale><color>ccffffff</color></LabelStyle></Style><Style id="s_43_4"><IconStyle><color>ffce0a6c</color><scale>1.0</scale><Icon><href>http://maps.google.com/mapfiles/kml/shapes/open-diamond.png</href></Icon></IconStyle><LineStyle><color>ffce0a6c</color><width>2.0</width></LineStyle><LabelStyle><scale>0.9</scale><color>ccffffff</color></LabelStyle></Style><Style id="s_43_5"><IconStyle><color>ffc50a67</color><scale>1.0</scale><Icon><href>http://maps.google.com/mapfiles/kml/shapes/shaded_dot.png</href></Icon></IconStyle><LineStyle><color>ffc50a67</color><width>2.0</width></LineStyle><LabelStyle><scale>0.9</scale><color>ccffffff</color></LabelStyle></Style><Style id="s_43_6"><IconStyle><color>ffbc0962</color><scale>1.0</scale><Icon><href>http://maps.google.com/mapfiles/kml/shapes/donut.png</href></Icon></IconStyle><LineStyle><color>ffbc0962</color><width>2.0</width></LineStyle><LabelStyle><scale>0.9</scale><color>ccffffff</color></LabelStyle></Style><Style id="s_43_7"><IconStyle><color>ffb2095e</color><scale>1.0</scale><Icon><href>http://maps.google.com/mapfiles/kml/shapes/square.png</href></Icon></IconStyle><LineStyle><color>ffb2095e</color><width>2.0</width></LineStyle><LabelStyle><scale>0.9</scale><color>ccffffff</color></LabelStyle></Style><Folder><name>S→N</name><Placemark><name>S N 0</name><styleUrl>#s_44_0</styleUrl><ExtendedData><Data name="bin"><value>SN</value></Data><Data name="azimuth_deg"><value>-0.0870</value></Data><Data name="dist_to_target_m"><value>22826.389</value></Data></ExtendedData><Point><coordinates>-77.040586000,38.790339000,0</coordinates></Point></Placemark><Placemark><name>S N 0 pointer</name><styleUrl>#s_44_0</styleUrl><LineString><tessellate>1</tessellate><coordinates>-77.040586000,38.790339000,0 -77.040603475,38.799347060,0</coordinates></LineString></Placemark><Placemark><name>S N 1</name><styleUrl>#s_44_1</styleUrl><ExtendedData><Data name="bin"><value>SN</value></Data><Data name="azimuth_deg"><value>-0.0870</value></Data><Data name="dist_to_target_m"><value>20550.389</value></Data></ExtendedData><Point><coordinates>-77.040625780,38.810841324,0</coordinates></Point></Placemark><Placemark><name>S N 1 pointer</name><styleUrl>#s_44_1</styleUrl><LineString><tessellate>1</tessellate><coordinates>-77.040625780,38.810841324,0 -77.040643266,38.819849352,0</coordinates></LineString></Placemark><Placemark><name>S N 2</name><styleUrl>#s_44_2</styleUrl><ExtendedData><Data name="bin"><value>SN</value></Data><Data name="azimuth_deg"><value>-0.0870</value></Data><Data name="dist_to_target_m"><value>18274.389</value></Data></ExtendedData><Point><coordinates>-77.040665583,38.831343575,0</coordinates></Point></Placemark><Placemark><name>S N 2 pointer</name><styleUrl>#s_44_2</styleUrl><LineString><tessellate>1</tessellate><coordinates>-77.040665583,38.831343575,0 -77.040681569,38.839574357,0</coordinates></LineString></Placemark><Placemark><name>S N 3</name><styleUrl>#s_44_3</styleUrl><ExtendedData><Data name="bin"><value>SN</value></Data><Data name="azimuth_deg"><value>-0.0871</value></Data><Data name="dist_to_target_m"><value>15998.389</value></Data></ExtendedData><Point><coordinates>-77.040705409,38.851845755,0</coordinates></Point></Placemark><Placemark><name>S N 3 pointer</name><styleUrl>#s_44_3</styleUrl><LineString><tessellate>1</tessellate><coordinates>-77.040705409,38.851845755,0 -77.040719412,38.859051402,0</coordinates></LineString></Placemark><Placemark><name>S N 4</name><styleUrl>#s_44_4</styleUrl><ExtendedData><Data name="bin"><value>SN</value></Data><Data name="azimuth_deg"><value>-0.0871</value></Data><Data name="dist_to_target_m"><value>13722.389</value></Data></ExtendedData><Point><coordinates>-77.040745258,38.872347862,0</coordinates></Point></Placemark><Placemark><name>S N 4 pointer</name><styleUrl>#s_44_4</styleUrl><LineString><tessellate>1</tessellate><coordinates>-77.040745258,38.872347862,0 -77.040757276,38.878528381,0</coordinates></LineString></Placemark><Placemark><name>S N 5</name><styleUrl>#s_44_5</styleUrl><ExtendedData><Data name="bin"><value>SN</value></Data><Data name="azimuth_deg"><value>-0.0871</value></Data><Data name="dist_to_target_m"><value>11446.389</value></Data></ExtendedData><Point><coordinates>-77.040785130,38.892849897,0</coordinates></Point></Placemark><Placemark><name>S N 5 pointer</name><styleUrl>#s_44_5</styleUrl><LineString><tessellate>1</tessellate><coordinates>-77.040785130,38.892849897,0 -77.040795160,38.898005295,0</coordinates></LineString></Placemark><Placemark><name>S N 6</name><styleUrl>#s_44_6</styleUrl><ExtendedData><Data name="bin"><value>SN</value></Data><Data name="azimuth_deg"><value>-0.0871</value></Data><Data name="dist_to_target_m"><value>9170.389</value></Data></ExtendedData><Point><coordinates>-77.040825025,38.913351860,0</coordinates></Point></Placemark><Placemark><name>S N 6 pointer</name><styleUrl>#s_44_6</styleUrl><LineString><tessellate>1</tessellate><coordinates>-77.040825025,38.913351860,0 -77.040833065,38.917482144,0</coordinates></LineString></Placemark><Placemark><name>S N 7</name><styleUrl>#s_44_7</styleUrl><ExtendedData><Data name="bin"><value>SN</value></Data><Data name="azimuth_deg"><value>-0.0872</value></Data><Data name="dist_to_target_m"><value>6894.389</value></Data></ExtendedData><Point><coordinates>-77.040864942,38.933853750,0</coordinates></Point></Placemark><Placemark><name>S N 7 pointer</name><styleUrl>#s_44_7</styleUrl><LineString><tessellate>1</tessellate><coordinates>-77.040864942,38.933853750,0 -77.040870990,38.936958928,0</coordinates></LineString></Placemark><Placemark><name>S N 8</name><styleUrl>#s_44_8</styleUrl><ExtendedData><Data name="bin"><value>SN</value></Data><Data name="azimuth_deg"><value>-0.0872</value></Data><Data name="dist_to_target_m"><value>4618.389</value></Data></ExtendedData><Point><coordinates>-77.040904883,38.954355569,0</coordinates></Point></Placemark><Placemark><name>S N 8 pointer</name><styleUrl>#s_44_8</styleUrl><LineString><tessellate>1</tessellate><coordinates>-77.040904883,38.954355569,0 -77.040908937,38.956435647,0</coordinates></LineString></Placemark><Placemark><name>S N 9</name><styleUrl>#s_44_9</styleUrl><ExtendedData><Data name="bin"><value>SN</value></Data><Data name="azimuth_deg"><value>-0.0872</value></Data><Data name="dist_to_target_m"><value>2342.389</value></Data></ExtendedData><Point><coordinates>-77.040944847,38.974857315,0</coordinates></Point></Placemark><Placemark><name>S N 9 pointer</name><styleUrl>#s_44_9</styleUrl><LineString><tessellate>1</tessellate><coordinates>-77.040944847,38.974857315,0 -77.040946904,38.975912301,0</coordinates></LineString></Placemark><Placemark><name>S N 10</name><styleUrl>#s_44_10</styleUrl><ExtendedData><Data name="bin"><value>SN</value></Data><Data name="azimuth_deg"><value>-0.0872</value></Data><Data name="dist_to_target_m"><value>0.000</value></Data></ExtendedData><Point><coordinates>-77.040986000,38.995957000,0</coordinates></Point></Placemark></Folder><Style id="s_44_0"><IconStyle><color>ff0c0cf2</color><scale>1.0</scale><Icon><href>http://maps.google.com/mapfiles/kml/shapes/star.png</href></Icon></IconStyle><LineStyle><color>ff0c0cf2</color><width>2.0</width></LineStyle><LabelStyle><scale>0.9</scale><color>ccffffff</color></LabelStyle></Style><Style id="s_44_1"><IconStyle><color>ff0c0cec</color><scale>1.0</scale><Icon><href>http://maps.google.com/mapfiles/kml/shapes/triangle.png</href></Icon></IconStyle><LineStyle><color>ff0c0cec</color><width>2.0</width></LineStyle><LabelStyle><scale>0.9</scale><color>ccffffff</color></LabelStyle></Style><Style id="s_44_2"><IconStyle><color>ff0b0be5</color><scale>1.0</scale><Icon><href>http://maps.google.com/mapfiles/kml/shapes/cross-hairs.png</href></Icon></IconStyle><LineStyle><color>ff0b0be5</color><width>2.0</width></LineStyle><LabelStyle><scale>0.9</scale><color>ccffffff</color></LabelStyle></Style><Style id="s_44_3"><IconStyle><color>ff0b0bdf</color><scale>1.0</scale><Icon><href>http://maps.google.com/mapfiles/kml/shapes/target.png</href></Icon></IconStyle><LineStyle><color>ff0b0bdf</color><width>2.0</width></LineStyle><LabelStyle><scale>0.9</scale><color>ccffffff</color></LabelStyle></Style><Style id="s_44_4"><IconStyle><color>ff0b0bd9</color><scale>1.0</scale><Icon><href>http://maps.google.com/mapfiles/kml/shapes/open-diamond.png</href></Icon></IconStyle><LineStyle><color>ff0b0bd9</color><width>2.0</width></LineStyle><LabelStyle><scale>0.9</scale><color>ccffffff</color></LabelStyle></Style><Style id="s_44_5"><IconStyle><color>ff0b0bd2</color><scale>1.0</scale><Icon><href>http://maps.google.com/mapfiles/kml/shapes/shaded_dot.png</href></Icon></IconStyle><LineStyle><color>ff0b0bd2</color><width>2.0</width></LineStyle><LabelStyle><scale>0.9</scale><color>ccffffff</color></LabelStyle></Style><Style id="s_44_6"><IconStyle><color>ff0a0acc</color><scale>1.0</scale><Icon><href>http://maps.google.com/mapfiles/kml/shapes/donut.png</href></Icon></IconStyle><LineStyle><color>ff0a0acc</color><width>2.0</width></LineStyle><LabelStyle><scale>0.9</scale><color>ccffffff</color></LabelStyle></Style><Style id="s_44_7"><IconStyle><color>ff0a0ac6</color><scale>1.0</scale><Icon><href>http://maps.google.com/mapfiles/kml/shapes/square.png</href></Icon></IconStyle><LineStyle><color>ff0a0ac6</color><width>2.0</width></LineStyle><LabelStyle><scale>0.9</scale><color>ccffffff</color></LabelStyle></Style><Style id="s_44_8"><IconStyle><color>ff0a0abf</color><scale>1.0</scale><Icon><href>http://maps.google.com/mapfiles/kml/shapes/placemark_circle.png</href></Icon></IconStyle><LineStyle><color>ff0a0abf</color><width>2.0</width></LineStyle><LabelStyle><scale>0.9</scale><color>ccffffff</color></LabelStyle></Style><Style id="s_44_9"><IconStyle><color>ff0909b9</color><scale>1.0</scale><Icon><href>http://maps.google.com/mapfiles/kml/shapes/placemark_square.png</href></Icon></IconStyle><LineStyle><color>ff0909b9</color><width>2.0</width></LineStyle><LabelStyle><scale>0.9</scale><color>ccffffff</color></LabelStyle></Style><Style id="s_44_10"><IconStyle><color>ff0909b2</color><scale>1.0</scale><Icon><href>http://maps.google.com/mapfiles/kml/shapes/star.png</href></Icon></IconStyle><LineStyle><color>ff0909b2</color><width>2.0</width></LineStyle><LabelStyle><scale>0.9</scale><color>ccffffff</color></LabelStyle></Style><Folder><name>N→S</name><Placemark><name>N S 0</name><styleUrl>#s_45_0</styleUrl><ExtendedData><Data name="bin"><value>NS</value></Data><Data name="azimuth_deg"><value>179.9128</value></Data><Data name="dist_to_target_m"><value>22826.389</value></Data></ExtendedData><Point><coordinates>-77.040986000,38.995957000,0</coordinates></Point></Placemark><Placemark><name>N S 0 pointer</name><styleUrl>#s_45_0</styleUrl><LineString><tessellate>1</tessellate><coordinates>-77.040986000,38.995957000,0 -77.040968428,38.986949245,0</coordinates></LineString></Placemark><Placemark><name>N S 1</name><styleUrl>#s_45_1</styleUrl><ExtendedData><Data name="bin"><value>NS</value></Data><Data name="azimuth_deg"><value>179.9128</value></Data><Data name="dist_to_target_m"><value>20550.389</value></Data></ExtendedData><Point><coordinates>-77.040946013,38.975455328,0</coordinates></Point></Placemark><Placemark><name>N S 1 pointer</name><styleUrl>#s_45_1</styleUrl><LineString><tessellate>1</tessellate><coordinates>-77.040946013,38.975455328,0 -77.040928451,38.966447541,0</coordinates></LineString></Placemark><Placemark><name>N S 2</name><styleUrl>#s_45_2</styleUrl><ExtendedData><Data name="bin"><value>NS</value></Data><Data name="azimuth_deg"><value>179.9128</value></Data><Data name="dist_to_target_m"><value>18274.389</value></Data></ExtendedData><Point><coordinates>-77.040906048,38.954953584,0</coordinates></Point></Placemark><Placemark><name>N S 2 pointer</name><styleUrl>#s_45_2</styleUrl><LineString><tessellate>1</tessellate><coordinates>-77.040906048,38.954953584,0 -77.040890011,38.946722966,0</coordinates></LineString></Placemark><Placemark><name>N S 3</name><styleUrl>#s_45_3</styleUrl><ExtendedData><Data name="bin"><value>NS</value></Data><Data name="azimuth_deg"><value>179.9128</value></Data><Data name="dist_to_target_m"><value>15998.389</value></Data></ExtendedData><Point><coordinates>-77.040866107,38.934451768,0</coordinates></Point></Placemark><Placemark><name>N S 3 pointer</name><styleUrl>#s_45_3</styleUrl><LineString><tessellate>1</tessellate><coordinates>-77.040866107,38.934451768,0 -77.040852075,38.927246214,0</coordinates></LineString></Placemark><Placemark><name>N S 4</name><styleUrl>#s_45_4</styleUrl><ExtendedData><Data name="bin"><value>NS</value></Data><Data name="azimuth_deg"><value>179.9129</value></Data><Data name="dist_to_target_m"><value>13722.389</value></Data></ExtendedData><Point><coordinates>-77.040826189,38.913949879,0</coordinates></Point></Placemark><Placemark><name>N S 4 pointer</name><styleUrl>#s_45_4</styleUrl><LineString><tessellate>1</tessellate><coordinates>-77.040826189,38.913949879,0 -77.040814159,38.907769398,0</coordinates></LineString></Placemark><Placemark><name>N S 5</name><styleUrl>#s_45_5</styleUrl><ExtendedData><Data name="bin"><value>NS</value></Data><Data name="azimuth_deg"><value>179.9129</value></Data><Data name="dist_to_target_m"><value>11446.389</value></Data></ExtendedData><Point><coordinates>-77.040786293,38.893447919,0</coordinates></Point></Placemark><Placemark><name>N S 5 pointer</name><styleUrl>#s_45_5</styleUrl><LineString><tessellate>1</tessellate><coordinates>-77.040786293,38.893447919,0 -77.040776265,38.888292516,0</coordinates></LineString></Placemark><Placemark><name>N S 6</name><styleUrl>#s_45_6</styleUrl><ExtendedData><Data name="bin"><value>NS</value></Data><Data name="azimuth_deg"><value>179.9129</value></Data><Data name="dist_to_target_m"><value>9170.389</value></Data></ExtendedData><Point><coordinates>-77.040746421,38.872945886,0</coordinates></Point></Placemark><Placemark><name>N S 6 pointer</name><styleUrl>#s_45_6</styleUrl><LineString><tessellate>1</tessellate><coordinates>-77.040746421,38.872945886,0 -77.040738391,38.868815569,0</coordinates></LineString></Placemark><Placemark><name>N S 7</name><styleUrl>#s_45_7</styleUrl><ExtendedData><Data name="bin"><value>NS</value></Data><Data name="azimuth_deg"><value>179.9129</value></Data><Data name="dist_to_target_m"><value>6894.389</value></Data></ExtendedData><Point><coordinates>-77.040706571,38.852443781,0</coordinates></Point></Placemark><Placemark><name>N S 7 pointer</name><styleUrl>#s_45_7</styleUrl><LineString><tessellate>1</tessellate><coordinates>-77.040706571,38.852443781,0 -77.040700538,38.849338558,0</coordinates></LineString></Placemark><Placemark><name>N S 8</name><styleUrl>#s_45_8</styleUrl><ExtendedData><Data name="bin"><value>NS</value></Data><Data name="azimuth_deg"><value>179.9130</value></Data><Data name="dist_to_target_m"><value>4618.389</value></Data></ExtendedData><Point><coordinates>-77.040666745,38.831941604,0</coordinates></Point></Placemark><Placemark><name>N S 8 pointer</name><styleUrl>#s_45_8</styleUrl><LineString><tessellate>1</tessellate><coordinates>-77.040666745,38.831941604,0 -77.040662705,38.829861480,0</coordinates></LineString></Placemark><Placemark><name>N S 9</name><styleUrl>#s_45_9</styleUrl><ExtendedData><Data name="bin"><value>NS</value></Data><Data name="azimuth_deg"><value>179.9130</value></Data><Data name="dist_to_target_m"><value>2342.389</value></Data></ExtendedData><Point><coordinates>-77.040626941,38.811439354,0</coordinates></Point></Placemark><Placemark><name>N S 9 pointer</name><styleUrl>#s_45_9</styleUrl><LineString><tessellate>1</tessellate><coordinates>-77.040626941,38.811439354,0 -77.040624893,38.810384338,0</coordinates></LineString></Placemark><Placemark><name>N S 10</name><styleUrl>#s_45_10</styleUrl><ExtendedData><Data name="bin"><value>NS</value></Data><Data name="azimuth_deg"><value>179.9130</value></Data><Data name="dist_to_target_m"><value>0.000</value></Data></ExtendedData><Point><coordinates>-77.040586000,38.790339000,0</coordinates></Point></Placemark></Folder><Style id="s_45_0"><IconStyle><color>ff0cf2f2</color><scale>1.0</scale><Icon><href>http://maps.google.com/mapfiles/kml/shapes/star.png</href></Icon></IconStyle><LineStyle><color>ff0cf2f2</color><width>2.0</width></LineStyle><LabelStyle><scale>0.9</scale><color>ccffffff</color></LabelStyle></Style><Style id="s_45_1"><IconStyle><color>ff0cecec</color><scale>1.0</scale><Icon><href>http://maps.google.com/mapfiles/kml/shapes/triangle.png</href></Icon></IconStyle><LineStyle><color>ff0cecec</color><width>2.0</width></LineStyle><LabelStyle><scale>0.9</scale><color>ccffffff</color></LabelStyle></Style><Style id="s_45_2"><IconStyle><color>ff0be5e5</color><scale>1.0</scale><Icon><href>http://maps.google.com/mapfiles/kml/shapes/cross-hairs.png</href></Icon></IconStyle><LineStyle><color>ff0be5e5</color><width>2.0</width></LineStyle><LabelStyle><scale>0.9</scale><color>ccffffff</color></LabelStyle></Style><Style id="s_45_3"><IconStyle><color>ff0bdfdf</color><scale>1.0</scale><Icon><href>http://maps.google.com/mapfiles/kml/shapes/target.png</href></Icon></IconStyle><LineStyle><color>ff0bdfdf</color><width>2.0</width></LineStyle><LabelStyle><scale>0.9</scale><color>ccffffff</color></LabelStyle></Style><Style id="s_45_4"><IconStyle><color>ff0bd9d9</color><scale>1.0</scale><Icon><href>http://maps.google.com/mapfiles/kml/shapes/open-diamond.png</href></Icon></IconStyle><LineStyle><color>ff0bd9d9</color><width>2.0</width></LineStyle><LabelStyle><scale>0.9</scale><color>ccffffff</color></LabelStyle></Style><Style id="s_45_5"><IconStyle><color>ff0bd2d2</color><scale>1.0</scale><Icon><href>http://maps.google.com/mapfiles/kml/shapes/shaded_dot.png</href></Icon></IconStyle><LineStyle><color>ff0bd2d2</color><width>2.0</width></LineStyle><LabelStyle><scale>0.9</scale><color>ccffffff</color></LabelStyle></Style><Style id="s_45_6"><IconStyle><color>ff0acccc</color><scale>1.0</scale><Icon><href>http://maps.google.com/mapfiles/kml/shapes/donut.png</href></Icon></IconStyle><LineStyle><color>ff0acccc</color><width>2.0</width></LineStyle><LabelStyle><scale>0.9</scale><color>ccffffff</color></LabelStyle></Style><Style id="s_45_7"><IconStyle><color>ff0ac6c6</color><scale>1.0</scale><Icon><href>http://maps.google.com/mapfiles/kml/shapes/square.png</href></Icon></IconStyle><LineStyle><color>ff0ac6c6</color><width>2.0</width></LineStyle><LabelStyle><scale>0.9</scale><color>ccffffff</color></LabelStyle></Style><Style id="s_45_8"><IconStyle><color>ff0abfbf</color><scale>1.0</scale><Icon><href>http://maps.google.com/mapfiles/kml/shapes/placemark_circle.png</href></Icon></IconStyle><LineStyle><color>ff0abfbf</color><width>2.0</width></LineStyle><LabelStyle><scale>0.9</scale><color>ccffffff</color></LabelStyle></Style><Style id="s_45_9"><IconStyle><color>ff09b9b9</color><scale>1.0</scale><Icon><href>http://maps.google.com/mapfiles/kml/shapes/placemark_square.png</href></Icon></IconStyle><LineStyle><color>ff09b9b9</color><width>2.0</width></LineStyle><LabelStyle><scale>0.9</scale><color>ccffffff</color></LabelStyle></Style><Style id="s_45_10"><IconStyle><color>ff09b2b2</color><scale>1.0</scale><Icon><href>http://maps.google.com/mapfiles/kml/shapes/star.png</href></Icon></IconStyle><LineStyle><color>ff09b2b2</color><width>2.0</width></LineStyle><LabelStyle><scale>0.9</scale><color>ccffffff</color></LabelStyle></Style><Folder><name>E→W</name><Placemark><name>E W 0</name><styleUrl>#s_46_0</styleUrl><ExtendedData><Data name="bin"><value>EW</value></Data><Data name="azimuth_deg"><value>-89.8101</value></Data><Data name="dist_to_target_m"><value>22828.746</value></Data></ExtendedData><Point><coordinates>-76.909166000,38.892860000,0</coordinates></Point></Placemark><Placemark><name>E W 0 pointer</name><styleUrl>#s_46_0</styleUrl><LineString><tessellate>1</tessellate><coordinates>-76.909166000,38.892860000,0 -76.920692403,38.892889283,0</coordinates></LineString></Placemark><Placemark><name>E W 1</name><styleUrl>#s_46_1</styleUrl><ExtendedData><Data name="bin"><value>EW</value></Data><Data name="azimuth_deg"><value>-89.8266</value></Data><Data name="dist_to_target_m"><value>20552.746</value></Data></ExtendedData><Point><coordinates>-76.935400107,38.892924996,0</coordinates></Point></Placemark><Placemark><name>E W 1 pointer</name><styleUrl>#s_46_1</styleUrl><LineString><tessellate>1</tessellate><coordinates>-76.935400107,38.892924996,0 -76.946926530,38.892951690,0</coordinates></LineString></Placemark><Placemark><name>E W 2</name><styleUrl>#s_46_2</styleUrl><ExtendedData><Data name="bin"><value>EW</value></Data><Data name="azimuth_deg"><value>-89.8431</value></Data><Data name="dist_to_target_m"><value>18276.746</value></Data></ExtendedData><Point><coordinates>-76.961634259,38.892984098,0</coordinates></Point></Placemark><Placemark><name>E W 2 pointer</name><styleUrl>#s_46_2</styleUrl><LineString><tessellate>1</tessellate><coordinates>-76.961634259,38.892984098,0 -76.972167551,38.893006170,0</coordinates></LineString></Placemark><Placemark><name>E W 3</name><styleUrl>#s_46_3</styleUrl><ExtendedData><Data name="bin"><value>EW</value></Data><Data name="azimuth_deg"><value>-89.8595</value></Data><Data name="dist_to_target_m"><value>16000.746</value></Data></ExtendedData><Point><coordinates>-76.987868452,38.893037306,0</coordinates></Point></Placemark><Placemark><name>E W 3 pointer</name><styleUrl>#s_46_3</styleUrl><LineString><tessellate>1</tessellate><coordinates>-76.987868452,38.893037306,0 -76.997090049,38.893054610,0</coordinates></LineString></Placemark><Placemark><name>E W 4</name><styleUrl>#s_46_4</styleUrl><ExtendedData><Data name="bin"><value>EW</value></Data><Data name="azimuth_deg"><value>-89.8760</value></Data><Data name="dist_to_target_m"><value>13724.746</value></Data></ExtendedData><Point><coordinates>-77.014102683,38.893084620,0</coordinates></Point></Placemark><Placemark><name>E W 4 pointer</name><styleUrl>#s_46_4</styleUrl><LineString><tessellate>1</tessellate><coordinates>-77.014102683,38.893084620,0 -77.022012578,38.893097730,0</coordinates></LineString></Placemark><Placemark><name>E W 5</name><styleUrl>#s_46_5</styleUrl><ExtendedData><Data name="bin"><value>EW</value></Data><Data name="azimuth_deg"><value>-89.8925</value></Data><Data name="dist_to_target_m"><value>11448.746</value></Data></ExtendedData><Point><coordinates>-77.040336946,38.893126041,0</coordinates></Point></Placemark><Placemark><name>E W 5 pointer</name><styleUrl>#s_46_5</styleUrl><LineString><tessellate>1</tessellate><coordinates>-77.040336946,38.893126041,0 -77.046935136,38.893135531,0</coordinates></LineString></Placemark><Placemark><name>E W 6</name><styleUrl>#s_46_6</styleUrl><ExtendedData><Data name="bin"><value>EW</value></Data><Data name="azimuth_deg"><value>-89.9090</value></Data><Data name="dist_to_target_m"><value>9172.746</value></Data></ExtendedData><Point><coordinates>-77.066571237,38.893161567,0</coordinates></Point></Placemark><Placemark><name>E W 6 pointer</name><styleUrl>#s_46_6</styleUrl><LineString><tessellate>1</tessellate><coordinates>-77.066571237,38.893161567,0 -77.071857719,38.893168012,0</coordinates></LineString></Placemark><Placemark><name>E W 7</name><styleUrl>#s_46_7</styleUrl><ExtendedData><Data name="bin"><value>EW</value></Data><Data name="azimuth_deg"><value>-89.9254</value></Data><Data name="dist_to_target_m"><value>6896.746</value></Data></ExtendedData><Point><coordinates>-77.092805553,38.893191199,0</coordinates></Point></Placemark><Placemark><name>E W 7 pointer</name><styleUrl>#s_46_7</styleUrl><LineString><tessellate>1</tessellate><coordinates>-77.092805553,38.893191199,0 -77.096780322,38.893195174,0</coordinates></LineString></Placemark><Placemark><name>E W 8</name><styleUrl>#s_46_8</styleUrl><ExtendedData><Data name="bin"><value>EW</value></Data><Data name="azimuth_deg"><value>-89.9419</value></Data><Data name="dist_to_target_m"><value>4620.746</value></Data></ExtendedData><Point><coordinates>-77.119039888,38.893214937,0</coordinates></Point></Placemark><Placemark><name>E W 8 pointer</name><styleUrl>#s_46_8</styleUrl><LineString><tessellate>1</tessellate><coordinates>-77.119039888,38.893214937,0 -77.121702942,38.893217017,0</coordinates></LineString></Placemark><Placemark><name>E W 9</name><styleUrl>#s_46_9</styleUrl><ExtendedData><Data name="bin"><value>EW</value></Data><Data name="azimuth_deg"><value>-89.9584</value></Data><Data name="dist_to_target_m"><value>2344.746</value></Data></ExtendedData><Point><coordinates>-77.145274238,38.893232781,0</coordinates></Point></Placemark><Placemark><name>E W 9 pointer</name><styleUrl>#s_46_9</styleUrl><LineString><tessellate>1</tessellate><coordinates>-77.145274238,38.893232781,0 -77.146625576,38.893233540,0</coordinates></LineString></Placemark><Placemark><name>E W 10</name><styleUrl>#s_46_10</styleUrl><ExtendedData><Data name="bin"><value>EW</value></Data><Data name="azimuth_deg"><value>-89.9748</value></Data><Data name="dist_to_target_m"><value>0.000</value></Data></ExtendedData><Point><coordinates>-77.172301000,38.893245000,0</coordinates></Point></Placemark></Folder><Style id="s_46_0"><IconStyle><color>ff0cf27f</color><scale>1.0</scale><Icon><href>http://maps.google.com/mapfiles/kml/shapes/star.png</href></Icon></IconStyle><LineStyle><color>ff0cf27f</color><width>2.0</width></LineStyle><LabelStyle><scale>0.9</scale><color>ccffffff</color></LabelStyle></Style><Style id="s_46_1"><IconStyle><color>ff0cec7c</color><scale>1.0</scale><Icon><href>http://maps.google.com/mapfiles/kml/shapes/triangle.png</href></Icon></IconStyle><LineStyle><color>ff0cec7c</color><width>2.0</width></LineStyle><LabelStyle><scale>0.9</scale><color>ccffffff</color></LabelStyle></Style><Style id="s_46_2"><IconStyle><color>ff0be578</color><scale>1.0</scale><Icon><href>http://maps.google.com/mapfiles/kml/shapes/cross-hairs.png</href></Icon></IconStyle><LineStyle><color>ff0be578</color><width>2.0</width></LineStyle><LabelStyle><scale>0.9</scale><color>ccffffff</color></LabelStyle></Style><Style id="s_46_3"><IconStyle><color>ff0bdf75</color><scale>1.0</scale><Icon><href>http://maps.google.com/mapfiles/kml/shapes/target.png</href></Icon></IconStyle><LineStyle><color>ff0bdf75</color><width>2.0</width></LineStyle><LabelStyle><scale>0.9</scale><color>ccffffff</color></LabelStyle></Style><Style id="s_46_4"><IconStyle><color>ff0bd972</color><scale>1.0</scale><Icon><href>http://maps.google.com/mapfiles/kml/shapes/open-diamond.png</href></Icon></IconStyle><LineStyle><color>ff0bd972</color><width>2.0</width></LineStyle><LabelStyle><scale>0.9</scale><color>ccffffff</color></LabelStyle></Style><Style id="s_46_5"><IconStyle><color>ff0bd26e</color><scale>1.0</scale><Icon><href>http://maps.google.com/mapfiles/kml/shapes/shaded_dot.png</href></Icon></IconStyle><LineStyle><color>ff0bd26e</color><width>2.0</width></LineStyle><LabelStyle><scale>0.9</scale><color>ccffffff</color></LabelStyle></Style><Style id="s_46_6"><IconStyle><color>ff0acc6b</color><scale>1.0</scale><Icon><href>http://maps.google.com/mapfiles/kml/shapes/donut.png</href></Icon></IconStyle><LineStyle><color>ff0acc6b</color><width>2.0</width></LineStyle><LabelStyle><scale>0.9</scale><color>ccffffff</color></LabelStyle></Style><Style id="s_46_7"><IconStyle><color>ff0ac668</color><scale>1.0</scale><Icon><href>http://maps.google.com/mapfiles/kml/shapes/square.png</href></Icon></IconStyle><LineStyle><color>ff0ac668</color><width>2.0</width></LineStyle><LabelStyle><scale>0.9</scale><color>ccffffff</color></LabelStyle></Style><Style id="s_46_8"><IconStyle><color>ff0abf64</color><scale>1.0</scale><Icon><href>http://maps.google.com/mapfiles/kml/shapes/placemark_circle.png</href></Icon></IconStyle><LineStyle><color>ff0abf64</color><width>2.0</width></LineStyle><LabelStyle><scale>0.9</scale><color>ccffffff</color></LabelStyle></Style><Style id="s_46_9"><IconStyle><color>ff09b961</color><scale>1.0</scale><Icon><href>http://maps.google.com/mapfiles/kml/shapes/placemark_square.png</href></Icon></IconStyle><LineStyle><color>ff09b961</color><width>2.0</width></LineStyle><LabelStyle><scale>0.9</scale><color>ccffffff</color></LabelStyle></Style><Style id="s_46_10"><IconStyle><color>ff09b25e</color><scale>1.0</scale><Icon><href>http://maps.google.com/mapfiles/kml/shapes/star.png</href></Icon></IconStyle><LineStyle><color>ff09b25e</color><width>2.0</width></LineStyle><LabelStyle><scale>0.9</scale><color>ccffffff</color></LabelStyle></Style><Folder><name>W→E</name><Placemark><name>W E 0</name><styleUrl>#s_47_0</styleUrl><ExtendedData><Data name="bin"><value>WE</value></Data><Data name="azimuth_deg"><value>90.0247</value></Data><Data name="dist_to_target_m"><value>22828.746</value></Data></ExtendedData><Point><coordinates>-77.172301000,38.893245000,0</coordinates></Point></Placemark><Placemark><name>W E 0 pointer</name><styleUrl>#s_47_0</styleUrl><LineString><tessellate>1</tessellate><coordinates>-77.172301000,38.893245000,0 -77.160774478,38.893240554,0</coordinates></LineString></Placemark><Placemark><name>W E 1</name><styleUrl>#s_47_1</styleUrl><ExtendedData><Data name="bin"><value>WE</value></Data><Data name="azimuth_deg"><value>90.0411</value></Data><Data name="dist_to_target_m"><value>20552.746</value></Data></ExtendedData><Point><coordinates>-77.146066638,38.893233228,0</coordinates></Point></Placemark><Placemark><name>W E 1 pointer</name><styleUrl>#s_47_1</styleUrl><LineString><tessellate>1</tessellate><coordinates>-77.146066638,38.893233228,0 -77.134540121,38.893226192,0</coordinates></LineString></Placemark><Placemark><name>W E 2</name><styleUrl>#s_47_2</styleUrl><ExtendedData><Data name="bin"><value>WE</value></Data><Data name="azimuth_deg"><value>90.0576</value></Data><Data name="dist_to_target_m"><value>18276.746</value></Data></ExtendedData><Point><coordinates>-77.119832288,38.893215562,0</coordinates></Point></Placemark><Placemark><name>W E 2 pointer</name><styleUrl>#s_47_2</styleUrl><LineString><tessellate>1</tessellate><coordinates>-77.119832288,38.893215562,0 -77.109298931,38.893206811,0</coordinates></LineString></Placemark><Placemark><name>W E 3</name><styleUrl>#s_47_3</styleUrl><ExtendedData><Data name="bin"><value>WE</value></Data><Data name="azimuth_deg"><value>90.0741</value></Data><Data name="dist_to_target_m"><value>16000.746</value></Data></ExtendedData><Point><coordinates>-77.093597952,38.893192002,0</coordinates></Point></Placemark><Placemark><name>W E 3 pointer</name><styleUrl>#s_47_3</styleUrl><LineString><tessellate>1</tessellate><coordinates>-77.093597952,38.893192002,0 -77.084376319,38.893182321,0</coordinates></LineString></Placemark><Placemark><name>W E 4</name><styleUrl>#s_47_4</styleUrl><ExtendedData><Data name="bin"><value>WE</value></Data><Data name="azimuth_deg"><value>90.0905</value></Data><Data name="dist_to_target_m"><value>13724.746</value></Data></ExtendedData><Point><coordinates>-77.067363636,38.893162548,0</coordinates></Point></Placemark><Placemark><name>W E 4 pointer</name><styleUrl>#s_47_4</styleUrl><LineString><tessellate>1</tessellate><coordinates>-77.067363636,38.893162548,0 -77.059453726,38.893152511,0</coordinates></LineString></Placemark><Placemark><name>W E 5</name><styleUrl>#s_47_5</styleUrl><ExtendedData><Data name="bin"><value>WE</value></Data><Data name="azimuth_deg"><value>90.1070</value></Data><Data name="dist_to_target_m"><value>11448.746</value></Data></ExtendedData><Point><coordinates>-77.041129344,38.893127200,0</coordinates></Point></Placemark><Placemark><name>W E 5 pointer</name><styleUrl>#s_47_5</styleUrl><LineString><tessellate>1</tessellate><coordinates>-77.041129344,38.893127200,0 -77.034531155,38.893117382,0</coordinates></LineString></Placemark><Placemark><name>W E 6</name><styleUrl>#s_47_6</styleUrl><ExtendedData><Data name="bin"><value>WE</value></Data><Data name="azimuth_deg"><value>90.1235</value></Data><Data name="dist_to_target_m"><value>9172.746</value></Data></ExtendedData><Point><coordinates>-77.014895080,38.893085958,0</coordinates></Point></Placemark><Placemark><name>W E 6 pointer</name><styleUrl>#s_47_6</styleUrl><LineString><tessellate>1</tessellate><coordinates>-77.014895080,38.893085958,0 -77.009608611,38.893076934,0</coordinates></LineString></Placemark><Placemark><name>W E 7</name><styleUrl>#s_47_7</styleUrl><ExtendedData><Data name="bin"><value>WE</value></Data><Data name="azimuth_deg"><value>90.1400</value></Data><Data name="dist_to_target_m"><value>6896.746</value></Data></ExtendedData><Point><coordinates>-76.988660848,38.893038822,0</coordinates></Point></Placemark><Placemark><name>W E 7 pointer</name><styleUrl>#s_47_7</styleUrl><LineString><tessellate>1</tessellate><coordinates>-76.988660848,38.893038822,0 -76.984686097,38.893031166,0</coordinates></LineString></Placemark><Placemark><name>W E 8</name><styleUrl>#s_47_8</styleUrl><ExtendedData><Data name="bin"><value>WE</value></Data><Data name="azimuth_deg"><value>90.1564</value></Data><Data name="dist_to_target_m"><value>4620.746</value></Data></ExtendedData><Point><coordinates>-76.962426654,38.892985792,0</coordinates></Point></Placemark><Placemark><name>W E 8 pointer</name><styleUrl>#s_47_8</styleUrl><LineString><tessellate>1</tessellate><coordinates>-76.962426654,38.892985792,0 -76.959763617,38.892980079,0</coordinates></LineString></Placemark><Placemark><name>W E 9</name><styleUrl>#s_47_9</styleUrl><ExtendedData><Data name="bin"><value>WE</value></Data><Data name="azimuth_deg"><value>90.1729</value></Data><Data name="dist_to_target_m"><value>2344.746</value></Data></ExtendedData><Point><coordinates>-76.936192500,38.892926868,0</coordinates></Point></Placemark><Placemark><name>W E 9 pointer</name><styleUrl>#s_47_9</styleUrl><LineString><tessellate>1</tessellate><coordinates>-76.936192500,38.892926868,0 -76.934841174,38.892923673,0</coordinates></LineString></Placemark><Placemark><name>W E 10</name><styleUrl>#s_47_10</styleUrl><ExtendedData><Data name="bin"><value>WE</value></Data><Data name="azimuth_deg"><value>90.1894</value></Data><Data name="dist_to_target_m"><value>0.000</value></Data></ExtendedData><Point><coordinates>-76.909166000,38.892860000,0</coordinates></Point></Placemark></Folder><Style id="s_47_0"><IconStyle><color>ff0c7ff2</color><scale>1.0</scale><Icon><href>http://maps.google.com/mapfiles/kml/shapes/star.png</href></Icon></IconStyle><LineStyle><color>ff0c7ff2</color><width>2.0</width></LineStyle><LabelStyle><scale>0.9</scale><color>ccffffff</color></LabelStyle></Style><Style id="s_47_1"><IconStyle><color>ff0c7cec</color><scale>1.0</scale><Icon><href>http://maps.google.com/mapfiles/kml/shapes/triangle.png</href></Icon></IconStyle><LineStyle><color>ff0c7cec</color><width>2.0</width></LineStyle><LabelStyle><scale>0.9</scale><color>ccffffff</color></LabelStyle></Style><Style id="s_47_2"><IconStyle><color>ff0b78e5</color><scale>1.0</scale><Icon><href>http://maps.google.com/mapfiles/kml/shapes/cross-hairs.png</href></Icon></IconStyle><LineStyle><color>ff0b78e5</color><width>2.0</width></LineStyle><LabelStyle><scale>0.9</scale><color>ccffffff</color></LabelStyle></Style><Style id="s_47_3"><IconStyle><color>ff0b75df</color><scale>1.0</scale><Icon><href>http://maps.google.com/mapfiles/kml/shapes/target.png</href></Icon></IconStyle><LineStyle><color>ff0b75df</color><width>2.0</width></LineStyle><LabelStyle><scale>0.9</scale><color>ccffffff</color></LabelStyle></Style><Style id="s_47_4"><IconStyle><color>ff0b72d9</color><scale>1.0</scale><Icon><href>http://maps.google.com/mapfiles/kml/shapes/open-diamond.png</href></Icon></IconStyle><LineStyle><color>ff0b72d9</color><width>2.0</width></LineStyle><LabelStyle><scale>0.9</scale><color>ccffffff</color></LabelStyle></Style><Style id="s_47_5"><IconStyle><color>ff0b6ed2</color><scale>1.0</scale><Icon><href>http://maps.google.com/mapfiles/kml/shapes/shaded_dot.png</href></Icon></IconStyle><LineStyle><color>ff0b6ed2</color><width>2.0</width></LineStyle><LabelStyle><scale>0.9</scale><color>ccffffff</color></LabelStyle></Style><Style id="s_47_6"><IconStyle><color>ff0a6bcc</color><scale>1.0</scale><Icon><href>http://maps.google.com/mapfiles/kml/shapes/donut.png</href></Icon></IconStyle><LineStyle><color>ff0a6bcc</color><width>2.0</width></LineStyle><LabelStyle><scale>0.9</scale><color>ccffffff</color></LabelStyle></Style><Style id="s_47_7"><IconStyle><color>ff0a68c6</color><scale>1.0</scale><Icon><href>http://maps.google.com/mapfiles/kml/shapes/square.png</href></Icon></IconStyle><LineStyle><color>ff0a68c6</color><width>2.0</width></LineStyle><LabelStyle><scale>0.9</scale><color>ccffffff</color></LabelStyle></Style><Style id="s_47_8"><IconStyle><color>ff0a64bf</color><scale>1.0</scale><Icon><href>http://maps.google.com/mapfiles/kml/shapes/placemark_circle.png</href></Icon></IconStyle><LineStyle><color>ff0a64bf</color><width>2.0</width></LineStyle><LabelStyle><scale>0.9</scale><color>ccffffff</color></LabelStyle></Style><Style id="s_47_9"><IconStyle><color>ff0961b9</color><scale>1.0</scale><Icon><href>http://maps.google.com/mapfiles/kml/shapes/placemark_square.png</href></Icon></IconStyle><LineStyle><color>ff0961b9</color><width>2.0</width></LineStyle><LabelStyle><scale>0.9</scale><color>ccffffff</color></LabelStyle></Style><Style id="s_47_10"><IconStyle><color>ff095eb2</color><scale>1.0</scale><Icon><href>http://maps.google.com/mapfiles/kml/shapes/star.png</href></Icon></IconStyle><LineStyle><color>ff095eb2</color><width>2.0</width></LineStyle><LabelStyle><scale>0.9</scale><color>ccffffff</color></LabelStyle></Style></Document></kml>