<?xml version='1.0' encoding='utf-8'?>
<kml xmlns="http://www.opengis.net/kml/2.2"><Document><Folder><name>gridlines</name><Placemark><name>NE9→SE1 gridline</name><styleUrl>#gridline_style</styleUrl><LineString><tessellate>1</tessellate><coordinates>-76.922320000,38.903169000,0 -76.922293000,38.882640000,0</coordinates></LineString></Placemark><Placemark><name>NE8→SE2 gridline</name><styleUrl>#gridline_style</styleUrl><LineString><tessellate>1</tessellate><coordinates>-76.935483000,38.913483000,0 -76.935424000,38.872410000,0</coordinates></LineString></Placemark><Placemark><name>NE7→SE3 gridline</name><styleUrl>#gridline_style</styleUrl><LineString><tessellate>1</tessellate><coordinates>-76.948649000,38.923788000,0 -76.948571000,38.862161000,0</coordinates></LineString></Placemark><Placemark><name>NE6→SE4 gridline</name><styleUrl>#gridline_style</styleUrl><LineString><tessellate>1</tessellate><coordinates>-76.961330000,38.933715000,0 -76.961890000,38.851756000,0</coordinates></LineString></Placemark><Placemark><name>NE5→SE5 gridline</name><styleUrl>#gridline_style</styleUrl><LineString><tessellate>1</tessellate><coordinates>-76.975009000,38.944414000,0 -76.974839000,38.841683000,0</coordinates></LineString></Placemark><Placemark><name>NE4→SE6 gridline</name><styleUrl>#gridline_style</styleUrl><LineString><tessellate>1</tessellate><coordinates>-76.988207000,38.954733000,0 -76.987973000,38.831437000,0</coordinates></LineString></Placemark><Placemark><name>NE3→SE7 gridline</name><styleUrl>#gridline_style</styleUrl><LineString><tessellate>1</tessellate><coordinates>-77.001690000,38.965273000,0 -77.001096000,38.821197000,0</coordinates></LineString></Placemark><Placemark><name>NE2→SE8 gridline</name><styleUrl>#gridline_style</styleUrl><LineString><tessellate>1</tessellate><coordinates>-77.014594000,38.975351000,0 -77.014250000,38.810920000,0</coordinates></LineString></Placemark><Placemark><name>NE1→SE9 gridline</name><styleUrl>#gridline_style</styleUrl><LineString><tessellate>1</tessellate><coordinates>-77.027743000,38.985620000,0 -77.023569000,38.803728000,0</coordinates></LineString></Placemark><Placemark><name>NE1→NW9 gridline</name><styleUrl>#gridline_style</styleUrl><LineString><tessellate>1</tessellate><coordinates>-77.027743000,38.985620000,0 -77.054129000,38.985699000,0</coordinates></LineString></Placemark><Placemark><name>NE3→NW7 gridline</name><styleUrl>#gridline_style</styleUrl><LineString><tessellate>1</tessellate><coordinates>-77.001690000,38.965273000,0 -77.080403000,38.965182000,0</coordinates></LineString></Placemark><Placemark><name>NE5→NW5 gridline</name><styleUrl>#gridline_style</styleUrl><LineString><tessellate>1</tessellate><coordinates>-76.975009000,38.944414000,0 -77.106682000,38.944639000,0</coordinates></LineString></Placemark><Placemark><name>NE7→NW3 gridline</name><styleUrl>#gridline_style</styleUrl><LineString><tessellate>1</tessellate><coordinates>-76.948649000,38.923788000,0 -77.132236000,38.924633000,0</coordinates></LineString></Placemark><Placemark><name>NE9→NW1 gridline</name><styleUrl>#gridline_style</styleUrl><LineString><tessellate>1</tessellate><coordinates>-76.922320000,38.903169000,0 -77.159144000,38.903562000,0</coordinates></LineString></Placemark><Placemark><name>NE2→NW8 gridline</name><styleUrl>#gridline_style</styleUrl><LineString><tessellate>1</tessellate><coordinates>-77.014594000,38.975351000,0 -77.067267000,38.975442000,0</coordinates></LineString></Placemark><Placemark><name>NE4→NW6 gridline</name><styleUrl>#gridline_style</styleUrl><LineString><tessellate>1</tessellate><coordinates>-76.988207000,38.954733000,0 -77.093548000,38.954909000,0</coordinates></LineString></Placemark><Placemark><name>NE6→NW4 gridline</name><styleUrl>#gridline_style</styleUrl><LineString><tessellate>1</tessellate><coordinates>-76.961330000,38.933715000,0 -77.115672000,38.937606000,0</coordinates></LineString></Placemark><Placemark><name>NE8→NW2 gridline</name><styleUrl>#gridline_style</styleUrl><LineString><tessellate>1</tessellate><coordinates>-76.935483000,38.913483000,0 -77.145987000,38.913881000,0</coordinates></LineString></Placemark><Placemark><name>SW9→NW1 gridline</name><styleUrl>#gridline_style</styleUrl><LineString><tessellate>1</tessellate><coordinates>-77.159090000,38.882943000,0 -77.159144000,38.903562000,0</coordinates></LineString></Placemark><Placemark><name>SW8→NW2 gridline</name><styleUrl>#gridline_style</styleUrl><LineString><tessellate>1</tessellate><coordinates>-77.145945000,38.872671000,0 -77.145987000,38.913881000,0</coordinates></LineString></Placemark><Placemark><name>SW7→NW3 gridline</name><styleUrl>#gridline_style</styleUrl><LineString><tessellate>1</tessellate><coordinates>-77.132726000,38.862372000,0 -77.132236000,38.924633000,0</coordinates></LineString></Placemark><Placemark><name>SW6→NW4 gridline</name><styleUrl>#gridline_style</styleUrl><LineString><tessellate>1</tessellate><coordinates>-77.119264000,38.851832000,0 -77.115672000,38.937606000,0</coordinates></LineString></Placemark><Placemark><name>SW5→NW5 gridline</name><styleUrl>#gridline_style</styleUrl><LineString><tessellate>1</tessellate><coordinates>-77.106740000,38.842081000,0 -77.106682000,38.944639000,0</coordinates></LineString></Placemark><Placemark><name>SW4→NW6 gridline</name><styleUrl>#gridline_style</styleUrl><LineString><tessellate>1</tessellate><coordinates>-77.093187000,38.831543000,0 -77.093548000,38.954909000,0</coordinates></LineString></Placemark><Placemark><name>SW3→NW7 gridline</name><styleUrl>#gridline_style</styleUrl><LineString><tessellate>1</tessellate><coordinates>-77.079320000,38.820653000,0 -77.080403000,38.965182000,0</coordinates></LineString></Placemark><Placemark><name>SW2→NW8 gridline</name><styleUrl>#gridline_style</styleUrl><LineString><tessellate>1</tessellate><coordinates>-77.062638000,38.807592000,0 -77.067267000,38.975442000,0</coordinates></LineString></Placemark><Placemark><name>SW1→NW9 gridline</name><styleUrl>#gridline_style</styleUrl><LineString><tessellate>1</tessellate><coordinates>-77.054393000,38.801244000,0 -77.054129000,38.985699000,0</coordinates></LineString></Placemark><Placemark><name>SW1→SE9 gridline</name><styleUrl>#gridline_style</styleUrl><LineString><tessellate>1</tessellate><coordinates>-77.054393000,38.801244000,0 -77.023569000,38.803728000,0</coordinates></LineString></Placemark><Placemark><name>SW3→SE7 gridline</name><styleUrl>#gridline_style</styleUrl><LineString><tessellate>1</tessellate><coordinates>-77.079320000,38.820653000,0 -77.001096000,38.821197000,0</coordinates></LineString></Placemark><Placemark><name>SW5→SE5 gridline</name><styleUrl>#gridline_style</styleUrl><LineString><tessellate>1</tessellate><coordinates>-77.106740000,38.842081000,0 -76.974839000,38.841683000,0</coordinates></LineString></Placemark><Placemark><name>SW7→SE3 gridline</name><styleUrl>#gridline_style</styleUrl><LineString><tessellate>1</tessellate><coordinates>-77.132726000,38.862372000,0 -76.948571000,38.862161000,0</coordinates></LineString></Placemark><Placemark><name>SW9→SE1 gridline</name><styleUrl>#gridline_style</styleUrl><LineString><tessellate>1</tessellate><coordinates>-77.159090000,38.882943000,0 -76.922293000,38.882640000,0</coordinates></LineString></Placemark><Placemark><name>SW2→SE8 gridline</name><styleUrl>#gridline_style</styleUrl><LineString><tessellate>1</tessellate><coordinates>-77.062638000,38.807592000,0 -77.014250000,38.810920000,0</coordinates></LineString></Placemark><Placemark><name>SW4→SE6 gridline</name><styleUrl>#gridline_style</styleUrl><LineString><tessellate>1</tessellate><coordinates>-77.093187000,38.831543000,0 -76.987973000,38.831437000,0</coordinates></LineString></Placemark><Placemark><name>SW6→SE4 gridline</name><styleUrl>#gridline_style</styleUrl><LineString><tessellate>1</tessellate><coordinates>-77.119264000,38.851832000,0 -76.961890000,38.851756000,0</coordinates></LineString></Placemark><Placemark><name>SW8→SE2 gridline</name><styleUrl>#gridline_style</styleUrl><LineString><tessellate>1</tessellate><coordinates>-77.145945000,38.872671000,0 -76.935424000,38.872410000,0</coordinates></LineString></Placemark><Placemark><name>S→N gridline</name><styleUrl>#gridline_style</styleUrl><LineString><tessellate>1</tessellate><coordinates>-77.040586000,38.790339000,0 -77.040986000,38.995957000,0</coordinates></LineString></Placemark><Placemark><name>E→W gridline</name><styleUrl>#gridline_style</styleUrl><LineString><tessellate>1</tessellate><coordinates>-76.909166000,38.892860000,0 -77.172301000,38.893245000,0</coordinates></LineString></Placemark></Folder><Style id="gridline_style"><LineStyle><color>ccffffff</color><width>2.0</width></LineStyle></Style><Folder><name>NE9→SE1</name><Placemark><name>NE9 SE1 0</name><styleUrl>#s_0_0</styleUrl><ExtendedData><Data name="bin"><value>NS</value></Data><Data name="azimuth_deg"><value>179.9411</value></Data><Data name="dist_to_target_m"><value>2278.996</value></Data></ExtendedData><Point><coordinates>-76.922320000,38.903169000,0</coordinates></Point></Placemark><Placemark><name>NE9 SE1 0 pointer</name><styleUrl>#s_0_0</styleUrl><LineString><tessellate>1</tessellate><coordinates>-76.922320000,38.903169000,0 -76.922318650,38.902142552,0</coordinates></LineString></Placemark><Placemark><name>NE9 SE1 1</name><styleUrl>#s_0_1</styleUrl><ExtendedData><Data name="bin"><value>NS</value></Data><Data name="azimuth_deg"><value>179.9411</value></Data><Data name="dist_to_target_m"><value>0.000</value></Data></ExtendedData><Point><coordinates>-76.922293000,38.882640000,0</coordinates></Point></Placemark></Folder><Style id="s_0_0"><IconStyle><color>ff0cf2f2</color><scale>0.75</scale><Icon><href>http://maps.google.com/mapfiles/kml/shapes/star.png</href></Icon></IconStyle><LineStyle><color>ff0cf2f2</color><width>2.0</width></LineStyle><LabelStyle><scale>0.75</scale><color>9bffffff</color></LabelStyle></Style><Style id="s_0_1"><IconStyle><color>ff09b2b2</color><scale>0.75</scale><Icon><href>http://maps.google.com/mapfiles/kml/shapes/triangle.png</href></Icon></IconStyle><LineStyle><color>ff09b2b2</color><width>2.0</width></LineStyle><LabelStyle><scale>0.75</scale><color>9bffffff</color></LabelStyle></Style><Folder><name>SE1→NE9</name><Placemark><name>SE1 NE9 0</name><styleUrl>#s_1_0</styleUrl><ExtendedData><Data name="bin"><value>SN</value></Data><Data name="azimuth_deg"><value>-0.0589</value></Data><Data name="dist_to_target_m"><value>2278.996</value></Data></ExtendedData><Point><coordinates>-76.922293000,38.882640000,0</coordinates></Point></Placemark><Placemark><name>SE1 NE9 0 pointer</name><styleUrl>#s_1_0</styleUrl><LineString><tessellate>1</tessellate><coordinates>-76.922293000,38.882640000,0 -76.922294350,38.883666452,0</coordinates></LineString></Placemark><Placemark><name>SE1 NE9 1</name><styleUrl>#s_1_1</styleUrl><ExtendedData><Data name="bin"><value>SN</value></Data><Data name="azimuth_deg"><value>-0.0589</value></Data><Data name="dist_to_target_m"><value>0.000</value></Data></ExtendedData><Point><coordinates>-76.922320000,38.903169000,0</coordinates></Point></Placemark></Folder><Style id="s_1_0"><IconStyle><color>ff0c0cf2</color><scale>0.75</scale><Icon><href>http://maps.google.com/mapfiles/kml/shapes/star.png</href></Icon></IconStyle><LineStyle><color>ff0c0cf2</color><width>2.0</width></LineStyle><LabelStyle><scale>0.75</scale><color>9bffffff</color></LabelStyle></Style><Style id="s_1_1"><IconStyle><color>ff0909b2</color><scale>0.75</scale><Icon><href>http://maps.google.com/mapfiles/kml/shapes/triangle.png</href></Icon></IconStyle><LineStyle><color>ff0909b2</color><width>2.0</width></LineStyle><LabelStyle><scale>0.75</scale><color>9bffffff</color></LabelStyle></Style><Folder><name>NE8→SE2</name><Placemark><name>NE8 SE2 0</name><styleUrl>#s_2_0</styleUrl><ExtendedData><Data name="bin"><value>NS</value></Data><Data name="azimuth_deg"><value>179.9357</value></Data><Data name="dist_to_target_m"><value>4559.658</value></Data></ExtendedData><Point><coordinates>-76.935483000,38.913483000,0</coordinates></Point></Placemark><Placemark><name>NE8 SE2 0 pointer</name><styleUrl>#s_2_0</styleUrl><LineString><tessellate>1</tessellate><coordinates>-76.935483000,38.913483000,0 -76.935480048,38.911429357,0</coordinates></LineString></Placemark><Placemark><name>NE8 SE2 1</name><styleUrl>#s_2_1</styleUrl><ExtendedData><Data name="bin"><value>NS</value></Data><Data name="azimuth_deg"><value>179.9357</value></Data><Data name="dist_to_target_m"><value>2283.658</value></Data></ExtendedData><Point><coordinates>-76.935453541,38.892981027,0</coordinates></Point></Placemark><Placemark><name>NE8 SE2 1 pointer</name><styleUrl>#s_2_1</styleUrl><LineString><tessellate>1</tessellate><coordinates>-76.935453541,38.892981027,0 -76.935452064,38.891952477,0</coordinates></LineString></Placemark><Placemark><name>NE8 SE2 2</name><styleUrl>#s_2_2</styleUrl><ExtendedData><Data name="bin"><value>NS</value></Data><Data name="azimuth_deg"><value>179.9357</value></Data><Data name="dist_to_target_m"><value>0.000</value></Data></ExtendedData><Point><coordinates>-76.935424000,38.872410000,0</coordinates></Point></Placemark></Folder><Style id="s_2_0"><IconStyle><color>ff0cf2f2</color><scale>0.75</scale><Icon><href>http://maps.google.com/mapfiles/kml/shapes/star.png</href></Icon></IconStyle><LineStyle><color>ff0cf2f2</color><width>2.0</width></LineStyle><LabelStyle><scale>0.75</scale><color>9bffffff</color></LabelStyle></Style><Style id="s_2_1"><IconStyle><color>ff0bd2d2</color><scale>0.75</scale><Icon><href>http://maps.google.com/mapfiles/kml/shapes/triangle.png</href></Icon></IconStyle><LineStyle><color>ff0bd2d2</color><width>2.0</width></LineStyle><LabelStyle><scale>0.75</scale><color>9bffffff</color></LabelStyle></Style><Style id="s_2_2"><IconStyle><color>ff09b2b2</color><scale>0.75</scale><Icon><href>http://maps.google.com/mapfiles/kml/shapes/cross-hairs.png</href></Icon></IconStyle><LineStyle><color>ff09b2b2</color><width>2.0</width></LineStyle><LabelStyle><scale>0.75</scale><color>9bffffff</color></LabelStyle></Style><Folder><name>SE2→NE8</name><Placemark><name>SE2 NE8 0</name><styleUrl>#s_3_0</styleUrl><ExtendedData><Data name="bin"><value>SN</value></Data><Data name="azimuth_deg"><value>-0.0643</value></Data><Data name="dist_to_target_m"><value>4559.658</value></Data></ExtendedData><Point><coordinates>-76.935424000,38.872410000,0</coordinates></Point></Placemark><Placemark><name>SE2 NE8 0 pointer</name><styleUrl>#s_3_0</styleUrl><LineString><tessellate>1</tessellate><coordinates>-76.935424000,38.872410000,0 -76.935426948,38.874463657,0</coordinates></LineString></Placemark><Placemark><name>SE2 NE8 1</name><styleUrl>#s_3_1</styleUrl><ExtendedData><Data name="bin"><value>SN</value></Data><Data name="azimuth_deg"><value>-0.0643</value></Data><Data name="dist_to_target_m"><value>2283.658</value></Data></ExtendedData><Point><coordinates>-76.935453442,38.892912046,0</coordinates></Point></Placemark><Placemark><name>SE2 NE8 1 pointer</name><styleUrl>#s_3_1</styleUrl><LineString><tessellate>1</tessellate><coordinates>-76.935453442,38.892912046,0 -76.935454919,38.893940595,0</coordinates></LineString></Placemark><Placemark><name>SE2 NE8 2</name><styleUrl>#s_3_2</styleUrl><ExtendedData><Data name="bin"><value>SN</value></Data><Data name="azimuth_deg"><value>-0.0643</value></Data><Data name="dist_to_target_m"><value>0.000</value></Data></ExtendedData><Point><coordinates>-76.935483000,38.913483000,0</coordinates></Point></Placemark></Folder><Style id="s_3_0"><IconStyle><color>ff0c0cf2</color><scale>0.75</scale><Icon><href>http://maps.google.com/mapfiles/kml/shapes/star.png</href></Icon></IconStyle><LineStyle><color>ff0c0cf2</color><width>2.0</width></LineStyle><LabelStyle><scale>0.75</scale><color>9bffffff</color></LabelStyle></Style><Style id="s_3_1"><IconStyle><color>ff0b0bd2</color><scale>0.75</scale><Icon><href>http://maps.google.com/mapfiles/kml/shapes/triangle.png</href></Icon></IconStyle><LineStyle><color>ff0b0bd2</color><width>2.0</width></LineStyle><LabelStyle><scale>0.75</scale><color>9bffffff</color></LabelStyle></Style><Style id="s_3_2"><IconStyle><color>ff0909b2</color><scale>0.75</scale><Icon><href>http://maps.google.com/mapfiles/kml/shapes/cross-hairs.png</href></Icon></IconStyle><LineStyle><color>ff0909b2</color><width>2.0</width></LineStyle><LabelStyle><scale>0.75</scale><color>9bffffff</color></LabelStyle></Style><Folder><name>NE7→SE3</name><Placemark><name>NE7 SE3 0</name><styleUrl>#s_4_0</styleUrl><ExtendedData><Data name="bin"><value>NS</value></Data><Data name="azimuth_deg"><value>179.9433</value></Data><Data name="dist_to_target_m"><value>6841.429</value></Data></ExtendedData><Point><coordinates>-76.948649000,38.923788000,0</coordinates></Point></Placemark><Placemark><name>NE7 SE3 0 pointer</name><styleUrl>#s_4_0</styleUrl><LineString><tessellate>1</tessellate><coordinates>-76.948649000,38.923788000,0 -76.948645577,38.921085639,0</coordinates></LineString></Placemark><Placemark><name>NE7 SE3 1</name><styleUrl>#s_4_1</styleUrl><ExtendedData><Data name="bin"><value>NS</value></Data><Data name="azimuth_deg"><value>179.9433</value></Data><Data name="dist_to_target_m"><value>4565.429</value></Data></ExtendedData><Point><coordinates>-76.948623036,38.903286060,0</coordinates></Point></Placemark><Placemark><name>NE7 SE3 1 pointer</name><styleUrl>#s_4_1</styleUrl><LineString><tessellate>1</tessellate><coordinates>-76.948623036,38.903286060,0 -76.948620433,38.901229814,0</coordinates></LineString></Placemark><Placemark><name>NE7 SE3 2</name><styleUrl>#s_4_2</styleUrl><ExtendedData><Data name="bin"><value>NS</value></Data><Data name="azimuth_deg"><value>179.9433</value></Data><Data name="dist_to_target_m"><value>2289.429</value></Data></ExtendedData><Point><coordinates>-76.948597087,38.882784048,0</coordinates></Point></Placemark><Placemark><name>NE7 SE3 2 pointer</name><styleUrl>#s_4_2</styleUrl><LineString><tessellate>1</tessellate><coordinates>-76.948597087,38.882784048,0 -76.948595782,38.881752898,0</coordinates></LineString></Placemark><Placemark><name>NE7 SE3 3</name><styleUrl>#s_4_3</styleUrl><ExtendedData><Data name="bin"><value>NS</value></Data><Data name="azimuth_deg"><value>179.9434</value></Data><Data name="dist_to_target_m"><value>0.000</value></Data></ExtendedData><Point><coordinates>-76.948571000,38.862161000,0</coordinates></Point></Placemark></Folder><Style id="s_4_0"><IconStyle><color>ff0cf2f2</color><scale>0.75</scale><Icon><href>http://maps.google.com/mapfiles/kml/shapes/star.png</href></Icon></IconStyle><LineStyle><color>ff0cf2f2</color><width>2.0</width></LineStyle><LabelStyle><scale>0.75</scale><color>9bffffff</color></LabelStyle></Style><Style id="s_4_1"><IconStyle><color>ff0bdddd</color><scale>0.75</scale><Icon><href>http://maps.google.com/mapfiles/kml/shapes/triangle.png</href></Icon></IconStyle><LineStyle><color>ff0bdddd</color><width>2.0</width></LineStyle><LabelStyle><scale>0.75</scale><color>9bffffff</color></LabelStyle></Style><Style id="s_4_2"><IconStyle><color>ff0ac8c8</color><scale>0.75</scale><Icon><href>http://maps.google.com/mapfiles/kml/shapes/cross-hairs.png</href></Icon></IconStyle><LineStyle><color>ff0ac8c8</color><width>2.0</width></LineStyle><LabelStyle><scale>0.75</scale><color>9bffffff</color></LabelStyle></Style><Style id="s_4_3"><IconStyle><color>ff09b2b2</color><scale>0.75</scale><Icon><href>http://maps.google.com/mapfiles/kml/shapes/target.png</href></Icon></IconStyle><LineStyle><color>ff09b2b2</color><width>2.0</width></LineStyle><LabelStyle><scale>0.75</scale><color>9bffffff</color></LabelStyle></Style><Folder><name>SE3→NE7</name><Placemark><name>SE3 NE7 0</name><styleUrl>#s_5_0</styleUrl><ExtendedData><Data name="bin"><value>SN</value></Data><Data name="azimuth_deg"><value>-0.0566</value></Data><Data name="dist_to_target_m"><value>6841.429</value></Data></ExtendedData><Point><coordinates>-76.948571000,38.862161000,0</coordinates></Point></Placemark><Placemark><name>SE3 NE7 0 pointer</name><styleUrl>#s_5_0</styleUrl><LineString><tessellate>1</tessellate><coordinates>-76.948571000,38.862161000,0 -76.948574418,38.864863388,0</coordinates></LineString></Placemark><Placemark><name>SE3 NE7 1</name><styleUrl>#s_5_1</styleUrl><ExtendedData><Data name="bin"><value>SN</value></Data><Data name="azimuth_deg"><value>-0.0567</value></Data><Data name="dist_to_target_m"><value>4565.429</value></Data></ExtendedData><Point><coordinates>-76.948596934,38.882663085,0</coordinates></Point></Placemark><Placemark><name>SE3 NE7 1 pointer</name><styleUrl>#s_5_1</styleUrl><LineString><tessellate>1</tessellate><coordinates>-76.948596934,38.882663085,0 -76.948599536,38.884719337,0</coordinates></LineString></Placemark><Placemark><name>SE3 NE7 2</name><styleUrl>#s_5_2</styleUrl><ExtendedData><Data name="bin"><value>SN</value></Data><Data name="azimuth_deg"><value>-0.0567</value></Data><Data name="dist_to_target_m"><value>2289.429</value></Data></ExtendedData><Point><coordinates>-76.948622883,38.903165097,0</coordinates></Point></Placemark><Placemark><name>SE3 NE7 2 pointer</name><styleUrl>#s_5_2</styleUrl><LineString><tessellate>1</tessellate><coordinates>-76.948622883,38.903165097,0 -76.948624188,38.904196244,0</coordinates></LineString></Placemark><Placemark><name>SE3 NE7 3</name><styleUrl>#s_5_3</styleUrl><ExtendedData><Data name="bin"><value>SN</value></Data><Data name="azimuth_deg"><value>-0.0567</value></Data><Data name="dist_to_target_m"><value>0.000</value></Data></ExtendedData><Point><coordinates>-76.948649000,38.923788000,0</coordinates></Point></Placemark></Folder><Style id="s_5_0"><IconStyle><color>ff0c0cf2</color><scale>0.75</scale><Icon><href>http://maps.google.com/mapfiles/kml/shapes/star.png</href></Icon></IconStyle><LineStyle><color>ff0c0cf2</color><width>2.0</width></LineStyle><LabelStyle><scale>0.75</scale><color>9bffffff</color></LabelStyle></Style><Style id="s_5_1"><IconStyle><color>ff0b0bdd</color><scale>0.75</scale><Icon><href>http://maps.google.com/mapfiles/kml/shapes/triangle.png</href></Icon></IconStyle><LineStyle><color>ff0b0bdd</color><width>2.0</width></LineStyle><LabelStyle><scale>0.75</scale><color>9bffffff</color></LabelStyle></Style><Style id="s_5_2"><IconStyle><color>ff0a0ac8</color><scale>0.75</scale><Icon><href>http://maps.google.com/mapfiles/kml/shapes/cross-hairs.png</href></Icon></IconStyle><LineStyle><color>ff0a0ac8</color><width>2.0</width></LineStyle><LabelStyle><scale>0.75</scale><color>9bffffff</color></LabelStyle></Style><Style id="s_5_3"><IconStyle><color>ff0909b2</color><scale>0.75</scale><Icon><href>http://maps.google.com/mapfiles/kml/shapes/target.png</href></Icon></IconStyle><LineStyle><color>ff0909b2</color><width>2.0</width></LineStyle><LabelStyle><scale>0.75</scale><color>9bffffff</color></LabelStyle></Style><Folder><name>NE6→SE4</name><Placemark><name>NE6 SE4 0</name><styleUrl>#s_6_0</styleUrl><ExtendedData><Data name="bin"><value>NS</value></Data><Data name="azimuth_deg"><value>-179.6939</value></Data><Data name="dist_to_target_m"><value>9098.680</value></Data></ExtendedData><Point><coordinates>-76.961330000,38.933715000,0</coordinates></Point></Placemark><Placemark><name>NE6 SE4 0 pointer</name><styleUrl>#s_6_0</styleUrl><LineString><tessellate>1</tessellate><coordinates>-76.961330000,38.933715000,0 -76.961348485,38.931012681,0</coordinates></LineString></Placemark><Placemark><name>NE6 SE4 1</name><styleUrl>#s_6_1</styleUrl><ExtendedData><Data name="bin"><value>NS</value></Data><Data name="azimuth_deg"><value>-179.6940</value></Data><Data name="dist_to_target_m"><value>6822.680</value></Data></ExtendedData><Point><coordinates>-76.961470203,38.913213378,0</coordinates></Point></Placemark><Placemark><name>NE6 SE4 1 pointer</name><styleUrl>#s_6_1</styleUrl><LineString><tessellate>1</tessellate><coordinates>-76.961470203,38.913213378,0 -76.961488677,38.910511050,0</coordinates></LineString></Placemark><Placemark><name>NE6 SE4 2</name><styleUrl>#s_6_2</styleUrl><ExtendedData><Data name="bin"><value>NS</value></Data><Data name="azimuth_deg"><value>-179.6941</value></Data><Data name="dist_to_target_m"><value>4546.680</value></Data></ExtendedData><Point><coordinates>-76.961610325,38.892711683,0</coordinates></Point></Placemark><Placemark><name>NE6 SE4 2 pointer</name><styleUrl>#s_6_2</styleUrl><LineString><tessellate>1</tessellate><coordinates>-76.961610325,38.892711683,0 -76.961624316,38.890663906,0</coordinates></LineString></Placemark><Placemark><name>NE6 SE4 3</name><styleUrl>#s_6_3</styleUrl><ExtendedData><Data name="bin"><value>NS</value></Data><Data name="azimuth_deg"><value>-179.6941</value></Data><Data name="dist_to_target_m"><value>0.000</value></Data></ExtendedData><Point><coordinates>-76.961890000,38.851756000,0</coordinates></Point></Placemark></Folder><Style id="s_6_0"><IconStyle><color>ff0cf2f2</color><scale>0.75</scale><Icon><href>http://maps.google.com/mapfiles/kml/shapes/star.png</href></Icon></IconStyle><LineStyle><color>ff0cf2f2</color><width>2.0</width></LineStyle><LabelStyle><scale>0.75</scale><color>9bffffff</color></LabelStyle></Style><Style id="s_6_1"><IconStyle><color>ff0bdddd</color><scale>0.75</scale><Icon><href>http://maps.google.com/mapfiles/kml/shapes/triangle.png</href></Icon></IconStyle><LineStyle><color>ff0bdddd</color><width>2.0</width></LineStyle><LabelStyle><scale>0.75</scale><color>9bffffff</color></LabelStyle></Style><Style id="s_6_2"><IconStyle><color>ff0ac8c8</color><scale>0.75</scale><Icon><href>http://maps.google.com/mapfiles/kml/shapes/cross-hairs.png</href></Icon></IconStyle><LineStyle><color>ff0ac8c8</color><width>2.0</width></LineStyle><LabelStyle><scale>0.75</scale><color>9bffffff</color></LabelStyle></Style><Style id="s_6_3"><IconStyle><color>ff09b2b2</color><scale>0.75</scale><Icon><href>http://maps.google.com/mapfiles/kml/shapes/target.png</href></Icon></IconStyle><LineStyle><color>ff09b2b2</color><width>2.0</width></LineStyle><LabelStyle><scale>0.75</scale><color>9bffffff</color></LabelStyle></Style><Folder><name>SE4→NE6</name><Placemark><name>SE4 NE6 0</name><styleUrl>#s_7_0</styleUrl><ExtendedData><Data name="bin"><value>SN</value></Data><Data name="azimuth_deg"><value>0.3058</value></Data><Data name="dist_to_target_m"><value>9098.680</value></Data></ExtendedData><Point><coordinates>-76.961890000,38.851756000,0</coordinates></Point></Placemark><Placemark><name>SE4 NE6 0 pointer</name><styleUrl>#s_7_0</styleUrl><LineString><tessellate>1</tessellate><coordinates>-76.961890000,38.851756000,0 -76.961871556,38.854458356,0</coordinates></LineString></Placemark><Placemark><name>SE4 NE6 1</name><styleUrl>#s_7_1</styleUrl><ExtendedData><Data name="bin"><value>SN</value></Data><Data name="azimuth_deg"><value>0.3059</value></Data><Data name="dist_to_target_m"><value>6822.680</value></Data></ExtendedData><Point><coordinates>-76.961750039,38.872257839,0</coordinates></Point></Placemark><Placemark><name>SE4 NE6 1 pointer</name><styleUrl>#s_7_1</styleUrl><LineString><tessellate>1</tessellate><coordinates>-76.961750039,38.872257839,0 -76.961731584,38.874960185,0</coordinates></LineString></Placemark><Placemark><name>SE4 NE6 2</name><styleUrl>#s_7_2</styleUrl><ExtendedData><Data name="bin"><value>SN</value></Data><Data name="azimuth_deg"><value>0.3059</value></Data><Data name="dist_to_target_m"><value>4546.680</value></Data></ExtendedData><Point><coordinates>-76.961609997,38.892759606,0</coordinates></Point></Placemark><Placemark><name>SE4 NE6 2 pointer</name><styleUrl>#s_7_2</styleUrl><LineString><tessellate>1</tessellate><coordinates>-76.961609997,38.892759606,0 -76.961596005,38.894807383,0</coordinates></LineString></Placemark><Placemark><name>SE4 NE6 3</name><styleUrl>#s_7_3</styleUrl><ExtendedData><Data name="bin"><value>SN</value></Data><Data name="azimuth_deg"><value>0.3060</value></Data><Data name="dist_to_target_m"><value>0.000</value></Data></ExtendedData><Point><coordinates>-76.961330000,38.933715000,0</coordinates></Point></Placemark></Folder><Style id="s_7_0"><IconStyle><color>ff0c0cf2</color><scale>0.75</scale><Icon><href>http://maps.google.com/mapfiles/kml/shapes/star.png</href></Icon></IconStyle><LineStyle><color>ff0c0cf2</color><width>2.0</width></LineStyle><LabelStyle><scale>0.75</scale><color>9bffffff</color></LabelStyle></Style><Style id="s_7_1"><IconStyle><color>ff0b0bdd</color><scale>0.75</scale><Icon><href>http://maps.google.com/mapfiles/kml/shapes/triangle.png</href></Icon></IconStyle><LineStyle><color>ff0b0bdd</color><width>2.0</width></LineStyle><LabelStyle><scale>0.75</scale><color>9bffffff</color></LabelStyle></Style><Style id="s_7_2"><IconStyle><color>ff0a0ac8</color><scale>0.75</scale><Icon><href>http://maps.google.com/mapfiles/kml/shapes/cross-hairs.png</href></Icon></IconStyle><LineStyle><color>ff0a0ac8</color><width>2.0</width></LineStyle><LabelStyle><scale>0.75</scale><color>9bffffff</color></LabelStyle></Style><Style id="s_7_3"><IconStyle><color>ff0909b2</color><scale>0.75</scale><Icon><href>http://maps.google.com/mapfiles/kml/shapes/target.png</href></Icon></IconStyle><LineStyle><color>ff0909b2</color><width>2.0</width></LineStyle><LabelStyle><scale>0.75</scale><color>9bffffff</color></LabelStyle></Style><Folder><name>NE5→SE5</name><Placemark><name>NE5 SE5 0</name><styleUrl>#s_8_0</styleUrl><ExtendedData><Data name="bin"><value>NS</value></Data><Data name="azimuth_deg"><value>179.9259</value></Data><Data name="dist_to_target_m"><value>11404.531</value></Data></ExtendedData><Point><coordinates>-76.975009000,38.944414000,0</coordinates></Point></Placemark><Placemark><name>NE5 SE5 0 pointer</name><styleUrl>#s_8_0</styleUrl><LineString><tessellate>1</tessellate><coordinates>-76.975009000,38.944414000,0 -76.975004522,38.941711650,0</coordinates></LineString></Placemark><Placemark><name>NE5 SE5 1</name><styleUrl>#s_8_1</styleUrl><ExtendedData><Data name="bin"><value>NS</value></Data><Data name="azimuth_deg"><value>179.9259</value></Data><Data name="dist_to_target_m"><value>9128.531</value></Data></ExtendedData><Point><coordinates>-76.974975034,38.923912140,0</coordinates></Point></Placemark><Placemark><name>NE5 SE5 1 pointer</name><styleUrl>#s_8_1</styleUrl><LineString><tessellate>1</tessellate><coordinates>-76.974975034,38.923912140,0 -76.974970558,38.921209781,0</coordinates></LineString></Placemark><Placemark><name>NE5 SE5 2</name><styleUrl>#s_8_2</styleUrl><ExtendedData><Data name="bin"><value>NS</value></Data><Data name="azimuth_deg"><value>179.9259</value></Data><Data name="dist_to_target_m"><value>6852.531</value></Data></ExtendedData><Point><coordinates>-76.974941088,38.903410208,0</coordinates></Point></Placemark><Placemark><name>NE5 SE5 2 pointer</name><styleUrl>#s_8_2</styleUrl><LineString><tessellate>1</tessellate><coordinates>-76.974941088,38.903410208,0 -76.974936614,38.900707839,0</coordinates></LineString></Placemark><Placemark><name>NE5 SE5 3</name><styleUrl>#s_8_3</styleUrl><ExtendedData><Data name="bin"><value>NS</value></Data><Data name="azimuth_deg"><value>179.9259</value></Data><Data name="dist_to_target_m"><value>4576.531</value></Data></ExtendedData><Point><coordinates>-76.974907161,38.882908204,0</coordinates></Point></Placemark><Placemark><name>NE5 SE5 3 pointer</name><styleUrl>#s_8_3</styleUrl><LineString><tessellate>1</tessellate><coordinates>-76.974907161,38.882908204,0 -76.974903751,38.880846950,0</coordinates></LineString></Placemark><Placemark><name>NE5 SE5 4</name><styleUrl>#s_8_4</styleUrl><ExtendedData><Data name="bin"><value>NS</value></Data><Data name="azimuth_deg"><value>179.9259</value></Data><Data name="dist_to_target_m"><value>2300.531</value></Data></ExtendedData><Point><coordinates>-76.974873253,38.862406127,0</coordinates></Point></Placemark><Placemark><name>NE5 SE5 4 pointer</name><styleUrl>#s_8_4</styleUrl><LineString><tessellate>1</tessellate><coordinates>-76.974873253,38.862406127,0 -76.974871540,38.861369972,0</coordinates></LineString></Placemark><Placemark><name>NE5 SE5 5</name><styleUrl>#s_8_5</styleUrl><ExtendedData><Data name="bin"><value>NS</value></Data><Data name="azimuth_deg"><value>179.9260</value></Data><Data name="dist_to_target_m"><value>0.000</value></Data></ExtendedData><Point><coordinates>-76.974839000,38.841683000,0</coordinates></Point></Placemark></Folder><Style id="s_8_0"><IconStyle><color>ff0cf2f2</color><scale>0.75</scale><Icon><href>http://maps.google.com/mapfiles/kml/shapes/star.png</href></Icon></IconStyle><LineStyle><color>ff0cf2f2</color><width>2.0</width></LineStyle><LabelStyle><scale>0.75</scale><color>9bffffff</color></LabelStyle></Style><Style id="s_8_1"><IconStyle><color>ff0be5e5</color><scale>0.75</scale><Icon><href>http://maps.google.com/mapfiles/kml/shapes/triangle.png</href></Icon></IconStyle><LineStyle><color>ff0be5e5</color><width>2.0</width></LineStyle><LabelStyle><scale>0.75</scale><color>9bffffff</color></LabelStyle></Style><Style id="s_8_2"><IconStyle><color>ff0bd9d9</color><scale>0.75</scale><Icon><href>http://maps.google.com/mapfiles/kml/shapes/cross-hairs.png</href></Icon></IconStyle><LineStyle><color>ff0bd9d9</color><width>2.0</width></LineStyle><LabelStyle><scale>0.75</scale><color>9bffffff</color></LabelStyle></Style><Style id="s_8_3"><IconStyle><color>ff0acccc</color><scale>0.75</scale><Icon><href>http://maps.google.com/mapfiles/kml/shapes/target.png</href></Icon></IconStyle><LineStyle><color>ff0acccc</color><width>2.0</width></LineStyle><LabelStyle><scale>0.75</scale><color>9bffffff</color></LabelStyle></Style><Style id="s_8_4"><IconStyle><color>ff0abfbf</color><scale>0.75</scale><Icon><href>http://maps.google.com/mapfiles/kml/shapes/open-diamond.png</href></Icon></IconStyle><LineStyle><color>ff0abfbf</color><width>2.0</width></LineStyle><LabelStyle><scale>0.75</scale><color>9bffffff</color></LabelStyle></Style><Style id="s_8_5"><IconStyle><color>ff09b2b2</color><scale>0.75</scale><Icon><href>http://maps.google.com/mapfiles/kml/shapes/shaded_dot.png</href></Icon></IconStyle><LineStyle><color>ff09b2b2</color><width>2.0</width></LineStyle><LabelStyle><scale>0.75</scale><color>9bffffff</color></LabelStyle></Style><Folder><name>SE5→NE5</name><Placemark><name>SE5 NE5 0</name><styleUrl>#s_9_0</styleUrl><ExtendedData><Data name="bin"><value>SN</value></Data><Data name="azimuth_deg"><value>-0.0740</value></Data><Data name="dist_to_target_m"><value>11404.531</value></Data></ExtendedData><Point><coordinates>-76.974839000,38.841683000,0</coordinates></Point></Placemark><Placemark><name>SE5 NE5 0 pointer</name><styleUrl>#s_9_0</styleUrl><LineString><tessellate>1</tessellate><coordinates>-76.974839000,38.841683000,0 -76.974843466,38.844385396,0</coordinates></LineString></Placemark><Placemark><name>SE5 NE5 1</name><styleUrl>#s_9_1</styleUrl><ExtendedData><Data name="bin"><value>SN</value></Data><Data name="azimuth_deg"><value>-0.0741</value></Data><Data name="dist_to_target_m"><value>9128.531</value></Data></ExtendedData><Point><coordinates>-76.974872888,38.862185150,0</coordinates></Point></Placemark><Placemark><name>SE5 NE5 1 pointer</name><styleUrl>#s_9_1</styleUrl><LineString><tessellate>1</tessellate><coordinates>-76.974872888,38.862185150,0 -76.974877356,38.864887536,0</coordinates></LineString></Placemark><Placemark><name>SE5 NE5 2</name><styleUrl>#s_9_2</styleUrl><ExtendedData><Data name="bin"><value>SN</value></Data><Data name="azimuth_deg"><value>-0.0741</value></Data><Data name="dist_to_target_m"><value>6852.531</value></Data></ExtendedData><Point><coordinates>-76.974906795,38.882687227,0</coordinates></Point></Placemark><Placemark><name>SE5 NE5 2 pointer</name><styleUrl>#s_9_2</styleUrl><LineString><tessellate>1</tessellate><coordinates>-76.974906795,38.882687227,0 -76.974911266,38.885389604,0</coordinates></LineString></Placemark><Placemark><name>SE5 NE5 3</name><styleUrl>#s_9_3</styleUrl><ExtendedData><Data name="bin"><value>SN</value></Data><Data name="azimuth_deg"><value>-0.0741</value></Data><Data name="dist_to_target_m"><value>4576.531</value></Data></ExtendedData><Point><coordinates>-76.974940722,38.903189232,0</coordinates></Point></Placemark><Placemark><name>SE5 NE5 3 pointer</name><styleUrl>#s_9_3</styleUrl><LineString><tessellate>1</tessellate><coordinates>-76.974940722,38.903189232,0 -76.974944134,38.905250477,0</coordinates></LineString></Placemark><Placemark><name>SE5 NE5 4</name><styleUrl>#s_9_4</styleUrl><ExtendedData><Data name="bin"><value>SN</value></Data><Data name="azimuth_deg"><value>-0.0741</value></Data><Data name="dist_to_target_m"><value>2300.531</value></Data></ExtendedData><Point><coordinates>-76.974974668,38.923691165,0</coordinates></Point></Placemark><Placemark><name>SE5 NE5 4 pointer</name><styleUrl>#s_9_4</styleUrl><LineString><tessellate>1</tessellate><coordinates>-76.974974668,38.923691165,0 -76.974976384,38.924727308,0</coordinates></LineString></Placemark><Placemark><name>SE5 NE5 5</name><styleUrl>#s_9_5</styleUrl><ExtendedData><Data name="bin"><value>SN</value></Data><Data name="azimuth_deg"><value>-0.0741</value></Data><Data name="dist_to_target_m"><value>0.000</value></Data></ExtendedData><Point><coordinates>-76.975009000,38.944414000,0</coordinates></Point></Placemark></Folder><Style id="s_9_0"><IconStyle><color>ff0c0cf2</color><scale>0.75</scale><Icon><href>http://maps.google.com/mapfiles/kml/shapes/star.png</href></Icon></IconStyle><LineStyle><color>ff0c0cf2</color><width>2.0</width></LineStyle><LabelStyle><scale>0.75</scale><color>9bffffff</color></LabelStyle></Style><Style id="s_9_1"><IconStyle><color>ff0b0be5</color><scale>0.75</scale><Icon><href>http://maps.google.com/mapfiles/kml/shapes/triangle.png</href></Icon></IconStyle><LineStyle><color>ff0b0be5</color><width>2.0</width></LineStyle><LabelStyle><scale>0.75</scale><color>9bffffff</color></LabelStyle></Style><Style id="s_9_2"><IconStyle><color>ff0b0bd9</color><scale>0.75</scale><Icon><href>http://maps.google.com/mapfiles/kml/shapes/cross-hairs.png</href></Icon></IconStyle><LineStyle><color>ff0b0bd9</color><width>2.0</width></LineStyle><LabelStyle><scale>0.75</scale><color>9bffffff</color></LabelStyle></Style><Style id="s_9_3"><IconStyle><color>ff0a0acc</color><scale>0.75</scale><Icon><href>http://maps.google.com/mapfiles/kml/shapes/target.png</href></Icon></IconStyle><LineStyle><color>ff0a0acc</color><width>2.0</width></LineStyle><LabelStyle><scale>0.75</scale><color>9bffffff</color></LabelStyle></Style><Style id="s_9_4"><IconStyle><color>ff0a0abf</color><scale>0.75</scale><Icon><href>http://maps.google.com/mapfiles/kml/shapes/open-diamond.png</href></Icon></IconStyle><LineStyle><color>ff0a0abf</color><width>2.0</width></LineStyle><LabelStyle><scale>0.75</scale><color>9bffffff</color></LabelStyle></Style><Style id="s_9_5"><IconStyle><color>ff0909b2</color><scale>0.75</scale><Icon><href>http://maps.google.com/mapfiles/kml/shapes/shaded_dot.png</href></Icon></IconStyle><LineStyle><color>ff0909b2</color><width>2.0</width></LineStyle><LabelStyle><scale>0.75</scale><color>9bffffff</color></LabelStyle></Style><Folder><name>NE4→SE6</name><Placemark><name>NE4 SE6 0</name><styleUrl>#s_10_0</styleUrl><ExtendedData><Data name="bin"><value>NS</value></Data><Data name="azimuth_deg"><value>179.9149</value></Data><Data name="dist_to_target_m"><value>13687.528</value></Data></ExtendedData><Point><coordinates>-76.988207000,38.954733000,0</coordinates></Point></Placemark><Placemark><name>NE4 SE6 0 pointer</name><styleUrl>#s_10_0</styleUrl><LineString><tessellate>1</tessellate><coordinates>-76.988207000,38.954733000,0 -76.988201863,38.952030656,0</coordinates></LineString></Placemark><Placemark><name>NE4 SE6 1</name><styleUrl>#s_10_1</styleUrl><ExtendedData><Data name="bin"><value>NS</value></Data><Data name="azimuth_deg"><value>179.9150</value></Data><Data name="dist_to_target_m"><value>11411.528</value></Data></ExtendedData><Point><coordinates>-76.988168034,38.934231182,0</coordinates></Point></Placemark><Placemark><name>NE4 SE6 1 pointer</name><styleUrl>#s_10_1</styleUrl><LineString><tessellate>1</tessellate><coordinates>-76.988168034,38.934231182,0 -76.988162899,38.931528828,0</coordinates></LineString></Placemark><Placemark><name>NE4 SE6 2</name><styleUrl>#s_10_2</styleUrl><ExtendedData><Data name="bin"><value>NS</value></Data><Data name="azimuth_deg"><value>179.9150</value></Data><Data name="dist_to_target_m"><value>9135.528</value></Data></ExtendedData><Point><coordinates>-76.988129090,38.913729291,0</coordinates></Point></Placemark><Placemark><name>NE4 SE6 2 pointer</name><styleUrl>#s_10_2</styleUrl><LineString><tessellate>1</tessellate><coordinates>-76.988129090,38.913729291,0 -76.988123958,38.911026928,0</coordinates></LineString></Placemark><Placemark><name>NE4 SE6 3</name><styleUrl>#s_10_3</styleUrl><ExtendedData><Data name="bin"><value>NS</value></Data><Data name="azimuth_deg"><value>179.9150</value></Data><Data name="dist_to_target_m"><value>6859.528</value></Data></ExtendedData><Point><coordinates>-76.988090168,38.893227329,0</coordinates></Point></Placemark><Placemark><name>NE4 SE6 3 pointer</name><styleUrl>#s_10_3</styleUrl><LineString><tessellate>1</tessellate><coordinates>-76.988090168,38.893227329,0 -76.988085040,38.890524956,0</coordinates></LineString></Placemark><Placemark><name>NE4 SE6 4</name><styleUrl>#s_10_4</styleUrl><ExtendedData><Data name="bin"><value>NS</value></Data><Data name="azimuth_deg"><value>179.9150</value></Data><Data name="dist_to_target_m"><value>4583.528</value></Data></ExtendedData><Point><coordinates>-76.988051269,38.872725294,0</coordinates></Point></Placemark><Placemark><name>NE4 SE6 4 pointer</name><styleUrl>#s_10_4</styleUrl><LineString><tessellate>1</tessellate><coordinates>-76.988051269,38.872725294,0 -76.988047354,38.870660886,0</coordinates></LineString></Placemark><Placemark><name>NE4 SE6 5</name><styleUrl>#s_10_5</styleUrl><ExtendedData><Data name="bin"><value>NS</value></Data><Data name="azimuth_deg"><value>179.9151</value></Data><Data name="dist_to_target_m"><value>2307.528</value></Data></ExtendedData><Point><coordinates>-76.988012393,38.852223187,0</coordinates></Point></Placemark><Placemark><name>NE4 SE6 5 pointer</name><styleUrl>#s_10_5</styleUrl><LineString><tessellate>1</tessellate><coordinates>-76.988012393,38.852223187,0 -76.988010422,38.851183879,0</coordinates></LineString></Placemark><Placemark><name>NE4 SE6 6</name><styleUrl>#s_10_6</styleUrl><ExtendedData><Data name="bin"><value>NS</value></Data><Data name="azimuth_deg"><value>179.9151</value></Data><Data name="dist_to_target_m"><value>0.000</value></Data></ExtendedData><Point><coordinates>-76.987973000,38.831437000,0</coordinates></Point></Placemark></Folder><Style id="s_10_0"><IconStyle><color>ff0cf2f2</color><scale>0.75</scale><Icon><href>http://maps.google.com/mapfiles/kml/shapes/star.png</href></Icon></IconStyle><LineStyle><color>ff0cf2f2</color><width>2.0</width></LineStyle><LabelStyle><scale>0.75</scale><color>9bffffff</color></LabelStyle></Style><Style id="s_10_1"><IconStyle><color>ff0ce8e8</color><scale>0.75</scale><Icon><href>http://maps.google.com/mapfiles/kml/shapes/triangle.png</href></Icon></IconStyle><LineStyle><color>ff0ce8e8</color><width>2.0</width></LineStyle><LabelStyle><scale>0.75</scale><color>9bffffff</color></LabelStyle></Style><Style id="s_10_2"><IconStyle><color>ff0bdddd</color><scale>0.75</scale><Icon><href>http://maps.google.com/mapfiles/kml/shapes/cross-hairs.png</href></Icon></IconStyle><LineStyle><color>ff0bdddd</color><width>2.0</width></LineStyle><LabelStyle><scale>0.75</scale><color>9bffffff</color></LabelStyle></Style><Style id="s_10_3"><IconStyle><color>ff0bd2d2</color><scale>0.75</scale><Icon><href>http://maps.google.com/mapfiles/kml/shapes/target.png</href></Icon></IconStyle><LineStyle><color>ff0bd2d2</color><width>2.0</width></LineStyle><LabelStyle><scale>0.75</scale><color>9bffffff</color></LabelStyle></Style><Style id="s_10_4"><IconStyle><color>ff0ac8c8</color><scale>0.75</scale><Icon><href>http://maps.google.com/mapfiles/kml/shapes/open-diamond.png</href></Icon></IconStyle><LineStyle><color>ff0ac8c8</color><width>2.0</width></LineStyle><LabelStyle><scale>0.75</scale><color>9bffffff</color></LabelStyle></Style><Style id="s_10_5"><IconStyle><color>ff09bdbd</color><scale>0.75</scale><Icon><href>http://maps.google.com/mapfiles/kml/shapes/shaded_dot.png</href></Icon></IconStyle><LineStyle><color>ff09bdbd</color><width>2.0</width></LineStyle><LabelStyle><scale>0.75</scale><color>9bffffff</color></LabelStyle></Style><Style id="s_10_6"><IconStyle><color>ff09b2b2</color><scale>0.75</scale><Icon><href>http://maps.google.com/mapfiles/kml/shapes/donut.png</href></Icon></IconStyle><LineStyle><color>ff09b2b2</color><width>2.0</width></LineStyle><LabelStyle><scale>0.75</scale><color>9bffffff</color></LabelStyle></Style><Folder><name>SE6→NE4</name><Placemark><name>SE6 NE4 0</name><styleUrl>#s_11_0</styleUrl><ExtendedData><Data name="bin"><value>SN</value></Data><Data name="azimuth_deg"><value>-0.0849</value></Data><Data name="dist_to_target_m"><value>13687.528</value></Data></ExtendedData><Point><coordinates>-76.987973000,38.831437000,0</coordinates></Point></Placemark><Placemark><name>SE6 NE4 0 pointer</name><styleUrl>#s_11_0</styleUrl><LineString><tessellate>1</tessellate><coordinates>-76.987973000,38.831437000,0 -76.987978120,38.834139400,0</coordinates></LineString></Placemark><Placemark><name>SE6 NE4 1</name><styleUrl>#s_11_1</styleUrl><ExtendedData><Data name="bin"><value>SN</value></Data><Data name="azimuth_deg"><value>-0.0849</value></Data><Data name="dist_to_target_m"><value>11411.528</value></Data></ExtendedData><Point><coordinates>-76.988011854,38.851939180,0</coordinates></Point></Placemark><Placemark><name>SE6 NE4 1 pointer</name><styleUrl>#s_11_1</styleUrl><LineString><tessellate>1</tessellate><coordinates>-76.988011854,38.851939180,0 -76.988016977,38.854641571,0</coordinates></LineString></Placemark><Placemark><name>SE6 NE4 2</name><styleUrl>#s_11_2</styleUrl><ExtendedData><Data name="bin"><value>SN</value></Data><Data name="azimuth_deg"><value>-0.0850</value></Data><Data name="dist_to_target_m"><value>9135.528</value></Data></ExtendedData><Point><coordinates>-76.988050731,38.872441288,0</coordinates></Point></Placemark><Placemark><name>SE6 NE4 2 pointer</name><styleUrl>#s_11_2</styleUrl><LineString><tessellate>1</tessellate><coordinates>-76.988050731,38.872441288,0 -76.988055857,38.875143670,0</coordinates></LineString></Placemark><Placemark><name>SE6 NE4 3</name><styleUrl>#s_11_3</styleUrl><ExtendedData><Data name="bin"><value>SN</value></Data><Data name="azimuth_deg"><value>-0.0850</value></Data><Data name="dist_to_target_m"><value>6859.528</value></Data></ExtendedData><Point><coordinates>-76.988089629,38.892943324,0</coordinates></Point></Placemark><Placemark><name>SE6 NE4 3 pointer</name><styleUrl>#s_11_3</styleUrl><LineString><tessellate>1</tessellate><coordinates>-76.988089629,38.892943324,0 -76.988094758,38.895645696,0</coordinates></LineString></Placemark><Placemark><name>SE6 NE4 4</name><styleUrl>#s_11_4</styleUrl><ExtendedData><Data name="bin"><value>SN</value></Data><Data name="azimuth_deg"><value>-0.0850</value></Data><Data name="dist_to_target_m"><value>4583.528</value></Data></ExtendedData><Point><coordinates>-76.988128551,38.913445288,0</coordinates></Point></Placemark><Placemark><name>SE6 NE4 4 pointer</name><styleUrl>#s_11_4</styleUrl><LineString><tessellate>1</tessellate><coordinates>-76.988128551,38.913445288,0 -76.988132471,38.915509680,0</coordinates></LineString></Placemark><Placemark><name>SE6 NE4 5</name><styleUrl>#s_11_5</styleUrl><ExtendedData><Data name="bin"><value>SN</value></Data><Data name="azimuth_deg"><value>-0.0850</value></Data><Data name="dist_to_target_m"><value>2307.528</value></Data></ExtendedData><Point><coordinates>-76.988167494,38.933947179,0</coordinates></Point></Placemark><Placemark><name>SE6 NE4 5 pointer</name><styleUrl>#s_11_5</styleUrl><LineString><tessellate>1</tessellate><coordinates>-76.988167494,38.933947179,0 -76.988169469,38.934986472,0</coordinates></LineString></Placemark><Placemark><name>SE6 NE4 6</name><styleUrl>#s_11_6</styleUrl><ExtendedData><Data name="bin"><value>SN</value></Data><Data name="azimuth_deg"><value>-0.0851</value></Data><Data name="dist_to_target_m"><value>0.000</value></Data></ExtendedData><Point><coordinates>-76.988207000,38.954733000,0</coordinates></Point></Placemark></Folder><Style id="s_11_0"><IconStyle><color>ff0c0cf2</color><scale>0.75</scale><Icon><href>http://maps.google.com/mapfiles/kml/shapes/star.png</href></Icon></IconStyle><LineStyle><color>ff0c0cf2</color><width>2.0</width></LineStyle><LabelStyle><scale>0.75</scale><color>9bffffff</color></LabelStyle></Style><Style id="s_11_1"><IconStyle><color>ff0c0ce8</color><scale>0.75</scale><Icon><href>http://maps.google.com/mapfiles/kml/shapes/triangle.png</href></Icon></IconStyle><LineStyle><color>ff0c0ce8</color><width>2.0</width></LineStyle><LabelStyle><scale>0.75</scale><color>9bffffff</color></LabelStyle></Style><Style id="s_11_2"><IconStyle><color>ff0b0bdd</color><scale>0.75</scale><Icon><href>http://maps.google.com/mapfiles/kml/shapes/cross-hairs.png</href></Icon></IconStyle><LineStyle><color>ff0b0bdd</color><width>2.0</width></LineStyle><LabelStyle><scale>0.75</scale><color>9bffffff</color></LabelStyle></Style><Style id="s_11_3"><IconStyle><color>ff0b0bd2</color><scale>0.75</scale><Icon><href>http://maps.google.com/mapfiles/kml/shapes/target.png</href></Icon></IconStyle><LineStyle><color>ff0b0bd2</color><width>2.0</width></LineStyle><LabelStyle><scale>0.75</scale><color>9bffffff</color></LabelStyle></Style><Style id="s_11_4"><IconStyle><color>ff0a0ac8</color><scale>0.75</scale><Icon><href>http://maps.google.com/mapfiles/kml/shapes/open-diamond.png</href></Icon></IconStyle><LineStyle><color>ff0a0ac8</color><width>2.0</width></LineStyle><LabelStyle><scale>0.75</scale><color>9bffffff</color></LabelStyle></Style><Style id="s_11_5"><IconStyle><color>ff0909bd</color><scale>0.75</scale><Icon><href>http://maps.google.com/mapfiles/kml/shapes/shaded_dot.png</href></Icon></IconStyle><LineStyle><color>ff0909bd</color><width>2.0</width></LineStyle><LabelStyle><scale>0.75</scale><color>9bffffff</color></LabelStyle></Style><Style id="s_11_6"><IconStyle><color>ff0909b2</color><scale>0.75</scale><Icon><href>http://maps.google.com/mapfiles/kml/shapes/donut.png</href></Icon></IconStyle><LineStyle><color>ff0909b2</color><width>2.0</width></LineStyle><LabelStyle><scale>0.75</scale><color>9bffffff</color></LabelStyle></Style><Folder><name>NE3→SE7</name><Placemark><name>NE3 SE7 0</name><styleUrl>#s_12_0</styleUrl><ExtendedData><Data name="bin"><value>NS</value></Data><Data name="azimuth_deg"><value>179.8152</value></Data><Data name="dist_to_target_m"><value>15994.456</value></Data></ExtendedData><Point><coordinates>-77.001690000,38.965273000,0</coordinates></Point></Placemark><Placemark><name>NE3 SE7 0 pointer</name><styleUrl>#s_12_0</styleUrl><LineString><tessellate>1</tessellate><coordinates>-77.001690000,38.965273000,0 -77.001678837,38.962570671,0</coordinates></LineString></Placemark><Placemark><name>NE3 SE7 1</name><styleUrl>#s_12_1</styleUrl><ExtendedData><Data name="bin"><value>NS</value></Data><Data name="azimuth_deg"><value>179.8153</value></Data><Data name="dist_to_target_m"><value>13718.456</value></Data></ExtendedData><Point><coordinates>-77.001605328,38.944771303,0</coordinates></Point></Placemark><Placemark><name>NE3 SE7 1 pointer</name><styleUrl>#s_12_1</styleUrl><LineString><tessellate>1</tessellate><coordinates>-77.001605328,38.944771303,0 -77.001594171,38.942068965,0</coordinates></LineString></Placemark><Placemark><name>NE3 SE7 2</name><styleUrl>#s_12_2</styleUrl><ExtendedData><Data name="bin"><value>NS</value></Data><Data name="azimuth_deg"><value>179.8153</value></Data><Data name="dist_to_target_m"><value>11442.456</value></Data></ExtendedData><Point><coordinates>-77.001520704,38.924269534,0</coordinates></Point></Placemark><Placemark><name>NE3 SE7 2 pointer</name><styleUrl>#s_12_2</styleUrl><LineString><tessellate>1</tessellate><coordinates>-77.001520704,38.924269534,0 -77.001509553,38.921567186,0</coordinates></LineString></Placemark><Placemark><name>NE3 SE7 3</name><styleUrl>#s_12_3</styleUrl><ExtendedData><Data name="bin"><value>NS</value></Data><Data name="azimuth_deg"><value>179.8154</value></Data><Data name="dist_to_target_m"><value>9166.456</value></Data></ExtendedData><Point><coordinates>-77.001436129,38.903767692,0</coordinates></Point></Placemark><Placemark><name>NE3 SE7 3 pointer</name><styleUrl>#s_12_3</styleUrl><LineString><tessellate>1</tessellate><coordinates>-77.001436129,38.903767692,0 -77.001424985,38.901065335,0</coordinates></LineString></Placemark><Placemark><name>NE3 SE7 4</name><styleUrl>#s_12_4</styleUrl><ExtendedData><Data name="bin"><value>NS</value></Data><Data name="azimuth_deg"><value>179.8154</value></Data><Data name="dist_to_target_m"><value>6890.456</value></Data></ExtendedData><Point><coordinates>-77.001351603,38.883265778,0</coordinates></Point></Placemark><Placemark><name>NE3 SE7 4 pointer</name><styleUrl>#s_12_4</styleUrl><LineString><tessellate>1</tessellate><coordinates>-77.001351603,38.883265778,0 -77.001340465,38.880563412,0</coordinates></LineString></Placemark><Placemark><name>NE3 SE7 5</name><styleUrl>#s_12_5</styleUrl><ExtendedData><Data name="bin"><value>NS</value></Data><Data name="azimuth_deg"><value>179.8155</value></Data><Data name="dist_to_target_m"><value>4614.456</value></Data></ExtendedData><Point><coordinates>-77.001267125,38.862763792,0</coordinates></Point></Placemark><Placemark><name>NE3 SE7 5 pointer</name><styleUrl>#s_12_5</styleUrl><LineString><tessellate>1</tessellate><coordinates>-77.001267125,38.862763792,0 -77.001258564,38.860685460,0</coordinates></LineString></Placemark><Placemark><name>NE3 SE7 6</name><styleUrl>#s_12_6</styleUrl><ExtendedData><Data name="bin"><value>NS</value></Data><Data name="azimuth_deg"><value>179.8155</value></Data><Data name="dist_to_target_m"><value>2338.456</value></Data></ExtendedData><Point><coordinates>-77.001182696,38.842261734,0</coordinates></Point></Placemark><Placemark><name>NE3 SE7 6 pointer</name><styleUrl>#s_12_6</styleUrl><LineString><tessellate>1</tessellate><coordinates>-77.001182696,38.842261734,0 -77.001178360,38.841208499,0</coordinates></LineString></Placemark><Placemark><name>NE3 SE7 7</name><styleUrl>#s_12_7</styleUrl><ExtendedData><Data name="bin"><value>NS</value></Data><Data name="azimuth_deg"><value>179.8156</value></Data><Data name="dist_to_target_m"><value>0.000</value></Data></ExtendedData><Point><coordinates>-77.001096000,38.821197000,0</coordinates></Point></Placemark></Folder><Style id="s_12_0"><IconStyle><color>ff0cf2f2</color><scale>0.75</scale><Icon><href>http://maps.google.com/mapfiles/kml/shapes/star.png</href></Icon></IconStyle><LineStyle><color>ff0cf2f2</color><width>2.0</width></LineStyle><LabelStyle><scale>0.75</scale><color>9bffffff</color></LabelStyle></Style><Style id="s_12_1"><IconStyle><color>ff0ce9e9</color><scale>0.75</scale><Icon><href>http://maps.google.com/mapfiles/kml/shapes/triangle.png</href></Icon></IconStyle><LineStyle><color>ff0ce9e9</color><width>2.0</width></LineStyle><LabelStyle><scale>0.75</scale><color>9bffffff</color></LabelStyle></Style><Style id="s_12_2"><IconStyle><color>ff0be0e0</color><scale>0.75</scale><Icon><href>http://maps.google.com/mapfiles/kml/shapes/cross-hairs.png</href></Icon></IconStyle><LineStyle><color>ff0be0e0</color><width>2.0</width></LineStyle><LabelStyle><scale>0.75</scale><color>9bffffff</color></LabelStyle></Style><Style id="s_12_3"><IconStyle><color>ff0bd7d7</color><scale>0.75</scale><Icon><href>http://maps.google.com/mapfiles/kml/shapes/target.png</href></Icon></IconStyle><LineStyle><color>ff0bd7d7</color><width>2.0</width></LineStyle><LabelStyle><scale>0.75</scale><color>9bffffff</color></LabelStyle></Style><Style id="s_12_4"><IconStyle><color>ff0acece</color><scale>0.75</scale><Icon><href>http://maps.google.com/mapfiles/kml/shapes/open-diamond.png</href></Icon></IconStyle><LineStyle><color>ff0acece</color><width>2.0</width></LineStyle><LabelStyle><scale>0.75</scale><color>9bffffff</color></LabelStyle></Style><Style id="s_12_5"><IconStyle><color>ff0ac5c5</color><scale>0.75</scale><Icon><href>http://maps.google.com/mapfiles/kml/shapes/shaded_dot.png</href></Icon></IconStyle><LineStyle><color>ff0ac5c5</color><width>2.0</width></LineStyle><LabelStyle><scale>0.75</scale><color>9bffffff</color></LabelStyle></Style><Style id="s_12_6"><IconStyle><color>ff09bcbc</color><scale>0.75</scale><Icon><href>http://maps.google.com/mapfiles/kml/shapes/donut.png</href></Icon></IconStyle><LineStyle><color>ff09bcbc</color><width>2.0</width></LineStyle><LabelStyle><scale>0.75</scale><color>9bffffff</color></LabelStyle></Style><Style id="s_12_7"><IconStyle><color>ff09b2b2</color><scale>0.75</scale><Icon><href>http://maps.google.com/mapfiles/kml/shapes/square.png</href></Icon></IconStyle><LineStyle><color>ff09b2b2</color><width>2.0</width></LineStyle><LabelStyle><scale>0.75</scale><color>9bffffff</color></LabelStyle></Style><Folder><name>SE7→NE3</name><Placemark><name>SE7 NE3 0</name><styleUrl>#s_13_0</styleUrl><ExtendedData><Data name="bin"><value>SN</value></Data><Data name="azimuth_deg"><value>-0.1844</value></Data><Data name="dist_to_target_m"><value>15994.456</value></Data></ExtendedData><Point><coordinates>-77.001096000,38.821197000,0</coordinates></Point></Placemark><Placemark><name>SE7 NE3 0 pointer</name><styleUrl>#s_13_0</styleUrl><LineString><tessellate>1</tessellate><coordinates>-77.001096000,38.821197000,0 -77.001107119,38.823899394,0</coordinates></LineString></Placemark><Placemark><name>SE7 NE3 1</name><styleUrl>#s_13_1</styleUrl><ExtendedData><Data name="bin"><value>SN</value></Data><Data name="azimuth_deg"><value>-0.1845</value></Data><Data name="dist_to_target_m"><value>13718.456</value></Data></ExtendedData><Point><coordinates>-77.001180379,38.841699133,0</coordinates></Point></Placemark><Placemark><name>SE7 NE3 1 pointer</name><styleUrl>#s_13_1</styleUrl><LineString><tessellate>1</tessellate><coordinates>-77.001180379,38.841699133,0 -77.001191505,38.844401517,0</coordinates></LineString></Placemark><Placemark><name>SE7 NE3 2</name><styleUrl>#s_13_2</styleUrl><ExtendedData><Data name="bin"><value>SN</value></Data><Data name="azimuth_deg"><value>-0.1845</value></Data><Data name="dist_to_target_m"><value>11442.456</value></Data></ExtendedData><Point><coordinates>-77.001264807,38.862201193,0</coordinates></Point></Placemark><Placemark><name>SE7 NE3 2 pointer</name><styleUrl>#s_13_2</styleUrl><LineString><tessellate>1</tessellate><coordinates>-77.001264807,38.862201193,0 -77.001275939,38.864903568,0</coordinates></LineString></Placemark><Placemark><name>SE7 NE3 3</name><styleUrl>#s_13_3</styleUrl><ExtendedData><Data name="bin"><value>SN</value></Data><Data name="azimuth_deg"><value>-0.1846</value></Data><Data name="dist_to_target_m"><value>9166.456</value></Data></ExtendedData><Point><coordinates>-77.001349284,38.882703181,0</coordinates></Point></Placemark><Placemark><name>SE7 NE3 3 pointer</name><styleUrl>#s_13_3</styleUrl><LineString><tessellate>1</tessellate><coordinates>-77.001349284,38.882703181,0 -77.001360422,38.885405546,0</coordinates></LineString></Placemark><Placemark><name>SE7 NE3 4</name><styleUrl>#s_13_4</styleUrl><ExtendedData><Data name="bin"><value>SN</value></Data><Data name="azimuth_deg"><value>-0.1846</value></Data><Data name="dist_to_target_m"><value>6890.456</value></Data></ExtendedData><Point><coordinates>-77.001433809,38.903205097,0</coordinates></Point></Placemark><Placemark><name>SE7 NE3 4 pointer</name><styleUrl>#s_13_4</styleUrl><LineString><tessellate>1</tessellate><coordinates>-77.001433809,38.903205097,0 -77.001444954,38.905907453,0</coordinates></LineString></Placemark><Placemark><name>SE7 NE3 5</name><styleUrl>#s_13_5</styleUrl><ExtendedData><Data name="bin"><value>SN</value></Data><Data name="azimuth_deg"><value>-0.1847</value></Data><Data name="dist_to_target_m"><value>4614.456</value></Data></ExtendedData><Point><coordinates>-77.001518382,38.923706940,0</coordinates></Point></Placemark><Placemark><name>SE7 NE3 5 pointer</name><styleUrl>#s_13_5</styleUrl><LineString><tessellate>1</tessellate><coordinates>-77.001518382,38.923706940,0 -77.001526959,38.925785250,0</coordinates></LineString></Placemark><Placemark><name>SE7 NE3 6</name><styleUrl>#s_13_6</styleUrl><ExtendedData><Data name="bin"><value>SN</value></Data><Data name="azimuth_deg"><value>-0.1847</value></Data><Data name="dist_to_target_m"><value>2338.456</value></Data></ExtendedData><Point><coordinates>-77.001603005,38.944208712,0</coordinates></Point></Placemark><Placemark><name>SE7 NE3 6 pointer</name><styleUrl>#s_13_6</styleUrl><LineString><tessellate>1</tessellate><coordinates>-77.001603005,38.944208712,0 -77.001607353,38.945261928,0</coordinates></LineString></Placemark><Placemark><name>SE7 NE3 7</name><styleUrl>#s_13_7</styleUrl><ExtendedData><Data name="bin"><value>SN</value></Data><Data name="azimuth_deg"><value>-0.1848</value></Data><Data name="dist_to_target_m"><value>0.000</value></Data></ExtendedData><Point><coordinates>-77.001690000,38.965273000,0</coordinates></Point></Placemark></Folder><Style id="s_13_0"><IconStyle><color>ff0c0cf2</color><scale>0.75</scale><Icon><href>http://maps.google.com/mapfiles/kml/shapes/star.png</href></Icon></IconStyle><LineStyle><color>ff0c0cf2</color><width>2.0</width></LineStyle><LabelStyle><scale>0.75</scale><color>9bffffff</color></LabelStyle></Style><Style id="s_13_1"><IconStyle><color>ff0c0ce9</color><scale>0.75</scale><Icon><href>http://maps.google.com/mapfiles/kml/shapes/triangle.png</href></Icon></IconStyle><LineStyle><color>ff0c0ce9</color><width>2.0</width></LineStyle><LabelStyle><scale>0.75</scale><color>9bffffff</color></LabelStyle></Style><Style id="s_13_2"><IconStyle><color>ff0b0be0</color><scale>0.75</scale><Icon><href>http://maps.google.com/mapfiles/kml/shapes/cross-hairs.png</href></Icon></IconStyle><LineStyle><color>ff0b0be0</color><width>2.0</width></LineStyle><LabelStyle><scale>0.75</scale><color>9bffffff</color></LabelStyle></Style><Style id="s_13_3"><IconStyle><color>ff0b0bd7</color><scale>0.75</scale><Icon><href>http://maps.google.com/mapfiles/kml/shapes/target.png</href></Icon></IconStyle><LineStyle><color>ff0b0bd7</color><width>2.0</width></LineStyle><LabelStyle><scale>0.75</scale><color>9bffffff</color></LabelStyle></Style><Style id="s_13_4"><IconStyle><color>ff0a0ace</color><scale>0.75</scale><Icon><href>http://maps.google.com/mapfiles/kml/shapes/open-diamond.png</href></Icon></IconStyle><LineStyle><color>ff0a0ace</color><width>2.0</width></LineStyle><LabelStyle><scale>0.75</scale><color>9bffffff</color></LabelStyle></Style><Style id="s_13_5"><IconStyle><color>ff0a0ac5</color><scale>0.75</scale><Icon><href>http://maps.google.com/mapfiles/kml/shapes/shaded_dot.png</href></Icon></IconStyle><LineStyle><color>ff0a0ac5</color><width>2.0</width></LineStyle><LabelStyle><scale>0.75</scale><color>9bffffff</color></LabelStyle></Style><Style id="s_13_6"><IconStyle><color>ff0909bc</color><scale>0.75</scale><Icon><href>http://maps.google.com/mapfiles/kml/shapes/donut.png</href></Icon></IconStyle><LineStyle><color>ff0909bc</color><width>2.0</width></LineStyle><LabelStyle><scale>0.75</scale><color>9bffffff</color></LabelStyle></Style><Style id="s_13_7"><IconStyle><color>ff0909b2</color><scale>0.75</scale><Icon><href>http://maps.google.com/mapfiles/kml/shapes/square.png</href></Icon></IconStyle><LineStyle><color>ff0909b2</color><width>2.0</width></LineStyle><LabelStyle><scale>0.75</scale><color>9bffffff</color></LabelStyle></Style><Folder><name>NE2→SE8</name><Placemark><name>NE2 SE8 0</name><styleUrl>#s_14_0</styleUrl><ExtendedData><Data name="bin"><value>NS</value></Data><Data name="azimuth_deg"><value>179.9062</value></Data><Data name="dist_to_target_m"><value>18254.076</value></Data></ExtendedData><Point><coordinates>-77.014594000,38.975351000,0</coordinates></Point></Placemark><Placemark><name>NE2 SE8 0 pointer</name><styleUrl>#s_14_0</styleUrl><LineString><tessellate>1</tessellate><coordinates>-77.014594000,38.975351000,0 -77.014588334,38.972648666,0</coordinates></LineString></Placemark><Placemark><name>NE2 SE8 1</name><styleUrl>#s_14_1</styleUrl><ExtendedData><Data name="bin"><value>NS</value></Data><Data name="azimuth_deg"><value>179.9062</value></Data><Data name="dist_to_target_m"><value>15978.076</value></Data></ExtendedData><Point><coordinates>-77.014551022,38.954849259,0</coordinates></Point></Placemark><Placemark><name>NE2 SE8 1 pointer</name><styleUrl>#s_14_1</styleUrl><LineString><tessellate>1</tessellate><coordinates>-77.014551022,38.954849259,0 -77.014545359,38.952146916,0</coordinates></LineString></Placemark><Placemark><name>NE2 SE8 2</name><styleUrl>#s_14_2</styleUrl><ExtendedData><Data name="bin"><value>NS</value></Data><Data name="azimuth_deg"><value>179.9063</value></Data><Data name="dist_to_target_m"><value>13702.076</value></Data></ExtendedData><Point><coordinates>-77.014508068,38.934347446,0</coordinates></Point></Placemark><Placemark><name>NE2 SE8 2 pointer</name><styleUrl>#s_14_2</styleUrl><LineString><tessellate>1</tessellate><coordinates>-77.014508068,38.934347446,0 -77.014502409,38.931645093,0</coordinates></LineString></Placemark><Placemark><name>NE2 SE8 3</name><styleUrl>#s_14_3</styleUrl><ExtendedData><Data name="bin"><value>NS</value></Data><Data name="azimuth_deg"><value>179.9063</value></Data><Data name="dist_to_target_m"><value>11426.076</value></Data></ExtendedData><Point><coordinates>-77.014465140,38.913845561,0</coordinates></Point></Placemark><Placemark><name>NE2 SE8 3 pointer</name><styleUrl>#s_14_3</styleUrl><LineString><tessellate>1</tessellate><coordinates>-77.014465140,38.913845561,0 -77.014459483,38.911143198,0</coordinates></LineString></Placemark><Placemark><name>NE2 SE8 4</name><styleUrl>#s_14_4</styleUrl><ExtendedData><Data name="bin"><value>NS</value></Data><Data name="azimuth_deg"><value>179.9063</value></Data><Data name="dist_to_target_m"><value>9150.076</value></Data></ExtendedData><Point><coordinates>-77.014422236,38.893343604,0</coordinates></Point></Placemark><Placemark><name>NE2 SE8 4 pointer</name><styleUrl>#s_14_4</styleUrl><LineString><tessellate>1</tessellate><coordinates>-77.014422236,38.893343604,0 -77.014416583,38.890641232,0</coordinates></LineString></Placemark><Placemark><name>NE2 SE8 5</name><styleUrl>#s_14_5</styleUrl><ExtendedData><Data name="bin"><value>NS</value></Data><Data name="azimuth_deg"><value>179.9064</value></Data><Data name="dist_to_target_m"><value>6874.076</value></Data></ExtendedData><Point><coordinates>-77.014379357,38.872841574,0</coordinates></Point></Placemark><Placemark><name>NE2 SE8 5 pointer</name><styleUrl>#s_14_5</styleUrl><LineString><tessellate>1</tessellate><coordinates>-77.014379357,38.872841574,0 -77.014373706,38.870139193,0</coordinates></LineString></Placemark><Placemark><name>NE2 SE8 6</name><styleUrl>#s_14_6</styleUrl><ExtendedData><Data name="bin"><value>NS</value></Data><Data name="azimuth_deg"><value>179.9064</value></Data><Data name="dist_to_target_m"><value>4598.076</value></Data></ExtendedData><Point><coordinates>-77.014336502,38.852339473,0</coordinates></Point></Placemark><Placemark><name>NE2 SE8 6 pointer</name><styleUrl>#s_14_6</styleUrl><LineString><tessellate>1</tessellate><coordinates>-77.014336502,38.852339473,0 -77.014332174,38.850268506,0</coordinates></LineString></Placemark><Placemark><name>NE2 SE8 7</name><styleUrl>#s_14_7</styleUrl><ExtendedData><Data name="bin"><value>NS</value></Data><Data name="azimuth_deg"><value>179.9064</value></Data><Data name="dist_to_target_m"><value>2322.076</value></Data></ExtendedData><Point><coordinates>-77.014293672,38.831837299,0</coordinates></Point></Placemark><Placemark><name>NE2 SE8 7 pointer</name><styleUrl>#s_14_7</styleUrl><LineString><tessellate>1</tessellate><coordinates>-77.014293672,38.831837299,0 -77.014291488,38.830791436,0</coordinates></LineString></Placemark><Placemark><name>NE2 SE8 8</name><styleUrl>#s_14_8</styleUrl><ExtendedData><Data name="bin"><value>NS</value></Data><Data name="azimuth_deg"><value>179.9064</value></Data><Data name="dist_to_target_m"><value>0.000</value></Data></ExtendedData><Point><coordinates>-77.014250000,38.810920000,0</coordinates></Point></Placemark></Folder><Style id="s_14_0"><IconStyle><color>ff0cf2f2</color><scale>0.75</scale><Icon><href>http://maps.google.com/mapfiles/kml/shapes/star.png</href></Icon></IconStyle><LineStyle><color>ff0cf2f2</color><width>2.0</width></LineStyle><LabelStyle><scale>0.75</scale><color>9bffffff</color></LabelStyle></Style><Style id="s_14_1"><IconStyle><color>ff0ceaea</color><scale>0.75</scale><Icon><href>http://maps.google.com/mapfiles/kml/shapes/triangle.png</href></Icon></IconStyle><LineStyle><color>ff0ceaea</color><width>2.0</width></LineStyle><LabelStyle><scale>0.75</scale><color>9bffffff</color></LabelStyle></Style><Style id="s_14_2"><IconStyle><color>ff0be2e2</color><scale>0.75</scale><Icon><href>http://maps.google.com/mapfiles/kml/shapes/cross-hairs.png</href></Icon></IconStyle><LineStyle><color>ff0be2e2</color><width>2.0</width></LineStyle><LabelStyle><scale>0.75</scale><color>9bffffff</color></LabelStyle></Style><Style id="s_14_3"><IconStyle><color>ff0bdada</color><scale>0.75</scale><Icon><href>http://maps.google.com/mapfiles/kml/shapes/target.png</href></Icon></IconStyle><LineStyle><color>ff0bdada</color><width>2.0</width></LineStyle><LabelStyle><scale>0.75</scale><color>9bffffff</color></LabelStyle></Style><Style id="s_14_4"><IconStyle><color>ff0bd2d2</color><scale>0.75</scale><Icon><href>http://maps.google.com/mapfiles/kml/shapes/open-diamond.png</href></Icon></IconStyle><LineStyle><color>ff0bd2d2</color><width>2.0</width></LineStyle><LabelStyle><scale>0.75</scale><color>9bffffff</color></LabelStyle></Style><Style id="s_14_5"><IconStyle><color>ff0acaca</color><scale>0.75</scale><Icon><href>http://maps.google.com/mapfiles/kml/shapes/shaded_dot.png</href></Icon></IconStyle><LineStyle><color>ff0acaca</color><width>2.0</width></LineStyle><LabelStyle><scale>0.75</scale><color>9bffffff</color></LabelStyle></Style><Style id="s_14_6"><IconStyle><color>ff0ac2c2</color><scale>0.75</scale><Icon><href>http://maps.google.com/mapfiles/kml/shapes/donut.png</href></Icon></IconStyle><LineStyle><color>ff0ac2c2</color><width>2.0</width></LineStyle><LabelStyle><scale>0.75</scale><color>9bffffff</color></LabelStyle></Style><Style id="s_14_7"><IconStyle><color>ff09baba</color><scale>0.75</scale><Icon><href>http://maps.google.com/mapfiles/kml/shapes/square.png</href></Icon></IconStyle><LineStyle><color>ff09baba</color><width>2.0</width></LineStyle><LabelStyle><scale>0.75</scale><color>9bffffff</color></LabelStyle></Style><Style id="s_14_8"><IconStyle><color>ff09b2b2</color><scale>0.75</scale><Icon><href>http://maps.google.com/mapfiles/kml/shapes/placemark_circle.png</href></Icon></IconStyle><LineStyle><color>ff09b2b2</color><width>2.0</width></LineStyle><LabelStyle><scale>0.75</scale><color>9bffffff</color></LabelStyle></Style><Folder><name>SE8→NE2</name><Placemark><name>SE8 NE2 0</name><styleUrl>#s_15_0</styleUrl><ExtendedData><Data name="bin"><value>SN</value></Data><Data name="azimuth_deg"><value>-0.0936</value></Data><Data name="dist_to_target_m"><value>18254.076</value></Data></ExtendedData><Point><coordinates>-77.014250000,38.810920000,0</coordinates></Point></Placemark><Placemark><name>SE8 NE2 0 pointer</name><styleUrl>#s_15_0</styleUrl><LineString><tessellate>1</tessellate><coordinates>-77.014250000,38.810920000,0 -77.014255641,38.813622409,0</coordinates></LineString></Placemark><Placemark><name>SE8 NE2 1</name><styleUrl>#s_15_1</styleUrl><ExtendedData><Data name="bin"><value>SN</value></Data><Data name="azimuth_deg"><value>-0.0936</value></Data><Data name="dist_to_target_m"><value>15978.076</value></Data></ExtendedData><Point><coordinates>-77.014292805,38.831422248,0</coordinates></Point></Placemark><Placemark><name>SE8 NE2 1 pointer</name><styleUrl>#s_15_1</styleUrl><LineString><tessellate>1</tessellate><coordinates>-77.014292805,38.831422248,0 -77.014298449,38.834124647,0</coordinates></LineString></Placemark><Placemark><name>SE8 NE2 2</name><styleUrl>#s_15_2</styleUrl><ExtendedData><Data name="bin"><value>SN</value></Data><Data name="azimuth_deg"><value>-0.0936</value></Data><Data name="dist_to_target_m"><value>13702.076</value></Data></ExtendedData><Point><coordinates>-77.014335635,38.851924423,0</coordinates></Point></Placemark><Placemark><name>SE8 NE2 2 pointer</name><styleUrl>#s_15_2</styleUrl><LineString><tessellate>1</tessellate><coordinates>-77.014335635,38.851924423,0 -77.014341282,38.854626813,0</coordinates></LineString></Placemark><Placemark><name>SE8 NE2 3</name><styleUrl>#s_15_3</styleUrl><ExtendedData><Data name="bin"><value>SN</value></Data><Data name="azimuth_deg"><value>-0.0936</value></Data><Data name="dist_to_target_m"><value>11426.076</value></Data></ExtendedData><Point><coordinates>-77.014378489,38.872426526,0</coordinates></Point></Placemark><Placemark><name>SE8 NE2 3 pointer</name><styleUrl>#s_15_3</styleUrl><LineString><tessellate>1</tessellate><coordinates>-77.014378489,38.872426526,0 -77.014384139,38.875128907,0</coordinates></LineString></Placemark><Placemark><name>SE8 NE2 4</name><styleUrl>#s_15_4</styleUrl><ExtendedData><Data name="bin"><value>SN</value></Data><Data name="azimuth_deg"><value>-0.0937</value></Data><Data name="dist_to_target_m"><value>9150.076</value></Data></ExtendedData><Point><coordinates>-77.014421368,38.892928557,0</coordinates></Point></Placemark><Placemark><name>SE8 NE2 4 pointer</name><styleUrl>#s_15_4</styleUrl><LineString><tessellate>1</tessellate><coordinates>-77.014421368,38.892928557,0 -77.014427021,38.895630928,0</coordinates></LineString></Placemark><Placemark><name>SE8 NE2 5</name><styleUrl>#s_15_5</styleUrl><ExtendedData><Data name="bin"><value>SN</value></Data><Data name="azimuth_deg"><value>-0.0937</value></Data><Data name="dist_to_target_m"><value>6874.076</value></Data></ExtendedData><Point><coordinates>-77.014464271,38.913430516,0</coordinates></Point></Placemark><Placemark><name>SE8 NE2 5 pointer</name><styleUrl>#s_15_5</styleUrl><LineString><tessellate>1</tessellate><coordinates>-77.014464271,38.913430516,0 -77.014469928,38.916132878,0</coordinates></LineString></Placemark><Placemark><name>SE8 NE2 6</name><styleUrl>#s_15_6</styleUrl><ExtendedData><Data name="bin"><value>SN</value></Data><Data name="azimuth_deg"><value>-0.0937</value></Data><Data name="dist_to_target_m"><value>4598.076</value></Data></ExtendedData><Point><coordinates>-77.014507199,38.933932403,0</coordinates></Point></Placemark><Placemark><name>SE8 NE2 6 pointer</name><styleUrl>#s_15_6</styleUrl><LineString><tessellate>1</tessellate><coordinates>-77.014507199,38.933932403,0 -77.014511537,38.936003339,0</coordinates></LineString></Placemark><Placemark><name>SE8 NE2 7</name><styleUrl>#s_15_7</styleUrl><ExtendedData><Data name="bin"><value>SN</value></Data><Data name="azimuth_deg"><value>-0.0938</value></Data><Data name="dist_to_target_m"><value>2322.076</value></Data></ExtendedData><Point><coordinates>-77.014550152,38.954434217,0</coordinates></Point></Placemark><Placemark><name>SE8 NE2 7 pointer</name><styleUrl>#s_15_7</styleUrl><LineString><tessellate>1</tessellate><coordinates>-77.014550152,38.954434217,0 -77.014552344,38.955480058,0</coordinates></LineString></Placemark><Placemark><name>SE8 NE2 8</name><styleUrl>#s_15_8</styleUrl><ExtendedData><Data name="bin"><value>SN</value></Data><Data name="azimuth_deg"><value>-0.0938</value></Data><Data name="dist_to_target_m"><value>0.000</value></Data></ExtendedData><Point><coordinates>-77.014594000,38.975351000,0</coordinates></Point></Placemark></Folder><Style id="s_15_0"><IconStyle><color>ff0c0cf2</color><scale>0.75</scale><Icon><href>http://maps.google.com/mapfiles/kml/shapes/star.png</href></Icon></IconStyle><LineStyle><color>ff0c0cf2</color><width>2.0</width></LineStyle><LabelStyle><scale>0.75</scale><color>9bffffff</color></LabelStyle></Style><Style id="s_15_1"><IconStyle><color>ff0c0cea</color><scale>0.75</scale><Icon><href>http://maps.google.com/mapfiles/kml/shapes/triangle.png</href></Icon></IconStyle><LineStyle><color>ff0c0cea</color><width>2.0</width></LineStyle><LabelStyle><scale>0.75</scale><color>9bffffff</color></LabelStyle></Style><Style id="s_15_2"><IconStyle><color>ff0b0be2</color><scale>0.75</scale><Icon><href>http://maps.google.com/mapfiles/kml/shapes/cross-hairs.png</href></Icon></IconStyle><LineStyle><color>ff0b0be2</color><width>2.0</width></LineStyle><LabelStyle><scale>0.75</scale><color>9bffffff</color></LabelStyle></Style><Style id="s_15_3"><IconStyle><color>ff0b0bda</color><scale>0.75</scale><Icon><href>http://maps.google.com/mapfiles/kml/shapes/target.png</href></Icon></IconStyle><LineStyle><color>ff0b0bda</color><width>2.0</width></LineStyle><LabelStyle><scale>0.75</scale><color>9bffffff</color></LabelStyle></Style><Style id="s_15_4"><IconStyle><color>ff0b0bd2</color><scale>0.75</scale><Icon><href>http://maps.google.com/mapfiles/kml/shapes/open-diamond.png</href></Icon></IconStyle><LineStyle><color>ff0b0bd2</color><width>2.0</width></LineStyle><LabelStyle><scale>0.75</scale><color>9bffffff</color></LabelStyle></Style><Style id="s_15_5"><IconStyle><color>ff0a0aca</color><scale>0.75</scale><Icon><href>http://maps.google.com/mapfiles/kml/shapes/shaded_dot.png</href></Icon></IconStyle><LineStyle><color>ff0a0aca</color><width>2.0</width></LineStyle><LabelStyle><scale>0.75</scale><color>9bffffff</color></LabelStyle></Style><Style id="s_15_6"><IconStyle><color>ff0a0ac2</color><scale>0.75</scale><Icon><href>http://maps.google.com/mapfiles/kml/shapes/donut.png</href></Icon></IconStyle><LineStyle><color>ff0a0ac2</color><width>2.0</width></LineStyle><LabelStyle><scale>0.75</scale><color>9bffffff</color></LabelStyle></Style><Style id="s_15_7"><IconStyle><color>ff0909ba</color><scale>0.75</scale><Icon><href>http://maps.google.com/mapfiles/kml/shapes/square.png</href></Icon></IconStyle><LineStyle><color>ff0909ba</color><width>2.0</width></LineStyle><LabelStyle><scale>0.75</scale><color>9bffffff</color></LabelStyle></Style><Style id="s_15_8"><IconStyle><color>ff0909b2</color><scale>0.75</scale><Icon><href>http://maps.google.com/mapfiles/kml/shapes/placemark_circle.png</href></Icon></IconStyle><LineStyle><color>ff0909b2</color><width>2.0</width></LineStyle><LabelStyle><scale>0.75</scale><color>9bffffff</color></LabelStyle></Style><Folder><name>NE1→SE9</name><Placemark><name>NE1 SE9 0</name><styleUrl>#s_16_0</styleUrl><ExtendedData><Data name="bin"><value>NS</value></Data><Data name="azimuth_deg"><value>178.9713</value></Data><Data name="dist_to_target_m"><value>20195.709</value></Data></ExtendedData><Point><coordinates>-77.027743000,38.985620000,0</coordinates></Point></Placemark><Placemark><name>NE1 SE9 0 pointer</name><styleUrl>#s_16_0</styleUrl><LineString><tessellate>1</tessellate><coordinates>-77.027743000,38.985620000,0 -77.027680841,38.982918102,0</coordinates></LineString></Placemark><Placemark><name>NE1 SE9 1</name><styleUrl>#s_16_1</styleUrl><ExtendedData><Data name="bin"><value>NS</value></Data><Data name="azimuth_deg"><value>178.9716</value></Data><Data name="dist_to_target_m"><value>17919.709</value></Data></ExtendedData><Point><coordinates>-77.027271536,38.965121571,0</coordinates></Point></Placemark><Placemark><name>NE1 SE9 1 pointer</name><styleUrl>#s_16_1</styleUrl><LineString><tessellate>1</tessellate><coordinates>-77.027271536,38.965121571,0 -77.027209412,38.962419664,0</coordinates></LineString></Placemark><Placemark><name>NE1 SE9 2</name><styleUrl>#s_16_2</styleUrl><ExtendedData><Data name="bin"><value>NS</value></Data><Data name="azimuth_deg"><value>178.9719</value></Data><Data name="dist_to_target_m"><value>15643.709</value></Data></ExtendedData><Point><coordinates>-77.026800343,38.944623069,0</coordinates></Point></Placemark><Placemark><name>NE1 SE9 2 pointer</name><styleUrl>#s_16_2</styleUrl><LineString><tessellate>1</tessellate><coordinates>-77.026800343,38.944623069,0 -77.026738255,38.941921152,0</coordinates></LineString></Placemark><Placemark><name>NE1 SE9 3</name><styleUrl>#s_16_3</styleUrl><ExtendedData><Data name="bin"><value>NS</value></Data><Data name="azimuth_deg"><value>178.9722</value></Data><Data name="dist_to_target_m"><value>13367.709</value></Data></ExtendedData><Point><coordinates>-77.026329422,38.924124492,0</coordinates></Point></Placemark><Placemark><name>NE1 SE9 3 pointer</name><styleUrl>#s_16_3</styleUrl><LineString><tessellate>1</tessellate><coordinates>-77.026329422,38.924124492,0 -77.026267370,38.921422565,0</coordinates></LineString></Placemark><Placemark><name>NE1 SE9 4</name><styleUrl>#s_16_4</styleUrl><ExtendedData><Data name="bin"><value>NS</value></Data><Data name="azimuth_deg"><value>178.9725</value></Data><Data name="dist_to_target_m"><value>11091.709</value></Data></ExtendedData><Point><coordinates>-77.025858771,38.903625841,0</coordinates></Point></Placemark><Placemark><name>NE1 SE9 4 pointer</name><styleUrl>#s_16_4</styleUrl><LineString><tessellate>1</tessellate><coordinates>-77.025858771,38.903625841,0 -77.025796755,38.900923904,0</coordinates></LineString></Placemark><Placemark><name>NE1 SE9 5</name><styleUrl>#s_16_5</styleUrl><ExtendedData><Data name="bin"><value>NS</value></Data><Data name="azimuth_deg"><value>178.9728</value></Data><Data name="dist_to_target_m"><value>8815.709</value></Data></ExtendedData><Point><coordinates>-77.025388391,38.883127116,0</coordinates></Point></Placemark><Placemark><name>NE1 SE9 5 pointer</name><styleUrl>#s_16_5</styleUrl><LineString><tessellate>1</tessellate><coordinates>-77.025388391,38.883127116,0 -77.025326411,38.880425170,0</coordinates></LineString></Placemark><Placemark><name>NE1 SE9 6</name><styleUrl>#s_16_6</styleUrl><ExtendedData><Data name="bin"><value>NS</value></Data><Data name="azimuth_deg"><value>178.9731</value></Data><Data name="dist_to_target_m"><value>6539.709</value></Data></ExtendedData><Point><coordinates>-77.024918282,38.862628317,0</coordinates></Point></Placemark><Placemark><name>NE1 SE9 6 pointer</name><styleUrl>#s_16_6</styleUrl><LineString><tessellate>1</tessellate><coordinates>-77.024918282,38.862628317,0 -77.024856336,38.859926361,0</coordinates></LineString></Placemark><Placemark><name>NE1 SE9 7</name><styleUrl>#s_16_7</styleUrl><ExtendedData><Data name="bin"><value>NS</value></Data><Data name="azimuth_deg"><value>178.9734</value></Data><Data name="dist_to_target_m"><value>4263.709</value></Data></ExtendedData><Point><coordinates>-77.024448442,38.842129444,0</coordinates></Point></Placemark><Placemark><name>NE1 SE9 7 pointer</name><styleUrl>#s_16_7</styleUrl><LineString><tessellate>1</tessellate><coordinates>-77.024448442,38.842129444,0 -77.024404447,38.840209378,0</coordinates></LineString></Placemark><Placemark><name>NE1 SE9 8</name><styleUrl>#s_16_8</styleUrl><ExtendedData><Data name="bin"><value>NS</value></Data><Data name="azimuth_deg"><value>178.9737</value></Data><Data name="dist_to_target_m"><value>0.000</value></Data></ExtendedData><Point><coordinates>-77.023569000,38.803728000,0</coordinates></Point></Placemark></Folder><Style id="s_16_0"><IconStyle><color>ff0cf2f2</color><scale>0.75</scale><Icon><href>http://maps.google.com/mapfiles/kml/shapes/star.png</href></Icon></IconStyle><LineStyle><color>ff0cf2f2</color><width>2.0</width></LineStyle><LabelStyle><scale>0.75</scale><color>9bffffff</color></LabelStyle></Style><Style id="s_16_1"><IconStyle><color>ff0ceaea</color><scale>0.75</scale><Icon><href>http://maps.google.com/mapfiles/kml/shapes/triangle.png</href></Icon></IconStyle><LineStyle><color>ff0ceaea</color><width>2.0</width></LineStyle><LabelStyle><scale>0.75</scale><color>9bffffff</color></LabelStyle></Style><Style id="s_16_2"><IconStyle><color>ff0be2e2</color><scale>0.75</scale><Icon><href>http://maps.google.com/mapfiles/kml/shapes/cross-hairs.png</href></Icon></IconStyle><LineStyle><color>ff0be2e2</color><width>2.0</width></LineStyle><LabelStyle><scale>0.75</scale><color>9bffffff</color></LabelStyle></Style><Style id="s_16_3"><IconStyle><color>ff0bdada</color><scale>0.75</scale><Icon><href>http://maps.google.com/mapfiles/kml/shapes/target.png</href></Icon></IconStyle><LineStyle><color>ff0bdada</color><width>2.0</width></LineStyle><LabelStyle><scale>0.75</scale><color>9bffffff</color></LabelStyle></Style><Style id="s_16_4"><IconStyle><color>ff0bd2d2</color><scale>0.75</scale><Icon><href>http://maps.google.com/mapfiles/kml/shapes/open-diamond.png</href></Icon></IconStyle><LineStyle><color>ff0bd2d2</color><width>2.0</width></LineStyle><LabelStyle><scale>0.75</scale><color>9bffffff</color></LabelStyle></Style><Style id="s_16_5"><IconStyle><color>ff0acaca</color><scale>0.75</scale><Icon><href>http://maps.google.com/mapfiles/kml/shapes/shaded_dot.png</href></Icon></IconStyle><LineStyle><color>ff0acaca</color><width>2.0</width></LineStyle><LabelStyle><scale>0.75</scale><color>9bffffff</color></LabelStyle></Style><Style id="s_16_6"><IconStyle><color>ff0ac2c2</color><scale>0.75</scale><Icon><href>http://maps.google.com/mapfiles/kml/shapes/donut.png</href></Icon></IconStyle><LineStyle><color>ff0ac2c2</color><width>2.0</width></LineStyle><LabelStyle><scale>0.75</scale><color>9bffffff</color></LabelStyle></Style><Style id="s_16_7"><IconStyle><color>ff09baba</color><scale>0.75</scale><Icon><href>http://maps.google.com/mapfiles/kml/shapes/square.png</href></Icon></IconStyle><LineStyle><color>ff09baba</color><width>2.0</width></LineStyle><LabelStyle><scale>0.75</scale><color>9bffffff</color></LabelStyle></Style><Style id="s_16_8"><IconStyle><color>ff09b2b2</color><scale>0.75</scale><Icon><href>http://maps.google.com/mapfiles/kml/shapes/placemark_circle.png</href></Icon></IconStyle><LineStyle><color>ff09b2b2</color><width>2.0</width></LineStyle><LabelStyle><scale>0.75</scale><color>9bffffff</color></LabelStyle></Style><Folder><name>SE9→NE1</name><Placemark><name>SE9 NE1 0</name><styleUrl>#s_17_0</styleUrl><ExtendedData><Data name="bin"><value>SN</value></Data><Data name="azimuth_deg"><value>-1.0261</value></Data><Data name="dist_to_target_m"><value>20195.709</value></Data></ExtendedData><Point><coordinates>-77.023569000,38.803728000,0</coordinates></Point></Placemark><Placemark><name>SE9 NE1 0 pointer</name><styleUrl>#s_17_0</styleUrl><LineString><tessellate>1</tessellate><coordinates>-77.023569000,38.803728000,0 -77.023630848,38.806429983,0</coordinates></LineString></Placemark><Placemark><name>SE9 NE1 1</name><styleUrl>#s_17_1</styleUrl><ExtendedData><Data name="bin"><value>SN</value></Data><Data name="azimuth_deg"><value>-1.0264</value></Data><Data name="dist_to_target_m"><value>17919.709</value></Data></ExtendedData><Point><coordinates>-77.024038335,38.824227012,0</coordinates></Point></Placemark><Placemark><name>SE9 NE1 1 pointer</name><styleUrl>#s_17_1</styleUrl><LineString><tessellate>1</tessellate><coordinates>-77.024038335,38.824227012,0 -77.024100218,38.826928985,0</coordinates></LineString></Placemark><Placemark><name>SE9 NE1 2</name><styleUrl>#s_17_2</styleUrl><ExtendedData><Data name="bin"><value>SN</value></Data><Data name="azimuth_deg"><value>-1.0267</value></Data><Data name="dist_to_target_m"><value>15643.709</value></Data></ExtendedData><Point><coordinates>-77.024507939,38.844725949,0</coordinates></Point></Placemark><Placemark><name>SE9 NE1 2 pointer</name><styleUrl>#s_17_2</styleUrl><LineString><tessellate>1</tessellate><coordinates>-77.024507939,38.844725949,0 -77.024569858,38.847427913,0</coordinates></LineString></Placemark><Placemark><name>SE9 NE1 3</name><styleUrl>#s_17_3</styleUrl><ExtendedData><Data name="bin"><value>SN</value></Data><Data name="azimuth_deg"><value>-1.0270</value></Data><Data name="dist_to_target_m"><value>13367.709</value></Data></ExtendedData><Point><coordinates>-77.024977813,38.865224813,0</coordinates></Point></Placemark><Placemark><name>SE9 NE1 3 pointer</name><styleUrl>#s_17_3</styleUrl><LineString><tessellate>1</tessellate><coordinates>-77.024977813,38.865224813,0 -77.025039768,38.867926767,0</coordinates></LineString></Placemark><Placemark><name>SE9 NE1 4</name><styleUrl>#s_17_4</styleUrl><ExtendedData><Data name="bin"><value>SN</value></Data><Data name="azimuth_deg"><value>-1.0273</value></Data><Data name="dist_to_target_m"><value>11091.709</value></Data></ExtendedData><Point><coordinates>-77.025447957,38.885723603,0</coordinates></Point></Placemark><Placemark><name>SE9 NE1 4 pointer</name><styleUrl>#s_17_4</styleUrl><LineString><tessellate>1</tessellate><coordinates>-77.025447957,38.885723603,0 -77.025509947,38.888425547,0</coordinates></LineString></Placemark><Placemark><name>SE9 NE1 5</name><styleUrl>#s_17_5</styleUrl><ExtendedData><Data name="bin"><value>SN</value></Data><Data name="azimuth_deg"><value>-1.0275</value></Data><Data name="dist_to_target_m"><value>8815.709</value></Data></ExtendedData><Point><coordinates>-77.025918371,38.906222318,0</coordinates></Point></Placemark><Placemark><name>SE9 NE1 5 pointer</name><styleUrl>#s_17_5</styleUrl><LineString><tessellate>1</tessellate><coordinates>-77.025918371,38.906222318,0 -77.025980397,38.908924253,0</coordinates></LineString></Placemark><Placemark><name>SE9 NE1 6</name><styleUrl>#s_17_6</styleUrl><ExtendedData><Data name="bin"><value>SN</value></Data><Data name="azimuth_deg"><value>-1.0278</value></Data><Data name="dist_to_target_m"><value>6539.709</value></Data></ExtendedData><Point><coordinates>-77.026389056,38.926720960,0</coordinates></Point></Placemark><Placemark><name>SE9 NE1 6 pointer</name><styleUrl>#s_17_6</styleUrl><LineString><tessellate>1</tessellate><coordinates>-77.026389056,38.926720960,0 -77.026451117,38.929422884,0</coordinates></LineString></Placemark><Placemark><name>SE9 NE1 7</name><styleUrl>#s_17_7</styleUrl><ExtendedData><Data name="bin"><value>SN</value></Data><Data name="azimuth_deg"><value>-1.0281</value></Data><Data name="dist_to_target_m"><value>4263.709</value></Data></ExtendedData><Point><coordinates>-77.026860012,38.947219527,0</coordinates></Point></Placemark><Placemark><name>SE9 NE1 7 pointer</name><styleUrl>#s_17_7</styleUrl><LineString><tessellate>1</tessellate><coordinates>-77.026860012,38.947219527,0 -77.026904139,38.949139557,0</coordinates></LineString></Placemark><Placemark><name>SE9 NE1 8</name><styleUrl>#s_17_8</styleUrl><ExtendedData><Data name="bin"><value>SN</value></Data><Data name="azimuth_deg"><value>-1.0284</value></Data><Data name="dist_to_target_m"><value>0.000</value></Data></ExtendedData><Point><coordinates>-77.027743000,38.985620000,0</coordinates></Point></Placemark></Folder><Style id="s_17_0"><IconStyle><color>ff0c0cf2</color><scale>0.75</scale><Icon><href>http://maps.google.com/mapfiles/kml/shapes/star.png</href></Icon></IconStyle><LineStyle><color>ff0c0cf2</color><width>2.0</width></LineStyle><LabelStyle><scale>0.75</scale><color>9bffffff</color></LabelStyle></Style><Style id="s_17_1"><IconStyle><color>ff0c0cea</color><scale>0.75</scale><Icon><href>http://maps.google.com/mapfiles/kml/shapes/triangle.png</href></Icon></IconStyle><LineStyle><color>ff0c0cea</color><width>2.0</width></LineStyle><LabelStyle><scale>0.75</scale><color>9bffffff</color></LabelStyle></Style><Style id="s_17_2"><IconStyle><color>ff0b0be2</color><scale>0.75</scale><Icon><href>http://maps.google.com/mapfiles/kml/shapes/cross-hairs.png</href></Icon></IconStyle><LineStyle><color>ff0b0be2</color><width>2.0</width></LineStyle><LabelStyle><scale>0.75</scale><color>9bffffff</color></LabelStyle></Style><Style id="s_17_3"><IconStyle><color>ff0b0bda</color><scale>0.75</scale><Icon><href>http://maps.google.com/mapfiles/kml/shapes/target.png</href></Icon></IconStyle><LineStyle><color>ff0b0bda</color><width>2.0</width></LineStyle><LabelStyle><scale>0.75</scale><color>9bffffff</color></LabelStyle></Style><Style id="s_17_4"><IconStyle><color>ff0b0bd2</color><scale>0.75</scale><Icon><href>http://maps.google.com/mapfiles/kml/shapes/open-diamond.png</href></Icon></IconStyle><LineStyle><color>ff0b0bd2</color><width>2.0</width></LineStyle><LabelStyle><scale>0.75</scale><color>9bffffff</color></LabelStyle></Style><Style id="s_17_5"><IconStyle><color>ff0a0aca</color><scale>0.75</scale><Icon><href>http://maps.google.com/mapfiles/kml/shapes/shaded_dot.png</href></Icon></IconStyle><LineStyle><color>ff0a0aca</color><width>2.0</width></LineStyle><LabelStyle><scale>0.75</scale><color>9bffffff</color></LabelStyle></Style><Style id="s_17_6"><IconStyle><color>ff0a0ac2</color><scale>0.75</scale><Icon><href>http://maps.google.com/mapfiles/kml/shapes/donut.png</href></Icon></IconStyle><LineStyle><color>ff0a0ac2</color><width>2.0</width></LineStyle><LabelStyle><scale>0.75</scale><color>9bffffff</color></LabelStyle></Style><Style id="s_17_7"><IconStyle><color>ff0909ba</color><scale>0.75</scale><Icon><href>http://maps.google.com/mapfiles/kml/shapes/square.png</href></Icon></IconStyle><LineStyle><color>ff0909ba</color><width>2.0</width></LineStyle><LabelStyle><scale>0.75</scale><color>9bffffff</color></LabelStyle></Style><Style id="s_17_8"><IconStyle><color>ff0909b2</color><scale>0.75</scale><Icon><href>http://maps.google.com/mapfiles/kml/shapes/placemark_circle.png</href></Icon></IconStyle><LineStyle><color>ff0909b2</color><width>2.0</width></LineStyle><LabelStyle><scale>0.75</scale><color>9bffffff</color></LabelStyle></Style><Folder><name>NE1→NW9</name><Placemark><name>NE1 NW9 0</name><styleUrl>#s_18_0</styleUrl><ExtendedData><Data name="bin"><value>EW</value></Data><Data name="azimuth_deg"><value>-89.7719</value></Data><Data name="dist_to_target_m"><value>2286.202</value></Data></ExtendedData><Point><coordinates>-77.027743000,38.985620000,0</coordinates></Point></Placemark><Placemark><name>NE1 NW9 0 pointer</name><styleUrl>#s_18_0</styleUrl><LineString><tessellate>1</tessellate><coordinates>-77.027743000,38.985620000,0 -77.029062299,38.985624092,0</coordinates></LineString></Placemark><Placemark><name>NE1 NW9 1</name><styleUrl>#s_18_1</styleUrl><ExtendedData><Data name="bin"><value>EW</value></Data><Data name="azimuth_deg"><value>-89.7884</value></Data><Data name="dist_to_target_m"><value>0.000</value></Data></ExtendedData><Point><coordinates>-77.054129000,38.985699000,0</coordinates></Point></Placemark></Folder><Style id="s_18_0"><IconStyle><color>ff0cf27f</color><scale>0.75</scale><Icon><href>http://maps.google.com/mapfiles/kml/shapes/star.png</href></Icon></IconStyle><LineStyle><color>ff0cf27f</color><width>2.0</width></LineStyle><LabelStyle><scale>0.75</scale><color>9bffffff</color></LabelStyle></Style><Style id="s_18_1"><IconStyle><color>ff09b25e</color><scale>0.75</scale><Icon><href>http://maps.google.com/mapfiles/kml/shapes/triangle.png</href></Icon></IconStyle><LineStyle><color>ff09b25e</color><width>2.0</width></LineStyle><LabelStyle><scale>0.75</scale><color>9bffffff</color></LabelStyle></Style><Folder><name>NW9→NE1</name><Placemark><name>NW9 NE1 0</name><styleUrl>#s_19_0</styleUrl><ExtendedData><Data name="bin"><value>WE</value></Data><Data name="azimuth_deg"><value>90.2115</value></Data><Data name="dist_to_target_m"><value>2286.202</value></Data></ExtendedData><Point><coordinates>-77.054129000,38.985699000,0</coordinates></Point></Placemark><Placemark><name>NW9 NE1 0 pointer</name><styleUrl>#s_19_0</styleUrl><LineString><tessellate>1</tessellate><coordinates>-77.054129000,38.985699000,0 -77.052809699,38.985695192,0</coordinates></LineString></Placemark><Placemark><name>NW9 NE1 1</name><styleUrl>#s_19_1</styleUrl><ExtendedData><Data name="bin"><value>WE</value></Data><Data name="azimuth_deg"><value>90.2280</value></Data><Data name="dist_to_target_m"><value>0.000</value></Data></ExtendedData><Point><coordinates>-77.027743000,38.985620000,0</coordinates></Point></Placemark></Folder><Style id="s_19_0"><IconStyle><color>ff0c7ff2</color><scale>0.75</scale><Icon><href>http://maps.google.com/mapfiles/kml/shapes/star.png</href></Icon></IconStyle><LineStyle><color>ff0c7ff2</color><width>2.0</width></LineStyle><LabelStyle><scale>0.75</scale><color>9bffffff</color></LabelStyle></Style><Style id="s_19_1"><IconStyle><color>ff095eb2</color><scale>0.75</scale><Icon><href>http://maps.google.com/mapfiles/kml/shapes/triangle.png</href></Icon></IconStyle><LineStyle><color>ff095eb2</color><width>2.0</width></LineStyle><LabelStyle><scale>0.75</scale><color>9bffffff</color></LabelStyle></Style><Folder><name>NE3→NW7</name><Placemark><name>NE3 NW7 0</name><styleUrl>#s_20_0</styleUrl><ExtendedData><Data name="bin"><value>EW</value></Data><Data name="azimuth_deg"><value>-90.0601</value></Data><Data name="dist_to_target_m"><value>6821.968</value></Data></ExtendedData><Point><coordinates>-77.001690000,38.965273000,0</coordinates></Point></Placemark><Placemark><name>NE3 NW7 0 pointer</name><styleUrl>#s_20_0</styleUrl><LineString><tessellate>1</tessellate><coordinates>-77.001690000,38.965273000,0 -77.005151454,38.965270114,0</coordinates></LineString></Placemark><Placemark><name>NE3 NW7 1</name><styleUrl>#s_20_1</styleUrl><ExtendedData><Data name="bin"><value>EW</value></Data><Data name="azimuth_deg"><value>-90.0766</value></Data><Data name="dist_to_target_m"><value>4545.968</value></Data></ExtendedData><Point><coordinates>-77.027950889,38.965248541,0</coordinates></Point></Placemark><Placemark><name>NE3 NW7 1 pointer</name><styleUrl>#s_20_1</styleUrl><LineString><tessellate>1</tessellate><coordinates>-77.027950889,38.965248541,0 -77.030573497,38.965245774,0</coordinates></LineString></Placemark><Placemark><name>NE3 NW7 2</name><styleUrl>#s_20_2</styleUrl><ExtendedData><Data name="bin"><value>EW</value></Data><Data name="azimuth_deg"><value>-90.0931</value></Data><Data name="dist_to_target_m"><value>0.000</value></Data></ExtendedData><Point><coordinates>-77.080403000,38.965182000,0</coordinates></Point></Placemark></Folder><Style id="s_20_0"><IconStyle><color>ff0cf27f</color><scale>0.75</scale><Icon><href>http://maps.google.com/mapfiles/kml/shapes/star.png</href></Icon></IconStyle><LineStyle><color>ff0cf27f</color><width>2.0</width></LineStyle><LabelStyle><scale>0.75</scale><color>9bffffff</color></LabelStyle></Style><Style id="s_20_1"><IconStyle><color>ff0bd26e</color><scale>0.75</scale><Icon><href>http://maps.google.com/mapfiles/kml/shapes/triangle.png</href></Icon></IconStyle><LineStyle><color>ff0bd26e</color><width>2.0</width></LineStyle><LabelStyle><scale>0.75</scale><color>9bffffff</color></LabelStyle></Style><Style id="s_20_2"><IconStyle><color>ff09b25e</color><scale>0.75</scale><Icon><href>http://maps.google.com/mapfiles/kml/shapes/cross-hairs.png</href></Icon></IconStyle><LineStyle><color>ff09b25e</color><width>2.0</width></LineStyle><LabelStyle><scale>0.75</scale><color>9bffffff</color></LabelStyle></Style><Folder><name>NW7→NE3</name><Placemark><name>NW7 NE3 0</name><styleUrl>#s_21_0</styleUrl><ExtendedData><Data name="bin"><value>WE</value></Data><Data name="azimuth_deg"><value>89.8904</value></Data><Data name="dist_to_target_m"><value>6821.968</value></Data></ExtendedData><Point><coordinates>-77.080403000,38.965182000,0</coordinates></Point></Placemark><Placemark><name>NW7 NE3 0 pointer</name><styleUrl>#s_21_0</styleUrl><LineString><tessellate>1</tessellate><coordinates>-77.080403000,38.965182000,0 -77.076941555,38.965187118,0</coordinates></LineString></Placemark><Placemark><name>NW7 NE3 1</name><styleUrl>#s_21_1</styleUrl><ExtendedData><Data name="bin"><value>WE</value></Data><Data name="azimuth_deg"><value>89.9069</value></Data><Data name="dist_to_target_m"><value>4545.968</value></Data></ExtendedData><Point><coordinates>-77.054142155,38.965218261,0</coordinates></Point></Placemark><Placemark><name>NW7 NE3 1 pointer</name><styleUrl>#s_21_1</styleUrl><LineString><tessellate>1</tessellate><coordinates>-77.054142155,38.965218261,0 -77.051519550,38.965221558,0</coordinates></LineString></Placemark><Placemark><name>NW7 NE3 2</name><styleUrl>#s_21_2</styleUrl><ExtendedData><Data name="bin"><value>WE</value></Data><Data name="azimuth_deg"><value>89.9234</value></Data><Data name="dist_to_target_m"><value>0.000</value></Data></ExtendedData><Point><coordinates>-77.001690000,38.965273000,0</coordinates></Point></Placemark></Folder><Style id="s_21_0"><IconStyle><color>ff0c7ff2</color><scale>0.75</scale><Icon><href>http://maps.google.com/mapfiles/kml/shapes/star.png</href></Icon></IconStyle><LineStyle><color>ff0c7ff2</color><width>2.0</width></LineStyle><LabelStyle><scale>0.75</scale><color>9bffffff</color></LabelStyle></Style><Style id="s_21_1"><IconStyle><color>ff0b6ed2</color><scale>0.75</scale><Icon><href>http://maps.google.com/mapfiles/kml/shapes/triangle.png</href></Icon></IconStyle><LineStyle><color>ff0b6ed2</color><width>2.0</width></LineStyle><LabelStyle><scale>0.75</scale><color>9bffffff</color></LabelStyle></Style><Style id="s_21_2"><IconStyle><color>ff095eb2</color><scale>0.75</scale><Icon><href>http://maps.google.com/mapfiles/kml/shapes/cross-hairs.png</href></Icon></IconStyle><LineStyle><color>ff095eb2</color><width>2.0</width></LineStyle><LabelStyle><scale>0.75</scale><color>9bffffff</color></LabelStyle></Style><Folder><name>NE5→NW5</name><Placemark><name>NE5 NW5 0</name><styleUrl>#s_22_0</styleUrl><ExtendedData><Data name="bin"><value>EW</value></Data><Data name="azimuth_deg"><value>-89.8332</value></Data><Data name="dist_to_target_m"><value>11415.286</value></Data></ExtendedData><Point><coordinates>-76.975009000,38.944414000,0</coordinates></Point></Placemark><Placemark><name>NE5 NW5 0 pointer</name><styleUrl>#s_22_0</styleUrl><LineString><tessellate>1</tessellate><coordinates>-76.975009000,38.944414000,0 -76.978469427,38.944421814,0</coordinates></LineString></Placemark><Placemark><name>NE5 NW5 1</name><styleUrl>#s_22_1</styleUrl><ExtendedData><Data name="bin"><value>EW</value></Data><Data name="azimuth_deg"><value>-89.8497</value></Data><Data name="dist_to_target_m"><value>9139.286</value></Data></ExtendedData><Point><coordinates>-77.001262126,38.944470716,0</coordinates></Point></Placemark><Placemark><name>NE5 NW5 1 pointer</name><styleUrl>#s_22_1</styleUrl><LineString><tessellate>1</tessellate><coordinates>-77.001262126,38.944470716,0 -77.004722558,38.944477752,0</coordinates></LineString></Placemark><Placemark><name>NE5 NW5 2</name><styleUrl>#s_22_2</styleUrl><ExtendedData><Data name="bin"><value>EW</value></Data><Data name="azimuth_deg"><value>-89.8662</value></Data><Data name="dist_to_target_m"><value>6863.286</value></Data></ExtendedData><Point><coordinates>-77.027515291,38.944521528,0</coordinates></Point></Placemark><Placemark><name>NE5 NW5 2 pointer</name><styleUrl>#s_22_2</styleUrl><LineString><tessellate>1</tessellate><coordinates>-77.027515291,38.944521528,0 -77.030975728,38.944527785,0</coordinates></LineString></Placemark><Placemark><name>NE5 NW5 3</name><styleUrl>#s_22_3</styleUrl><ExtendedData><Data name="bin"><value>EW</value></Data><Data name="azimuth_deg"><value>-89.8828</value></Data><Data name="dist_to_target_m"><value>4587.286</value></Data></ExtendedData><Point><coordinates>-77.053768491,38.944566434,0</coordinates></Point></Placemark><Placemark><name>NE5 NW5 3 pointer</name><styleUrl>#s_22_3</styleUrl><LineString><tessellate>1</tessellate><coordinates>-77.053768491,38.944566434,0 -77.056414164,38.944570632,0</coordinates></LineString></Placemark><Placemark><name>NE5 NW5 4</name><styleUrl>#s_22_4</styleUrl><ExtendedData><Data name="bin"><value>EW</value></Data><Data name="azimuth_deg"><value>-89.8993</value></Data><Data name="dist_to_target_m"><value>2311.286</value></Data></ExtendedData><Point><coordinates>-77.080021723,38.944605436,0</coordinates></Point></Placemark><Placemark><name>NE5 NW5 4 pointer</name><styleUrl>#s_22_4</styleUrl><LineString><tessellate>1</tessellate><coordinates>-77.080021723,38.944605436,0 -77.081354736,38.944607259,0</coordinates></LineString></Placemark><Placemark><name>NE5 NW5 5</name><styleUrl>#s_22_5</styleUrl><ExtendedData><Data name="bin"><value>EW</value></Data><Data name="azimuth_deg"><value>-89.9158</value></Data><Data name="dist_to_target_m"><value>0.000</value></Data></ExtendedData><Point><coordinates>-77.106682000,38.944639000,0</coordinates></Point></Placemark></Folder><Style id="s_22_0"><IconStyle><color>ff0cf27f</color><scale>0.75</scale><Icon><href>http://maps.google.com/mapfiles/kml/shapes/star.png</href></Icon></IconStyle><LineStyle><color>ff0cf27f</color><width>2.0</width></LineStyle><LabelStyle><scale>0.75</scale><color>9bffffff</color></LabelStyle></Style><Style id="s_22_1"><IconStyle><color>ff0be578</color><scale>0.75</scale><Icon><href>http://maps.google.com/mapfiles/kml/shapes/triangle.png</href></Icon></IconStyle><LineStyle><color>ff0be578</color><width>2.0</width></LineStyle><LabelStyle><scale>0.75</scale><color>9bffffff</color></LabelStyle></Style><Style id="s_22_2"><IconStyle><color>ff0bd972</color><scale>0.75</scale><Icon><href>http://maps.google.com/mapfiles/kml/shapes/cross-hairs.png</href></Icon></IconStyle><LineStyle><color>ff0bd972</color><width>2.0</width></LineStyle><LabelStyle><scale>0.75</scale><color>9bffffff</color></LabelStyle></Style><Style id="s_22_3"><IconStyle><color>ff0acc6b</color><scale>0.75</scale><Icon><href>http://maps.google.com/mapfiles/kml/shapes/target.png</href></Icon></IconStyle><LineStyle><color>ff0acc6b</color><width>2.0</width></LineStyle><LabelStyle><scale>0.75</scale><color>9bffffff</color></LabelStyle></Style><Style id="s_22_4"><IconStyle><color>ff0abf64</color><scale>0.75</scale><Icon><href>http://maps.google.com/mapfiles/kml/shapes/open-diamond.png</href></Icon></IconStyle><LineStyle><color>ff0abf64</color><width>2.0</width></LineStyle><LabelStyle><scale>0.75</scale><color>9bffffff</color></LabelStyle></Style><Style id="s_22_5"><IconStyle><color>ff09b25e</color><scale>0.75</scale><Icon><href>http://maps.google.com/mapfiles/kml/shapes/shaded_dot.png</href></Icon></IconStyle><LineStyle><color>ff09b25e</color><width>2.0</width></LineStyle><LabelStyle><scale>0.75</scale><color>9bffffff</color></LabelStyle></Style><Folder><name>NW5→NE5</name><Placemark><name>NW5 NE5 0</name><styleUrl>#s_23_0</styleUrl><ExtendedData><Data name="bin"><value>WE</value></Data><Data name="azimuth_deg"><value>90.0840</value></Data><Data name="dist_to_target_m"><value>11415.286</value></Data></ExtendedData><Point><coordinates>-77.106682000,38.944639000,0</coordinates></Point></Placemark><Placemark><name>NW5 NE5 0 pointer</name><styleUrl>#s_23_0</styleUrl><LineString><tessellate>1</tessellate><coordinates>-77.106682000,38.944639000,0 -77.103221552,38.944634987,0</coordinates></LineString></Placemark><Placemark><name>NW5 NE5 1</name><styleUrl>#s_23_1</styleUrl><ExtendedData><Data name="bin"><value>WE</value></Data><Data name="azimuth_deg"><value>90.1005</value></Data><Data name="dist_to_target_m"><value>9139.286</value></Data></ExtendedData><Point><coordinates>-77.080428742,38.944605994,0</coordinates></Point></Placemark><Placemark><name>NW5 NE5 1 pointer</name><styleUrl>#s_23_1</styleUrl><LineString><tessellate>1</tessellate><coordinates>-77.080428742,38.944605994,0 -77.076968296,38.944601204,0</coordinates></LineString></Placemark><Placemark><name>NW5 NE5 2</name><styleUrl>#s_23_2</styleUrl><ExtendedData><Data name="bin"><value>WE</value></Data><Data name="azimuth_deg"><value>90.1170</value></Data><Data name="dist_to_target_m"><value>6863.286</value></Data></ExtendedData><Point><coordinates>-77.054175510,38.944567084,0</coordinates></Point></Placemark><Placemark><name>NW5 NE5 2 pointer</name><styleUrl>#s_23_2</styleUrl><LineString><tessellate>1</tessellate><coordinates>-77.054175510,38.944567084,0 -77.050715068,38.944561515,0</coordinates></LineString></Placemark><Placemark><name>NW5 NE5 3</name><styleUrl>#s_23_3</styleUrl><ExtendedData><Data name="bin"><value>WE</value></Data><Data name="azimuth_deg"><value>90.1335</value></Data><Data name="dist_to_target_m"><value>4587.286</value></Data></ExtendedData><Point><coordinates>-77.027922309,38.944522269,0</coordinates></Point></Placemark><Placemark><name>NW5 NE5 3 pointer</name><styleUrl>#s_23_3</styleUrl><LineString><tessellate>1</tessellate><coordinates>-77.027922309,38.944522269,0 -77.025276640,38.944517425,0</coordinates></LineString></Placemark><Placemark><name>NW5 NE5 4</name><styleUrl>#s_23_4</styleUrl><ExtendedData><Data name="bin"><value>WE</value></Data><Data name="azimuth_deg"><value>90.1500</value></Data><Data name="dist_to_target_m"><value>2311.286</value></Data></ExtendedData><Point><coordinates>-77.001669143,38.944471549,0</coordinates></Point></Placemark><Placemark><name>NW5 NE5 4 pointer</name><styleUrl>#s_23_4</styleUrl><LineString><tessellate>1</tessellate><coordinates>-77.001669143,38.944471549,0 -77.000336135,38.944468816,0</coordinates></LineString></Placemark><Placemark><name>NW5 NE5 5</name><styleUrl>#s_23_5</styleUrl><ExtendedData><Data name="bin"><value>WE</value></Data><Data name="azimuth_deg"><value>90.1665</value></Data><Data name="dist_to_target_m"><value>0.000</value></Data></ExtendedData><Point><coordinates>-76.975009000,38.944414000,0</coordinates></Point></Placemark></Folder><Style id="s_23_0"><IconStyle><color>ff0c7ff2</color><scale>0.75</scale><Icon><href>http://maps.google.com/mapfiles/kml/shapes/star.png</href></Icon></IconStyle><LineStyle><color>ff0c7ff2</color><width>2.0</width></LineStyle><LabelStyle><scale>0.75</scale><color>9bffffff</color></LabelStyle></Style><Style id="s_23_1"><IconStyle><color>ff0b78e5</color><scale>0.75</scale><Icon><href>http://maps.google.com/mapfiles/kml/shapes/triangle.png</href></Icon></IconStyle><LineStyle><color>ff0b78e5</color><width>2.0</width></LineStyle><LabelStyle><scale>0.75</scale><color>9bffffff</color></LabelStyle></Style><Style id="s_23_2"><IconStyle><color>ff0b72d9</color><scale>0.75</scale><Icon><href>http://maps.google.com/mapfiles/kml/shapes/cross-hairs.png</href></Icon></IconStyle><LineStyle><color>ff0b72d9</color><width>2.0</width></LineStyle><LabelStyle><scale>0.75</scale><color>9bffffff</color></LabelStyle></Style><Style id="s_23_3"><IconStyle><color>ff0a6bcc</color><scale>0.75</scale><Icon><href>http://maps.google.com/mapfiles/kml/shapes/target.png</href></Icon></IconStyle><LineStyle><color>ff0a6bcc</color><width>2.0</width></LineStyle><LabelStyle><scale>0.75</scale><color>9bffffff</color></LabelStyle></Style><Style id="s_23_4"><IconStyle><color>ff0a64bf</color><scale>0.75</scale><Icon><href>http://maps.google.com/mapfiles/kml/shapes/open-diamond.png</href></Icon></IconStyle><LineStyle><color>ff0a64bf</color><width>2.0</width></LineStyle><LabelStyle><scale>0.75</scale><color>9bffffff</color></LabelStyle></Style><Style id="s_23_5"><IconStyle><color>ff095eb2</color><scale>0.75</scale><Icon><href>http://maps.google.com/mapfiles/kml/shapes/shaded_dot.png</href></Icon></IconStyle><LineStyle><color>ff095eb2</color><width>2.0</width></LineStyle><LabelStyle><scale>0.75</scale><color>9bffffff</color></LabelStyle></Style><Folder><name>NE7→NW3</name><Placemark><name>NE7 NW3 0</name><styleUrl>#s_24_0</styleUrl><ExtendedData><Data name="bin"><value>EW</value></Data><Data name="azimuth_deg"><value>-89.6047</value></Data><Data name="dist_to_target_m"><value>15920.707</value></Data></ExtendedData><Point><coordinates>-76.948649000,38.923788000,0</coordinates></Point></Placemark><Placemark><name>NE7 NW3 0 pointer</name><styleUrl>#s_24_0</styleUrl><LineString><tessellate>1</tessellate><coordinates>-76.948649000,38.923788000,0 -76.952108358,38.923806591,0</coordinates></LineString></Placemark><Placemark><name>NE7 NW3 1</name><styleUrl>#s_24_1</styleUrl><ExtendedData><Data name="bin"><value>EW</value></Data><Data name="azimuth_deg"><value>-89.6212</value></Data><Data name="dist_to_target_m"><value>13644.707</value></Data></ExtendedData><Point><coordinates>-76.974894039,38.923926486,0</coordinates></Point></Placemark><Placemark><name>NE7 NW3 1 pointer</name><styleUrl>#s_24_1</styleUrl><LineString><tessellate>1</tessellate><coordinates>-76.974894039,38.923926486,0 -76.978353410,38.923944300,0</coordinates></LineString></Placemark><Placemark><name>NE7 NW3 2</name><styleUrl>#s_24_2</styleUrl><ExtendedData><Data name="bin"><value>EW</value></Data><Data name="azimuth_deg"><value>-89.6377</value></Data><Data name="dist_to_target_m"><value>11368.707</value></Data></ExtendedData><Point><coordinates>-77.001139178,38.924059072,0</coordinates></Point></Placemark><Placemark><name>NE7 NW3 2 pointer</name><styleUrl>#s_24_2</styleUrl><LineString><tessellate>1</tessellate><coordinates>-77.001139178,38.924059072,0 -77.004598562,38.924076108,0</coordinates></LineString></Placemark><Placemark><name>NE7 NW3 3</name><styleUrl>#s_24_3</styleUrl><ExtendedData><Data name="bin"><value>EW</value></Data><Data name="azimuth_deg"><value>-89.6542</value></Data><Data name="dist_to_target_m"><value>9092.707</value></Data></ExtendedData><Point><coordinates>-77.027384413,38.924185758,0</coordinates></Point></Placemark><Placemark><name>NE7 NW3 3 pointer</name><styleUrl>#s_24_3</styleUrl><LineString><tessellate>1</tessellate><coordinates>-77.027384413,38.924185758,0 -77.030843809,38.924202016,0</coordinates></LineString></Placemark><Placemark><name>NE7 NW3 4</name><styleUrl>#s_24_4</styleUrl><ExtendedData><Data name="bin"><value>EW</value></Data><Data name="azimuth_deg"><value>-89.6707</value></Data><Data name="dist_to_target_m"><value>6816.707</value></Data></ExtendedData><Point><coordinates>-77.053629738,38.924306543,0</coordinates></Point></Placemark><Placemark><name>NE7 NW3 4 pointer</name><styleUrl>#s_24_4</styleUrl><LineString><tessellate>1</tessellate><coordinates>-77.053629738,38.924306543,0 -77.057089147,38.924322024,0</coordinates></LineString></Placemark><Placemark><name>NE7 NW3 5</name><styleUrl>#s_24_5</styleUrl><ExtendedData><Data name="bin"><value>EW</value></Data><Data name="azimuth_deg"><value>-89.6872</value></Data><Data name="dist_to_target_m"><value>4540.707</value></Data></ExtendedData><Point><coordinates>-77.079875151,38.924421428,0</coordinates></Point></Placemark><Placemark><name>NE7 NW3 5 pointer</name><styleUrl>#s_24_5</styleUrl><LineString><tessellate>1</tessellate><coordinates>-77.079875151,38.924421428,0 -77.082493186,38.924432565,0</coordinates></LineString></Placemark><Placemark><name>NE7 NW3 6</name><styleUrl>#s_24_6</styleUrl><ExtendedData><Data name="bin"><value>EW</value></Data><Data name="azimuth_deg"><value>-89.7037</value></Data><Data name="dist_to_target_m"><value>0.000</value></Data></ExtendedData><Point><coordinates>-77.132236000,38.924633000,0</coordinates></Point></Placemark></Folder><Style id="s_24_0"><IconStyle><color>ff0cf27f</color><scale>0.75</scale><Icon><href>http://maps.google.com/mapfiles/kml/shapes/star.png</href></Icon></IconStyle><LineStyle><color>ff0cf27f</color><width>2.0</width></LineStyle><LabelStyle><scale>0.75</scale><color>9bffffff</color></LabelStyle></Style><Style id="s_24_1"><IconStyle><color>ff0ce87a</color><scale>0.75</scale><Icon><href>http://maps.google.com/mapfiles/kml/shapes/triangle.png</href></Icon></IconStyle><LineStyle><color>ff0ce87a</color><width>2.0</width></LineStyle><LabelStyle><scale>0.75</scale><color>9bffffff</color></LabelStyle></Style><Style id="s_24_2"><IconStyle><color>ff0bdd74</color><scale>0.75</scale><Icon><href>http://maps.google.com/mapfiles/kml/shapes/cross-hairs.png</href></Icon></IconStyle><LineStyle><color>ff0bdd74</color><width>2.0</width></LineStyle><LabelStyle><scale>0.75</scale><color>9bffffff</color></LabelStyle></Style><Style id="s_24_3"><IconStyle><color>ff0bd26e</color><scale>0.75</scale><Icon><href>http://maps.google.com/mapfiles/kml/shapes/target.png</href></Icon></IconStyle><LineStyle><color>ff0bd26e</color><width>2.0</width></LineStyle><LabelStyle><scale>0.75</scale><color>9bffffff</color></LabelStyle></Style><Style id="s_24_4"><IconStyle><color>ff0ac869</color><scale>0.75</scale><Icon><href>http://maps.google.com/mapfiles/kml/shapes/open-diamond.png</href></Icon></IconStyle><LineStyle><color>ff0ac869</color><width>2.0</width></LineStyle><LabelStyle><scale>0.75</scale><color>9bffffff</color></LabelStyle></Style><Style id="s_24_5"><IconStyle><color>ff09bd63</color><scale>0.75</scale><Icon><href>http://maps.google.com/mapfiles/kml/shapes/shaded_dot.png</href></Icon></IconStyle><LineStyle><color>ff09bd63</color><width>2.0</width></LineStyle><LabelStyle><scale>0.75</scale><color>9bffffff</color></LabelStyle></Style><Style id="s_24_6"><IconStyle><color>ff09b25e</color><scale>0.75</scale><Icon><href>http://maps.google.com/mapfiles/kml/shapes/donut.png</href></Icon></IconStyle><LineStyle><color>ff09b25e</color><width>2.0</width></LineStyle><LabelStyle><scale>0.75</scale><color>9bffffff</color></LabelStyle></Style><Folder><name>NW3→NE7</name><Placemark><name>NW3 NE7 0</name><styleUrl>#s_25_0</styleUrl><ExtendedData><Data name="bin"><value>WE</value></Data><Data name="azimuth_deg"><value>90.2799</value></Data><Data name="dist_to_target_m"><value>15920.707</value></Data></ExtendedData><Point><coordinates>-77.132236000,38.924633000,0</coordinates></Point></Placemark><Placemark><name>NW3 NE7 0 pointer</name><styleUrl>#s_25_0</styleUrl><LineString><tessellate>1</tessellate><coordinates>-77.132236000,38.924633000,0 -77.128776562,38.924619746,0</coordinates></LineString></Placemark><Placemark><name>NW3 NE7 1</name><styleUrl>#s_25_1</styleUrl><ExtendedData><Data name="bin"><value>WE</value></Data><Data name="azimuth_deg"><value>90.2964</value></Data><Data name="dist_to_target_m"><value>13644.707</value></Data></ExtendedData><Point><coordinates>-77.105990427,38.924529887,0</coordinates></Point></Placemark><Placemark><name>NW3 NE7 1 pointer</name><styleUrl>#s_25_1</styleUrl><LineString><tessellate>1</tessellate><coordinates>-77.105990427,38.924529887,0 -77.102530999,38.924515855,0</coordinates></LineString></Placemark><Placemark><name>NW3 NE7 2</name><styleUrl>#s_25_2</styleUrl><ExtendedData><Data name="bin"><value>WE</value></Data><Data name="azimuth_deg"><value>90.3129</value></Data><Data name="dist_to_target_m"><value>11368.707</value></Data></ExtendedData><Point><coordinates>-77.079744933,38.924420873,0</coordinates></Point></Placemark><Placemark><name>NW3 NE7 2 pointer</name><styleUrl>#s_25_2</styleUrl><LineString><tessellate>1</tessellate><coordinates>-77.079744933,38.924420873,0 -77.076285515,38.924406064,0</coordinates></LineString></Placemark><Placemark><name>NW3 NE7 3</name><styleUrl>#s_25_3</styleUrl><ExtendedData><Data name="bin"><value>WE</value></Data><Data name="azimuth_deg"><value>90.3294</value></Data><Data name="dist_to_target_m"><value>9092.707</value></Data></ExtendedData><Point><coordinates>-77.053499520,38.924305959,0</coordinates></Point></Placemark><Placemark><name>NW3 NE7 3 pointer</name><styleUrl>#s_25_3</styleUrl><LineString><tessellate>1</tessellate><coordinates>-77.053499520,38.924305959,0 -77.050040114,38.924290372,0</coordinates></LineString></Placemark><Placemark><name>NW3 NE7 4</name><styleUrl>#s_25_4</styleUrl><ExtendedData><Data name="bin"><value>WE</value></Data><Data name="azimuth_deg"><value>90.3459</value></Data><Data name="dist_to_target_m"><value>6816.707</value></Data></ExtendedData><Point><coordinates>-77.027254195,38.924185144,0</coordinates></Point></Placemark><Placemark><name>NW3 NE7 4 pointer</name><styleUrl>#s_25_4</styleUrl><LineString><tessellate>1</tessellate><coordinates>-77.027254195,38.924185144,0 -77.023794800,38.924168779,0</coordinates></LineString></Placemark><Placemark><name>NW3 NE7 5</name><styleUrl>#s_25_5</styleUrl><ExtendedData><Data name="bin"><value>WE</value></Data><Data name="azimuth_deg"><value>90.3624</value></Data><Data name="dist_to_target_m"><value>4540.707</value></Data></ExtendedData><Point><coordinates>-77.001008961,38.924058429,0</coordinates></Point></Placemark><Placemark><name>NW3 NE7 5 pointer</name><styleUrl>#s_25_5</styleUrl><LineString><tessellate>1</tessellate><coordinates>-77.001008961,38.924058429,0 -76.998390954,38.924045465,0</coordinates></LineString></Placemark><Placemark><name>NW3 NE7 6</name><styleUrl>#s_25_6</styleUrl><ExtendedData><Data name="bin"><value>WE</value></Data><Data name="azimuth_deg"><value>90.3789</value></Data><Data name="dist_to_target_m"><value>0.000</value></Data></ExtendedData><Point><coordinates>-76.948649000,38.923788000,0</coordinates></Point></Placemark></Folder><Style id="s_25_0"><IconStyle><color>ff0c7ff2</color><scale>0.75</scale><Icon><href>http://maps.google.com/mapfiles/kml/shapes/star.png</href></Icon></IconStyle><LineStyle><color>ff0c7ff2</color><width>2.0</width></LineStyle><LabelStyle><scale>0.75</scale><color>9bffffff</color></LabelStyle></Style><Style id="s_25_1"><IconStyle><color>ff0c7ae8</color><scale>0.75</scale><Icon><href>http://maps.google.com/mapfiles/kml/shapes/triangle.png</href></Icon></IconStyle><LineStyle><color>ff0c7ae8</color><width>2.0</width></LineStyle><LabelStyle><scale>0.75</scale><color>9bffffff</color></LabelStyle></Style><Style id="s_25_2"><IconStyle><color>ff0b74dd</color><scale>0.75</scale><Icon><href>http://maps.google.com/mapfiles/kml/shapes/cross-hairs.png</href></Icon></IconStyle><LineStyle><color>ff0b74dd</color><width>2.0</width></LineStyle><LabelStyle><scale>0.75</scale><color>9bffffff</color></LabelStyle></Style><Style id="s_25_3"><IconStyle><color>ff0b6ed2</color><scale>0.75</scale><Icon><href>http://maps.google.com/mapfiles/kml/shapes/target.png</href></Icon></IconStyle><LineStyle><color>ff0b6ed2</color><width>2.0</width></LineStyle><LabelStyle><scale>0.75</scale><color>9bffffff</color></LabelStyle></Style><Style id="s_25_4"><IconStyle><color>ff0a69c8</color><scale>0.75</scale><Icon><href>http://maps.google.com/mapfiles/kml/shapes/open-diamond.png</href></Icon></IconStyle><LineStyle><color>ff0a69c8</color><width>2.0</width></LineStyle><LabelStyle><scale>0.75</scale><color>9bffffff</color></LabelStyle></Style><Style id="s_25_5"><IconStyle><color>ff0963bd</color><scale>0.75</scale><Icon><href>http://maps.google.com/mapfiles/kml/shapes/shaded_dot.png</href></Icon></IconStyle><LineStyle><color>ff0963bd</color><width>2.0</width></LineStyle><LabelStyle><scale>0.75</scale><color>9bffffff</color></LabelStyle></Style><Style id="s_25_6"><IconStyle><color>ff095eb2</color><scale>0.75</scale><Icon><href>http://maps.google.com/mapfiles/kml/shapes/donut.png</href></Icon></IconStyle><LineStyle><color>ff095eb2</color><width>2.0</width></LineStyle><LabelStyle><scale>0.75</scale><color>9bffffff</color></LabelStyle></Style><Folder><name>NE9→NW1</name><Placemark><name>NE9 NW1 0</name><styleUrl>#s_26_0</styleUrl><ExtendedData><Data name="bin"><value>EW</value></Data><Data name="azimuth_deg"><value>-89.8040</value></Data><Data name="dist_to_target_m"><value>20543.128</value></Data></ExtendedData><Point><coordinates>-76.922320000,38.903169000,0</coordinates></Point></Placemark><Placemark><name>NE9 NW1 0 pointer</name><styleUrl>#s_26_0</styleUrl><LineString><tessellate>1</tessellate><coordinates>-76.922320000,38.903169000,0 -76.925778419,38.903178195,0</coordinates></LineString></Placemark><Placemark><name>NE9 NW1 1</name><styleUrl>#s_26_1</styleUrl><ExtendedData><Data name="bin"><value>EW</value></Data><Data name="azimuth_deg"><value>-89.8204</value></Data><Data name="dist_to_target_m"><value>18267.128</value></Data></ExtendedData><Point><coordinates>-76.948557891,38.903236202,0</coordinates></Point></Placemark><Placemark><name>NE9 NW1 1 pointer</name><styleUrl>#s_26_1</styleUrl><LineString><tessellate>1</tessellate><coordinates>-76.948557891,38.903236202,0 -76.952016316,38.903244620,0</coordinates></LineString></Placemark><Placemark><name>NE9 NW1 2</name><styleUrl>#s_26_2</styleUrl><ExtendedData><Data name="bin"><value>EW</value></Data><Data name="azimuth_deg"><value>-89.8369</value></Data><Data name="dist_to_target_m"><value>15991.128</value></Data></ExtendedData><Point><coordinates>-76.974795829,38.903297508,0</coordinates></Point></Placemark><Placemark><name>NE9 NW1 2 pointer</name><styleUrl>#s_26_2</styleUrl><LineString><tessellate>1</tessellate><coordinates>-76.974795829,38.903297508,0 -76.978254261,38.903305149,0</coordinates></LineString></Placemark><Placemark><name>NE9 NW1 3</name><styleUrl>#s_26_3</styleUrl><ExtendedData><Data name="bin"><value>EW</value></Data><Data name="azimuth_deg"><value>-89.8534</value></Data><Data name="dist_to_target_m"><value>13715.128</value></Data></ExtendedData><Point><coordinates>-77.001033811,38.903352918,0</coordinates></Point></Placemark><Placemark><name>NE9 NW1 3 pointer</name><styleUrl>#s_26_3</styleUrl><LineString><tessellate>1</tessellate><coordinates>-77.001033811,38.903352918,0 -77.004492247,38.903359782,0</coordinates></LineString></Placemark><Placemark><name>NE9 NW1 4</name><styleUrl>#s_26_4</styleUrl><ExtendedData><Data name="bin"><value>EW</value></Data><Data name="azimuth_deg"><value>-89.8699</value></Data><Data name="dist_to_target_m"><value>11439.128</value></Data></ExtendedData><Point><coordinates>-77.027271831,38.903402432,0</coordinates></Point></Placemark><Placemark><name>NE9 NW1 4 pointer</name><styleUrl>#s_26_4</styleUrl><LineString><tessellate>1</tessellate><coordinates>-77.027271831,38.903402432,0 -77.030730272,38.903408519,0</coordinates></LineString></Placemark><Placemark><name>NE9 NW1 5</name><styleUrl>#s_26_5</styleUrl><ExtendedData><Data name="bin"><value>EW</value></Data><Data name="azimuth_deg"><value>-89.8863</value></Data><Data name="dist_to_target_m"><value>9163.128</value></Data></ExtendedData><Point><coordinates>-77.053509885,38.903446050,0</coordinates></Point></Placemark><Placemark><name>NE9 NW1 5 pointer</name><styleUrl>#s_26_5</styleUrl><LineString><tessellate>1</tessellate><coordinates>-77.053509885,38.903446050,0 -77.056968330,38.903451359,0</coordinates></LineString></Placemark><Placemark><name>NE9 NW1 6</name><styleUrl>#s_26_6</styleUrl><ExtendedData><Data name="bin"><value>EW</value></Data><Data name="azimuth_deg"><value>-89.9028</value></Data><Data name="dist_to_target_m"><value>6887.128</value></Data></ExtendedData><Point><coordinates>-77.079747969,38.903483771,0</coordinates></Point></Placemark><Placemark><name>NE9 NW1 6 pointer</name><styleUrl>#s_26_6</styleUrl><LineString><tessellate>1</tessellate><coordinates>-77.079747969,38.903483771,0 -77.083206418,38.903488303,0</coordinates></LineString></Placemark><Placemark><name>NE9 NW1 7</name><styleUrl>#s_26_7</styleUrl><ExtendedData><Data name="bin"><value>EW</value></Data><Data name="azimuth_deg"><value>-89.9193</value></Data><Data name="dist_to_target_m"><value>4611.128</value></Data></ExtendedData><Point><coordinates>-77.105986079,38.903515596,0</coordinates></Point></Placemark><Placemark><name>NE9 NW1 7 pointer</name><styleUrl>#s_26_7</styleUrl><LineString><tessellate>1</tessellate><coordinates>-77.105986079,38.903515596,0 -77.108643973,38.903518491,0</coordinates></LineString></Placemark><Placemark><name>NE9 NW1 8</name><styleUrl>#s_26_8</styleUrl><ExtendedData><Data name="bin"><value>EW</value></Data><Data name="azimuth_deg"><value>-89.9358</value></Data><Data name="dist_to_target_m"><value>2335.128</value></Data></ExtendedData><Point><coordinates>-77.132224210,38.903541525,0</coordinates></Point></Placemark><Placemark><name>NE9 NW1 8 pointer</name><styleUrl>#s_26_8</styleUrl><LineString><tessellate>1</tessellate><coordinates>-77.132224210,38.903541525,0 -77.133570199,38.903542696,0</coordinates></LineString></Placemark><Placemark><name>NE9 NW1 9</name><styleUrl>#s_26_9</styleUrl><ExtendedData><Data name="bin"><value>EW</value></Data><Data name="azimuth_deg"><value>-89.9523</value></Data><Data name="dist_to_target_m"><value>0.000</value></Data></ExtendedData><Point><coordinates>-77.159144000,38.903562000,0</coordinates></Point></Placemark></Folder><Style id="s_26_0"><IconStyle><color>ff0cf27f</color><scale>0.75</scale><Icon><href>http://maps.google.com/mapfiles/kml/shapes/star.png</href></Icon></IconStyle><LineStyle><color>ff0cf27f</color><width>2.0</width></LineStyle><LabelStyle><scale>0.75</scale><color>9bffffff</color></LabelStyle></Style><Style id="s_26_1"><IconStyle><color>ff0ceb7b</color><scale>0.75</scale><Icon><href>http://maps.google.com/mapfiles/kml/shapes/triangle.png</href></Icon></IconStyle><LineStyle><color>ff0ceb7b</color><width>2.0</width></LineStyle><LabelStyle><scale>0.75</scale><color>9bffffff</color></LabelStyle></Style><Style id="s_26_2"><IconStyle><color>ff0be478</color><scale>0.75</scale><Icon><href>http://maps.google.com/mapfiles/kml/shapes/cross-hairs.png</href></Icon></IconStyle><LineStyle><color>ff0be478</color><width>2.0</width></LineStyle><LabelStyle><scale>0.75</scale><color>9bffffff</color></LabelStyle></Style><Style id="s_26_3"><IconStyle><color>ff0bdd74</color><scale>0.75</scale><Icon><href>http://maps.google.com/mapfiles/kml/shapes/target.png</href></Icon></IconStyle><LineStyle><color>ff0bdd74</color><width>2.0</width></LineStyle><LabelStyle><scale>0.75</scale><color>9bffffff</color></LabelStyle></Style><Style id="s_26_4"><IconStyle><color>ff0bd670</color><scale>0.75</scale><Icon><href>http://maps.google.com/mapfiles/kml/shapes/open-diamond.png</href></Icon></IconStyle><LineStyle><color>ff0bd670</color><width>2.0</width></LineStyle><LabelStyle><scale>0.75</scale><color>9bffffff</color></LabelStyle></Style><Style id="s_26_5"><IconStyle><color>ff0acf6d</color><scale>0.75</scale><Icon><href>http://maps.google.com/mapfiles/kml/shapes/shaded_dot.png</href></Icon></IconStyle><LineStyle><color>ff0acf6d</color><width>2.0</width></LineStyle><LabelStyle><scale>0.75</scale><color>9bffffff</color></LabelStyle></Style><Style id="s_26_6"><IconStyle><color>ff0ac869</color><scale>0.75</scale><Icon><href>http://maps.google.com/mapfiles/kml/shapes/donut.png</href></Icon></IconStyle><LineStyle><color>ff0ac869</color><width>2.0</width></LineStyle><LabelStyle><scale>0.75</scale><color>9bffffff</color></LabelStyle></Style><Style id="s_26_7"><IconStyle><color>ff0ac165</color><scale>0.75</scale><Icon><href>http://maps.google.com/mapfiles/kml/shapes/square.png</href></Icon></IconStyle><LineStyle><color>ff0ac165</color><width>2.0</width></LineStyle><LabelStyle><scale>0.75</scale><color>9bffffff</color></LabelStyle></Style><Style id="s_26_8"><IconStyle><color>ff09ba61</color><scale>0.75</scale><Icon><href>http://maps.google.com/mapfiles/kml/shapes/placemark_circle.png</href></Icon></IconStyle><LineStyle><color>ff09ba61</color><width>2.0</width></LineStyle><LabelStyle><scale>0.75</scale><color>9bffffff</color></LabelStyle></Style><Style id="s_26_9"><IconStyle><color>ff09b25e</color><scale>0.75</scale><Icon><href>http://maps.google.com/mapfiles/kml/shapes/placemark_square.png</href></Icon></IconStyle><LineStyle><color>ff09b25e</color><width>2.0</width></LineStyle><LabelStyle><scale>0.75</scale><color>9bffffff</color></LabelStyle></Style><Folder><name>NW1→NE9</name><Placemark><name>NW1 NE9 0</name><styleUrl>#s_27_0</styleUrl><ExtendedData><Data name="bin"><value>WE</value></Data><Data name="azimuth_deg"><value>90.0473</value></Data><Data name="dist_to_target_m"><value>20543.128</value></Data></ExtendedData><Point><coordinates>-77.159144000,38.903562000,0</coordinates></Point></Placemark><Placemark><name>NW1 NE9 0 pointer</name><styleUrl>#s_27_0</styleUrl><LineString><tessellate>1</tessellate><coordinates>-77.159144000,38.903562000,0 -77.155685544,38.903559717,0</coordinates></LineString></Placemark><Placemark><name>NW1 NE9 1</name><styleUrl>#s_27_1</styleUrl><ExtendedData><Data name="bin"><value>WE</value></Data><Data name="azimuth_deg"><value>90.0638</value></Data><Data name="dist_to_target_m"><value>18267.128</value></Data></ExtendedData><Point><coordinates>-77.132905852,38.903542120,0</coordinates></Point></Placemark><Placemark><name>NW1 NE9 1 pointer</name><styleUrl>#s_27_1</styleUrl><LineString><tessellate>1</tessellate><coordinates>-77.132905852,38.903542120,0 -77.129447397,38.903539060,0</coordinates></LineString></Placemark><Placemark><name>NW1 NE9 2</name><styleUrl>#s_27_2</styleUrl><ExtendedData><Data name="bin"><value>WE</value></Data><Data name="azimuth_deg"><value>90.0803</value></Data><Data name="dist_to_target_m"><value>15991.128</value></Data></ExtendedData><Point><coordinates>-77.106667720,38.903516344,0</coordinates></Point></Placemark><Placemark><name>NW1 NE9 2 pointer</name><styleUrl>#s_27_2</styleUrl><LineString><tessellate>1</tessellate><coordinates>-77.106667720,38.903516344,0 -77.103209268,38.903512507,0</coordinates></LineString></Placemark><Placemark><name>NW1 NE9 3</name><styleUrl>#s_27_3</styleUrl><ExtendedData><Data name="bin"><value>WE</value></Data><Data name="azimuth_deg"><value>90.0968</value></Data><Data name="dist_to_target_m"><value>13715.128</value></Data></ExtendedData><Point><coordinates>-77.080429610,38.903484672,0</coordinates></Point></Placemark><Placemark><name>NW1 NE9 3 pointer</name><styleUrl>#s_27_3</styleUrl><LineString><tessellate>1</tessellate><coordinates>-77.080429610,38.903484672,0 -77.076971161,38.903480058,0</coordinates></LineString></Placemark><Placemark><name>NW1 NE9 4</name><styleUrl>#s_27_4</styleUrl><ExtendedData><Data name="bin"><value>WE</value></Data><Data name="azimuth_deg"><value>90.1132</value></Data><Data name="dist_to_target_m"><value>11439.128</value></Data></ExtendedData><Point><coordinates>-77.054191525,38.903447104,0</coordinates></Point></Placemark><Placemark><name>NW1 NE9 4 pointer</name><styleUrl>#s_27_4</styleUrl><LineString><tessellate>1</tessellate><coordinates>-77.054191525,38.903447104,0 -77.050733080,38.903441712,0</coordinates></LineString></Placemark><Placemark><name>NW1 NE9 5</name><styleUrl>#s_27_5</styleUrl><ExtendedData><Data name="bin"><value>WE</value></Data><Data name="azimuth_deg"><value>90.1297</value></Data><Data name="dist_to_target_m"><value>9163.128</value></Data></ExtendedData><Point><coordinates>-77.027953470,38.903403640,0</coordinates></Point></Placemark><Placemark><name>NW1 NE9 5 pointer</name><styleUrl>#s_27_5</styleUrl><LineString><tessellate>1</tessellate><coordinates>-77.027953470,38.903403640,0 -77.024495029,38.903397471,0</coordinates></LineString></Placemark><Placemark><name>NW1 NE9 6</name><styleUrl>#s_27_6</styleUrl><ExtendedData><Data name="bin"><value>WE</value></Data><Data name="azimuth_deg"><value>90.1462</value></Data><Data name="dist_to_target_m"><value>6887.128</value></Data></ExtendedData><Point><coordinates>-77.001715449,38.903354279,0</coordinates></Point></Placemark><Placemark><name>NW1 NE9 6 pointer</name><styleUrl>#s_27_6</styleUrl><LineString><tessellate>1</tessellate><coordinates>-77.001715449,38.903354279,0 -76.998257013,38.903347333,0</coordinates></LineString></Placemark><Placemark><name>NW1 NE9 7</name><styleUrl>#s_27_7</styleUrl><ExtendedData><Data name="bin"><value>WE</value></Data><Data name="azimuth_deg"><value>90.1627</value></Data><Data name="dist_to_target_m"><value>4611.128</value></Data></ExtendedData><Point><coordinates>-76.975477466,38.903299022,0</coordinates></Point></Placemark><Placemark><name>NW1 NE9 7 pointer</name><styleUrl>#s_27_7</styleUrl><LineString><tessellate>1</tessellate><coordinates>-76.975477466,38.903299022,0 -76.972819589,38.903293096,0</coordinates></LineString></Placemark><Placemark><name>NW1 NE9 8</name><styleUrl>#s_27_8</styleUrl><ExtendedData><Data name="bin"><value>WE</value></Data><Data name="azimuth_deg"><value>90.1791</value></Data><Data name="dist_to_target_m"><value>2335.128</value></Data></ExtendedData><Point><coordinates>-76.949239527,38.903237869,0</coordinates></Point></Placemark><Placemark><name>NW1 NE9 8 pointer</name><styleUrl>#s_27_8</styleUrl><LineString><tessellate>1</tessellate><coordinates>-76.949239527,38.903237869,0 -76.947893549,38.903234573,0</coordinates></LineString></Placemark><Placemark><name>NW1 NE9 9</name><styleUrl>#s_27_9</styleUrl><ExtendedData><Data name="bin"><value>WE</value></Data><Data name="azimuth_deg"><value>90.1956</value></Data><Data name="dist_to_target_m"><value>0.000</value></Data></ExtendedData><Point><coordinates>-76.922320000,38.903169000,0</coordinates></Point></Placemark></Folder><Style id="s_27_0"><IconStyle><color>ff0c7ff2</color><scale>0.75</scale><Icon><href>http://maps.google.com/mapfiles/kml/shapes/star.png</href></Icon></IconStyle><LineStyle><color>ff0c7ff2</color><width>2.0</width></LineStyle><LabelStyle><scale>0.75</scale><color>9bffffff</color></LabelStyle></Style><Style id="s_27_1"><IconStyle><color>ff0c7beb</color><scale>0.75</scale><Icon><href>http://maps.google.com/mapfiles/kml/shapes/triangle.png</href></Icon></IconStyle><LineStyle><color>ff0c7beb</color><width>2.0</width></LineStyle><LabelStyle><scale>0.75</scale><color>9bffffff</color></LabelStyle></Style><Style id="s_27_2"><IconStyle><color>ff0b78e4</color><scale>0.75</scale><Icon><href>http://maps.google.com/mapfiles/kml/shapes/cross-hairs.png</href></Icon></IconStyle><LineStyle><color>ff0b78e4</color><width>2.0</width></LineStyle><LabelStyle><scale>0.75</scale><color>9bffffff</color></LabelStyle></Style><Style id="s_27_3"><IconStyle><color>ff0b74dd</color><scale>0.75</scale><Icon><href>http://maps.google.com/mapfiles/kml/shapes/target.png</href></Icon></IconStyle><LineStyle><color>ff0b74dd</color><width>2.0</width></LineStyle><LabelStyle><scale>0.75</scale><color>9bffffff</color></LabelStyle></Style><Style id="s_27_4"><IconStyle><color>ff0b70d6</color><scale>0.75</scale><Icon><href>http://maps.google.com/mapfiles/kml/shapes/open-diamond.png</href></Icon></IconStyle><LineStyle><color>ff0b70d6</color><width>2.0</width></LineStyle><LabelStyle><scale>0.75</scale><color>9bffffff</color></LabelStyle></Style><Style id="s_27_5"><IconStyle><color>ff0a6dcf</color><scale>0.75</scale><Icon><href>http://maps.google.com/mapfiles/kml/shapes/shaded_dot.png</href></Icon></IconStyle><LineStyle><color>ff0a6dcf</color><width>2.0</width></LineStyle><LabelStyle><scale>0.75</scale><color>9bffffff</color></LabelStyle></Style><Style id="s_27_6"><IconStyle><color>ff0a69c8</color><scale>0.75</scale><Icon><href>http://maps.google.com/mapfiles/kml/shapes/donut.png</href></Icon></IconStyle><LineStyle><color>ff0a69c8</color><width>2.0</width></LineStyle><LabelStyle><scale>0.75</scale><color>9bffffff</color></LabelStyle></Style><Style id="s_27_7"><IconStyle><color>ff0a65c1</color><scale>0.75</scale><Icon><href>http://maps.google.com/mapfiles/kml/shapes/square.png</href></Icon></IconStyle><LineStyle><color>ff0a65c1</color><width>2.0</width></LineStyle><LabelStyle><scale>0.75</scale><color>9bffffff</color></LabelStyle></Style><Style id="s_27_8"><IconStyle><color>ff0961ba</color><scale>0.75</scale><Icon><href>http://maps.google.com/mapfiles/kml/shapes/placemark_circle.png</href></Icon></IconStyle><LineStyle><color>ff0961ba</color><width>2.0</width></LineStyle><LabelStyle><scale>0.75</scale><color>9bffffff</color></LabelStyle></Style><Style id="s_27_9"><IconStyle><color>ff095eb2</color><scale>0.75</scale><Icon><href>http://maps.google.com/mapfiles/kml/shapes/placemark_square.png</href></Icon></IconStyle><LineStyle><color>ff095eb2</color><width>2.0</width></LineStyle><LabelStyle><scale>0.75</scale><color>9bffffff</color></LabelStyle></Style><Folder><name>NE2→NW8</name><Placemark><name>NE2 NW8 0</name><styleUrl>#s_28_0</styleUrl><ExtendedData><Data name="bin"><value>EW</value></Data><Data name="azimuth_deg"><value>-89.8566</value></Data><Data name="dist_to_target_m"><value>4564.463</value></Data></ExtendedData><Point><coordinates>-77.014594000,38.975351000,0</coordinates></Point></Placemark><Placemark><name>NE2 NW8 0 pointer</name><styleUrl>#s_28_0</styleUrl><LineString><tessellate>1</tessellate><coordinates>-77.014594000,38.975351000,0 -77.017227647,38.975356115,0</coordinates></LineString></Placemark><Placemark><name>NE2 NW8 1</name><styleUrl>#s_28_1</styleUrl><ExtendedData><Data name="bin"><value>EW</value></Data><Data name="azimuth_deg"><value>-89.8731</value></Data><Data name="dist_to_target_m"><value>2288.463</value></Data></ExtendedData><Point><coordinates>-77.040858570,38.975399348,0</coordinates></Point></Placemark><Placemark><name>NE2 NW8 1 pointer</name><styleUrl>#s_28_1</styleUrl><LineString><tessellate>1</tessellate><coordinates>-77.040858570,38.975399348,0 -77.042178991,38.975401622,0</coordinates></LineString></Placemark><Placemark><name>NE2 NW8 2</name><styleUrl>#s_28_2</styleUrl><ExtendedData><Data name="bin"><value>EW</value></Data><Data name="azimuth_deg"><value>-89.8897</value></Data><Data name="dist_to_target_m"><value>0.000</value></Data></ExtendedData><Point><coordinates>-77.067267000,38.975442000,0</coordinates></Point></Placemark></Folder><Style id="s_28_0"><IconStyle><color>ff0cf27f</color><scale>0.75</scale><Icon><href>http://maps.google.com/mapfiles/kml/shapes/star.png</href></Icon></IconStyle><LineStyle><color>ff0cf27f</color><width>2.0</width></LineStyle><LabelStyle><scale>0.75</scale><color>9bffffff</color></LabelStyle></Style><Style id="s_28_1"><IconStyle><color>ff0bd26e</color><scale>0.75</scale><Icon><href>http://maps.google.com/mapfiles/kml/shapes/triangle.png</href></Icon></IconStyle><LineStyle><color>ff0bd26e</color><width>2.0</width></LineStyle><LabelStyle><scale>0.75</scale><color>9bffffff</color></LabelStyle></Style><Style id="s_28_2"><IconStyle><color>ff09b25e</color><scale>0.75</scale><Icon><href>http://maps.google.com/mapfiles/kml/shapes/cross-hairs.png</href></Icon></IconStyle><LineStyle><color>ff09b25e</color><width>2.0</width></LineStyle><LabelStyle><scale>0.75</scale><color>9bffffff</color></LabelStyle></Style><Folder><name>NW8→NE2</name><Placemark><name>NW8 NE2 0</name><styleUrl>#s_29_0</styleUrl><ExtendedData><Data name="bin"><value>WE</value></Data><Data name="azimuth_deg"><value>90.1102</value></Data><Data name="dist_to_target_m"><value>4564.463</value></Data></ExtendedData><Point><coordinates>-77.067267000,38.975442000,0</coordinates></Point></Placemark><Placemark><name>NW8 NE2 0 pointer</name><styleUrl>#s_29_0</styleUrl><LineString><tessellate>1</tessellate><coordinates>-77.067267000,38.975442000,0 -77.064633347,38.975438015,0</coordinates></LineString></Placemark><Placemark><name>NW8 NE2 1</name><styleUrl>#s_29_1</styleUrl><ExtendedData><Data name="bin"><value>WE</value></Data><Data name="azimuth_deg"><value>90.1268</value></Data><Data name="dist_to_target_m"><value>2288.463</value></Data></ExtendedData><Point><coordinates>-77.041002396,38.975399596,0</coordinates></Point></Placemark><Placemark><name>NW8 NE2 1 pointer</name><styleUrl>#s_29_1</styleUrl><LineString><tessellate>1</tessellate><coordinates>-77.041002396,38.975399596,0 -77.039681976,38.975397308,0</coordinates></LineString></Placemark><Placemark><name>NW8 NE2 2</name><styleUrl>#s_29_2</styleUrl><ExtendedData><Data name="bin"><value>WE</value></Data><Data name="azimuth_deg"><value>90.1433</value></Data><Data name="dist_to_target_m"><value>0.000</value></Data></ExtendedData><Point><coordinates>-77.014594000,38.975351000,0</coordinates></Point></Placemark></Folder><Style id="s_29_0"><IconStyle><color>ff0c7ff2</color><scale>0.75</scale><Icon><href>http://maps.google.com/mapfiles/kml/shapes/star.png</href></Icon></IconStyle><LineStyle><color>ff0c7ff2</color><width>2.0</width></LineStyle><LabelStyle><scale>0.75</scale><color>9bffffff</color></LabelStyle></Style><Style id="s_29_1"><IconStyle><color>ff0b6ed2</color><scale>0.75</scale><Icon><href>http://maps.google.com/mapfiles/kml/shapes/triangle.png</href></Icon></IconStyle><LineStyle><color>ff0b6ed2</color><width>2.0</width></LineStyle><LabelStyle><scale>0.75</scale><color>9bffffff</color></LabelStyle></Style><Style id="s_29_2"><IconStyle><color>ff095eb2</color><scale>0.75</scale><Icon><href>http://maps.google.com/mapfiles/kml/shapes/cross-hairs.png</href></Icon></IconStyle><LineStyle><color>ff095eb2</color><width>2.0</width></LineStyle><LabelStyle><scale>0.75</scale><color>9bffffff</color></LabelStyle></Style><Folder><name>NE4→NW6</name><Placemark><name>NE4 NW6 0</name><styleUrl>#s_30_0</styleUrl><ExtendedData><Data name="bin"><value>EW</value></Data><Data name="azimuth_deg"><value>-89.8443</value></Data><Data name="dist_to_target_m"><value>9131.133</value></Data></ExtendedData><Point><coordinates>-76.988207000,38.954733000,0</coordinates></Point></Placemark><Placemark><name>NE4 NW6 0 pointer</name><styleUrl>#s_30_0</styleUrl><LineString><tessellate>1</tessellate><coordinates>-76.988207000,38.954733000,0 -76.991667931,38.954740293,0</coordinates></LineString></Placemark><Placemark><name>NE4 NW6 1</name><styleUrl>#s_30_1</styleUrl><ExtendedData><Data name="bin"><value>EW</value></Data><Data name="azimuth_deg"><value>-89.8608</value></Data><Data name="dist_to_target_m"><value>6855.133</value></Data></ExtendedData><Point><coordinates>-77.014463945,38.954785765,0</coordinates></Point></Placemark><Placemark><name>NE4 NW6 1 pointer</name><styleUrl>#s_30_1</styleUrl><LineString><tessellate>1</tessellate><coordinates>-77.014463945,38.954785765,0 -77.017924881,38.954792279,0</coordinates></LineString></Placemark><Placemark><name>NE4 NW6 2</name><styleUrl>#s_30_2</styleUrl><ExtendedData><Data name="bin"><value>EW</value></Data><Data name="azimuth_deg"><value>-89.8773</value></Data><Data name="dist_to_target_m"><value>4579.133</value></Data></ExtendedData><Point><coordinates>-77.040720927,38.954832623,0</coordinates></Point></Placemark><Placemark><name>NE4 NW6 2 pointer</name><styleUrl>#s_30_2</styleUrl><LineString><tessellate>1</tessellate><coordinates>-77.040720927,38.954832623,0 -77.043362278,38.954837010,0</coordinates></LineString></Placemark><Placemark><name>NE4 NW6 3</name><styleUrl>#s_30_3</styleUrl><ExtendedData><Data name="bin"><value>EW</value></Data><Data name="azimuth_deg"><value>-89.8938</value></Data><Data name="dist_to_target_m"><value>2303.133</value></Data></ExtendedData><Point><coordinates>-77.066977941,38.954873574,0</coordinates></Point></Placemark><Placemark><name>NE4 NW6 3 pointer</name><styleUrl>#s_30_3</styleUrl><LineString><tessellate>1</tessellate><coordinates>-77.066977941,38.954873574,0 -77.068306443,38.954875489,0</coordinates></LineString></Placemark><Placemark><name>NE4 NW6 4</name><styleUrl>#s_30_4</styleUrl><ExtendedData><Data name="bin"><value>EW</value></Data><Data name="azimuth_deg"><value>-89.9103</value></Data><Data name="dist_to_target_m"><value>0.000</value></Data></ExtendedData><Point><coordinates>-77.093548000,38.954909000,0</coordinates></Point></Placemark></Folder><Style id="s_30_0"><IconStyle><color>ff0cf27f</color><scale>0.75</scale><Icon><href>http://maps.google.com/mapfiles/kml/shapes/star.png</href></Icon></IconStyle><LineStyle><color>ff0cf27f</color><width>2.0</width></LineStyle><LabelStyle><scale>0.75</scale><color>9bffffff</color></LabelStyle></Style><Style id="s_30_1"><IconStyle><color>ff0be277</color><scale>0.75</scale><Icon><href>http://maps.google.com/mapfiles/kml/shapes/triangle.png</href></Icon></IconStyle><LineStyle><color>ff0be277</color><width>2.0</width></LineStyle><LabelStyle><scale>0.75</scale><color>9bffffff</color></LabelStyle></Style><Style id="s_30_2"><IconStyle><color>ff0bd26e</color><scale>0.75</scale><Icon><href>http://maps.google.com/mapfiles/kml/shapes/cross-hairs.png</href></Icon></IconStyle><LineStyle><color>ff0bd26e</color><width>2.0</width></LineStyle><LabelStyle><scale>0.75</scale><color>9bffffff</color></LabelStyle></Style><Style id="s_30_3"><IconStyle><color>ff0ac266</color><scale>0.75</scale><Icon><href>http://maps.google.com/mapfiles/kml/shapes/target.png</href></Icon></IconStyle><LineStyle><color>ff0ac266</color><width>2.0</width></LineStyle><LabelStyle><scale>0.75</scale><color>9bffffff</color></LabelStyle></Style><Style id="s_30_4"><IconStyle><color>ff09b25e</color><scale>0.75</scale><Icon><href>http://maps.google.com/mapfiles/kml/shapes/open-diamond.png</href></Icon></IconStyle><LineStyle><color>ff09b25e</color><width>2.0</width></LineStyle><LabelStyle><scale>0.75</scale><color>9bffffff</color></LabelStyle></Style><Folder><name>NW6→NE4</name><Placemark><name>NW6 NE4 0</name><styleUrl>#s_31_0</styleUrl><ExtendedData><Data name="bin"><value>WE</value></Data><Data name="azimuth_deg"><value>90.0895</value></Data><Data name="dist_to_target_m"><value>9131.133</value></Data></ExtendedData><Point><coordinates>-77.093548000,38.954909000,0</coordinates></Point></Placemark><Placemark><name>NW6 NE4 0 pointer</name><styleUrl>#s_31_0</styleUrl><LineString><tessellate>1</tessellate><coordinates>-77.093548000,38.954909000,0 -77.090087053,38.954904728,0</coordinates></LineString></Placemark><Placemark><name>NW6 NE4 1</name><styleUrl>#s_31_1</styleUrl><ExtendedData><Data name="bin"><value>WE</value></Data><Data name="azimuth_deg"><value>90.1060</value></Data><Data name="dist_to_target_m"><value>6855.133</value></Data></ExtendedData><Point><coordinates>-77.067290957,38.954874026,0</coordinates></Point></Placemark><Placemark><name>NW6 NE4 1 pointer</name><styleUrl>#s_31_1</styleUrl><LineString><tessellate>1</tessellate><coordinates>-77.067290957,38.954874026,0 -77.063830014,38.954868976,0</coordinates></LineString></Placemark><Placemark><name>NW6 NE4 2</name><styleUrl>#s_31_2</styleUrl><ExtendedData><Data name="bin"><value>WE</value></Data><Data name="azimuth_deg"><value>90.1225</value></Data><Data name="dist_to_target_m"><value>4579.133</value></Data></ExtendedData><Point><coordinates>-77.041033943,38.954833146,0</coordinates></Point></Placemark><Placemark><name>NW6 NE4 2 pointer</name><styleUrl>#s_31_2</styleUrl><LineString><tessellate>1</tessellate><coordinates>-77.041033943,38.954833146,0 -77.038392592,38.954828706,0</coordinates></LineString></Placemark><Placemark><name>NW6 NE4 3</name><styleUrl>#s_31_3</styleUrl><ExtendedData><Data name="bin"><value>WE</value></Data><Data name="azimuth_deg"><value>90.1390</value></Data><Data name="dist_to_target_m"><value>2303.133</value></Data></ExtendedData><Point><coordinates>-77.014776961,38.954786358,0</coordinates></Point></Placemark><Placemark><name>NW6 NE4 3 pointer</name><styleUrl>#s_31_3</styleUrl><LineString><tessellate>1</tessellate><coordinates>-77.014776961,38.954786358,0 -77.013448462,38.954783834,0</coordinates></LineString></Placemark><Placemark><name>NW6 NE4 4</name><styleUrl>#s_31_4</styleUrl><ExtendedData><Data name="bin"><value>WE</value></Data><Data name="azimuth_deg"><value>90.1555</value></Data><Data name="dist_to_target_m"><value>0.000</value></Data></ExtendedData><Point><coordinates>-76.988207000,38.954733000,0</coordinates></Point></Placemark></Folder><Style id="s_31_0"><IconStyle><color>ff0c7ff2</color><scale>0.75</scale><Icon><href>http://maps.google.com/mapfiles/kml/shapes/star.png</href></Icon></IconStyle><LineStyle><color>ff0c7ff2</color><width>2.0</width></LineStyle><LabelStyle><scale>0.75</scale><color>9bffffff</color></LabelStyle></Style><Style id="s_31_1"><IconStyle><color>ff0b77e2</color><scale>0.75</scale><Icon><href>http://maps.google.com/mapfiles/kml/shapes/triangle.png</href></Icon></IconStyle><LineStyle><color>ff0b77e2</color><width>2.0</width></LineStyle><LabelStyle><scale>0.75</scale><color>9bffffff</color></LabelStyle></Style><Style id="s_31_2"><IconStyle><color>ff0b6ed2</color><scale>0.75</scale><Icon><href>http://maps.google.com/mapfiles/kml/shapes/cross-hairs.png</href></Icon></IconStyle><LineStyle><color>ff0b6ed2</color><width>2.0</width></LineStyle><LabelStyle><scale>0.75</scale><color>9bffffff</color></LabelStyle></Style><Style id="s_31_3"><IconStyle><color>ff0a66c2</color><scale>0.75</scale><Icon><href>http://maps.google.com/mapfiles/kml/shapes/target.png</href></Icon></IconStyle><LineStyle><color>ff0a66c2</color><width>2.0</width></LineStyle><LabelStyle><scale>0.75</scale><color>9bffffff</color></LabelStyle></Style><Style id="s_31_4"><IconStyle><color>ff095eb2</color><scale>0.75</scale><Icon><href>http://maps.google.com/mapfiles/kml/shapes/open-diamond.png</href></Icon></IconStyle><LineStyle><color>ff095eb2</color><width>2.0</width></LineStyle><LabelStyle><scale>0.75</scale><color>9bffffff</color></LabelStyle></Style><Folder><name>NE6→NW4</name><Placemark><name>NE6 NW4 0</name><styleUrl>#s_32_0</styleUrl><ExtendedData><Data name="bin"><value>EW</value></Data><Data name="azimuth_deg"><value>-88.1027</value></Data><Data name="dist_to_target_m"><value>13389.161</value></Data></ExtendedData><Point><coordinates>-76.961330000,38.933715000,0</coordinates></Point></Placemark><Placemark><name>NE6 NW4 0 pointer</name><styleUrl>#s_32_0</styleUrl><LineString><tessellate>1</tessellate><coordinates>-76.961330000,38.933715000,0 -76.964788029,38.933804417,0</coordinates></LineString></Placemark><Placemark><name>NE6 NW4 1</name><styleUrl>#s_32_1</styleUrl><ExtendedData><Data name="bin"><value>EW</value></Data><Data name="azimuth_deg"><value>-88.1192</value></Data><Data name="dist_to_target_m"><value>11113.161</value></Data></ExtendedData><Point><coordinates>-76.987565130,38.934390820,0</coordinates></Point></Placemark><Placemark><name>NE6 NW4 1 pointer</name><styleUrl>#s_32_1</styleUrl><LineString><tessellate>1</tessellate><coordinates>-76.987565130,38.934390820,0 -76.991023225,38.934479461,0</coordinates></LineString></Placemark><Placemark><name>NE6 NW4 2</name><styleUrl>#s_32_2</styleUrl><ExtendedData><Data name="bin"><value>EW</value></Data><Data name="azimuth_deg"><value>-88.1357</value></Data><Data name="dist_to_target_m"><value>8837.161</value></Data></ExtendedData><Point><coordinates>-77.013800756,38.935060744,0</coordinates></Point></Placemark><Placemark><name>NE6 NW4 2 pointer</name><styleUrl>#s_32_2</styleUrl><LineString><tessellate>1</tessellate><coordinates>-77.013800756,38.935060744,0 -77.017258915,38.935148607,0</coordinates></LineString></Placemark><Placemark><name>NE6 NW4 3</name><styleUrl>#s_32_3</styleUrl><ExtendedData><Data name="bin"><value>EW</value></Data><Data name="azimuth_deg"><value>-88.1522</value></Data><Data name="dist_to_target_m"><value>6561.161</value></Data></ExtendedData><Point><coordinates>-77.040036873,38.935724772,0</coordinates></Point></Placemark><Placemark><name>NE6 NW4 3 pointer</name><styleUrl>#s_32_3</styleUrl><LineString><tessellate>1</tessellate><coordinates>-77.040036873,38.935724772,0 -77.043495097,38.935811858,0</coordinates></LineString></Placemark><Placemark><name>NE6 NW4 4</name><styleUrl>#s_32_4</styleUrl><ExtendedData><Data name="bin"><value>EW</value></Data><Data name="azimuth_deg"><value>-88.1687</value></Data><Data name="dist_to_target_m"><value>4285.161</value></Data></ExtendedData><Point><coordinates>-77.066273477,38.936382902,0</coordinates></Point></Placemark><Placemark><name>NE6 NW4 4 pointer</name><styleUrl>#s_32_4</styleUrl><LineString><tessellate>1</tessellate><coordinates>-77.066273477,38.936382902,0 -77.068743363,38.936444554,0</coordinates></LineString></Placemark><Placemark><name>NE6 NW4 5</name><styleUrl>#s_32_5</styleUrl><ExtendedData><Data name="bin"><value>EW</value></Data><Data name="azimuth_deg"><value>-88.1852</value></Data><Data name="dist_to_target_m"><value>0.000</value></Data></ExtendedData><Point><coordinates>-77.115672000,38.937606000,0</coordinates></Point></Placemark></Folder><Style id="s_32_0"><IconStyle><color>ff0cf27f</color><scale>0.75</scale><Icon><href>http://maps.google.com/mapfiles/kml/shapes/star.png</href></Icon></IconStyle><LineStyle><color>ff0cf27f</color><width>2.0</width></LineStyle><LabelStyle><scale>0.75</scale><color>9bffffff</color></LabelStyle></Style><Style id="s_32_1"><IconStyle><color>ff0be578</color><scale>0.75</scale><Icon><href>http://maps.google.com/mapfiles/kml/shapes/triangle.png</href></Icon></IconStyle><LineStyle><color>ff0be578</color><width>2.0</width></LineStyle><LabelStyle><scale>0.75</scale><color>9bffffff</color></LabelStyle></Style><Style id="s_32_2"><IconStyle><color>ff0bd972</color><scale>0.75</scale><Icon><href>http://maps.google.com/mapfiles/kml/shapes/cross-hairs.png</href></Icon></IconStyle><LineStyle><color>ff0bd972</color><width>2.0</width></LineStyle><LabelStyle><scale>0.75</scale><color>9bffffff</color></LabelStyle></Style><Style id="s_32_3"><IconStyle><color>ff0acc6b</color><scale>0.75</scale><Icon><href>http://maps.google.com/mapfiles/kml/shapes/target.png</href></Icon></IconStyle><LineStyle><color>ff0acc6b</color><width>2.0</width></LineStyle><LabelStyle><scale>0.75</scale><color>9bffffff</color></LabelStyle></Style><Style id="s_32_4"><IconStyle><color>ff0abf64</color><scale>0.75</scale><Icon><href>http://maps.google.com/mapfiles/kml/shapes/open-diamond.png</href></Icon></IconStyle><LineStyle><color>ff0abf64</color><width>2.0</width></LineStyle><LabelStyle><scale>0.75</scale><color>9bffffff</color></LabelStyle></Style><Style id="s_32_5"><IconStyle><color>ff09b25e</color><scale>0.75</scale><Icon><href>http://maps.google.com/mapfiles/kml/shapes/shaded_dot.png</href></Icon></IconStyle><LineStyle><color>ff09b25e</color><width>2.0</width></LineStyle><LabelStyle><scale>0.75</scale><color>9bffffff</color></LabelStyle></Style><Folder><name>NW4→NE6</name><Placemark><name>NW4 NE6 0</name><styleUrl>#s_33_0</styleUrl><ExtendedData><Data name="bin"><value>WE</value></Data><Data name="azimuth_deg"><value>91.8003</value></Data><Data name="dist_to_target_m"><value>13389.161</value></Data></ExtendedData><Point><coordinates>-77.115672000,38.937606000,0</coordinates></Point></Placemark><Placemark><name>NW4 NE6 0 pointer</name><styleUrl>#s_33_0</styleUrl><LineString><tessellate>1</tessellate><coordinates>-77.115672000,38.937606000,0 -77.112213602,38.937521053,0</coordinates></LineString></Placemark><Placemark><name>NW4 NE6 1</name><styleUrl>#s_33_1</styleUrl><ExtendedData><Data name="bin"><value>WE</value></Data><Data name="azimuth_deg"><value>91.8168</value></Data><Data name="dist_to_target_m"><value>11113.161</value></Data></ExtendedData><Point><coordinates>-77.089434490,38.936958973,0</coordinates></Point></Placemark><Placemark><name>NW4 NE6 1 pointer</name><styleUrl>#s_33_1</styleUrl><LineString><tessellate>1</tessellate><coordinates>-77.089434490,38.936958973,0 -77.085976155,38.936873248,0</coordinates></LineString></Placemark><Placemark><name>NW4 NE6 2</name><styleUrl>#s_33_2</styleUrl><ExtendedData><Data name="bin"><value>WE</value></Data><Data name="azimuth_deg"><value>91.8333</value></Data><Data name="dist_to_target_m"><value>8837.161</value></Data></ExtendedData><Point><coordinates>-77.063197459,38.936306048,0</coordinates></Point></Placemark><Placemark><name>NW4 NE6 2 pointer</name><styleUrl>#s_33_2</styleUrl><LineString><tessellate>1</tessellate><coordinates>-77.063197459,38.936306048,0 -77.059739187,38.936219546,0</coordinates></LineString></Placemark><Placemark><name>NW4 NE6 3</name><styleUrl>#s_33_3</styleUrl><ExtendedData><Data name="bin"><value>WE</value></Data><Data name="azimuth_deg"><value>91.8497</value></Data><Data name="dist_to_target_m"><value>6561.161</value></Data></ExtendedData><Point><coordinates>-77.036960912,38.935647226,0</coordinates></Point></Placemark><Placemark><name>NW4 NE6 3 pointer</name><styleUrl>#s_33_3</styleUrl><LineString><tessellate>1</tessellate><coordinates>-77.036960912,38.935647226,0 -77.033502704,38.935559947,0</coordinates></LineString></Placemark><Placemark><name>NW4 NE6 4</name><styleUrl>#s_33_4</styleUrl><ExtendedData><Data name="bin"><value>WE</value></Data><Data name="azimuth_deg"><value>91.8662</value></Data><Data name="dist_to_target_m"><value>4285.161</value></Data></ExtendedData><Point><coordinates>-77.010724852,38.934982507,0</coordinates></Point></Placemark><Placemark><name>NW4 NE6 4 pointer</name><styleUrl>#s_33_4</styleUrl><LineString><tessellate>1</tessellate><coordinates>-77.010724852,38.934982507,0 -77.008255068,38.934919628,0</coordinates></LineString></Placemark><Placemark><name>NW4 NE6 5</name><styleUrl>#s_33_5</styleUrl><ExtendedData><Data name="bin"><value>WE</value></Data><Data name="azimuth_deg"><value>91.8827</value></Data><Data name="dist_to_target_m"><value>0.000</value></Data></ExtendedData><Point><coordinates>-76.961330000,38.933715000,0</coordinates></Point></Placemark></Folder><Style id="s_33_0"><IconStyle><color>ff0c7ff2</color><scale>0.75</scale><Icon><href>http://maps.google.com/mapfiles/kml/shapes/star.png</href></Icon></IconStyle><LineStyle><color>ff0c7ff2</color><width>2.0</width></LineStyle><LabelStyle><scale>0.75</scale><color>9bffffff</color></LabelStyle></Style><Style id="s_33_1"><IconStyle><color>ff0b78e5</color><scale>0.75</scale><Icon><href>http://maps.google.com/mapfiles/kml/shapes/triangle.png</href></Icon></IconStyle><LineStyle><color>ff0b78e5</color><width>2.0</width></LineStyle><LabelStyle><scale>0.75</scale><color>9bffffff</color></LabelStyle></Style><Style id="s_33_2"><IconStyle><color>ff0b72d9</color><scale>0.75</scale><Icon><href>http://maps.google.com/mapfiles/kml/shapes/cross-hairs.png</href></Icon></IconStyle><LineStyle><color>ff0b72d9</color><width>2.0</width></LineStyle><LabelStyle><scale>0.75</scale><color>9bffffff</color></LabelStyle></Style><Style id="s_33_3"><IconStyle><color>ff0a6bcc</color><scale>0.75</scale><Icon><href>http://maps.google.com/mapfiles/kml/shapes/target.png</href></Icon></IconStyle><LineStyle><color>ff0a6bcc</color><width>2.0</width></LineStyle><LabelStyle><scale>0.75</scale><color>9bffffff</color></LabelStyle></Style><Style id="s_33_4"><IconStyle><color>ff0a64bf</color><scale>0.75</scale><Icon><href>http://maps.google.com/mapfiles/kml/shapes/open-diamond.png</href></Icon></IconStyle><LineStyle><color>ff0a64bf</color><width>2.0</width></LineStyle><LabelStyle><scale>0.75</scale><color>9bffffff</color></LabelStyle></Style><Style id="s_33_5"><IconStyle><color>ff095eb2</color><scale>0.75</scale><Icon><href>http://maps.google.com/mapfiles/kml/shapes/shaded_dot.png</href></Icon></IconStyle><LineStyle><color>ff095eb2</color><width>2.0</width></LineStyle><LabelStyle><scale>0.75</scale><color>9bffffff</color></LabelStyle></Style><Folder><name>NE8→NW2</name><Placemark><name>NE8 NW2 0</name><styleUrl>#s_34_0</styleUrl><ExtendedData><Data name="bin"><value>EW</value></Data><Data name="azimuth_deg"><value>-89.7952</value></Data><Data name="dist_to_target_m"><value>18257.389</value></Data></ExtendedData><Point><coordinates>-76.935483000,38.913483000,0</coordinates></Point></Placemark><Placemark><name>NE8 NW2 0 pointer</name><styleUrl>#s_34_0</styleUrl><LineString><tessellate>1</tessellate><coordinates>-76.935483000,38.913483000,0 -76.938941917,38.913492607,0</coordinates></LineString></Placemark><Placemark><name>NE8 NW2 1</name><styleUrl>#s_34_1</styleUrl><ExtendedData><Data name="bin"><value>EW</value></Data><Data name="azimuth_deg"><value>-89.8117</value></Data><Data name="dist_to_target_m"><value>15981.389</value></Data></ExtendedData><Point><coordinates>-76.961724675,38.913553323,0</coordinates></Point></Placemark><Placemark><name>NE8 NW2 1 pointer</name><styleUrl>#s_34_1</styleUrl><LineString><tessellate>1</tessellate><coordinates>-76.961724675,38.913553323,0 -76.965183599,38.913562153,0</coordinates></LineString></Placemark><Placemark><name>NE8 NW2 2</name><styleUrl>#s_34_2</styleUrl><ExtendedData><Data name="bin"><value>EW</value></Data><Data name="azimuth_deg"><value>-89.8282</value></Data><Data name="dist_to_target_m"><value>13705.389</value></Data></ExtendedData><Point><coordinates>-76.987966400,38.913617749,0</coordinates></Point></Placemark><Placemark><name>NE8 NW2 2 pointer</name><styleUrl>#s_34_2</styleUrl><LineString><tessellate>1</tessellate><coordinates>-76.987966400,38.913617749,0 -76.991425331,38.913625801,0</coordinates></LineString></Placemark><Placemark><name>NE8 NW2 3</name><styleUrl>#s_34_3</styleUrl><ExtendedData><Data name="bin"><value>EW</value></Data><Data name="azimuth_deg"><value>-89.8447</value></Data><Data name="dist_to_target_m"><value>11429.389</value></Data></ExtendedData><Point><coordinates>-77.014208170,38.913676276,0</coordinates></Point></Placemark><Placemark><name>NE8 NW2 3 pointer</name><styleUrl>#s_34_3</styleUrl><LineString><tessellate>1</tessellate><coordinates>-77.014208170,38.913676276,0 -77.017667106,38.913683550,0</coordinates></LineString></Placemark><Placemark><name>NE8 NW2 4</name><styleUrl>#s_34_4</styleUrl><ExtendedData><Data name="bin"><value>EW</value></Data><Data name="azimuth_deg"><value>-89.8612</value></Data><Data name="dist_to_target_m"><value>9153.389</value></Data></ExtendedData><Point><coordinates>-77.040449982,38.913728904,0</coordinates></Point></Placemark><Placemark><name>NE8 NW2 4 pointer</name><styleUrl>#s_34_4</styleUrl><LineString><tessellate>1</tessellate><coordinates>-77.040449982,38.913728904,0 -77.043908923,38.913735401,0</coordinates></LineString></Placemark><Placemark><name>NE8 NW2 5</name><styleUrl>#s_34_5</styleUrl><ExtendedData><Data name="bin"><value>EW</value></Data><Data name="azimuth_deg"><value>-89.8776</value></Data><Data name="dist_to_target_m"><value>6877.389</value></Data></ExtendedData><Point><coordinates>-77.066691829,38.913775635,0</coordinates></Point></Placemark><Placemark><name>NE8 NW2 5 pointer</name><styleUrl>#s_34_5</styleUrl><LineString><tessellate>1</tessellate><coordinates>-77.066691829,38.913775635,0 -77.070150775,38.913781354,0</coordinates></LineString></Placemark><Placemark><name>NE8 NW2 6</name><styleUrl>#s_34_6</styleUrl><ExtendedData><Data name="bin"><value>EW</value></Data><Data name="azimuth_deg"><value>-89.8941</value></Data><Data name="dist_to_target_m"><value>4601.389</value></Data></ExtendedData><Point><coordinates>-77.092933709,38.913816466,0</coordinates></Point></Placemark><Placemark><name>NE8 NW2 6 pointer</name><styleUrl>#s_34_6</styleUrl><LineString><tessellate>1</tessellate><coordinates>-77.092933709,38.913816466,0 -77.095586371,38.913820266,0</coordinates></LineString></Placemark><Placemark><name>NE8 NW2 7</name><styleUrl>#s_34_7</styleUrl><ExtendedData><Data name="bin"><value>EW</value></Data><Data name="azimuth_deg"><value>-89.9106</value></Data><Data name="dist_to_target_m"><value>2325.389</value></Data></ExtendedData><Point><coordinates>-77.119175617,38.913851400,0</coordinates></Point></Placemark><Placemark><name>NE8 NW2 7 pointer</name><styleUrl>#s_34_7</styleUrl><LineString><tessellate>1</tessellate><coordinates>-77.119175617,38.913851400,0 -77.120516186,38.913853026,0</coordinates></LineString></Placemark><Placemark><name>NE8 NW2 8</name><styleUrl>#s_34_8</styleUrl><ExtendedData><Data name="bin"><value>EW</value></Data><Data name="azimuth_deg"><value>-89.9271</value></Data><Data name="dist_to_target_m"><value>0.000</value></Data></ExtendedData><Point><coordinates>-77.145987000,38.913881000,0</coordinates></Point></Placemark></Folder><Style id="s_34_0"><IconStyle><color>ff0cf27f</color><scale>0.75</scale><Icon><href>http://maps.google.com/mapfiles/kml/shapes/star.png</href></Icon></IconStyle><LineStyle><color>ff0cf27f</color><width>2.0</width></LineStyle><LabelStyle><scale>0.75</scale><color>9bffffff</color></LabelStyle></Style><Style id="s_34_1"><IconStyle><color>ff0cea7b</color><scale>0.75</scale><Icon><href>http://maps.google.com/mapfiles/kml/shapes/triangle.png</href></Icon></IconStyle><LineStyle><color>ff0cea7b</color><width>2.0</width></LineStyle><LabelStyle><scale>0.75</scale><color>9bffffff</color></LabelStyle></Style><Style id="s_34_2"><IconStyle><color>ff0be277</color><scale>0.75</scale><Icon><href>http://maps.google.com/mapfiles/kml/shapes/cross-hairs.png</href></Icon></IconStyle><LineStyle><color>ff0be277</color><width>2.0</width></LineStyle><LabelStyle><scale>0.75</scale><color>9bffffff</color></LabelStyle></Style><Style id="s_34_3"><IconStyle><color>ff0bda73</color><scale>0.75</scale><Icon><href>http://maps.google.com/mapfiles/kml/shapes/target.png</href></Icon></IconStyle><LineStyle><color>ff0bda73</color><width>2.0</width></LineStyle><LabelStyle><scale>0.75</scale><color>9bffffff</color></LabelStyle></Style><Style id="s_34_4"><IconStyle><color>ff0bd26e</color><scale>0.75</scale><Icon><href>http://maps.google.com/mapfiles/kml/shapes/open-diamond.png</href></Icon></IconStyle><LineStyle><color>ff0bd26e</color><width>2.0</width></LineStyle><LabelStyle><scale>0.75</scale><color>9bffffff</color></LabelStyle></Style><Style id="s_34_5"><IconStyle><color>ff0aca6a</color><scale>0.75</scale><Icon><href>http://maps.google.com/mapfiles/kml/shapes/shaded_dot.png</href></Icon></IconStyle><LineStyle><color>ff0aca6a</color><width>2.0</width></LineStyle><LabelStyle><scale>0.75</scale><color>9bffffff</color></LabelStyle></Style><Style id="s_34_6"><IconStyle><color>ff0ac266</color><scale>0.75</scale><Icon><href>http://maps.google.com/mapfiles/kml/shapes/donut.png</href></Icon></IconStyle><LineStyle><color>ff0ac266</color><width>2.0</width></LineStyle><LabelStyle><scale>0.75</scale><color>9bffffff</color></LabelStyle></Style><Style id="s_34_7"><IconStyle><color>ff09ba62</color><scale>0.75</scale><Icon><href>http://maps.google.com/mapfiles/kml/shapes/square.png</href></Icon></IconStyle><LineStyle><color>ff09ba62</color><width>2.0</width></LineStyle><LabelStyle><scale>0.75</scale><color>9bffffff</color></LabelStyle></Style><Style id="s_34_8"><IconStyle><color>ff09b25e</color><scale>0.75</scale><Icon><href>http://maps.google.com/mapfiles/kml/shapes/placemark_circle.png</href></Icon></IconStyle><LineStyle><color>ff09b25e</color><width>2.0</width></LineStyle><LabelStyle><scale>0.75</scale><color>9bffffff</color></LabelStyle></Style><Folder><name>NW2→NE8</name><Placemark><name>NW2 NE8 0</name><styleUrl>#s_35_0</styleUrl><ExtendedData><Data name="bin"><value>WE</value></Data><Data name="azimuth_deg"><value>90.0725</value></Data><Data name="dist_to_target_m"><value>18257.389</value></Data></ExtendedData><Point><coordinates>-77.145987000,38.913881000,0</coordinates></Point></Placemark><Placemark><name>NW2 NE8 0 pointer</name><styleUrl>#s_35_0</styleUrl><LineString><tessellate>1</tessellate><coordinates>-77.145987000,38.913881000,0 -77.142528045,38.913877527,0</coordinates></LineString></Placemark><Placemark><name>NW2 NE8 1</name><styleUrl>#s_35_1</styleUrl><ExtendedData><Data name="bin"><value>WE</value></Data><Data name="azimuth_deg"><value>90.0890</value></Data><Data name="dist_to_target_m"><value>15981.389</value></Data></ExtendedData><Point><coordinates>-77.119745068,38.913852093,0</coordinates></Point></Placemark><Placemark><name>NW2 NE8 1 pointer</name><styleUrl>#s_35_1</styleUrl><LineString><tessellate>1</tessellate><coordinates>-77.119745068,38.913852093,0 -77.116286116,38.913847843,0</coordinates></LineString></Placemark><Placemark><name>NW2 NE8 2</name><styleUrl>#s_35_2</styleUrl><ExtendedData><Data name="bin"><value>WE</value></Data><Data name="azimuth_deg"><value>90.1055</value></Data><Data name="dist_to_target_m"><value>13705.389</value></Data></ExtendedData><Point><coordinates>-77.093503160,38.913817287,0</coordinates></Point></Placemark><Placemark><name>NW2 NE8 2 pointer</name><styleUrl>#s_35_2</styleUrl><LineString><tessellate>1</tessellate><coordinates>-77.093503160,38.913817287,0 -77.090044211,38.913812259,0</coordinates></LineString></Placemark><Placemark><name>NW2 NE8 3</name><styleUrl>#s_35_3</styleUrl><ExtendedData><Data name="bin"><value>WE</value></Data><Data name="azimuth_deg"><value>90.1220</value></Data><Data name="dist_to_target_m"><value>11429.389</value></Data></ExtendedData><Point><coordinates>-77.067261279,38.913776583,0</coordinates></Point></Placemark><Placemark><name>NW2 NE8 3 pointer</name><styleUrl>#s_35_3</styleUrl><LineString><tessellate>1</tessellate><coordinates>-77.067261279,38.913776583,0 -77.063802334,38.913770778,0</coordinates></LineString></Placemark><Placemark><name>NW2 NE8 4</name><styleUrl>#s_35_4</styleUrl><ExtendedData><Data name="bin"><value>WE</value></Data><Data name="azimuth_deg"><value>90.1385</value></Data><Data name="dist_to_target_m"><value>9153.389</value></Data></ExtendedData><Point><coordinates>-77.041019431,38.913729981,0</coordinates></Point></Placemark><Placemark><name>NW2 NE8 4 pointer</name><styleUrl>#s_35_4</styleUrl><LineString><tessellate>1</tessellate><coordinates>-77.041019431,38.913729981,0 -77.037560490,38.913723398,0</coordinates></LineString></Placemark><Placemark><name>NW2 NE8 5</name><styleUrl>#s_35_5</styleUrl><ExtendedData><Data name="bin"><value>WE</value></Data><Data name="azimuth_deg"><value>90.1550</value></Data><Data name="dist_to_target_m"><value>6877.389</value></Data></ExtendedData><Point><coordinates>-77.014777619,38.913677480,0</coordinates></Point></Placemark><Placemark><name>NW2 NE8 5 pointer</name><styleUrl>#s_35_5</styleUrl><LineString><tessellate>1</tessellate><coordinates>-77.014777619,38.913677480,0 -77.011318683,38.913670120,0</coordinates></LineString></Placemark><Placemark><name>NW2 NE8 6</name><styleUrl>#s_35_6</styleUrl><ExtendedData><Data name="bin"><value>WE</value></Data><Data name="azimuth_deg"><value>90.1714</value></Data><Data name="dist_to_target_m"><value>4601.389</value></Data></ExtendedData><Point><coordinates>-76.988535848,38.913619081,0</coordinates></Point></Placemark><Placemark><name>NW2 NE8 6 pointer</name><styleUrl>#s_35_6</styleUrl><LineString><tessellate>1</tessellate><coordinates>-76.988535848,38.913619081,0 -76.985883200,38.913612850,0</coordinates></LineString></Placemark><Placemark><name>NW2 NE8 7</name><styleUrl>#s_35_7</styleUrl><ExtendedData><Data name="bin"><value>WE</value></Data><Data name="azimuth_deg"><value>90.1879</value></Data><Data name="dist_to_target_m"><value>2325.389</value></Data></ExtendedData><Point><coordinates>-76.962294122,38.913554784,0</coordinates></Point></Placemark><Placemark><name>NW2 NE8 7 pointer</name><styleUrl>#s_35_7</styleUrl><LineString><tessellate>1</tessellate><coordinates>-76.962294122,38.913554784,0 -76.960953564,38.913551341,0</coordinates></LineString></Placemark><Placemark><name>NW2 NE8 8</name><styleUrl>#s_35_8</styleUrl><ExtendedData><Data name="bin"><value>WE</value></Data><Data name="azimuth_deg"><value>90.2044</value></Data><Data name="dist_to_target_m"><value>0.000</value></Data></ExtendedData><Point><coordinates>-76.935483000,38.913483000,0</coordinates></Point></Placemark></Folder><Style id="s_35_0"><IconStyle><color>ff0c7ff2</color><scale>0.75</scale><Icon><href>http://maps.google.com/mapfiles/kml/shapes/star.png</href></Icon></IconStyle><LineStyle><color>ff0c7ff2</color><width>2.0</width></LineStyle><LabelStyle><scale>0.75</scale><color>9bffffff</color></LabelStyle></Style><Style id="s_35_1"><IconStyle><color>ff0c7bea</color><scale>0.75</scale><Icon><href>http://maps.google.com/mapfiles/kml/shapes/triangle.png</href></Icon></IconStyle><LineStyle><color>ff0c7bea</color><width>2.0</width></LineStyle><LabelStyle><scale>0.75</scale><color>9bffffff</color></LabelStyle></Style><Style id="s_35_2"><IconStyle><color>ff0b77e2</color><scale>0.75</scale><Icon><href>http://maps.google.com/mapfiles/kml/shapes/cross-hairs.png</href></Icon></IconStyle><LineStyle><color>ff0b77e2</color><width>2.0</width></LineStyle><LabelStyle><scale>0.75</scale><color>9bffffff</color></LabelStyle></Style><Style id="s_35_3"><IconStyle><color>ff0b73da</color><scale>0.75</scale><Icon><href>http://maps.google.com/mapfiles/kml/shapes/target.png</href></Icon></IconStyle><LineStyle><color>ff0b73da</color><width>2.0</width></LineStyle><LabelStyle><scale>0.75</scale><color>9bffffff</color></LabelStyle></Style><Style id="s_35_4"><IconStyle><color>ff0b6ed2</color><scale>0.75</scale><Icon><href>http://maps.google.com/mapfiles/kml/shapes/open-diamond.png</href></Icon></IconStyle><LineStyle><color>ff0b6ed2</color><width>2.0</width></LineStyle><LabelStyle><scale>0.75</scale><color>9bffffff</color></LabelStyle></Style><Style id="s_35_5"><IconStyle><color>ff0a6aca</color><scale>0.75</scale><Icon><href>http://maps.google.com/mapfiles/kml/shapes/shaded_dot.png</href></Icon></IconStyle><LineStyle><color>ff0a6aca</color><width>2.0</width></LineStyle><LabelStyle><scale>0.75</scale><color>9bffffff</color></LabelStyle></Style><Style id="s_35_6"><IconStyle><color>ff0a66c2</color><scale>0.75</scale><Icon><href>http://maps.google.com/mapfiles/kml/shapes/donut.png</href></Icon></IconStyle><LineStyle><color>ff0a66c2</color><width>2.0</width></LineStyle><LabelStyle><scale>0.75</scale><color>9bffffff</color></LabelStyle></Style><Style id="s_35_7"><IconStyle><color>ff0962ba</color><scale>0.75</scale><Icon><href>http://maps.google.com/mapfiles/kml/shapes/square.png</href></Icon></IconStyle><LineStyle><color>ff0962ba</color><width>2.0</width></LineStyle><LabelStyle><scale>0.75</scale><color>9bffffff</color></LabelStyle></Style><Style id="s_35_8"><IconStyle><color>ff095eb2</color><scale>0.75</scale><Icon><href>http://maps.google.com/mapfiles/kml/shapes/placemark_circle.png</href></Icon></IconStyle><LineStyle><color>ff095eb2</color><width>2.0</width></LineStyle><LabelStyle><scale>0.75</scale><color>9bffffff</color></LabelStyle></Style><Folder><name>SW9→NW1</name><Placemark><name>SW9 NW1 0</name><styleUrl>#s_36_0</styleUrl><ExtendedData><Data name="bin"><value>SN</value></Data><Data name="azimuth_deg"><value>-0.1172</value></Data><Data name="dist_to_target_m"><value>2288.991</value></Data></ExtendedData><Point><coordinates>-77.159090000,38.882943000,0</coordinates></Point></Placemark><Placemark><name>SW9 NW1 0 pointer</name><styleUrl>#s_36_0</styleUrl><LineString><tessellate>1</tessellate><coordinates>-77.159090000,38.882943000,0 -77.159092699,38.883973952,0</coordinates></LineString></Placemark><Placemark><name>SW9 NW1 1</name><styleUrl>#s_36_1</styleUrl><ExtendedData><Data name="bin"><value>SN</value></Data><Data name="azimuth_deg"><value>-0.1173</value></Data><Data name="dist_to_target_m"><value>0.000</value></Data></ExtendedData><Point><coordinates>-77.159144000,38.903562000,0</coordinates></Point></Placemark></Folder><Style id="s_36_0"><IconStyle><color>ff0c0cf2</color><scale>0.75</scale><Icon><href>http://maps.google.com/mapfiles/kml/shapes/star.png</href></Icon></IconStyle><LineStyle><color>ff0c0cf2</color><width>2.0</width></LineStyle><LabelStyle><scale>0.75</scale><color>9bffffff</color></LabelStyle></Style><Style id="s_36_1"><IconStyle><color>ff0909b2</color><scale>0.75</scale><Icon><href>http://maps.google.com/mapfiles/kml/shapes/triangle.png</href></Icon></IconStyle><LineStyle><color>ff0909b2</color><width>2.0</width></LineStyle><LabelStyle><scale>0.75</scale><color>9bffffff</color></LabelStyle></Style><Folder><name>NW1→SW9</name><Placemark><name>NW1 SW9 0</name><styleUrl>#s_37_0</styleUrl><ExtendedData><Data name="bin"><value>NS</value></Data><Data name="azimuth_deg"><value>179.8827</value></Data><Data name="dist_to_target_m"><value>2288.991</value></Data></ExtendedData><Point><coordinates>-77.159144000,38.903562000,0</coordinates></Point></Placemark><Placemark><name>NW1 SW9 0 pointer</name><styleUrl>#s_37_0</styleUrl><LineString><tessellate>1</tessellate><coordinates>-77.159144000,38.903562000,0 -77.159141299,38.902531052,0</coordinates></LineString></Placemark><Placemark><name>NW1 SW9 1</name><styleUrl>#s_37_1</styleUrl><ExtendedData><Data name="bin"><value>NS</value></Data><Data name="azimuth_deg"><value>179.8828</value></Data><Data name="dist_to_target_m"><value>0.000</value></Data></ExtendedData><Point><coordinates>-77.159090000,38.882943000,0</coordinates></Point></Placemark></Folder><Style id="s_37_0"><IconStyle><color>ff0cf2f2</color><scale>0.75</scale><Icon><href>http://maps.google.com/mapfiles/kml/shapes/star.png</href></Icon></IconStyle><LineStyle><color>ff0cf2f2</color><width>2.0</width></LineStyle><LabelStyle><scale>0.75</scale><color>9bffffff</color></LabelStyle></Style><Style id="s_37_1"><IconStyle><color>ff09b2b2</color><scale>0.75</scale><Icon><href>http://maps.google.com/mapfiles/kml/shapes/triangle.png</href></Icon></IconStyle><LineStyle><color>ff09b2b2</color><width>2.0</width></LineStyle><LabelStyle><scale>0.75</scale><color>9bffffff</color></LabelStyle></Style><Folder><name>SW8→NW2</name><Placemark><name>SW8 NW2 0</name><styleUrl>#s_38_0</styleUrl><ExtendedData><Data name="bin"><value>SN</value></Data><Data name="azimuth_deg"><value>-0.0456</value></Data><Data name="dist_to_target_m"><value>4574.866</value></Data></ExtendedData><Point><coordinates>-77.145945000,38.872671000,0</coordinates></Point></Placemark><Placemark><name>SW8 NW2 0 pointer</name><styleUrl>#s_38_0</styleUrl><LineString><tessellate>1</tessellate><coordinates>-77.145945000,38.872671000,0 -77.145947099,38.874731507,0</coordinates></LineString></Placemark><Placemark><name>SW8 NW2 1</name><styleUrl>#s_38_1</styleUrl><ExtendedData><Data name="bin"><value>SN</value></Data><Data name="azimuth_deg"><value>-0.0456</value></Data><Data name="dist_to_target_m"><value>2298.866</value></Data></ExtendedData><Point><coordinates>-77.145965889,38.893173051,0</coordinates></Point></Placemark><Placemark><name>SW8 NW2 1 pointer</name><styleUrl>#s_38_1</styleUrl><LineString><tessellate>1</tessellate><coordinates>-77.145965889,38.893173051,0 -77.145966944,38.894208450,0</coordinates></LineString></Placemark><Placemark><name>SW8 NW2 2</name><styleUrl>#s_38_2</styleUrl><ExtendedData><Data name="bin"><value>SN</value></Data><Data name="azimuth_deg"><value>-0.0456</value></Data><Data name="dist_to_target_m"><value>0.000</value></Data></ExtendedData><Point><coordinates>-77.145987000,38.913881000,0</coordinates></Point></Placemark></Folder><Style id="s_38_0"><IconStyle><color>ff0c0cf2</color><scale>0.75</scale><Icon><href>http://maps.google.com/mapfiles/kml/shapes/star.png</href></Icon></IconStyle><LineStyle><color>ff0c0cf2</color><width>2.0</width></LineStyle><LabelStyle><scale>0.75</scale><color>9bffffff</color></LabelStyle></Style><Style id="s_38_1"><IconStyle><color>ff0b0bd2</color><scale>0.75</scale><Icon><href>http://maps.google.com/mapfiles/kml/shapes/triangle.png</href></Icon></IconStyle><LineStyle><color>ff0b0bd2</color><width>2.0</width></LineStyle><LabelStyle><scale>0.75</scale><color>9bffffff</color></LabelStyle></Style><Style id="s_38_2"><IconStyle><color>ff0909b2</color><scale>0.75</scale><Icon><href>http://maps.google.com/mapfiles/kml/shapes/cross-hairs.png</href></Icon></IconStyle><LineStyle><color>ff0909b2</color><width>2.0</width></LineStyle><LabelStyle><scale>0.75</scale><color>9bffffff</color></LabelStyle></Style><Folder><name>NW2→SW8</name><Placemark><name>NW2 SW8 0</name><styleUrl>#s_39_0</styleUrl><ExtendedData><Data name="bin"><value>NS</value></Data><Data name="azimuth_deg"><value>179.9544</value></Data><Data name="dist_to_target_m"><value>4574.866</value></Data></ExtendedData><Point><coordinates>-77.145987000,38.913881000,0</coordinates></Point></Placemark><Placemark><name>NW2 SW8 0 pointer</name><styleUrl>#s_39_0</styleUrl><LineString><tessellate>1</tessellate><coordinates>-77.145987000,38.913881000,0 -77.145984899,38.911820507,0</coordinates></LineString></Placemark><Placemark><name>NW2 SW8 1</name><styleUrl>#s_39_1</styleUrl><ExtendedData><Data name="bin"><value>NS</value></Data><Data name="azimuth_deg"><value>179.9544</value></Data><Data name="dist_to_target_m"><value>2298.866</value></Data></ExtendedData><Point><coordinates>-77.145966099,38.893379022,0</coordinates></Point></Placemark><Placemark><name>NW2 SW8 1 pointer</name><styleUrl>#s_39_1</styleUrl><LineString><tessellate>1</tessellate><coordinates>-77.145966099,38.893379022,0 -77.145965044,38.892343623,0</coordinates></LineString></Placemark><Placemark><name>NW2 SW8 2</name><styleUrl>#s_39_2</styleUrl><ExtendedData><Data name="bin"><value>NS</value></Data><Data name="azimuth_deg"><value>179.9544</value></Data><Data name="dist_to_target_m"><value>0.000</value></Data></ExtendedData><Point><coordinates>-77.145945000,38.872671000,0</coordinates></Point></Placemark></Folder><Style id="s_39_0"><IconStyle><color>ff0cf2f2</color><scale>0.75</scale><Icon><href>http://maps.google.com/mapfiles/kml/shapes/star.png</href></Icon></IconStyle><LineStyle><color>ff0cf2f2</color><width>2.0</width></LineStyle><LabelStyle><scale>0.75</scale><color>9bffffff</color></LabelStyle></Style><Style id="s_39_1"><IconStyle><color>ff0bd2d2</color><scale>0.75</scale><Icon><href>http://maps.google.com/mapfiles/kml/shapes/triangle.png</href></Icon></IconStyle><LineStyle><color>ff0bd2d2</color><width>2.0</width></LineStyle><LabelStyle><scale>0.75</scale><color>9bffffff</color></LabelStyle></Style><Style id="s_39_2"><IconStyle><color>ff09b2b2</color><scale>0.75</scale><Icon><href>http://maps.google.com/mapfiles/kml/shapes/cross-hairs.png</href></Icon></IconStyle><LineStyle><color>ff09b2b2</color><width>2.0</width></LineStyle><LabelStyle><scale>0.75</scale><color>9bffffff</color></LabelStyle></Style><Folder><name>SW7→NW3</name><Placemark><name>SW7 NW3 0</name><styleUrl>#s_40_0</styleUrl><ExtendedData><Data name="bin"><value>SN</value></Data><Data name="azimuth_deg"><value>0.3522</value></Data><Data name="dist_to_target_m"><value>6911.939</value></Data></ExtendedData><Point><coordinates>-77.132726000,38.862372000,0</coordinates></Point></Placemark><Placemark><name>SW7 NW3 0 pointer</name><styleUrl>#s_40_0</styleUrl><LineString><tessellate>1</tessellate><coordinates>-77.132726000,38.862372000,0 -77.132704750,38.865074338,0</coordinates></LineString></Placemark><Placemark><name>SW7 NW3 1</name><styleUrl>#s_40_1</styleUrl><ExtendedData><Data name="bin"><value>SN</value></Data><Data name="azimuth_deg"><value>0.3523</value></Data><Data name="dist_to_target_m"><value>4635.939</value></Data></ExtendedData><Point><coordinates>-77.132564745,38.882873706,0</coordinates></Point></Placemark><Placemark><name>SW7 NW3 1 pointer</name><styleUrl>#s_40_1</styleUrl><LineString><tessellate>1</tessellate><coordinates>-77.132564745,38.882873706,0 -77.132548317,38.884961678,0</coordinates></LineString></Placemark><Placemark><name>SW7 NW3 2</name><styleUrl>#s_40_2</styleUrl><ExtendedData><Data name="bin"><value>SN</value></Data><Data name="azimuth_deg"><value>0.3524</value></Data><Data name="dist_to_target_m"><value>2359.939</value></Data></ExtendedData><Point><coordinates>-77.132403397,38.903375340,0</coordinates></Point></Placemark><Placemark><name>SW7 NW3 2 pointer</name><styleUrl>#s_40_2</styleUrl><LineString><tessellate>1</tessellate><coordinates>-77.132403397,38.903375340,0 -77.132395029,38.904438225,0</coordinates></LineString></Placemark><Placemark><name>SW7 NW3 3</name><styleUrl>#s_40_3</styleUrl><ExtendedData><Data name="bin"><value>SN</value></Data><Data name="azimuth_deg"><value>0.3525</value></Data><Data name="dist_to_target_m"><value>0.000</value></Data></ExtendedData><Point><coordinates>-77.132236000,38.924633000,0</coordinates></Point></Placemark></Folder><Style id="s_40_0"><IconStyle><color>ff0c0cf2</color><scale>0.75</scale><Icon><href>http://maps.google.com/mapfiles/kml/shapes/star.png</href></Icon></IconStyle><LineStyle><color>ff0c0cf2</color><width>2.0</width></LineStyle><LabelStyle><scale>0.75</scale><color>9bffffff</color></LabelStyle></Style><Style id="s_40_1"><IconStyle><color>ff0b0bdd</color><scale>0.75</scale><Icon><href>http://maps.google.com/mapfiles/kml/shapes/triangle.png</href></Icon></IconStyle><LineStyle><color>ff0b0bdd</color><width>2.0</width></LineStyle><LabelStyle><scale>0.75</scale><color>9bffffff</color></LabelStyle></Style><Style id="s_40_2"><IconStyle><color>ff0a0ac8</color><scale>0.75</scale><Icon><href>http://maps.google.com/mapfiles/kml/shapes/cross-hairs.png</href></Icon></IconStyle><LineStyle><color>ff0a0ac8</color><width>2.0</width></LineStyle><LabelStyle><scale>0.75</scale><color>9bffffff</color></LabelStyle></Style><Style id="s_40_3"><IconStyle><color>ff0909b2</color><scale>0.75</scale><Icon><href>http://maps.google.com/mapfiles/kml/shapes/target.png</href></Icon></IconStyle><LineStyle><color>ff0909b2</color><width>2.0</width></LineStyle><LabelStyle><scale>0.75</scale><color>9bffffff</color></LabelStyle></Style><Folder><name>NW3→SW7</name><Placemark><name>NW3 SW7 0</name><styleUrl>#s_41_0</styleUrl><ExtendedData><Data name="bin"><value>NS</value></Data><Data name="azimuth_deg"><value>-179.6475</value></Data><Data name="dist_to_target_m"><value>6911.939</value></Data></ExtendedData><Point><coordinates>-77.132236000,38.924633000,0</coordinates></Point></Placemark><Placemark><name>NW3 SW7 0 pointer</name><styleUrl>#s_41_0</styleUrl><LineString><tessellate>1</tessellate><coordinates>-77.132236000,38.924633000,0 -77.132257285,38.921930690,0</coordinates></LineString></Placemark><Placemark><name>NW3 SW7 1</name><styleUrl>#s_41_1</styleUrl><ExtendedData><Data name="bin"><value>NS</value></Data><Data name="azimuth_deg"><value>-179.6476</value></Data><Data name="dist_to_target_m"><value>4635.939</value></Data></ExtendedData><Point><coordinates>-77.132397444,38.904131441,0</coordinates></Point></Placemark><Placemark><name>NW3 SW7 1 pointer</name><styleUrl>#s_41_1</styleUrl><LineString><tessellate>1</tessellate><coordinates>-77.132397444,38.904131441,0 -77.132413881,38.902043476,0</coordinates></LineString></Placemark><Placemark><name>NW3 SW7 2</name><styleUrl>#s_41_2</styleUrl><ExtendedData><Data name="bin"><value>NS</value></Data><Data name="azimuth_deg"><value>-179.6477</value></Data><Data name="dist_to_target_m"><value>2359.939</value></Data></ExtendedData><Point><coordinates>-77.132558796,38.883629810,0</coordinates></Point></Placemark><Placemark><name>NW3 SW7 2 pointer</name><styleUrl>#s_41_2</styleUrl><LineString><tessellate>1</tessellate><coordinates>-77.132558796,38.883629810,0 -77.132567158,38.882566921,0</coordinates></LineString></Placemark><Placemark><name>NW3 SW7 3</name><styleUrl>#s_41_3</styleUrl><ExtendedData><Data name="bin"><value>NS</value></Data><Data name="azimuth_deg"><value>-179.6478</value></Data><Data name="dist_to_target_m"><value>0.000</value></Data></ExtendedData><Point><coordinates>-77.132726000,38.862372000,0</coordinates></Point></Placemark></Folder><Style id="s_41_0"><IconStyle><color>ff0cf2f2</color><scale>0.75</scale><Icon><href>http://maps.google.com/mapfiles/kml/shapes/star.png</href></Icon></IconStyle><LineStyle><color>ff0cf2f2</color><width>2.0</width></LineStyle><LabelStyle><scale>0.75</scale><color>9bffffff</color></LabelStyle></Style><Style id="s_41_1"><IconStyle><color>ff0bdddd</color><scale>0.75</scale><Icon><href>http://maps.google.com/mapfiles/kml/shapes/triangle.png</href></Icon></IconStyle><LineStyle><color>ff0bdddd</color><width>2.0</width></LineStyle><LabelStyle><scale>0.75</scale><color>9bffffff</color></LabelStyle></Style><Style id="s_41_2"><IconStyle><color>ff0ac8c8</color><scale>0.75</scale><Icon><href>http://maps.google.com/mapfiles/kml/shapes/cross-hairs.png</href></Icon></IconStyle><LineStyle><color>ff0ac8c8</color><width>2.0</width></LineStyle><LabelStyle><scale>0.75</scale><color>9bffffff</color></LabelStyle></Style><Style id="s_41_3"><IconStyle><color>ff09b2b2</color><scale>0.75</scale><Icon><href>http://maps.google.com/mapfiles/kml/shapes/target.png</href></Icon></IconStyle><LineStyle><color>ff09b2b2</color><width>2.0</width></LineStyle><LabelStyle><scale>0.75</scale><color>9bffffff</color></LabelStyle></Style><Folder><name>SW6→NW4</name><Placemark><name>SW6 NW4 0</name><styleUrl>#s_42_0</styleUrl><ExtendedData><Data name="bin"><value>SN</value></Data><Data name="azimuth_deg"><value>1.8733</value></Data><Data name="dist_to_target_m"><value>9527.167</value></Data></ExtendedData><Point><coordinates>-77.119264000,38.851832000,0</coordinates></Point></Placemark><Placemark><name>SW6 NW4 0 pointer</name><styleUrl>#s_42_0</styleUrl><LineString><tessellate>1</tessellate><coordinates>-77.119264000,38.851832000,0 -77.119151024,38.854532950,0</coordinates></LineString></Placemark><Placemark><name>SW6 NW4 1</name><styleUrl>#s_42_1</styleUrl><ExtendedData><Data name="bin"><value>SN</value></Data><Data name="azimuth_deg"><value>1.8738</value></Data><Data name="dist_to_target_m"><value>7251.167</value></Data></ExtendedData><Point><coordinates>-77.118406672,38.872323171,0</coordinates></Point></Placemark><Placemark><name>SW6 NW4 1 pointer</name><styleUrl>#s_42_1</styleUrl><LineString><tessellate>1</tessellate><coordinates>-77.118406672,38.872323171,0 -77.118293630,38.875024110,0</coordinates></LineString></Placemark><Placemark><name>SW6 NW4 2</name><styleUrl>#s_42_2</styleUrl><ExtendedData><Data name="bin"><value>SN</value></Data><Data name="azimuth_deg"><value>1.8744</value></Data><Data name="dist_to_target_m"><value>4975.167</value></Data></ExtendedData><Point><coordinates>-77.117548851,38.892814263,0</coordinates></Point></Placemark><Placemark><name>SW6 NW4 2 pointer</name><styleUrl>#s_42_2</styleUrl><LineString><tessellate>1</tessellate><coordinates>-77.117548851,38.892814263,0 -77.117455064,38.895053859,0</coordinates></LineString></Placemark><Placemark><name>SW6 NW4 3</name><styleUrl>#s_42_3</styleUrl><ExtendedData><Data name="bin"><value>SN</value></Data><Data name="azimuth_deg"><value>1.8749</value></Data><Data name="dist_to_target_m"><value>2699.167</value></Data></ExtendedData><Point><coordinates>-77.116690537,38.913305277,0</coordinates></Point></Placemark><Placemark><name>SW6 NW4 3 pointer</name><styleUrl>#s_42_3</styleUrl><LineString><tessellate>1</tessellate><coordinates>-77.116690537,38.913305277,0 -77.116639626,38.914520316,0</coordinates></LineString></Placemark><Placemark><name>SW6 NW4 4</name><styleUrl>#s_42_4</styleUrl><ExtendedData><Data name="bin"><value>SN</value></Data><Data name="azimuth_deg"><value>1.8754</value></Data><Data name="dist_to_target_m"><value>0.000</value></Data></ExtendedData><Point><coordinates>-77.115672000,38.937606000,0</coordinates></Point></Placemark></Folder><Style id="s_42_0"><IconStyle><color>ff0c0cf2</color><scale>0.75</scale><Icon><href>http://maps.google.com/mapfiles/kml/shapes/star.png</href></Icon></IconStyle><LineStyle><color>ff0c0cf2</color><width>2.0</width></LineStyle><LabelStyle><scale>0.75</scale><color>9bffffff</color></LabelStyle></Style><Style id="s_42_1"><IconStyle><color>ff0b0be2</color><scale>0.75</scale><Icon><href>http://maps.google.com/mapfiles/kml/shapes/triangle.png</href></Icon></IconStyle><LineStyle><color>ff0b0be2</color><width>2.0</width></LineStyle><LabelStyle><scale>0.75</scale><color>9bffffff</color></LabelStyle></Style><Style id="s_42_2"><IconStyle><color>ff0b0bd2</color><scale>0.75</scale><Icon><href>http://maps.google.com/mapfiles/kml/shapes/cross-hairs.png</href></Icon></IconStyle><LineStyle><color>ff0b0bd2</color><width>2.0</width></LineStyle><LabelStyle><scale>0.75</scale><color>9bffffff</color></LabelStyle></Style><Style id="s_42_3"><IconStyle><color>ff0a0ac2</color><scale>0.75</scale><Icon><href>http://maps.google.com/mapfiles/kml/shapes/target.png</href></Icon></IconStyle><LineStyle><color>ff0a0ac2</color><width>2.0</width></LineStyle><LabelStyle><scale>0.75</scale><color>9bffffff</color></LabelStyle></Style><Style id="s_42_4"><IconStyle><color>ff0909b2</color><scale>0.75</scale><Icon><href>http://maps.google.com/mapfiles/kml/shapes/open-diamond.png</href></Icon></IconStyle><LineStyle><color>ff0909b2</color><width>2.0</width></LineStyle><LabelStyle><scale>0.75</scale><color>9bffffff</color></LabelStyle></Style><Folder><name>NW4→SW6</name><Placemark><name>NW4 SW6 0</name><styleUrl>#s_43_0</styleUrl><ExtendedData><Data name="bin"><value>NS</value></Data><Data name="azimuth_deg"><value>-178.1245</value></Data><Data name="dist_to_target_m"><value>9527.167</value></Data></ExtendedData><Point><coordinates>-77.115672000,38.937606000,0</coordinates></Point></Placemark><Placemark><name>NW4 SW6 0 pointer</name><styleUrl>#s_43_0</styleUrl><LineString><tessellate>1</tessellate><coordinates>-77.115672000,38.937606000,0 -77.115785240,38.934905092,0</coordinates></LineString></Placemark><Placemark><name>NW4 SW6 1</name><styleUrl>#s_43_1</styleUrl><ExtendedData><Data name="bin"><value>NS</value></Data><Data name="azimuth_deg"><value>-178.1250</value></Data><Data name="dist_to_target_m"><value>7251.167</value></Data></ExtendedData><Point><coordinates>-77.116530900,38.917115079,0</coordinates></Point></Placemark><Placemark><name>NW4 SW6 1 pointer</name><styleUrl>#s_43_1</styleUrl><LineString><tessellate>1</tessellate><coordinates>-77.116530900,38.917115079,0 -77.116644074,38.914414161,0</coordinates></LineString></Placemark><Placemark><name>NW4 SW6 2</name><styleUrl>#s_43_2</styleUrl><ExtendedData><Data name="bin"><value>NS</value></Data><Data name="azimuth_deg"><value>-178.1255</value></Data><Data name="dist_to_target_m"><value>4975.167</value></Data></ExtendedData><Point><coordinates>-77.117389305,38.896624080,0</coordinates></Point></Placemark><Placemark><name>NW4 SW6 2 pointer</name><styleUrl>#s_43_2</styleUrl><LineString><tessellate>1</tessellate><coordinates>-77.117389305,38.896624080,0 -77.117483096,38.894384485,0</coordinates></LineString></Placemark><Placemark><name>NW4 SW6 3</name><styleUrl>#s_43_3</styleUrl><ExtendedData><Data name="bin"><value>NS</value></Data><Data name="azimuth_deg"><value>-178.1261</value></Data><Data name="dist_to_target_m"><value>2699.167</value></Data></ExtendedData><Point><coordinates>-77.118247218,38.876133002,0</coordinates></Point></Placemark><Placemark><name>NW4 SW6 3 pointer</name><styleUrl>#s_43_3</styleUrl><LineString><tessellate>1</tessellate><coordinates>-77.118247218,38.876133002,0 -77.118298073,38.874917954,0</coordinates></LineString></Placemark><Placemark><name>NW4 SW6 4</name><styleUrl>#s_43_4</styleUrl><ExtendedData><Data name="bin"><value>NS</value></Data><Data name="azimuth_deg"><value>-178.1266</value></Data><Data name="dist_to_target_m"><value>0.000</value></Data></ExtendedData><Point><coordinates>-77.119264000,38.851832000,0</coordinates></Point></Placemark></Folder><Style id="s_43_0"><IconStyle><color>ff0cf2f2</color><scale>0.75</scale><Icon><href>http://maps.google.com/mapfiles/kml/shapes/star.png</href></Icon></IconStyle><LineStyle><color>ff0cf2f2</color><width>2.0</width></LineStyle><LabelStyle><scale>0.75</scale><color>9bffffff</color></LabelStyle></Style><Style id="s_43_1"><IconStyle><color>ff0be2e2</color><scale>0.75</scale><Icon><href>http://maps.google.com/mapfiles/kml/shapes/triangle.png</href></Icon></IconStyle><LineStyle><color>ff0be2e2</color><width>2.0</width></LineStyle><LabelStyle><scale>0.75</scale><color>9bffffff</color></LabelStyle></Style><Style id="s_43_2"><IconStyle><color>ff0bd2d2</color><scale>0.75</scale><Icon><href>http://maps.google.com/mapfiles/kml/shapes/cross-hairs.png</href></Icon></IconStyle><LineStyle><color>ff0bd2d2</color><width>2.0</width></LineStyle><LabelStyle><scale>0.75</scale><color>9bffffff</color></LabelStyle></Style><Style id="s_43_3"><IconStyle><color>ff0ac2c2</color><scale>0.75</scale><Icon><href>http://maps.google.com/mapfiles/kml/shapes/target.png</href></Icon></IconStyle><LineStyle><color>ff0ac2c2</color><width>2.0</width></LineStyle><LabelStyle><scale>0.75</scale><color>9bffffff</color></LabelStyle></Style><Style id="s_43_4"><IconStyle><color>ff09b2b2</color><scale>0.75</scale><Icon><href>http://maps.google.com/mapfiles/kml/shapes/open-diamond.png</href></Icon></IconStyle><LineStyle><color>ff09b2b2</color><width>2.0</width></LineStyle><LabelStyle><scale>0.75</scale><color>9bffffff</color></LabelStyle></Style><Folder><name>SW5→NW5</name><Placemark><name>SW5 NW5 0</name><styleUrl>#s_44_0</styleUrl><ExtendedData><Data name="bin"><value>SN</value></Data><Data name="azimuth_deg"><value>0.0253</value></Data><Data name="dist_to_target_m"><value>11385.318</value></Data></ExtendedData><Point><coordinates>-77.106740000,38.842081000,0</coordinates></Point></Placemark><Placemark><name>SW5 NW5 0 pointer</name><styleUrl>#s_44_0</styleUrl><LineString><tessellate>1</tessellate><coordinates>-77.106740000,38.842081000,0 -77.106738474,38.844783398,0</coordinates></LineString></Placemark><Placemark><name>SW5 NW5 1</name><styleUrl>#s_44_1</styleUrl><ExtendedData><Data name="bin"><value>SN</value></Data><Data name="azimuth_deg"><value>0.0253</value></Data><Data name="dist_to_target_m"><value>9109.318</value></Data></ExtendedData><Point><coordinates>-77.106728419,38.862583163,0</coordinates></Point></Placemark><Placemark><name>SW5 NW5 1 pointer</name><styleUrl>#s_44_1</styleUrl><LineString><tessellate>1</tessellate><coordinates>-77.106728419,38.862583163,0 -77.106726892,38.865285552,0</coordinates></LineString></Placemark><Placemark><name>SW5 NW5 2</name><styleUrl>#s_44_2</styleUrl><ExtendedData><Data name="bin"><value>SN</value></Data><Data name="azimuth_deg"><value>0.0253</value></Data><Data name="dist_to_target_m"><value>6833.318</value></Data></ExtendedData><Point><coordinates>-77.106716831,38.883085254,0</coordinates></Point></Placemark><Placemark><name>SW5 NW5 2 pointer</name><styleUrl>#s_44_2</styleUrl><LineString><tessellate>1</tessellate><coordinates>-77.106716831,38.883085254,0 -77.106715303,38.885787634,0</coordinates></LineString></Placemark><Placemark><name>SW5 NW5 3</name><styleUrl>#s_44_3</styleUrl><ExtendedData><Data name="bin"><value>SN</value></Data><Data name="azimuth_deg"><value>0.0253</value></Data><Data name="dist_to_target_m"><value>4557.318</value></Data></ExtendedData><Point><coordinates>-77.106705236,38.903587273,0</coordinates></Point></Placemark><Placemark><name>SW5 NW5 3 pointer</name><styleUrl>#s_44_3</styleUrl><LineString><tessellate>1</tessellate><coordinates>-77.106705236,38.903587273,0 -77.106704075,38.905639866,0</coordinates></LineString></Placemark><Placemark><name>SW5 NW5 4</name><styleUrl>#s_44_4</styleUrl><ExtendedData><Data name="bin"><value>SN</value></Data><Data name="azimuth_deg"><value>0.0253</value></Data><Data name="dist_to_target_m"><value>2281.318</value></Data></ExtendedData><Point><coordinates>-77.106693635,38.924089220,0</coordinates></Point></Placemark><Placemark><name>SW5 NW5 4 pointer</name><styleUrl>#s_44_4</styleUrl><LineString><tessellate>1</tessellate><coordinates>-77.106693635,38.924089220,0 -77.106693053,38.925116711,0</coordinates></LineString></Placemark><Placemark><name>SW5 NW5 5</name><styleUrl>#s_44_5</styleUrl><ExtendedData><Data name="bin"><value>SN</value></Data><Data name="azimuth_deg"><value>0.0253</value></Data><Data name="dist_to_target_m"><value>0.000</value></Data></ExtendedData><Point><coordinates>-77.106682000,38.944639000,0</coordinates></Point></Placemark></Folder><Style id="s_44_0"><IconStyle><color>ff0c0cf2</color><scale>0.75</scale><Icon><href>http://maps.google.com/mapfiles/kml/shapes/star.png</href></Icon></IconStyle><LineStyle><color>ff0c0cf2</color><width>2.0</width></LineStyle><LabelStyle><scale>0.75</scale><color>9bffffff</color></LabelStyle></Style><Style id="s_44_1"><IconStyle><color>ff0b0be5</color><scale>0.75</scale><Icon><href>http://maps.google.com/mapfiles/kml/shapes/triangle.png</href></Icon></IconStyle><LineStyle><color>ff0b0be5</color><width>2.0</width></LineStyle><LabelStyle><scale>0.75</scale><color>9bffffff</color></LabelStyle></Style><Style id="s_44_2"><IconStyle><color>ff0b0bd9</color><scale>0.75</scale><Icon><href>http://maps.google.com/mapfiles/kml/shapes/cross-hairs.png</href></Icon></IconStyle><LineStyle><color>ff0b0bd9</color><width>2.0</width></LineStyle><LabelStyle><scale>0.75</scale><color>9bffffff</color></LabelStyle></Style><Style id="s_44_3"><IconStyle><color>ff0a0acc</color><scale>0.75</scale><Icon><href>http://maps.google.com/mapfiles/kml/shapes/target.png</href></Icon></IconStyle><LineStyle><color>ff0a0acc</color><width>2.0</width></LineStyle><LabelStyle><scale>0.75</scale><color>9bffffff</color></LabelStyle></Style><Style id="s_44_4"><IconStyle><color>ff0a0abf</color><scale>0.75</scale><Icon><href>http://maps.google.com/mapfiles/kml/shapes/open-diamond.png</href></Icon></IconStyle><LineStyle><color>ff0a0abf</color><width>2.0</width></LineStyle><LabelStyle><scale>0.75</scale><color>9bffffff</color></LabelStyle></Style><Style id="s_44_5"><IconStyle><color>ff0909b2</color><scale>0.75</scale><Icon><href>http://maps.google.com/mapfiles/kml/shapes/shaded_dot.png</href></Icon></IconStyle><LineStyle><color>ff0909b2</color><width>2.0</width></LineStyle><LabelStyle><scale>0.75</scale><color>9bffffff</color></LabelStyle></Style><Folder><name>NW5→SW5</name><Placemark><name>NW5 SW5 0</name><styleUrl>#s_45_0</styleUrl><ExtendedData><Data name="bin"><value>NS</value></Data><Data name="azimuth_deg"><value>-179.9747</value></Data><Data name="dist_to_target_m"><value>11385.318</value></Data></ExtendedData><Point><coordinates>-77.106682000,38.944639000,0</coordinates></Point></Placemark><Placemark><name>NW5 SW5 0 pointer</name><styleUrl>#s_45_0</styleUrl><LineString><tessellate>1</tessellate><coordinates>-77.106682000,38.944639000,0 -77.106683530,38.941936648,0</coordinates></LineString></Placemark><Placemark><name>NW5 SW5 1</name><styleUrl>#s_45_1</styleUrl><ExtendedData><Data name="bin"><value>NS</value></Data><Data name="azimuth_deg"><value>-179.9747</value></Data><Data name="dist_to_target_m"><value>9109.318</value></Data></ExtendedData><Point><coordinates>-77.106693608,38.924137126,0</coordinates></Point></Placemark><Placemark><name>NW5 SW5 1 pointer</name><styleUrl>#s_45_1</styleUrl><LineString><tessellate>1</tessellate><coordinates>-77.106693608,38.924137126,0 -77.106695137,38.921434764,0</coordinates></LineString></Placemark><Placemark><name>NW5 SW5 2</name><styleUrl>#s_45_2</styleUrl><ExtendedData><Data name="bin"><value>NS</value></Data><Data name="azimuth_deg"><value>-179.9747</value></Data><Data name="dist_to_target_m"><value>6833.318</value></Data></ExtendedData><Point><coordinates>-77.106705209,38.903635179,0</coordinates></Point></Placemark><Placemark><name>NW5 SW5 2 pointer</name><styleUrl>#s_45_2</styleUrl><LineString><tessellate>1</tessellate><coordinates>-77.106705209,38.903635179,0 -77.106706738,38.900932808,0</coordinates></LineString></Placemark><Placemark><name>NW5 SW5 3</name><styleUrl>#s_45_3</styleUrl><ExtendedData><Data name="bin"><value>NS</value></Data><Data name="azimuth_deg"><value>-179.9747</value></Data><Data name="dist_to_target_m"><value>4557.318</value></Data></ExtendedData><Point><coordinates>-77.106716804,38.883133160,0</coordinates></Point></Placemark><Placemark><name>NW5 SW5 3 pointer</name><styleUrl>#s_45_3</styleUrl><LineString><tessellate>1</tessellate><coordinates>-77.106716804,38.883133160,0 -77.106717964,38.881080559,0</coordinates></LineString></Placemark><Placemark><name>NW5 SW5 4</name><styleUrl>#s_45_4</styleUrl><ExtendedData><Data name="bin"><value>NS</value></Data><Data name="azimuth_deg"><value>-179.9747</value></Data><Data name="dist_to_target_m"><value>2281.318</value></Data></ExtendedData><Point><coordinates>-77.106728392,38.862631070,0</coordinates></Point></Placemark><Placemark><name>NW5 SW5 4 pointer</name><styleUrl>#s_45_4</styleUrl><LineString><tessellate>1</tessellate><coordinates>-77.106728392,38.862631070,0 -77.106728972,38.861603568,0</coordinates></LineString></Placemark><Placemark><name>NW5 SW5 5</name><styleUrl>#s_45_5</styleUrl><ExtendedData><Data name="bin"><value>NS</value></Data><Data name="azimuth_deg"><value>-179.9747</value></Data><Data name="dist_to_target_m"><value>0.000</value></Data></ExtendedData><Point><coordinates>-77.106740000,38.842081000,0</coordinates></Point></Placemark></Folder><Style id="s_45_0"><IconStyle><color>ff0cf2f2</color><scale>0.75</scale><Icon><href>http://maps.google.com/mapfiles/kml/shapes/star.png</href></Icon></IconStyle><LineStyle><color>ff0cf2f2</color><width>2.0</width></LineStyle><LabelStyle><scale>0.75</scale><color>9bffffff</color></LabelStyle></Style><Style id="s_45_1"><IconStyle><color>ff0be5e5</color><scale>0.75</scale><Icon><href>http://maps.google.com/mapfiles/kml/shapes/triangle.png</href></Icon></IconStyle><LineStyle><color>ff0be5e5</color><width>2.0</width></LineStyle><LabelStyle><scale>0.75</scale><color>9bffffff</color></LabelStyle></Style><Style id="s_45_2"><IconStyle><color>ff0bd9d9</color><scale>0.75</scale><Icon><href>http://maps.google.com/mapfiles/kml/shapes/cross-hairs.png</href></Icon></IconStyle><LineStyle><color>ff0bd9d9</color><width>2.0</width></LineStyle><LabelStyle><scale>0.75</scale><color>9bffffff</color></LabelStyle></Style><Style id="s_45_3"><IconStyle><color>ff0acccc</color><scale>0.75</scale><Icon><href>http://maps.google.com/mapfiles/kml/shapes/target.png</href></Icon></IconStyle><LineStyle><color>ff0acccc</color><width>2.0</width></LineStyle><LabelStyle><scale>0.75</scale><color>9bffffff</color></LabelStyle></Style><Style id="s_45_4"><IconStyle><color>ff0abfbf</color><scale>0.75</scale><Icon><href>http://maps.google.com/mapfiles/kml/shapes/open-diamond.png</href></Icon></IconStyle><LineStyle><color>ff0abfbf</color><width>2.0</width></LineStyle><LabelStyle><scale>0.75</scale><color>9bffffff</color></LabelStyle></Style><Style id="s_45_5"><IconStyle><color>ff09b2b2</color><scale>0.75</scale><Icon><href>http://maps.google.com/mapfiles/kml/shapes/shaded_dot.png</href></Icon></IconStyle><LineStyle><color>ff09b2b2</color><width>2.0</width></LineStyle><LabelStyle><scale>0.75</scale><color>9bffffff</color></LabelStyle></Style><Folder><name>SW4→NW6</name><Placemark><name>SW4 NW6 0</name><styleUrl>#s_46_0</styleUrl><ExtendedData><Data name="bin"><value>SN</value></Data><Data name="azimuth_deg"><value>-0.1309</value></Data><Data name="dist_to_target_m"><value>13695.320</value></Data></ExtendedData><Point><coordinates>-77.093187000,38.831543000,0</coordinates></Point></Placemark><Placemark><name>SW4 NW6 0 pointer</name><styleUrl>#s_46_0</styleUrl><LineString><tessellate>1</tessellate><coordinates>-77.093187000,38.831543000,0 -77.093194894,38.834245396,0</coordinates></LineString></Placemark><Placemark><name>SW4 NW6 1</name><styleUrl>#s_46_1</styleUrl><ExtendedData><Data name="bin"><value>SN</value></Data><Data name="azimuth_deg"><value>-0.1310</value></Data><Data name="dist_to_target_m"><value>11419.320</value></Data></ExtendedData><Point><coordinates>-77.093246907,38.852045149,0</coordinates></Point></Placemark><Placemark><name>SW4 NW6 1 pointer</name><styleUrl>#s_46_1</styleUrl><LineString><tessellate>1</tessellate><coordinates>-77.093246907,38.852045149,0 -77.093254806,38.854747536,0</coordinates></LineString></Placemark><Placemark><name>SW4 NW6 2</name><styleUrl>#s_46_2</styleUrl><ExtendedData><Data name="bin"><value>SN</value></Data><Data name="azimuth_deg"><value>-0.1310</value></Data><Data name="dist_to_target_m"><value>9143.320</value></Data></ExtendedData><Point><coordinates>-77.093306849,38.872547225,0</coordinates></Point></Placemark><Placemark><name>SW4 NW6 2 pointer</name><styleUrl>#s_46_2</styleUrl><LineString><tessellate>1</tessellate><coordinates>-77.093306849,38.872547225,0 -77.093314753,38.875249603,0</coordinates></LineString></Placemark><Placemark><name>SW4 NW6 3</name><styleUrl>#s_46_3</styleUrl><ExtendedData><Data name="bin"><value>SN</value></Data><Data name="azimuth_deg"><value>-0.1310</value></Data><Data name="dist_to_target_m"><value>6867.320</value></Data></ExtendedData><Point><coordinates>-77.093366826,38.893049230,0</coordinates></Point></Placemark><Placemark><name>SW4 NW6 3 pointer</name><styleUrl>#s_46_3</styleUrl><LineString><tessellate>1</tessellate><coordinates>-77.093366826,38.893049230,0 -77.093374734,38.895751598,0</coordinates></LineString></Placemark><Placemark><name>SW4 NW6 4</name><styleUrl>#s_46_4</styleUrl><ExtendedData><Data name="bin"><value>SN</value></Data><Data name="azimuth_deg"><value>-0.1311</value></Data><Data name="dist_to_target_m"><value>4591.320</value></Data></ExtendedData><Point><coordinates>-77.093426836,38.913551162,0</coordinates></Point></Placemark><Placemark><name>SW4 NW6 4 pointer</name><styleUrl>#s_46_4</styleUrl><LineString><tessellate>1</tessellate><coordinates>-77.093426836,38.913551162,0 -77.093432891,38.915619061,0</coordinates></LineString></Placemark><Placemark><name>SW4 NW6 5</name><styleUrl>#s_46_5</styleUrl><ExtendedData><Data name="bin"><value>SN</value></Data><Data name="azimuth_deg"><value>-0.1311</value></Data><Data name="dist_to_target_m"><value>2315.320</value></Data></ExtendedData><Point><coordinates>-77.093486882,38.934053022,0</coordinates></Point></Placemark><Placemark><name>SW4 NW6 5 pointer</name><styleUrl>#s_46_5</styleUrl><LineString><tessellate>1</tessellate><coordinates>-77.093486882,38.934053022,0 -77.093489937,38.935095823,0</coordinates></LineString></Placemark><Placemark><name>SW4 NW6 6</name><styleUrl>#s_46_6</styleUrl><ExtendedData><Data name="bin"><value>SN</value></Data><Data name="azimuth_deg"><value>-0.1311</value></Data><Data name="dist_to_target_m"><value>0.000</value></Data></ExtendedData><Point><coordinates>-77.093548000,38.954909000,0</coordinates></Point></Placemark></Folder><Style id="s_46_0"><IconStyle><color>ff0c0cf2</color><scale>0.75</scale><Icon><href>http://maps.google.com/mapfiles/kml/shapes/star.png</href></Icon></IconStyle><LineStyle><color>ff0c0cf2</color><width>2.0</width></LineStyle><LabelStyle><scale>0.75</scale><color>9bffffff</color></LabelStyle></Style><Style id="s_46_1"><IconStyle><color>ff0c0ce8</color><scale>0.75</scale><Icon><href>http://maps.google.com/mapfiles/kml/shapes/triangle.png</href></Icon></IconStyle><LineStyle><color>ff0c0ce8</color><width>2.0</width></LineStyle><LabelStyle><scale>0.75</scale><color>9bffffff</color></LabelStyle></Style><Style id="s_46_2"><IconStyle><color>ff0b0bdd</color><scale>0.75</scale><Icon><href>http://maps.google.com/mapfiles/kml/shapes/cross-hairs.png</href></Icon></IconStyle><LineStyle><color>ff0b0bdd</color><width>2.0</width></LineStyle><LabelStyle><scale>0.75</scale><color>9bffffff</color></LabelStyle></Style><Style id="s_46_3"><IconStyle><color>ff0b0bd2</color><scale>0.75</scale><Icon><href>http://maps.google.com/mapfiles/kml/shapes/target.png</href></Icon></IconStyle><LineStyle><color>ff0b0bd2</color><width>2.0</width></LineStyle><LabelStyle><scale>0.75</scale><color>9bffffff</color></LabelStyle></Style><Style id="s_46_4"><IconStyle><color>ff0a0ac8</color><scale>0.75</scale><Icon><href>http://maps.google.com/mapfiles/kml/shapes/open-diamond.png</href></Icon></IconStyle><LineStyle><color>ff0a0ac8</color><width>2.0</width></LineStyle><LabelStyle><scale>0.75</scale><color>9bffffff</color></LabelStyle></Style><Style id="s_46_5"><IconStyle><color>ff0909bd</color><scale>0.75</scale><Icon><href>http://maps.google.com/mapfiles/kml/shapes/shaded_dot.png</href></Icon></IconStyle><LineStyle><color>ff0909bd</color><width>2.0</width></LineStyle><LabelStyle><scale>0.75</scale><color>9bffffff</color></LabelStyle></Style><Style id="s_46_6"><IconStyle><color>ff0909b2</color><scale>0.75</scale><Icon><href>http://maps.google.com/mapfiles/kml/shapes/donut.png</href></Icon></IconStyle><LineStyle><color>ff0909b2</color><width>2.0</width></LineStyle><LabelStyle><scale>0.75</scale><color>9bffffff</color></LabelStyle></Style><Folder><name>NW6→SW4</name><Placemark><name>NW6 SW4 0</name><styleUrl>#s_47_0</styleUrl><ExtendedData><Data name="bin"><value>NS</value></Data><Data name="azimuth_deg"><value>179.8689</value></Data><Data name="dist_to_target_m"><value>13695.320</value></Data></ExtendedData><Point><coordinates>-77.093548000,38.954909000,0</coordinates></Point></Placemark><Placemark><name>NW6 SW4 0 pointer</name><styleUrl>#s_47_0</styleUrl><LineString><tessellate>1</tessellate><coordinates>-77.093548000,38.954909000,0 -77.093540079,38.952206660,0</coordinates></LineString></Placemark><Placemark><name>NW6 SW4 1</name><styleUrl>#s_47_1</styleUrl><ExtendedData><Data name="bin"><value>NS</value></Data><Data name="azimuth_deg"><value>179.8689</value></Data><Data name="dist_to_target_m"><value>11419.320</value></Data></ExtendedData><Point><coordinates>-77.093487919,38.934407214,0</coordinates></Point></Placemark><Placemark><name>NW6 SW4 1 pointer</name><styleUrl>#s_47_1</styleUrl><LineString><tessellate>1</tessellate><coordinates>-77.093487919,38.934407214,0 -77.093480003,38.931704864,0</coordinates></LineString></Placemark><Placemark><name>NW6 SW4 2</name><styleUrl>#s_47_2</styleUrl><ExtendedData><Data name="bin"><value>NS</value></Data><Data name="azimuth_deg"><value>179.8689</value></Data><Data name="dist_to_target_m"><value>9143.320</value></Data></ExtendedData><Point><coordinates>-77.093427874,38.913905355,0</coordinates></Point></Placemark><Placemark><name>NW6 SW4 2 pointer</name><styleUrl>#s_47_2</styleUrl><LineString><tessellate>1</tessellate><coordinates>-77.093427874,38.913905355,0 -77.093419961,38.911202996,0</coordinates></LineString></Placemark><Placemark><name>NW6 SW4 3</name><styleUrl>#s_47_3</styleUrl><ExtendedData><Data name="bin"><value>NS</value></Data><Data name="azimuth_deg"><value>179.8690</value></Data><Data name="dist_to_target_m"><value>6867.320</value></Data></ExtendedData><Point><coordinates>-77.093367862,38.893403424,0</coordinates></Point></Placemark><Placemark><name>NW6 SW4 3 pointer</name><styleUrl>#s_47_3</styleUrl><LineString><tessellate>1</tessellate><coordinates>-77.093367862,38.893403424,0 -77.093359955,38.890701055,0</coordinates></LineString></Placemark><Placemark><name>NW6 SW4 4</name><styleUrl>#s_47_4</styleUrl><ExtendedData><Data name="bin"><value>NS</value></Data><Data name="azimuth_deg"><value>179.8690</value></Data><Data name="dist_to_target_m"><value>4591.320</value></Data></ExtendedData><Point><coordinates>-77.093307885,38.872901421,0</coordinates></Point></Placemark><Placemark><name>NW6 SW4 4 pointer</name><styleUrl>#s_47_4</styleUrl><LineString><tessellate>1</tessellate><coordinates>-77.093307885,38.872901421,0 -77.093301838,38.870833507,0</coordinates></LineString></Placemark><Placemark><name>NW6 SW4 5</name><styleUrl>#s_47_5</styleUrl><ExtendedData><Data name="bin"><value>NS</value></Data><Data name="azimuth_deg"><value>179.8690</value></Data><Data name="dist_to_target_m"><value>2315.320</value></Data></ExtendedData><Point><coordinates>-77.093247943,38.852399345,0</coordinates></Point></Placemark><Placemark><name>NW6 SW4 5 pointer</name><styleUrl>#s_47_5</styleUrl><LineString><tessellate>1</tessellate><coordinates>-77.093247943,38.852399345,0 -77.093244895,38.851356530,0</coordinates></LineString></Placemark><Placemark><name>NW6 SW4 6</name><styleUrl>#s_47_6</styleUrl><ExtendedData><Data name="bin"><value>NS</value></Data><Data name="azimuth_deg"><value>179.8691</value></Data><Data name="dist_to_target_m"><value>0.000</value></Data></ExtendedData><Point><coordinates>-77.093187000,38.831543000,0</coordinates></Point></Placemark></Folder><Style id="s_47_0"><IconStyle><color>ff0cf2f2</color><scale>0.75</scale><Icon><href>http://maps.google.com/mapfiles/kml/shapes/star.png</href></Icon></IconStyle><LineStyle><color>ff0cf2f2</color><width>2.0</width></LineStyle><LabelStyle><scale>0.75</scale><color>9bffffff</color></LabelStyle></Style><Style id="s_47_1"><IconStyle><color>ff0ce8e8</color><scale>0.75</scale><Icon><href>http://maps.google.com/mapfiles/kml/shapes/triangle.png</href></Icon></IconStyle><LineStyle><color>ff0ce8e8</color><width>2.0</width></LineStyle><LabelStyle><scale>0.75</scale><color>9bffffff</color></LabelStyle></Style><Style id="s_47_2"><IconStyle><color>ff0bdddd</color><scale>0.75</scale><Icon><href>http://maps.google.com/mapfiles/kml/shapes/cross-hairs.png</href></Icon></IconStyle><LineStyle><color>ff0bdddd</color><width>2.0</width></LineStyle><LabelStyle><scale>0.75</scale><color>9bffffff</color></LabelStyle></Style><Style id="s_47_3"><IconStyle><color>ff0bd2d2</color><scale>0.75</scale><Icon><href>http://maps.google.com/mapfiles/kml/shapes/target.png</href></Icon></IconStyle><LineStyle><color>ff0bd2d2</color><width>2.0</width></LineStyle><LabelStyle><scale>0.75</scale><color>9bffffff</color></LabelStyle></Style><Style id="s_47_4"><IconStyle><color>ff0ac8c8</color><scale>0.75</scale><Icon><href>http://maps.google.com/mapfiles/kml/shapes/open-diamond.png</href></Icon></IconStyle><LineStyle><color>ff0ac8c8</color><width>2.0</width></LineStyle><LabelStyle><scale>0.75</scale><color>9bffffff</color></LabelStyle></Style><Style id="s_47_5"><IconStyle><color>ff09bdbd</color><scale>0.75</scale><Icon><href>http://maps.google.com/mapfiles/kml/shapes/shaded_dot.png</href></Icon></IconStyle><LineStyle><color>ff09bdbd</color><width>2.0</width></LineStyle><LabelStyle><scale>0.75</scale><color>9bffffff</color></LabelStyle></Style><Style id="s_47_6"><IconStyle><color>ff09b2b2</color><scale>0.75</scale><Icon><href>http://maps.google.com/mapfiles/kml/shapes/donut.png</href></Icon></IconStyle><LineStyle><color>ff09b2b2</color><width>2.0</width></LineStyle><LabelStyle><scale>0.75</scale><color>9bffffff</color></LabelStyle></Style><Folder><name>SW3→NW7</name><Placemark><name>SW3 NW7 0</name><styleUrl>#s_48_0</styleUrl><ExtendedData><Data name="bin"><value>SN</value></Data><Data name="azimuth_deg"><value>-0.3352</value></Data><Data name="dist_to_target_m"><value>16044.936</value></Data></ExtendedData><Point><coordinates>-77.079320000,38.820653000,0</coordinates></Point></Placemark><Placemark><name>SW3 NW7 0 pointer</name><styleUrl>#s_48_0</styleUrl><LineString><tessellate>1</tessellate><coordinates>-77.079320000,38.820653000,0 -77.079340209,38.823355362,0</coordinates></LineString></Placemark><Placemark><name>SW3 NW7 1</name><styleUrl>#s_48_1</styleUrl><ExtendedData><Data name="bin"><value>SN</value></Data><Data name="azimuth_deg"><value>-0.3353</value></Data><Data name="dist_to_target_m"><value>13768.936</value></Data></ExtendedData><Point><coordinates>-77.079473358,38.841154890,0</coordinates></Point></Placemark><Placemark><name>SW3 NW7 1 pointer</name><styleUrl>#s_48_1</styleUrl><LineString><tessellate>1</tessellate><coordinates>-77.079473358,38.841154890,0 -77.079493579,38.843857242,0</coordinates></LineString></Placemark><Placemark><name>SW3 NW7 2</name><styleUrl>#s_48_2</styleUrl><ExtendedData><Data name="bin"><value>SN</value></Data><Data name="azimuth_deg"><value>-0.3354</value></Data><Data name="dist_to_target_m"><value>11492.936</value></Data></ExtendedData><Point><coordinates>-77.079626805,38.861656707,0</coordinates></Point></Placemark><Placemark><name>SW3 NW7 2 pointer</name><styleUrl>#s_48_2</styleUrl><LineString><tessellate>1</tessellate><coordinates>-77.079626805,38.861656707,0 -77.079647037,38.864359050,0</coordinates></LineString></Placemark><Placemark><name>SW3 NW7 3</name><styleUrl>#s_48_3</styleUrl><ExtendedData><Data name="bin"><value>SN</value></Data><Data name="azimuth_deg"><value>-0.3355</value></Data><Data name="dist_to_target_m"><value>9216.936</value></Data></ExtendedData><Point><coordinates>-77.079780339,38.882158452,0</coordinates></Point></Placemark><Placemark><name>SW3 NW7 3 pointer</name><styleUrl>#s_48_3</styleUrl><LineString><tessellate>1</tessellate><coordinates>-77.079780339,38.882158452,0 -77.079800583,38.884860786,0</coordinates></LineString></Placemark><Placemark><name>SW3 NW7 4</name><styleUrl>#s_48_4</styleUrl><ExtendedData><Data name="bin"><value>SN</value></Data><Data name="azimuth_deg"><value>-0.3356</value></Data><Data name="dist_to_target_m"><value>6940.936</value></Data></ExtendedData><Point><coordinates>-77.079933962,38.902660125,0</coordinates></Point></Placemark><Placemark><name>SW3 NW7 4 pointer</name><styleUrl>#s_48_4</styleUrl><LineString><tessellate>1</tessellate><coordinates>-77.079933962,38.902660125,0 -77.079954218,38.905362449,0</coordinates></LineString></Placemark><Placemark><name>SW3 NW7 5</name><styleUrl>#s_48_5</styleUrl><ExtendedData><Data name="bin"><value>SN</value></Data><Data name="azimuth_deg"><value>-0.3357</value></Data><Data name="dist_to_target_m"><value>4664.936</value></Data></ExtendedData><Point><coordinates>-77.080087674,38.923161725,0</coordinates></Point></Placemark><Placemark><name>SW3 NW7 5 pointer</name><styleUrl>#s_48_5</styleUrl><LineString><tessellate>1</tessellate><coordinates>-77.080087674,38.923161725,0 -77.080103431,38.925262746,0</coordinates></LineString></Placemark><Placemark><name>SW3 NW7 6</name><styleUrl>#s_48_6</styleUrl><ExtendedData><Data name="bin"><value>SN</value></Data><Data name="azimuth_deg"><value>-0.3358</value></Data><Data name="dist_to_target_m"><value>2388.936</value></Data></ExtendedData><Point><coordinates>-77.080241473,38.943663253,0</coordinates></Point></Placemark><Placemark><name>SW3 NW7 6 pointer</name><styleUrl>#s_48_6</styleUrl><LineString><tessellate>1</tessellate><coordinates>-77.080241473,38.943663253,0 -77.080249547,38.944739192,0</coordinates></LineString></Placemark><Placemark><name>SW3 NW7 7</name><styleUrl>#s_48_7</styleUrl><ExtendedData><Data name="bin"><value>SN</value></Data><Data name="azimuth_deg"><value>-0.3359</value></Data><Data name="dist_to_target_m"><value>0.000</value></Data></ExtendedData><Point><coordinates>-77.080403000,38.965182000,0</coordinates></Point></Placemark></Folder><Style id="s_48_0"><IconStyle><color>ff0c0cf2</color><scale>0.75</scale><Icon><href>http://maps.google.com/mapfiles/kml/shapes/star.png</href></Icon></IconStyle><LineStyle><color>ff0c0cf2</color><width>2.0</width></LineStyle><LabelStyle><scale>0.75</scale><color>9bffffff</color></LabelStyle></Style><Style id="s_48_1"><IconStyle><color>ff0c0ce9</color><scale>0.75</scale><Icon><href>http://maps.google.com/mapfiles/kml/shapes/triangle.png</href></Icon></IconStyle><LineStyle><color>ff0c0ce9</color><width>2.0</width></LineStyle><LabelStyle><scale>0.75</scale><color>9bffffff</color></LabelStyle></Style><Style id="s_48_2"><IconStyle><color>ff0b0be0</color><scale>0.75</scale><Icon><href>http://maps.google.com/mapfiles/kml/shapes/cross-hairs.png</href></Icon></IconStyle><LineStyle><color>ff0b0be0</color><width>2.0</width></LineStyle><LabelStyle><scale>0.75</scale><color>9bffffff</color></LabelStyle></Style><Style id="s_48_3"><IconStyle><color>ff0b0bd7</color><scale>0.75</scale><Icon><href>http://maps.google.com/mapfiles/kml/shapes/target.png</href></Icon></IconStyle><LineStyle><color>ff0b0bd7</color><width>2.0</width></LineStyle><LabelStyle><scale>0.75</scale><color>9bffffff</color></LabelStyle></Style><Style id="s_48_4"><IconStyle><color>ff0a0ace</color><scale>0.75</scale><Icon><href>http://maps.google.com/mapfiles/kml/shapes/open-diamond.png</href></Icon></IconStyle><LineStyle><color>ff0a0ace</color><width>2.0</width></LineStyle><LabelStyle><scale>0.75</scale><color>9bffffff</color></LabelStyle></Style><Style id="s_48_5"><IconStyle><color>ff0a0ac5</color><scale>0.75</scale><Icon><href>http://maps.google.com/mapfiles/kml/shapes/shaded_dot.png</href></Icon></IconStyle><LineStyle><color>ff0a0ac5</color><width>2.0</width></LineStyle><LabelStyle><scale>0.75</scale><color>9bffffff</color></LabelStyle></Style><Style id="s_48_6"><IconStyle><color>ff0909bc</color><scale>0.75</scale><Icon><href>http://maps.google.com/mapfiles/kml/shapes/donut.png</href></Icon></IconStyle><LineStyle><color>ff0909bc</color><width>2.0</width></LineStyle><LabelStyle><scale>0.75</scale><color>9bffffff</color></LabelStyle></Style><Style id="s_48_7"><IconStyle><color>ff0909b2</color><scale>0.75</scale><Icon><href>http://maps.google.com/mapfiles/kml/shapes/square.png</href></Icon></IconStyle><LineStyle><color>ff0909b2</color><width>2.0</width></LineStyle><LabelStyle><scale>0.75</scale><color>9bffffff</color></LabelStyle></Style><Folder><name>NW7→SW3</name><Placemark><name>NW7 SW3 0</name><styleUrl>#s_49_0</styleUrl><ExtendedData><Data name="bin"><value>NS</value></Data><Data name="azimuth_deg"><value>179.6641</value></Data><Data name="dist_to_target_m"><value>16044.936</value></Data></ExtendedData><Point><coordinates>-77.080403000,38.965182000,0</coordinates></Point></Placemark><Placemark><name>NW7 SW3 0 pointer</name><styleUrl>#s_49_0</styleUrl><LineString><tessellate>1</tessellate><coordinates>-77.080403000,38.965182000,0 -77.080382710,38.962479704,0</coordinates></LineString></Placemark><Placemark><name>NW7 SW3 1</name><styleUrl>#s_49_1</styleUrl><ExtendedData><Data name="bin"><value>NS</value></Data><Data name="azimuth_deg"><value>179.6642</value></Data><Data name="dist_to_target_m"><value>13768.936</value></Data></ExtendedData><Point><coordinates>-77.080249107,38.944680548,0</coordinates></Point></Placemark><Placemark><name>NW7 SW3 1 pointer</name><styleUrl>#s_49_1</styleUrl><LineString><tessellate>1</tessellate><coordinates>-77.080249107,38.944680548,0 -77.080228829,38.941978242,0</coordinates></LineString></Placemark><Placemark><name>NW7 SW3 2</name><styleUrl>#s_49_2</styleUrl><ExtendedData><Data name="bin"><value>NS</value></Data><Data name="azimuth_deg"><value>179.6643</value></Data><Data name="dist_to_target_m"><value>11492.936</value></Data></ExtendedData><Point><coordinates>-77.080095303,38.924179024,0</coordinates></Point></Placemark><Placemark><name>NW7 SW3 2 pointer</name><styleUrl>#s_49_2</styleUrl><LineString><tessellate>1</tessellate><coordinates>-77.080095303,38.924179024,0 -77.080075037,38.921476709,0</coordinates></LineString></Placemark><Placemark><name>NW7 SW3 3</name><styleUrl>#s_49_3</styleUrl><ExtendedData><Data name="bin"><value>NS</value></Data><Data name="azimuth_deg"><value>179.6644</value></Data><Data name="dist_to_target_m"><value>9216.936</value></Data></ExtendedData><Point><coordinates>-77.079941587,38.903677427,0</coordinates></Point></Placemark><Placemark><name>NW7 SW3 3 pointer</name><styleUrl>#s_49_3</styleUrl><LineString><tessellate>1</tessellate><coordinates>-77.079941587,38.903677427,0 -77.079921333,38.900975103,0</coordinates></LineString></Placemark><Placemark><name>NW7 SW3 4</name><styleUrl>#s_49_4</styleUrl><ExtendedData><Data name="bin"><value>NS</value></Data><Data name="azimuth_deg"><value>179.6645</value></Data><Data name="dist_to_target_m"><value>6940.936</value></Data></ExtendedData><Point><coordinates>-77.079787960,38.883175758,0</coordinates></Point></Placemark><Placemark><name>NW7 SW3 4 pointer</name><styleUrl>#s_49_4</styleUrl><LineString><tessellate>1</tessellate><coordinates>-77.079787960,38.883175758,0 -77.079767717,38.880473424,0</coordinates></LineString></Placemark><Placemark><name>NW7 SW3 5</name><styleUrl>#s_49_5</styleUrl><ExtendedData><Data name="bin"><value>NS</value></Data><Data name="azimuth_deg"><value>179.6646</value></Data><Data name="dist_to_target_m"><value>4664.936</value></Data></ExtendedData><Point><coordinates>-77.079634421,38.862674017,0</coordinates></Point></Placemark><Placemark><name>NW7 SW3 5 pointer</name><styleUrl>#s_49_5</styleUrl><LineString><tessellate>1</tessellate><coordinates>-77.079634421,38.862674017,0 -77.079618691,38.860572973,0</coordinates></LineString></Placemark><Placemark><name>NW7 SW3 6</name><styleUrl>#s_49_6</styleUrl><ExtendedData><Data name="bin"><value>NS</value></Data><Data name="azimuth_deg"><value>179.6647</value></Data><Data name="dist_to_target_m"><value>2388.936</value></Data></ExtendedData><Point><coordinates>-77.079480970,38.842172203,0</coordinates></Point></Placemark><Placemark><name>NW7 SW3 6 pointer</name><styleUrl>#s_49_6</styleUrl><LineString><tessellate>1</tessellate><coordinates>-77.079480970,38.842172203,0 -77.079472920,38.841096245,0</coordinates></LineString></Placemark><Placemark><name>NW7 SW3 7</name><styleUrl>#s_49_7</styleUrl><ExtendedData><Data name="bin"><value>NS</value></Data><Data name="azimuth_deg"><value>179.6648</value></Data><Data name="dist_to_target_m"><value>0.000</value></Data></ExtendedData><Point><coordinates>-77.079320000,38.820653000,0</coordinates></Point></Placemark></Folder><Style id="s_49_0"><IconStyle><color>ff0cf2f2</color><scale>0.75</scale><Icon><href>http://maps.google.com/mapfiles/kml/shapes/star.png</href></Icon></IconStyle><LineStyle><color>ff0cf2f2</color><width>2.0</width></LineStyle><LabelStyle><scale>0.75</scale><color>9bffffff</color></LabelStyle></Style><Style id="s_49_1"><IconStyle><color>ff0ce9e9</color><scale>0.75</scale><Icon><href>http://maps.google.com/mapfiles/kml/shapes/triangle.png</href></Icon></IconStyle><LineStyle><color>ff0ce9e9</color><width>2.0</width></LineStyle><LabelStyle><scale>0.75</scale><color>9bffffff</color></LabelStyle></Style><Style id="s_49_2"><IconStyle><color>ff0be0e0</color><scale>0.75</scale><Icon><href>http://maps.google.com/mapfiles/kml/shapes/cross-hairs.png</href></Icon></IconStyle><LineStyle><color>ff0be0e0</color><width>2.0</width></LineStyle><LabelStyle><scale>0.75</scale><color>9bffffff</color></LabelStyle></Style><Style id="s_49_3"><IconStyle><color>ff0bd7d7</color><scale>0.75</scale><Icon><href>http://maps.google.com/mapfiles/kml/shapes/target.png</href></Icon></IconStyle><LineStyle><color>ff0bd7d7</color><width>2.0</width></LineStyle><LabelStyle><scale>0.75</scale><color>9bffffff</color></LabelStyle></Style><Style id="s_49_4"><IconStyle><color>ff0acece</color><scale>0.75</scale><Icon><href>http://maps.google.com/mapfiles/kml/shapes/open-diamond.png</href></Icon></IconStyle><LineStyle><color>ff0acece</color><width>2.0</width></LineStyle><LabelStyle><scale>0.75</scale><color>9bffffff</color></LabelStyle></Style><Style id="s_49_5"><IconStyle><color>ff0ac5c5</color><scale>0.75</scale><Icon><href>http://maps.google.com/mapfiles/kml/shapes/shaded_dot.png</href></Icon></IconStyle><LineStyle><color>ff0ac5c5</color><width>2.0</width></LineStyle><LabelStyle><scale>0.75</scale><color>9bffffff</color></LabelStyle></Style><Style id="s_49_6"><IconStyle><color>ff09bcbc</color><scale>0.75</scale><Icon><href>http://maps.google.com/mapfiles/kml/shapes/donut.png</href></Icon></IconStyle><LineStyle><color>ff09bcbc</color><width>2.0</width></LineStyle><LabelStyle><scale>0.75</scale><color>9bffffff</color></LabelStyle></Style><Style id="s_49_7"><IconStyle><color>ff09b2b2</color><scale>0.75</scale><Icon><href>http://maps.google.com/mapfiles/kml/shapes/square.png</href></Icon></IconStyle><LineStyle><color>ff09b2b2</color><width>2.0</width></LineStyle><LabelStyle><scale>0.75</scale><color>9bffffff</color></LabelStyle></Style><Folder><name>SW2→NW8</name><Placemark><name>SW2 NW8 0</name><styleUrl>#s_50_0</styleUrl><ExtendedData><Data name="bin"><value>SN</value></Data><Data name="azimuth_deg"><value>-1.2332</value></Data><Data name="dist_to_target_m"><value>18637.929</value></Data></ExtendedData><Point><coordinates>-77.062638000,38.807592000,0</coordinates></Point></Placemark><Placemark><name>SW2 NW8 0 pointer</name><styleUrl>#s_50_0</styleUrl><LineString><tessellate>1</tessellate><coordinates>-77.062638000,38.807592000,0 -77.062712337,38.810293788,0</coordinates></LineString></Placemark><Placemark><name>SW2 NW8 1</name><styleUrl>#s_50_1</styleUrl><ExtendedData><Data name="bin"><value>SN</value></Data><Data name="azimuth_deg"><value>-1.2336</value></Data><Data name="dist_to_target_m"><value>16361.929</value></Data></ExtendedData><Point><coordinates>-77.063202111,38.828089536,0</coordinates></Point></Placemark><Placemark><name>SW2 NW8 1 pointer</name><styleUrl>#s_50_1</styleUrl><LineString><tessellate>1</tessellate><coordinates>-77.063202111,38.828089536,0 -77.063276491,38.830791315,0</coordinates></LineString></Placemark><Placemark><name>SW2 NW8 2</name><styleUrl>#s_50_2</styleUrl><ExtendedData><Data name="bin"><value>SN</value></Data><Data name="azimuth_deg"><value>-1.2339</value></Data><Data name="dist_to_target_m"><value>14085.929</value></Data></ExtendedData><Point><coordinates>-77.063766546,38.848586998,0</coordinates></Point></Placemark><Placemark><name>SW2 NW8 2 pointer</name><styleUrl>#s_50_2</styleUrl><LineString><tessellate>1</tessellate><coordinates>-77.063766546,38.848586998,0 -77.063840969,38.851288766,0</coordinates></LineString></Placemark><Placemark><name>SW2 NW8 3</name><styleUrl>#s_50_3</styleUrl><ExtendedData><Data name="bin"><value>SN</value></Data><Data name="azimuth_deg"><value>-1.2343</value></Data><Data name="dist_to_target_m"><value>11809.929</value></Data></ExtendedData><Point><coordinates>-77.064331305,38.869084384,0</coordinates></Point></Placemark><Placemark><name>SW2 NW8 3 pointer</name><styleUrl>#s_50_3</styleUrl><LineString><tessellate>1</tessellate><coordinates>-77.064331305,38.869084384,0 -77.064405770,38.871786143,0</coordinates></LineString></Placemark><Placemark><name>SW2 NW8 4</name><styleUrl>#s_50_4</styleUrl><ExtendedData><Data name="bin"><value>SN</value></Data><Data name="azimuth_deg"><value>-1.2347</value></Data><Data name="dist_to_target_m"><value>9533.929</value></Data></ExtendedData><Point><coordinates>-77.064896388,38.889581696,0</coordinates></Point></Placemark><Placemark><name>SW2 NW8 4 pointer</name><styleUrl>#s_50_4</styleUrl><LineString><tessellate>1</tessellate><coordinates>-77.064896388,38.889581696,0 -77.064970896,38.892283445,0</coordinates></LineString></Placemark><Placemark><name>SW2 NW8 5</name><styleUrl>#s_50_5</styleUrl><ExtendedData><Data name="bin"><value>SN</value></Data><Data name="azimuth_deg"><value>-1.2350</value></Data><Data name="dist_to_target_m"><value>7257.929</value></Data></ExtendedData><Point><coordinates>-77.065461797,38.910078933,0</coordinates></Point></Placemark><Placemark><name>SW2 NW8 5 pointer</name><styleUrl>#s_50_5</styleUrl><LineString><tessellate>1</tessellate><coordinates>-77.065461797,38.910078933,0 -77.065536348,38.912780672,0</coordinates></LineString></Placemark><Placemark><name>SW2 NW8 6</name><styleUrl>#s_50_6</styleUrl><ExtendedData><Data name="bin"><value>SN</value></Data><Data name="azimuth_deg"><value>-1.2354</value></Data><Data name="dist_to_target_m"><value>4981.929</value></Data></ExtendedData><Point><coordinates>-77.066027530,38.930576095,0</coordinates></Point></Placemark><Placemark><name>SW2 NW8 6 pointer</name><styleUrl>#s_50_6</styleUrl><LineString><tessellate>1</tessellate><coordinates>-77.066027530,38.930576095,0 -77.066089467,38.932819398,0</coordinates></LineString></Placemark><Placemark><name>SW2 NW8 7</name><styleUrl>#s_50_7</styleUrl><ExtendedData><Data name="bin"><value>SN</value></Data><Data name="azimuth_deg"><value>-1.2357</value></Data><Data name="dist_to_target_m"><value>2705.929</value></Data></ExtendedData><Point><coordinates>-77.066593590,38.951073181,0</coordinates></Point></Placemark><Placemark><name>SW2 NW8 7 pointer</name><styleUrl>#s_50_7</styleUrl><LineString><tessellate>1</tessellate><coordinates>-77.066593590,38.951073181,0 -77.066627249,38.952291625,0</coordinates></LineString></Placemark><Placemark><name>SW2 NW8 8</name><styleUrl>#s_50_8</styleUrl><ExtendedData><Data name="bin"><value>SN</value></Data><Data name="azimuth_deg"><value>-1.2361</value></Data><Data name="dist_to_target_m"><value>0.000</value></Data></ExtendedData><Point><coordinates>-77.067267000,38.975442000,0</coordinates></Point></Placemark></Folder><Style id="s_50_0"><IconStyle><color>ff0c0cf2</color><scale>0.75</scale><Icon><href>http://maps.google.com/mapfiles/kml/shapes/star.png</href></Icon></IconStyle><LineStyle><color>ff0c0cf2</color><width>2.0</width></LineStyle><LabelStyle><scale>0.75</scale><color>9bffffff</color></LabelStyle></Style><Style id="s_50_1"><IconStyle><color>ff0c0cea</color><scale>0.75</scale><Icon><href>http://maps.google.com/mapfiles/kml/shapes/triangle.png</href></Icon></IconStyle><LineStyle><color>ff0c0cea</color><width>2.0</width></LineStyle><LabelStyle><scale>0.75</scale><color>9bffffff</color></LabelStyle></Style><Style id="s_50_2"><IconStyle><color>ff0b0be2</color><scale>0.75</scale><Icon><href>http://maps.google.com/mapfiles/kml/shapes/cross-hairs.png</href></Icon></IconStyle><LineStyle><color>ff0b0be2</color><width>2.0</width></LineStyle><LabelStyle><scale>0.75</scale><color>9bffffff</color></LabelStyle></Style><Style id="s_50_3"><IconStyle><color>ff0b0bda</color><scale>0.75</scale><Icon><href>http://maps.google.com/mapfiles/kml/shapes/target.png</href></Icon></IconStyle><LineStyle><color>ff0b0bda</color><width>2.0</width></LineStyle><LabelStyle><scale>0.75</scale><color>9bffffff</color></LabelStyle></Style><Style id="s_50_4"><IconStyle><color>ff0b0bd2</color><scale>0.75</scale><Icon><href>http://maps.google.com/mapfiles/kml/shapes/open-diamond.png</href></Icon></IconStyle><LineStyle><color>ff0b0bd2</color><width>2.0</width></LineStyle><LabelStyle><scale>0.75</scale><color>9bffffff</color></LabelStyle></Style><Style id="s_50_5"><IconStyle><color>ff0a0aca</color><scale>0.75</scale><Icon><href>http://maps.google.com/mapfiles/kml/shapes/shaded_dot.png</href></Icon></IconStyle><LineStyle><color>ff0a0aca</color><width>2.0</width></LineStyle><LabelStyle><scale>0.75</scale><color>9bffffff</color></LabelStyle></Style><Style id="s_50_6"><IconStyle><color>ff0a0ac2</color><scale>0.75</scale><Icon><href>http://maps.google.com/mapfiles/kml/shapes/donut.png</href></Icon></IconStyle><LineStyle><color>ff0a0ac2</color><width>2.0</width></LineStyle><LabelStyle><scale>0.75</scale><color>9bffffff</color></LabelStyle></Style><Style id="s_50_7"><IconStyle><color>ff0909ba</color><scale>0.75</scale><Icon><href>http://maps.google.com/mapfiles/kml/shapes/square.png</href></Icon></IconStyle><LineStyle><color>ff0909ba</color><width>2.0</width></LineStyle><LabelStyle><scale>0.75</scale><color>9bffffff</color></LabelStyle></Style><Style id="s_50_8"><IconStyle><color>ff0909b2</color><scale>0.75</scale><Icon><href>http://maps.google.com/mapfiles/kml/shapes/placemark_circle.png</href></Icon></IconStyle><LineStyle><color>ff0909b2</color><width>2.0</width></LineStyle><LabelStyle><scale>0.75</scale><color>9bffffff</color></LabelStyle></Style><Folder><name>NW8→SW2</name><Placemark><name>NW8 SW2 0</name><styleUrl>#s_51_0</styleUrl><ExtendedData><Data name="bin"><value>NS</value></Data><Data name="azimuth_deg"><value>178.7639</value></Data><Data name="dist_to_target_m"><value>18637.929</value></Data></ExtendedData><Point><coordinates>-77.067267000,38.975442000,0</coordinates></Point></Placemark><Placemark><name>NW8 SW2 0 pointer</name><styleUrl>#s_51_0</styleUrl><LineString><tessellate>1</tessellate><coordinates>-77.067267000,38.975442000,0 -77.067192318,38.972740291,0</coordinates></LineString></Placemark><Placemark><name>NW8 SW2 1</name><styleUrl>#s_51_1</styleUrl><ExtendedData><Data name="bin"><value>NS</value></Data><Data name="azimuth_deg"><value>178.7642</value></Data><Data name="dist_to_target_m"><value>16361.929</value></Data></ExtendedData><Point><coordinates>-77.066700553,38.954945002,0</coordinates></Point></Placemark><Placemark><name>NW8 SW2 1 pointer</name><styleUrl>#s_51_1</styleUrl><LineString><tessellate>1</tessellate><coordinates>-77.066700553,38.954945002,0 -77.066625914,38.952243283,0</coordinates></LineString></Placemark><Placemark><name>NW8 SW2 2</name><styleUrl>#s_51_2</styleUrl><ExtendedData><Data name="bin"><value>NS</value></Data><Data name="azimuth_deg"><value>178.7646</value></Data><Data name="dist_to_target_m"><value>14085.929</value></Data></ExtendedData><Point><coordinates>-77.066134432,38.934447929,0</coordinates></Point></Placemark><Placemark><name>NW8 SW2 2 pointer</name><styleUrl>#s_51_2</styleUrl><LineString><tessellate>1</tessellate><coordinates>-77.066134432,38.934447929,0 -77.066059836,38.931746201,0</coordinates></LineString></Placemark><Placemark><name>NW8 SW2 3</name><styleUrl>#s_51_3</styleUrl><ExtendedData><Data name="bin"><value>NS</value></Data><Data name="azimuth_deg"><value>178.7649</value></Data><Data name="dist_to_target_m"><value>11809.929</value></Data></ExtendedData><Point><coordinates>-77.065568637,38.913950782,0</coordinates></Point></Placemark><Placemark><name>NW8 SW2 3 pointer</name><styleUrl>#s_51_3</styleUrl><LineString><tessellate>1</tessellate><coordinates>-77.065568637,38.913950782,0 -77.065494084,38.911249043,0</coordinates></LineString></Placemark><Placemark><name>NW8 SW2 4</name><styleUrl>#s_51_4</styleUrl><ExtendedData><Data name="bin"><value>NS</value></Data><Data name="azimuth_deg"><value>178.7653</value></Data><Data name="dist_to_target_m"><value>9533.929</value></Data></ExtendedData><Point><coordinates>-77.065003167,38.893453559,0</coordinates></Point></Placemark><Placemark><name>NW8 SW2 4 pointer</name><styleUrl>#s_51_4</styleUrl><LineString><tessellate>1</tessellate><coordinates>-77.065003167,38.893453559,0 -77.064928657,38.890751811,0</coordinates></LineString></Placemark><Placemark><name>NW8 SW2 5</name><styleUrl>#s_51_5</styleUrl><ExtendedData><Data name="bin"><value>NS</value></Data><Data name="azimuth_deg"><value>178.7656</value></Data><Data name="dist_to_target_m"><value>7257.929</value></Data></ExtendedData><Point><coordinates>-77.064438023,38.872956261,0</coordinates></Point></Placemark><Placemark><name>NW8 SW2 5 pointer</name><styleUrl>#s_51_5</styleUrl><LineString><tessellate>1</tessellate><coordinates>-77.064438023,38.872956261,0 -77.064363555,38.870254503,0</coordinates></LineString></Placemark><Placemark><name>NW8 SW2 6</name><styleUrl>#s_51_6</styleUrl><ExtendedData><Data name="bin"><value>NS</value></Data><Data name="azimuth_deg"><value>178.7660</value></Data><Data name="dist_to_target_m"><value>4981.929</value></Data></ExtendedData><Point><coordinates>-77.063873202,38.852458889,0</coordinates></Point></Placemark><Placemark><name>NW8 SW2 6 pointer</name><styleUrl>#s_51_6</styleUrl><LineString><tessellate>1</tessellate><coordinates>-77.063873202,38.852458889,0 -77.063811405,38.850215553,0</coordinates></LineString></Placemark><Placemark><name>NW8 SW2 7</name><styleUrl>#s_51_7</styleUrl><ExtendedData><Data name="bin"><value>NS</value></Data><Data name="azimuth_deg"><value>178.7663</value></Data><Data name="dist_to_target_m"><value>2705.929</value></Data></ExtendedData><Point><coordinates>-77.063308706,38.831961442,0</coordinates></Point></Placemark><Placemark><name>NW8 SW2 7 pointer</name><styleUrl>#s_51_7</styleUrl><LineString><tessellate>1</tessellate><coordinates>-77.063308706,38.831961442,0 -77.063275160,38.830742972,0</coordinates></LineString></Placemark><Placemark><name>NW8 SW2 8</name><styleUrl>#s_51_8</styleUrl><ExtendedData><Data name="bin"><value>NS</value></Data><Data name="azimuth_deg"><value>178.7667</value></Data><Data name="dist_to_target_m"><value>0.000</value></Data></ExtendedData><Point><coordinates>-77.062638000,38.807592000,0</coordinates></Point></Placemark></Folder><Style id="s_51_0"><IconStyle><color>ff0cf2f2</color><scale>0.75</scale><Icon><href>http://maps.google.com/mapfiles/kml/shapes/star.png</href></Icon></IconStyle><LineStyle><color>ff0cf2f2</color><width>2.0</width></LineStyle><LabelStyle><scale>0.75</scale><color>9bffffff</color></LabelStyle></Style><Style id="s_51_1"><IconStyle><color>ff0ceaea</color><scale>0.75</scale><Icon><href>http://maps.google.com/mapfiles/kml/shapes/triangle.png</href></Icon></IconStyle><LineStyle><color>ff0ceaea</color><width>2.0</width></LineStyle><LabelStyle><scale>0.75</scale><color>9bffffff</color></LabelStyle></Style><Style id="s_51_2"><IconStyle><color>ff0be2e2</color><scale>0.75</scale><Icon><href>http://maps.google.com/mapfiles/kml/shapes/cross-hairs.png</href></Icon></IconStyle><LineStyle><color>ff0be2e2</color><width>2.0</width></LineStyle><LabelStyle><scale>0.75</scale><color>9bffffff</color></LabelStyle></Style><Style id="s_51_3"><IconStyle><color>ff0bdada</color><scale>0.75</scale><Icon><href>http://maps.google.com/mapfiles/kml/shapes/target.png</href></Icon></IconStyle><LineStyle><color>ff0bdada</color><width>2.0</width></LineStyle><LabelStyle><scale>0.75</scale><color>9bffffff</color></LabelStyle></Style><Style id="s_51_4"><IconStyle><color>ff0bd2d2</color><scale>0.75</scale><Icon><href>http://maps.google.com/mapfiles/kml/shapes/open-diamond.png</href></Icon></IconStyle><LineStyle><color>ff0bd2d2</color><width>2.0</width></LineStyle><LabelStyle><scale>0.75</scale><color>9bffffff</color></LabelStyle></Style><Style id="s_51_5"><IconStyle><color>ff0acaca</color><scale>0.75</scale><Icon><href>http://maps.google.com/mapfiles/kml/shapes/shaded_dot.png</href></Icon></IconStyle><LineStyle><color>ff0acaca</color><width>2.0</width></LineStyle><LabelStyle><scale>0.75</scale><color>9bffffff</color></LabelStyle></Style><Style id="s_51_6"><IconStyle><color>ff0ac2c2</color><scale>0.75</scale><Icon><href>http://maps.google.com/mapfiles/kml/shapes/donut.png</href></Icon></IconStyle><LineStyle><color>ff0ac2c2</color><width>2.0</width></LineStyle><LabelStyle><scale>0.75</scale><color>9bffffff</color></LabelStyle></Style><Style id="s_51_7"><IconStyle><color>ff09baba</color><scale>0.75</scale><Icon><href>http://maps.google.com/mapfiles/kml/shapes/square.png</href></Icon></IconStyle><LineStyle><color>ff09baba</color><width>2.0</width></LineStyle><LabelStyle><scale>0.75</scale><color>9bffffff</color></LabelStyle></Style><Style id="s_51_8"><IconStyle><color>ff09b2b2</color><scale>0.75</scale><Icon><href>http://maps.google.com/mapfiles/kml/shapes/placemark_circle.png</href></Icon></IconStyle><LineStyle><color>ff09b2b2</color><width>2.0</width></LineStyle><LabelStyle><scale>0.75</scale><color>9bffffff</color></LabelStyle></Style><Folder><name>SW1→NW9</name><Placemark><name>SW1 NW9 0</name><styleUrl>#s_52_0</styleUrl><ExtendedData><Data name="bin"><value>SN</value></Data><Data name="azimuth_deg"><value>0.0640</value></Data><Data name="dist_to_target_m"><value>20476.999</value></Data></ExtendedData><Point><coordinates>-77.054393000,38.801244000,0</coordinates></Point></Placemark><Placemark><name>SW1 NW9 0 pointer</name><styleUrl>#s_52_0</styleUrl><LineString><tessellate>1</tessellate><coordinates>-77.054393000,38.801244000,0 -77.054389142,38.803946416,0</coordinates></LineString></Placemark><Placemark><name>SW1 NW9 1</name><styleUrl>#s_52_1</styleUrl><ExtendedData><Data name="bin"><value>SN</value></Data><Data name="azimuth_deg"><value>0.0640</value></Data><Data name="dist_to_target_m"><value>18200.999</value></Data></ExtendedData><Point><coordinates>-77.054363724,38.821746296,0</coordinates></Point></Placemark><Placemark><name>SW1 NW9 1 pointer</name><styleUrl>#s_52_1</styleUrl><LineString><tessellate>1</tessellate><coordinates>-77.054363724,38.821746296,0 -77.054359864,38.824448702,0</coordinates></LineString></Placemark><Placemark><name>SW1 NW9 2</name><styleUrl>#s_52_2</styleUrl><ExtendedData><Data name="bin"><value>SN</value></Data><Data name="azimuth_deg"><value>0.0640</value></Data><Data name="dist_to_target_m"><value>15924.999</value></Data></ExtendedData><Point><coordinates>-77.054334431,38.842248520,0</coordinates></Point></Placemark><Placemark><name>SW1 NW9 2 pointer</name><styleUrl>#s_52_2</styleUrl><LineString><tessellate>1</tessellate><coordinates>-77.054334431,38.842248520,0 -77.054330569,38.844950917,0</coordinates></LineString></Placemark><Placemark><name>SW1 NW9 3</name><styleUrl>#s_52_3</styleUrl><ExtendedData><Data name="bin"><value>SN</value></Data><Data name="azimuth_deg"><value>0.0641</value></Data><Data name="dist_to_target_m"><value>13648.999</value></Data></ExtendedData><Point><coordinates>-77.054305122,38.862750672,0</coordinates></Point></Placemark><Placemark><name>SW1 NW9 3 pointer</name><styleUrl>#s_52_3</styleUrl><LineString><tessellate>1</tessellate><coordinates>-77.054305122,38.862750672,0 -77.054301257,38.865453059,0</coordinates></LineString></Placemark><Placemark><name>SW1 NW9 4</name><styleUrl>#s_52_4</styleUrl><ExtendedData><Data name="bin"><value>SN</value></Data><Data name="azimuth_deg"><value>0.0641</value></Data><Data name="dist_to_target_m"><value>11372.999</value></Data></ExtendedData><Point><coordinates>-77.054275795,38.883252752,0</coordinates></Point></Placemark><Placemark><name>SW1 NW9 4 pointer</name><styleUrl>#s_52_4</styleUrl><LineString><tessellate>1</tessellate><coordinates>-77.054275795,38.883252752,0 -77.054271928,38.885955129,0</coordinates></LineString></Placemark><Placemark><name>SW1 NW9 5</name><styleUrl>#s_52_5</styleUrl><ExtendedData><Data name="bin"><value>SN</value></Data><Data name="azimuth_deg"><value>0.0641</value></Data><Data name="dist_to_target_m"><value>9096.999</value></Data></ExtendedData><Point><coordinates>-77.054246452,38.903754759,0</coordinates></Point></Placemark><Placemark><name>SW1 NW9 5 pointer</name><styleUrl>#s_52_5</styleUrl><LineString><tessellate>1</tessellate><coordinates>-77.054246452,38.903754759,0 -77.054242583,38.906457127,0</coordinates></LineString></Placemark><Placemark><name>SW1 NW9 6</name><styleUrl>#s_52_6</styleUrl><ExtendedData><Data name="bin"><value>SN</value></Data><Data name="azimuth_deg"><value>0.0641</value></Data><Data name="dist_to_target_m"><value>6820.999</value></Data></ExtendedData><Point><coordinates>-77.054217092,38.924256694,0</coordinates></Point></Placemark><Placemark><name>SW1 NW9 6 pointer</name><styleUrl>#s_52_6</styleUrl><LineString><tessellate>1</tessellate><coordinates>-77.054217092,38.924256694,0 -77.054213220,38.926959053,0</coordinates></LineString></Placemark><Placemark><name>SW1 NW9 7</name><styleUrl>#s_52_7</styleUrl><ExtendedData><Data name="bin"><value>SN</value></Data><Data name="azimuth_deg"><value>0.0641</value></Data><Data name="dist_to_target_m"><value>4544.999</value></Data></ExtendedData><Point><coordinates>-77.054187715,38.944758557,0</coordinates></Point></Placemark><Placemark><name>SW1 NW9 7 pointer</name><styleUrl>#s_52_7</styleUrl><LineString><tessellate>1</tessellate><coordinates>-77.054187715,38.944758557,0 -77.054184780,38.946805586,0</coordinates></LineString></Placemark><Placemark><name>SW1 NW9 8</name><styleUrl>#s_52_8</styleUrl><ExtendedData><Data name="bin"><value>SN</value></Data><Data name="azimuth_deg"><value>0.0642</value></Data><Data name="dist_to_target_m"><value>0.000</value></Data></ExtendedData><Point><coordinates>-77.054129000,38.985699000,0</coordinates></Point></Placemark></Folder><Style id="s_52_0"><IconStyle><color>ff0c0cf2</color><scale>0.75</scale><Icon><href>http://maps.google.com/mapfiles/kml/shapes/star.png</href></Icon></IconStyle><LineStyle><color>ff0c0cf2</color><width>2.0</width></LineStyle><LabelStyle><scale>0.75</scale><color>9bffffff</color></LabelStyle></Style><Style id="s_52_1"><IconStyle><color>ff0c0cea</color><scale>0.75</scale><Icon><href>http://maps.google.com/mapfiles/kml/shapes/triangle.png</href></Icon></IconStyle><LineStyle><color>ff0c0cea</color><width>2.0</width></LineStyle><LabelStyle><scale>0.75</scale><color>9bffffff</color></LabelStyle></Style><Style id="s_52_2"><IconStyle><color>ff0b0be2</color><scale>0.75</scale><Icon><href>http://maps.google.com/mapfiles/kml/shapes/cross-hairs.png</href></Icon></IconStyle><LineStyle><color>ff0b0be2</color><width>2.0</width></LineStyle><LabelStyle><scale>0.75</scale><color>9bffffff</color></LabelStyle></Style><Style id="s_52_3"><IconStyle><color>ff0b0bda</color><scale>0.75</scale><Icon><href>http://maps.google.com/mapfiles/kml/shapes/target.png</href></Icon></IconStyle><LineStyle><color>ff0b0bda</color><width>2.0</width></LineStyle><LabelStyle><scale>0.75</scale><color>9bffffff</color></LabelStyle></Style><Style id="s_52_4"><IconStyle><color>ff0b0bd2</color><scale>0.75</scale><Icon><href>http://maps.google.com/mapfiles/kml/shapes/open-diamond.png</href></Icon></IconStyle><LineStyle><color>ff0b0bd2</color><width>2.0</width></LineStyle><LabelStyle><scale>0.75</scale><color>9bffffff</color></LabelStyle></Style><Style id="s_52_5"><IconStyle><color>ff0a0aca</color><scale>0.75</scale><Icon><href>http://maps.google.com/mapfiles/kml/shapes/shaded_dot.png</href></Icon></IconStyle><LineStyle><color>ff0a0aca</color><width>2.0</width></LineStyle><LabelStyle><scale>0.75</scale><color>9bffffff</color></LabelStyle></Style><Style id="s_52_6"><IconStyle><color>ff0a0ac2</color><scale>0.75</scale><Icon><href>http://maps.google.com/mapfiles/kml/shapes/donut.png</href></Icon></IconStyle><LineStyle><color>ff0a0ac2</color><width>2.0</width></LineStyle><LabelStyle><scale>0.75</scale><color>9bffffff</color></LabelStyle></Style><Style id="s_52_7"><IconStyle><color>ff0909ba</color><scale>0.75</scale><Icon><href>http://maps.google.com/mapfiles/kml/shapes/square.png</href></Icon></IconStyle><LineStyle><color>ff0909ba</color><width>2.0</width></LineStyle><LabelStyle><scale>0.75</scale><color>9bffffff</color></LabelStyle></Style><Style id="s_52_8"><IconStyle><color>ff0909b2</color><scale>0.75</scale><Icon><href>http://maps.google.com/mapfiles/kml/shapes/placemark_circle.png</href></Icon></IconStyle><LineStyle><color>ff0909b2</color><width>2.0</width></LineStyle><LabelStyle><scale>0.75</scale><color>9bffffff</color></LabelStyle></Style><Folder><name>NW9→SW1</name><Placemark><name>NW9 SW1 0</name><styleUrl>#s_53_0</styleUrl><ExtendedData><Data name="bin"><value>NS</value></Data><Data name="azimuth_deg"><value>-179.9358</value></Data><Data name="dist_to_target_m"><value>20476.999</value></Data></ExtendedData><Point><coordinates>-77.054129000,38.985699000,0</coordinates></Point></Placemark><Placemark><name>NW9 SW1 0 pointer</name><styleUrl>#s_53_0</styleUrl><LineString><tessellate>1</tessellate><coordinates>-77.054129000,38.985699000,0 -77.054132878,38.982996669,0</coordinates></LineString></Placemark><Placemark><name>NW9 SW1 1</name><styleUrl>#s_53_1</styleUrl><ExtendedData><Data name="bin"><value>NS</value></Data><Data name="azimuth_deg"><value>-179.9358</value></Data><Data name="dist_to_target_m"><value>18200.999</value></Data></ExtendedData><Point><coordinates>-77.054158411,38.965197281,0</coordinates></Point></Placemark><Placemark><name>NW9 SW1 1 pointer</name><styleUrl>#s_53_1</styleUrl><LineString><tessellate>1</tessellate><coordinates>-77.054158411,38.965197281,0 -77.054162286,38.962494940,0</coordinates></LineString></Placemark><Placemark><name>NW9 SW1 2</name><styleUrl>#s_53_2</styleUrl><ExtendedData><Data name="bin"><value>NS</value></Data><Data name="azimuth_deg"><value>-179.9359</value></Data><Data name="dist_to_target_m"><value>15924.999</value></Data></ExtendedData><Point><coordinates>-77.054187805,38.944695490,0</coordinates></Point></Placemark><Placemark><name>NW9 SW1 2 pointer</name><styleUrl>#s_53_2</styleUrl><LineString><tessellate>1</tessellate><coordinates>-77.054187805,38.944695490,0 -77.054191678,38.941993140,0</coordinates></LineString></Placemark><Placemark><name>NW9 SW1 3</name><styleUrl>#s_53_3</styleUrl><ExtendedData><Data name="bin"><value>NS</value></Data><Data name="azimuth_deg"><value>-179.9359</value></Data><Data name="dist_to_target_m"><value>13648.999</value></Data></ExtendedData><Point><coordinates>-77.054217182,38.924193627,0</coordinates></Point></Placemark><Placemark><name>NW9 SW1 3 pointer</name><styleUrl>#s_53_3</styleUrl><LineString><tessellate>1</tessellate><coordinates>-77.054217182,38.924193627,0 -77.054221053,38.921491267,0</coordinates></LineString></Placemark><Placemark><name>NW9 SW1 4</name><styleUrl>#s_53_4</styleUrl><ExtendedData><Data name="bin"><value>NS</value></Data><Data name="azimuth_deg"><value>-179.9359</value></Data><Data name="dist_to_target_m"><value>11372.999</value></Data></ExtendedData><Point><coordinates>-77.054246542,38.903691691,0</coordinates></Point></Placemark><Placemark><name>NW9 SW1 4 pointer</name><styleUrl>#s_53_4</styleUrl><LineString><tessellate>1</tessellate><coordinates>-77.054246542,38.903691691,0 -77.054250411,38.900989322,0</coordinates></LineString></Placemark><Placemark><name>NW9 SW1 5</name><styleUrl>#s_53_5</styleUrl><ExtendedData><Data name="bin"><value>NS</value></Data><Data name="azimuth_deg"><value>-179.9359</value></Data><Data name="dist_to_target_m"><value>9096.999</value></Data></ExtendedData><Point><coordinates>-77.054275885,38.883189684,0</coordinates></Point></Placemark><Placemark><name>NW9 SW1 5 pointer</name><styleUrl>#s_53_5</styleUrl><LineString><tessellate>1</tessellate><coordinates>-77.054275885,38.883189684,0 -77.054279752,38.880487305,0</coordinates></LineString></Placemark><Placemark><name>NW9 SW1 6</name><styleUrl>#s_53_6</styleUrl><ExtendedData><Data name="bin"><value>NS</value></Data><Data name="azimuth_deg"><value>-179.9359</value></Data><Data name="dist_to_target_m"><value>6820.999</value></Data></ExtendedData><Point><coordinates>-77.054305212,38.862687604,0</coordinates></Point></Placemark><Placemark><name>NW9 SW1 6 pointer</name><styleUrl>#s_53_6</styleUrl><LineString><tessellate>1</tessellate><coordinates>-77.054305212,38.862687604,0 -77.054309076,38.859985215,0</coordinates></LineString></Placemark><Placemark><name>NW9 SW1 7</name><styleUrl>#s_53_7</styleUrl><ExtendedData><Data name="bin"><value>NS</value></Data><Data name="azimuth_deg"><value>-179.9360</value></Data><Data name="dist_to_target_m"><value>4544.999</value></Data></ExtendedData><Point><coordinates>-77.054334521,38.842185452,0</coordinates></Point></Placemark><Placemark><name>NW9 SW1 7 pointer</name><styleUrl>#s_53_7</styleUrl><LineString><tessellate>1</tessellate><coordinates>-77.054334521,38.842185452,0 -77.054337447,38.840138386,0</coordinates></LineString></Placemark><Placemark><name>NW9 SW1 8</name><styleUrl>#s_53_8</styleUrl><ExtendedData><Data name="bin"><value>NS</value></Data><Data name="azimuth_deg"><value>-179.9360</value></Data><Data name="dist_to_target_m"><value>0.000</value></Data></ExtendedData><Point><coordinates>-77.054393000,38.801244000,0</coordinates></Point></Placemark></Folder><Style id="s_53_0"><IconStyle><color>ff0cf2f2</color><scale>0.75</scale><Icon><href>http://maps.google.com/mapfiles/kml/shapes/star.png</href></Icon></IconStyle><LineStyle><color>ff0cf2f2</color><width>2.0</width></LineStyle><LabelStyle><scale>0.75</scale><color>9bffffff</color></LabelStyle></Style><Style id="s_53_1"><IconStyle><color>ff0ceaea</color><scale>0.75</scale><Icon><href>http://maps.google.com/mapfiles/kml/shapes/triangle.png</href></Icon></IconStyle><LineStyle><color>ff0ceaea</color><width>2.0</width></LineStyle><LabelStyle><scale>0.75</scale><color>9bffffff</color></LabelStyle></Style><Style id="s_53_2"><IconStyle><color>ff0be2e2</color><scale>0.75</scale><Icon><href>http://maps.google.com/mapfiles/kml/shapes/cross-hairs.png</href></Icon></IconStyle><LineStyle><color>ff0be2e2</color><width>2.0</width></LineStyle><LabelStyle><scale>0.75</scale><color>9bffffff</color></LabelStyle></Style><Style id="s_53_3"><IconStyle><color>ff0bdada</color><scale>0.75</scale><Icon><href>http://maps.google.com/mapfiles/kml/shapes/target.png</href></Icon></IconStyle><LineStyle><color>ff0bdada</color><width>2.0</width></LineStyle><LabelStyle><scale>0.75</scale><color>9bffffff</color></LabelStyle></Style><Style id="s_53_4"><IconStyle><color>ff0bd2d2</color><scale>0.75</scale><Icon><href>http://maps.google.com/mapfiles/kml/shapes/open-diamond.png</href></Icon></IconStyle><LineStyle><color>ff0bd2d2</color><width>2.0</width></LineStyle><LabelStyle><scale>0.75</scale><color>9bffffff</color></LabelStyle></Style><Style id="s_53_5"><IconStyle><color>ff0acaca</color><scale>0.75</scale><Icon><href>http://maps.google.com/mapfiles/kml/shapes/shaded_dot.png</href></Icon></IconStyle><LineStyle><color>ff0acaca</color><width>2.0</width></LineStyle><LabelStyle><scale>0.75</scale><color>9bffffff</color></LabelStyle></Style><Style id="s_53_6"><IconStyle><color>ff0ac2c2</color><scale>0.75</scale><Icon><href>http://maps.google.com/mapfiles/kml/shapes/donut.png</href></Icon></IconStyle><LineStyle><color>ff0ac2c2</color><width>2.0</width></LineStyle><LabelStyle><scale>0.75</scale><color>9bffffff</color></LabelStyle></Style><Style id="s_53_7"><IconStyle><color>ff09baba</color><scale>0.75</scale><Icon><href>http://maps.google.com/mapfiles/kml/shapes/square.png</href></Icon></IconStyle><LineStyle><color>ff09baba</color><width>2.0</width></LineStyle><LabelStyle><scale>0.75</scale><color>9bffffff</color></LabelStyle></Style><Style id="s_53_8"><IconStyle><color>ff09b2b2</color><scale>0.75</scale><Icon><href>http://maps.google.com/mapfiles/kml/shapes/placemark_circle.png</href></Icon></IconStyle><LineStyle><color>ff09b2b2</color><width>2.0</width></LineStyle><LabelStyle><scale>0.75</scale><color>9bffffff</color></LabelStyle></Style><Folder><name>SW1→SE9</name><Placemark><name>SW1 SE9 0</name><styleUrl>#s_54_0</styleUrl><ExtendedData><Data name="bin"><value>WE</value></Data><Data name="azimuth_deg"><value>84.1104</value></Data><Data name="dist_to_target_m"><value>2691.742</value></Data></ExtendedData><Point><coordinates>-77.054393000,38.801244000,0</coordinates></Point></Placemark><Placemark><name>SW1 SE9 0 pointer</name><styleUrl>#s_54_0</styleUrl><LineString><tessellate>1</tessellate><coordinates>-77.054393000,38.801244000,0 -77.052851851,38.801368393,0</coordinates></LineString></Placemark><Placemark><name>SW1 SE9 1</name><styleUrl>#s_54_1</styleUrl><ExtendedData><Data name="bin"><value>WE</value></Data><Data name="azimuth_deg"><value>84.1267</value></Data><Data name="dist_to_target_m"><value>0.000</value></Data></ExtendedData><Point><coordinates>-77.023569000,38.803728000,0</coordinates></Point></Placemark></Folder><Style id="s_54_0"><IconStyle><color>ff0c7ff2</color><scale>0.75</scale><Icon><href>http://maps.google.com/mapfiles/kml/shapes/star.png</href></Icon></IconStyle><LineStyle><color>ff0c7ff2</color><width>2.0</width></LineStyle><LabelStyle><scale>0.75</scale><color>9bffffff</color></LabelStyle></Style><Style id="s_54_1"><IconStyle><color>ff095eb2</color><scale>0.75</scale><Icon><href>http://maps.google.com/mapfiles/kml/shapes/triangle.png</href></Icon></IconStyle><LineStyle><color>ff095eb2</color><width>2.0</width></LineStyle><LabelStyle><scale>0.75</scale><color>9bffffff</color></LabelStyle></Style><Folder><name>SE9→SW1</name><Placemark><name>SE9 SW1 0</name><styleUrl>#s_55_0</styleUrl><ExtendedData><Data name="bin"><value>EW</value></Data><Data name="azimuth_deg"><value>-95.8703</value></Data><Data name="dist_to_target_m"><value>2691.742</value></Data></ExtendedData><Point><coordinates>-77.023569000,38.803728000,0</coordinates></Point></Placemark><Placemark><name>SE9 SW1 0 pointer</name><styleUrl>#s_55_0</styleUrl><LineString><tessellate>1</tessellate><coordinates>-77.023569000,38.803728000,0 -77.025110251,38.803603993,0</coordinates></LineString></Placemark><Placemark><name>SE9 SW1 1</name><styleUrl>#s_55_1</styleUrl><ExtendedData><Data name="bin"><value>EW</value></Data><Data name="azimuth_deg"><value>-95.8866</value></Data><Data name="dist_to_target_m"><value>0.000</value></Data></ExtendedData><Point><coordinates>-77.054393000,38.801244000,0</coordinates></Point></Placemark></Folder><Style id="s_55_0"><IconStyle><color>ff0cf27f</color><scale>0.75</scale><Icon><href>http://maps.google.com/mapfiles/kml/shapes/star.png</href></Icon></IconStyle><LineStyle><color>ff0cf27f</color><width>2.0</width></LineStyle><LabelStyle><scale>0.75</scale><color>9bffffff</color></LabelStyle></Style><Style id="s_55_1"><IconStyle><color>ff09b25e</color><scale>0.75</scale><Icon><href>http://maps.google.com/mapfiles/kml/shapes/triangle.png</href></Icon></IconStyle><LineStyle><color>ff09b25e</color><width>2.0</width></LineStyle><LabelStyle><scale>0.75</scale><color>9bffffff</color></LabelStyle></Style><Folder><name>SW3→SE7</name><Placemark><name>SW3 SE7 0</name><styleUrl>#s_56_0</styleUrl><ExtendedData><Data name="bin"><value>WE</value></Data><Data name="azimuth_deg"><value>89.4662</value></Data><Data name="dist_to_target_m"><value>6793.580</value></Data></ExtendedData><Point><coordinates>-77.079320000,38.820653000,0</coordinates></Point></Placemark><Placemark><name>SW3 SE7 0 pointer</name><styleUrl>#s_56_0</styleUrl><LineString><tessellate>1</tessellate><coordinates>-77.079320000,38.820653000,0 -77.075865705,38.820678128,0</coordinates></LineString></Placemark><Placemark><name>SW3 SE7 1</name><styleUrl>#s_56_1</styleUrl><ExtendedData><Data name="bin"><value>WE</value></Data><Data name="azimuth_deg"><value>89.4826</value></Data><Data name="dist_to_target_m"><value>4517.580</value></Data></ExtendedData><Point><coordinates>-77.053113356,38.820841086,0</coordinates></Point></Placemark><Placemark><name>SW3 SE7 1 pointer</name><styleUrl>#s_56_1</styleUrl><LineString><tessellate>1</tessellate><coordinates>-77.053113356,38.820841086,0 -77.050512501,38.820859432,0</coordinates></LineString></Placemark><Placemark><name>SW3 SE7 2</name><styleUrl>#s_56_2</styleUrl><ExtendedData><Data name="bin"><value>WE</value></Data><Data name="azimuth_deg"><value>89.4990</value></Data><Data name="dist_to_target_m"><value>0.000</value></Data></ExtendedData><Point><coordinates>-77.001096000,38.821197000,0</coordinates></Point></Placemark></Folder><Style id="s_56_0"><IconStyle><color>ff0c7ff2</color><scale>0.75</scale><Icon><href>http://maps.google.com/mapfiles/kml/shapes/star.png</href></Icon></IconStyle><LineStyle><color>ff0c7ff2</color><width>2.0</width></LineStyle><LabelStyle><scale>0.75</scale><color>9bffffff</color></LabelStyle></Style><Style id="s_56_1"><IconStyle><color>ff0b6ed2</color><scale>0.75</scale><Icon><href>http://maps.google.com/mapfiles/kml/shapes/triangle.png</href></Icon></IconStyle><LineStyle><color>ff0b6ed2</color><width>2.0</width></LineStyle><LabelStyle><scale>0.75</scale><color>9bffffff</color></LabelStyle></Style><Style id="s_56_2"><IconStyle><color>ff095eb2</color><scale>0.75</scale><Icon><href>http://maps.google.com/mapfiles/kml/shapes/cross-hairs.png</href></Icon></IconStyle><LineStyle><color>ff095eb2</color><width>2.0</width></LineStyle><LabelStyle><scale>0.75</scale><color>9bffffff</color></LabelStyle></Style><Folder><name>SE7→SW3</name><Placemark><name>SE7 SW3 0</name><styleUrl>#s_57_0</styleUrl><ExtendedData><Data name="bin"><value>EW</value></Data><Data name="azimuth_deg"><value>-90.4848</value></Data><Data name="dist_to_target_m"><value>6793.580</value></Data></ExtendedData><Point><coordinates>-77.001096000,38.821197000,0</coordinates></Point></Placemark><Placemark><name>SE7 SW3 0 pointer</name><styleUrl>#s_57_0</styleUrl><LineString><tessellate>1</tessellate><coordinates>-77.001096000,38.821197000,0 -77.004550345,38.821174083,0</coordinates></LineString></Placemark><Placemark><name>SE7 SW3 1</name><styleUrl>#s_57_1</styleUrl><ExtendedData><Data name="bin"><value>EW</value></Data><Data name="azimuth_deg"><value>-90.5012</value></Data><Data name="dist_to_target_m"><value>4517.580</value></Data></ExtendedData><Point><coordinates>-77.027302909,38.821020582,0</coordinates></Point></Placemark><Placemark><name>SE7 SW3 1 pointer</name><styleUrl>#s_57_1</styleUrl><LineString><tessellate>1</tessellate><coordinates>-77.027302909,38.821020582,0 -77.029903776,38.821002753,0</coordinates></LineString></Placemark><Placemark><name>SE7 SW3 2</name><styleUrl>#s_57_2</styleUrl><ExtendedData><Data name="bin"><value>EW</value></Data><Data name="azimuth_deg"><value>-90.5177</value></Data><Data name="dist_to_target_m"><value>0.000</value></Data></ExtendedData><Point><coordinates>-77.079320000,38.820653000,0</coordinates></Point></Placemark></Folder><Style id="s_57_0"><IconStyle><color>ff0cf27f</color><scale>0.75</scale><Icon><href>http://maps.google.com/mapfiles/kml/shapes/star.png</href></Icon></IconStyle><LineStyle><color>ff0cf27f</color><width>2.0</width></LineStyle><LabelStyle><scale>0.75</scale><color>9bffffff</color></LabelStyle></Style><Style id="s_57_1"><IconStyle><color>ff0bd26e</color><scale>0.75</scale><Icon><href>http://maps.google.com/mapfiles/kml/shapes/triangle.png</href></Icon></IconStyle><LineStyle><color>ff0bd26e</color><width>2.0</width></LineStyle><LabelStyle><scale>0.75</scale><color>9bffffff</color></LabelStyle></Style><Style id="s_57_2"><IconStyle><color>ff09b25e</color><scale>0.75</scale><Icon><href>http://maps.google.com/mapfiles/kml/shapes/cross-hairs.png</href></Icon></IconStyle><LineStyle><color>ff09b25e</color><width>2.0</width></LineStyle><LabelStyle><scale>0.75</scale><color>9bffffff</color></LabelStyle></Style><Folder><name>SW5→SE5</name><Placemark><name>SW5 SE5 0</name><styleUrl>#s_58_0</styleUrl><ExtendedData><Data name="bin"><value>WE</value></Data><Data name="azimuth_deg"><value>90.1797</value></Data><Data name="dist_to_target_m"><value>11451.581</value></Data></ExtendedData><Point><coordinates>-77.106740000,38.842081000,0</coordinates></Point></Placemark><Placemark><name>SW5 SE5 0 pointer</name><styleUrl>#s_58_0</styleUrl><LineString><tessellate>1</tessellate><coordinates>-77.106740000,38.842081000,0 -77.103284538,38.842072473,0</coordinates></LineString></Placemark><Placemark><name>SW5 SE5 1</name><styleUrl>#s_58_1</styleUrl><ExtendedData><Data name="bin"><value>WE</value></Data><Data name="azimuth_deg"><value>90.1961</value></Data><Data name="dist_to_target_m"><value>9175.581</value></Data></ExtendedData><Point><coordinates>-77.080524583,38.842013757,0</coordinates></Point></Placemark><Placemark><name>SW5 SE5 1 pointer</name><styleUrl>#s_58_1</styleUrl><LineString><tessellate>1</tessellate><coordinates>-77.080524583,38.842013757,0 -77.077069127,38.842004454,0</coordinates></LineString></Placemark><Placemark><name>SW5 SE5 2</name><styleUrl>#s_58_2</styleUrl><ExtendedData><Data name="bin"><value>WE</value></Data><Data name="azimuth_deg"><value>90.2126</value></Data><Data name="dist_to_target_m"><value>6899.581</value></Data></ExtendedData><Point><coordinates>-77.054309217,38.841940630,0</coordinates></Point></Placemark><Placemark><name>SW5 SE5 2 pointer</name><styleUrl>#s_58_2</styleUrl><LineString><tessellate>1</tessellate><coordinates>-77.054309217,38.841940630,0 -77.050853769,38.841930552,0</coordinates></LineString></Placemark><Placemark><name>SW5 SE5 3</name><styleUrl>#s_58_3</styleUrl><ExtendedData><Data name="bin"><value>WE</value></Data><Data name="azimuth_deg"><value>90.2290</value></Data><Data name="dist_to_target_m"><value>4623.581</value></Data></ExtendedData><Point><coordinates>-77.028093908,38.841861620,0</coordinates></Point></Placemark><Placemark><name>SW5 SE5 3 pointer</name><styleUrl>#s_58_3</styleUrl><LineString><tessellate>1</tessellate><coordinates>-77.028093908,38.841861620,0 -77.025431156,38.841853266,0</coordinates></LineString></Placemark><Placemark><name>SW5 SE5 4</name><styleUrl>#s_58_4</styleUrl><ExtendedData><Data name="bin"><value>WE</value></Data><Data name="azimuth_deg"><value>90.2455</value></Data><Data name="dist_to_target_m"><value>2347.581</value></Data></ExtendedData><Point><coordinates>-77.001878658,38.841776727,0</coordinates></Point></Placemark><Placemark><name>SW5 SE5 4 pointer</name><styleUrl>#s_58_4</styleUrl><LineString><tessellate>1</tessellate><coordinates>-77.001878658,38.841776727,0 -77.000526673,38.841772189,0</coordinates></LineString></Placemark><Placemark><name>SW5 SE5 5</name><styleUrl>#s_58_5</styleUrl><ExtendedData><Data name="bin"><value>WE</value></Data><Data name="azimuth_deg"><value>90.2619</value></Data><Data name="dist_to_target_m"><value>0.000</value></Data></ExtendedData><Point><coordinates>-76.974839000,38.841683000,0</coordinates></Point></Placemark></Folder><Style id="s_58_0"><IconStyle><color>ff0c7ff2</color><scale>0.75</scale><Icon><href>http://maps.google.com/mapfiles/kml/shapes/star.png</href></Icon></IconStyle><LineStyle><color>ff0c7ff2</color><width>2.0</width></LineStyle><LabelStyle><scale>0.75</scale><color>9bffffff</color></LabelStyle></Style><Style id="s_58_1"><IconStyle><color>ff0b78e5</color><scale>0.75</scale><Icon><href>http://maps.google.com/mapfiles/kml/shapes/triangle.png</href></Icon></IconStyle><LineStyle><color>ff0b78e5</color><width>2.0</width></LineStyle><LabelStyle><scale>0.75</scale><color>9bffffff</color></LabelStyle></Style><Style id="s_58_2"><IconStyle><color>ff0b72d9</color><scale>0.75</scale><Icon><href>http://maps.google.com/mapfiles/kml/shapes/cross-hairs.png</href></Icon></IconStyle><LineStyle><color>ff0b72d9</color><width>2.0</width></LineStyle><LabelStyle><scale>0.75</scale><color>9bffffff</color></LabelStyle></Style><Style id="s_58_3"><IconStyle><color>ff0a6bcc</color><scale>0.75</scale><Icon><href>http://maps.google.com/mapfiles/kml/shapes/target.png</href></Icon></IconStyle><LineStyle><color>ff0a6bcc</color><width>2.0</width></LineStyle><LabelStyle><scale>0.75</scale><color>9bffffff</color></LabelStyle></Style><Style id="s_58_4"><IconStyle><color>ff0a64bf</color><scale>0.75</scale><Icon><href>http://maps.google.com/mapfiles/kml/shapes/open-diamond.png</href></Icon></IconStyle><LineStyle><color>ff0a64bf</color><width>2.0</width></LineStyle><LabelStyle><scale>0.75</scale><color>9bffffff</color></LabelStyle></Style><Style id="s_58_5"><IconStyle><color>ff095eb2</color><scale>0.75</scale><Icon><href>http://maps.google.com/mapfiles/kml/shapes/shaded_dot.png</href></Icon></IconStyle><LineStyle><color>ff095eb2</color><width>2.0</width></LineStyle><LabelStyle><scale>0.75</scale><color>9bffffff</color></LabelStyle></Style><Folder><name>SE5→SW5</name><Placemark><name>SE5 SW5 0</name><styleUrl>#s_59_0</styleUrl><ExtendedData><Data name="bin"><value>EW</value></Data><Data name="azimuth_deg"><value>-89.7376</value></Data><Data name="dist_to_target_m"><value>11451.581</value></Data></ExtendedData><Point><coordinates>-76.974839000,38.841683000,0</coordinates></Point></Placemark><Placemark><name>SE5 SW5 0 pointer</name><styleUrl>#s_59_0</styleUrl><LineString><tessellate>1</tessellate><coordinates>-76.974839000,38.841683000,0 -76.978294424,38.841695326,0</coordinates></LineString></Placemark><Placemark><name>SE5 SW5 1</name><styleUrl>#s_59_1</styleUrl><ExtendedData><Data name="bin"><value>EW</value></Data><Data name="azimuth_deg"><value>-89.7540</value></Data><Data name="dist_to_target_m"><value>9175.581</value></Data></ExtendedData><Point><coordinates>-77.001054183,38.841773961,0</coordinates></Point></Placemark><Placemark><name>SE5 SW5 1 pointer</name><styleUrl>#s_59_1</styleUrl><LineString><tessellate>1</tessellate><coordinates>-77.001054183,38.841773961,0 -77.004509616,38.841785512,0</coordinates></LineString></Placemark><Placemark><name>SE5 SW5 2</name><styleUrl>#s_59_2</styleUrl><ExtendedData><Data name="bin"><value>EW</value></Data><Data name="azimuth_deg"><value>-89.7705</value></Data><Data name="dist_to_target_m"><value>6899.581</value></Data></ExtendedData><Point><coordinates>-77.027269431,38.841859040,0</coordinates></Point></Placemark><Placemark><name>SE5 SW5 2 pointer</name><styleUrl>#s_59_2</styleUrl><LineString><tessellate>1</tessellate><coordinates>-77.027269431,38.841859040,0 -77.030724872,38.841869815,0</coordinates></LineString></Placemark><Placemark><name>SE5 SW5 3</name><styleUrl>#s_59_3</styleUrl><ExtendedData><Data name="bin"><value>EW</value></Data><Data name="azimuth_deg"><value>-89.7869</value></Data><Data name="dist_to_target_m"><value>4623.581</value></Data></ExtendedData><Point><coordinates>-77.053484739,38.841938235,0</coordinates></Point></Placemark><Placemark><name>SE5 SW5 3 pointer</name><styleUrl>#s_59_3</styleUrl><LineString><tessellate>1</tessellate><coordinates>-77.053484739,38.841938235,0 -77.056147496,38.841945950,0</coordinates></LineString></Placemark><Placemark><name>SE5 SW5 4</name><styleUrl>#s_59_4</styleUrl><ExtendedData><Data name="bin"><value>EW</value></Data><Data name="azimuth_deg"><value>-89.8033</value></Data><Data name="dist_to_target_m"><value>2347.581</value></Data></ExtendedData><Point><coordinates>-77.079700102,38.842011546,0</coordinates></Point></Placemark><Placemark><name>SE5 SW5 4 pointer</name><styleUrl>#s_59_4</styleUrl><LineString><tessellate>1</tessellate><coordinates>-77.079700102,38.842011546,0 -77.081052096,38.842015168,0</coordinates></LineString></Placemark><Placemark><name>SE5 SW5 5</name><styleUrl>#s_59_5</styleUrl><ExtendedData><Data name="bin"><value>EW</value></Data><Data name="azimuth_deg"><value>-89.8198</value></Data><Data name="dist_to_target_m"><value>0.000</value></Data></ExtendedData><Point><coordinates>-77.106740000,38.842081000,0</coordinates></Point></Placemark></Folder><Style id="s_59_0"><IconStyle><color>ff0cf27f</color><scale>0.75</scale><Icon><href>http://maps.google.com/mapfiles/kml/shapes/star.png</href></Icon></IconStyle><LineStyle><color>ff0cf27f</color><width>2.0</width></LineStyle><LabelStyle><scale>0.75</scale><color>9bffffff</color></LabelStyle></Style><Style id="s_59_1"><IconStyle><color>ff0be578</color><scale>0.75</scale><Icon><href>http://maps.google.com/mapfiles/kml/shapes/triangle.png</href></Icon></IconStyle><LineStyle><color>ff0be578</color><width>2.0</width></LineStyle><LabelStyle><scale>0.75</scale><color>9bffffff</color></LabelStyle></Style><Style id="s_59_2"><IconStyle><color>ff0bd972</color><scale>0.75</scale><Icon><href>http://maps.google.com/mapfiles/kml/shapes/cross-hairs.png</href></Icon></IconStyle><LineStyle><color>ff0bd972</color><width>2.0</width></LineStyle><LabelStyle><scale>0.75</scale><color>9bffffff</color></LabelStyle></Style><Style id="s_59_3"><IconStyle><color>ff0acc6b</color><scale>0.75</scale><Icon><href>http://maps.google.com/mapfiles/kml/shapes/target.png</href></Icon></IconStyle><LineStyle><color>ff0acc6b</color><width>2.0</width></LineStyle><LabelStyle><scale>0.75</scale><color>9bffffff</color></LabelStyle></Style><Style id="s_59_4"><IconStyle><color>ff0abf64</color><scale>0.75</scale><Icon><href>http://maps.google.com/mapfiles/kml/shapes/open-diamond.png</href></Icon></IconStyle><LineStyle><color>ff0abf64</color><width>2.0</width></LineStyle><LabelStyle><scale>0.75</scale><color>9bffffff</color></LabelStyle></Style><Style id="s_59_5"><IconStyle><color>ff09b25e</color><scale>0.75</scale><Icon><href>http://maps.google.com/mapfiles/kml/shapes/shaded_dot.png</href></Icon></IconStyle><LineStyle><color>ff09b25e</color><width>2.0</width></LineStyle><LabelStyle><scale>0.75</scale><color>9bffffff</color></LabelStyle></Style><Folder><name>SW7→SE3</name><Placemark><name>SW7 SE3 0</name><styleUrl>#s_60_0</styleUrl><ExtendedData><Data name="bin"><value>WE</value></Data><Data name="azimuth_deg"><value>90.0262</value></Data><Data name="dist_to_target_m"><value>15983.582</value></Data></ExtendedData><Point><coordinates>-77.132726000,38.862372000,0</coordinates></Point></Placemark><Placemark><name>SW7 SE3 0 pointer</name><styleUrl>#s_60_0</styleUrl><LineString><tessellate>1</tessellate><coordinates>-77.132726000,38.862372000,0 -77.129269539,38.862370713,0</coordinates></LineString></Placemark><Placemark><name>SW7 SE3 1</name><styleUrl>#s_60_1</styleUrl><ExtendedData><Data name="bin"><value>WE</value></Data><Data name="azimuth_deg"><value>90.0426</value></Data><Data name="dist_to_target_m"><value>13707.582</value></Data></ExtendedData><Point><coordinates>-77.106502987,38.862359684,0</coordinates></Point></Placemark><Placemark><name>SW7 SE3 1 pointer</name><styleUrl>#s_60_1</styleUrl><LineString><tessellate>1</tessellate><coordinates>-77.106502987,38.862359684,0 -77.103046528,38.862357621,0</coordinates></LineString></Placemark><Placemark><name>SW7 SE3 2</name><styleUrl>#s_60_2</styleUrl><ExtendedData><Data name="bin"><value>WE</value></Data><Data name="azimuth_deg"><value>90.0591</value></Data><Data name="dist_to_target_m"><value>11431.582</value></Data></ExtendedData><Point><coordinates>-77.080279986,38.862341480,0</coordinates></Point></Placemark><Placemark><name>SW7 SE3 2 pointer</name><styleUrl>#s_60_2</styleUrl><LineString><tessellate>1</tessellate><coordinates>-77.080279986,38.862341480,0 -77.076823528,38.862338642,0</coordinates></LineString></Placemark><Placemark><name>SW7 SE3 3</name><styleUrl>#s_60_3</styleUrl><ExtendedData><Data name="bin"><value>WE</value></Data><Data name="azimuth_deg"><value>90.0756</value></Data><Data name="dist_to_target_m"><value>9155.582</value></Data></ExtendedData><Point><coordinates>-77.054057000,38.862317389,0</coordinates></Point></Placemark><Placemark><name>SW7 SE3 3 pointer</name><styleUrl>#s_60_3</styleUrl><LineString><tessellate>1</tessellate><coordinates>-77.054057000,38.862317389,0 -77.050600545,38.862313774,0</coordinates></LineString></Placemark><Placemark><name>SW7 SE3 4</name><styleUrl>#s_60_4</styleUrl><ExtendedData><Data name="bin"><value>WE</value></Data><Data name="azimuth_deg"><value>90.0920</value></Data><Data name="dist_to_target_m"><value>6879.582</value></Data></ExtendedData><Point><coordinates>-77.027834034,38.862287410,0</coordinates></Point></Placemark><Placemark><name>SW7 SE3 4 pointer</name><styleUrl>#s_60_4</styleUrl><LineString><tessellate>1</tessellate><coordinates>-77.027834034,38.862287410,0 -77.024377582,38.862283019,0</coordinates></LineString></Placemark><Placemark><name>SW7 SE3 5</name><styleUrl>#s_60_5</styleUrl><ExtendedData><Data name="bin"><value>WE</value></Data><Data name="azimuth_deg"><value>90.1085</value></Data><Data name="dist_to_target_m"><value>4603.582</value></Data></ExtendedData><Point><coordinates>-77.001611092,38.862251544,0</coordinates></Point></Placemark><Placemark><name>SW7 SE3 5 pointer</name><styleUrl>#s_60_5</styleUrl><LineString><tessellate>1</tessellate><coordinates>-77.001611092,38.862251544,0 -76.998959085,38.862247588,0</coordinates></LineString></Placemark><Placemark><name>SW7 SE3 6</name><styleUrl>#s_60_6</styleUrl><ExtendedData><Data name="bin"><value>WE</value></Data><Data name="azimuth_deg"><value>90.1249</value></Data><Data name="dist_to_target_m"><value>2327.582</value></Data></ExtendedData><Point><coordinates>-76.975388179,38.862209790,0</coordinates></Point></Placemark><Placemark><name>SW7 SE3 6 pointer</name><styleUrl>#s_60_6</styleUrl><LineString><tessellate>1</tessellate><coordinates>-76.975388179,38.862209790,0 -76.974047319,38.862207496,0</coordinates></LineString></Placemark><Placemark><name>SW7 SE3 7</name><styleUrl>#s_60_7</styleUrl><ExtendedData><Data name="bin"><value>WE</value></Data><Data name="azimuth_deg"><value>90.1414</value></Data><Data name="dist_to_target_m"><value>0.000</value></Data></ExtendedData><Point><coordinates>-76.948571000,38.862161000,0</coordinates></Point></Placemark></Folder><Style id="s_60_0"><IconStyle><color>ff0c7ff2</color><scale>0.75</scale><Icon><href>http://maps.google.com/mapfiles/kml/shapes/star.png</href></Icon></IconStyle><LineStyle><color>ff0c7ff2</color><width>2.0</width></LineStyle><LabelStyle><scale>0.75</scale><color>9bffffff</color></LabelStyle></Style><Style id="s_60_1"><IconStyle><color>ff0c7ae9</color><scale>0.75</scale><Icon><href>http://maps.google.com/mapfiles/kml/shapes/triangle.png</href></Icon></IconStyle><LineStyle><color>ff0c7ae9</color><width>2.0</width></LineStyle><LabelStyle><scale>0.75</scale><color>9bffffff</color></LabelStyle></Style><Style id="s_60_2"><IconStyle><color>ff0b76e0</color><scale>0.75</scale><Icon><href>http://maps.google.com/mapfiles/kml/shapes/cross-hairs.png</href></Icon></IconStyle><LineStyle><color>ff0b76e0</color><width>2.0</width></LineStyle><LabelStyle><scale>0.75</scale><color>9bffffff</color></LabelStyle></Style><Style id="s_60_3"><IconStyle><color>ff0b71d7</color><scale>0.75</scale><Icon><href>http://maps.google.com/mapfiles/kml/shapes/target.png</href></Icon></IconStyle><LineStyle><color>ff0b71d7</color><width>2.0</width></LineStyle><LabelStyle><scale>0.75</scale><color>9bffffff</color></LabelStyle></Style><Style id="s_60_4"><IconStyle><color>ff0a6cce</color><scale>0.75</scale><Icon><href>http://maps.google.com/mapfiles/kml/shapes/open-diamond.png</href></Icon></IconStyle><LineStyle><color>ff0a6cce</color><width>2.0</width></LineStyle><LabelStyle><scale>0.75</scale><color>9bffffff</color></LabelStyle></Style><Style id="s_60_5"><IconStyle><color>ff0a67c5</color><scale>0.75</scale><Icon><href>http://maps.google.com/mapfiles/kml/shapes/shaded_dot.png</href></Icon></IconStyle><LineStyle><color>ff0a67c5</color><width>2.0</width></LineStyle><LabelStyle><scale>0.75</scale><color>9bffffff</color></LabelStyle></Style><Style id="s_60_6"><IconStyle><color>ff0962bc</color><scale>0.75</scale><Icon><href>http://maps.google.com/mapfiles/kml/shapes/donut.png</href></Icon></IconStyle><LineStyle><color>ff0962bc</color><width>2.0</width></LineStyle><LabelStyle><scale>0.75</scale><color>9bffffff</color></LabelStyle></Style><Style id="s_60_7"><IconStyle><color>ff095eb2</color><scale>0.75</scale><Icon><href>http://maps.google.com/mapfiles/kml/shapes/square.png</href></Icon></IconStyle><LineStyle><color>ff095eb2</color><width>2.0</width></LineStyle><LabelStyle><scale>0.75</scale><color>9bffffff</color></LabelStyle></Style><Folder><name>SE3→SW7</name><Placemark><name>SE3 SW7 0</name><styleUrl>#s_61_0</styleUrl><ExtendedData><Data name="bin"><value>EW</value></Data><Data name="azimuth_deg"><value>-89.8583</value></Data><Data name="dist_to_target_m"><value>15983.582</value></Data></ExtendedData><Point><coordinates>-76.948571000,38.862161000,0</coordinates></Point></Placemark><Placemark><name>SE3 SW7 0 pointer</name><styleUrl>#s_61_0</styleUrl><LineString><tessellate>1</tessellate><coordinates>-76.948571000,38.862161000,0 -76.952027441,38.862167634,0</coordinates></LineString></Placemark><Placemark><name>SE3 SW7 1</name><styleUrl>#s_61_1</styleUrl><ExtendedData><Data name="bin"><value>EW</value></Data><Data name="azimuth_deg"><value>-89.8747</value></Data><Data name="dist_to_target_m"><value>13707.582</value></Data></ExtendedData><Point><coordinates>-76.974793880,38.862208775,0</coordinates></Point></Placemark><Placemark><name>SE3 SW7 1 pointer</name><styleUrl>#s_61_1</styleUrl><LineString><tessellate>1</tessellate><coordinates>-76.974793880,38.862208775,0 -76.978250325,38.862214633,0</coordinates></LineString></Placemark><Placemark><name>SE3 SW7 2</name><styleUrl>#s_61_2</styleUrl><ExtendedData><Data name="bin"><value>EW</value></Data><Data name="azimuth_deg"><value>-89.8912</value></Data><Data name="dist_to_target_m"><value>11431.582</value></Data></ExtendedData><Point><coordinates>-77.001016792,38.862250662,0</coordinates></Point></Placemark><Placemark><name>SE3 SW7 2 pointer</name><styleUrl>#s_61_2</styleUrl><LineString><tessellate>1</tessellate><coordinates>-77.001016792,38.862250662,0 -77.004473242,38.862255745,0</coordinates></LineString></Placemark><Placemark><name>SE3 SW7 3</name><styleUrl>#s_61_3</styleUrl><ExtendedData><Data name="bin"><value>EW</value></Data><Data name="azimuth_deg"><value>-89.9076</value></Data><Data name="dist_to_target_m"><value>9155.582</value></Data></ExtendedData><Point><coordinates>-77.027239733,38.862286662,0</coordinates></Point></Placemark><Placemark><name>SE3 SW7 3 pointer</name><styleUrl>#s_61_3</styleUrl><LineString><tessellate>1</tessellate><coordinates>-77.027239733,38.862286662,0 -77.030696186,38.862290968,0</coordinates></LineString></Placemark><Placemark><name>SE3 SW7 4</name><styleUrl>#s_61_4</styleUrl><ExtendedData><Data name="bin"><value>EW</value></Data><Data name="azimuth_deg"><value>-89.9241</value></Data><Data name="dist_to_target_m"><value>6879.582</value></Data></ExtendedData><Point><coordinates>-77.053462699,38.862316775,0</coordinates></Point></Placemark><Placemark><name>SE3 SW7 4 pointer</name><styleUrl>#s_61_4</styleUrl><LineString><tessellate>1</tessellate><coordinates>-77.053462699,38.862316775,0 -77.056919155,38.862320305,0</coordinates></LineString></Placemark><Placemark><name>SE3 SW7 5</name><styleUrl>#s_61_5</styleUrl><ExtendedData><Data name="bin"><value>EW</value></Data><Data name="azimuth_deg"><value>-89.9405</value></Data><Data name="dist_to_target_m"><value>4603.582</value></Data></ExtendedData><Point><coordinates>-77.079685684,38.862340999,0</coordinates></Point></Placemark><Placemark><name>SE3 SW7 5 pointer</name><styleUrl>#s_61_5</styleUrl><LineString><tessellate>1</tessellate><coordinates>-77.079685684,38.862340999,0 -77.082337699,38.862343122,0</coordinates></LineString></Placemark><Placemark><name>SE3 SW7 6</name><styleUrl>#s_61_6</styleUrl><ExtendedData><Data name="bin"><value>EW</value></Data><Data name="azimuth_deg"><value>-89.9570</value></Data><Data name="dist_to_target_m"><value>2327.582</value></Data></ExtendedData><Point><coordinates>-77.105908685,38.862359337,0</coordinates></Point></Placemark><Placemark><name>SE3 SW7 6 pointer</name><styleUrl>#s_61_6</styleUrl><LineString><tessellate>1</tessellate><coordinates>-77.105908685,38.862359337,0 -77.107249551,38.862360116,0</coordinates></LineString></Placemark><Placemark><name>SE3 SW7 7</name><styleUrl>#s_61_7</styleUrl><ExtendedData><Data name="bin"><value>EW</value></Data><Data name="azimuth_deg"><value>-89.9734</value></Data><Data name="dist_to_target_m"><value>0.000</value></Data></ExtendedData><Point><coordinates>-77.132726000,38.862372000,0</coordinates></Point></Placemark></Folder><Style id="s_61_0"><IconStyle><color>ff0cf27f</color><scale>0.75</scale><Icon><href>http://maps.google.com/mapfiles/kml/shapes/star.png</href></Icon></IconStyle><LineStyle><color>ff0cf27f</color><width>2.0</width></LineStyle><LabelStyle><scale>0.75</scale><color>9bffffff</color></LabelStyle></Style><Style id="s_61_1"><IconStyle><color>ff0ce97a</color><scale>0.75</scale><Icon><href>http://maps.google.com/mapfiles/kml/shapes/triangle.png</href></Icon></IconStyle><LineStyle><color>ff0ce97a</color><width>2.0</width></LineStyle><LabelStyle><scale>0.75</scale><color>9bffffff</color></LabelStyle></Style><Style id="s_61_2"><IconStyle><color>ff0be076</color><scale>0.75</scale><Icon><href>http://maps.google.com/mapfiles/kml/shapes/cross-hairs.png</href></Icon></IconStyle><LineStyle><color>ff0be076</color><width>2.0</width></LineStyle><LabelStyle><scale>0.75</scale><color>9bffffff</color></LabelStyle></Style><Style id="s_61_3"><IconStyle><color>ff0bd771</color><scale>0.75</scale><Icon><href>http://maps.google.com/mapfiles/kml/shapes/target.png</href></Icon></IconStyle><LineStyle><color>ff0bd771</color><width>2.0</width></LineStyle><LabelStyle><scale>0.75</scale><color>9bffffff</color></LabelStyle></Style><Style id="s_61_4"><IconStyle><color>ff0ace6c</color><scale>0.75</scale><Icon><href>http://maps.google.com/mapfiles/kml/shapes/open-diamond.png</href></Icon></IconStyle><LineStyle><color>ff0ace6c</color><width>2.0</width></LineStyle><LabelStyle><scale>0.75</scale><color>9bffffff</color></LabelStyle></Style><Style id="s_61_5"><IconStyle><color>ff0ac567</color><scale>0.75</scale><Icon><href>http://maps.google.com/mapfiles/kml/shapes/shaded_dot.png</href></Icon></IconStyle><LineStyle><color>ff0ac567</color><width>2.0</width></LineStyle><LabelStyle><scale>0.75</scale><color>9bffffff</color></LabelStyle></Style><Style id="s_61_6"><IconStyle><color>ff09bc62</color><scale>0.75</scale><Icon><href>http://maps.google.com/mapfiles/kml/shapes/donut.png</href></Icon></IconStyle><LineStyle><color>ff09bc62</color><width>2.0</width></LineStyle><LabelStyle><scale>0.75</scale><color>9bffffff</color></LabelStyle></Style><Style id="s_61_7"><IconStyle><color>ff09b25e</color><scale>0.75</scale><Icon><href>http://maps.google.com/mapfiles/kml/shapes/square.png</href></Icon></IconStyle><LineStyle><color>ff09b25e</color><width>2.0</width></LineStyle><LabelStyle><scale>0.75</scale><color>9bffffff</color></LabelStyle></Style><Folder><name>SW9→SE1</name><Placemark><name>SW9 SE1 0</name><styleUrl>#s_62_0</styleUrl><ExtendedData><Data name="bin"><value>WE</value></Data><Data name="azimuth_deg"><value>90.0195</value></Data><Data name="dist_to_target_m"><value>20546.694</value></Data></ExtendedData><Point><coordinates>-77.159090000,38.882943000,0</coordinates></Point></Placemark><Placemark><name>SW9 SE1 0 pointer</name><styleUrl>#s_62_0</styleUrl><LineString><tessellate>1</tessellate><coordinates>-77.159090000,38.882943000,0 -77.155632543,38.882942030,0</coordinates></LineString></Placemark><Placemark><name>SW9 SE1 1</name><styleUrl>#s_62_1</styleUrl><ExtendedData><Data name="bin"><value>WE</value></Data><Data name="azimuth_deg"><value>90.0359</value></Data><Data name="dist_to_target_m"><value>18270.694</value></Data></ExtendedData><Point><coordinates>-77.132859426,38.882933085,0</coordinates></Point></Placemark><Placemark><name>SW9 SE1 1 pointer</name><styleUrl>#s_62_1</styleUrl><LineString><tessellate>1</tessellate><coordinates>-77.132859426,38.882933085,0 -77.129401969,38.882931338,0</coordinates></LineString></Placemark><Placemark><name>SW9 SE1 2</name><styleUrl>#s_62_2</styleUrl><ExtendedData><Data name="bin"><value>WE</value></Data><Data name="azimuth_deg"><value>90.0524</value></Data><Data name="dist_to_target_m"><value>15994.694</value></Data></ExtendedData><Point><coordinates>-77.106628861,38.882917278,0</coordinates></Point></Placemark><Placemark><name>SW9 SE1 2 pointer</name><styleUrl>#s_62_2</styleUrl><LineString><tessellate>1</tessellate><coordinates>-77.106628861,38.882917278,0 -77.103171406,38.882914755,0</coordinates></LineString></Placemark><Placemark><name>SW9 SE1 3</name><styleUrl>#s_62_3</styleUrl><ExtendedData><Data name="bin"><value>WE</value></Data><Data name="azimuth_deg"><value>90.0689</value></Data><Data name="dist_to_target_m"><value>13718.694</value></Data></ExtendedData><Point><coordinates>-77.080398310,38.882895579,0</coordinates></Point></Placemark><Placemark><name>SW9 SE1 3 pointer</name><styleUrl>#s_62_3</styleUrl><LineString><tessellate>1</tessellate><coordinates>-77.080398310,38.882895579,0 -77.076940857,38.882892279,0</coordinates></LineString></Placemark><Placemark><name>SW9 SE1 4</name><styleUrl>#s_62_4</styleUrl><ExtendedData><Data name="bin"><value>WE</value></Data><Data name="azimuth_deg"><value>90.0853</value></Data><Data name="dist_to_target_m"><value>11442.694</value></Data></ExtendedData><Point><coordinates>-77.054167777,38.882867988,0</coordinates></Point></Placemark><Placemark><name>SW9 SE1 4 pointer</name><styleUrl>#s_62_4</styleUrl><LineString><tessellate>1</tessellate><coordinates>-77.054167777,38.882867988,0 -77.050710327,38.882863911,0</coordinates></LineString></Placemark><Placemark><name>SW9 SE1 5</name><styleUrl>#s_62_5</styleUrl><ExtendedData><Data name="bin"><value>WE</value></Data><Data name="azimuth_deg"><value>90.1018</value></Data><Data name="dist_to_target_m"><value>9166.694</value></Data></ExtendedData><Point><coordinates>-77.027937266,38.882834505,0</coordinates></Point></Placemark><Placemark><name>SW9 SE1 5 pointer</name><styleUrl>#s_62_5</styleUrl><LineString><tessellate>1</tessellate><coordinates>-77.027937266,38.882834505,0 -77.024479819,38.882829652,0</coordinates></LineString></Placemark><Placemark><name>SW9 SE1 6</name><styleUrl>#s_62_6</styleUrl><ExtendedData><Data name="bin"><value>WE</value></Data><Data name="azimuth_deg"><value>90.1183</value></Data><Data name="dist_to_target_m"><value>6890.694</value></Data></ExtendedData><Point><coordinates>-77.001706782,38.882795130,0</coordinates></Point></Placemark><Placemark><name>SW9 SE1 6 pointer</name><styleUrl>#s_62_6</styleUrl><LineString><tessellate>1</tessellate><coordinates>-77.001706782,38.882795130,0 -76.998249339,38.882789501,0</coordinates></LineString></Placemark><Placemark><name>SW9 SE1 7</name><styleUrl>#s_62_7</styleUrl><ExtendedData><Data name="bin"><value>WE</value></Data><Data name="azimuth_deg"><value>90.1347</value></Data><Data name="dist_to_target_m"><value>4614.694</value></Data></ExtendedData><Point><coordinates>-76.975476330,38.882749864,0</coordinates></Point></Placemark><Placemark><name>SW9 SE1 7 pointer</name><styleUrl>#s_62_7</styleUrl><LineString><tessellate>1</tessellate><coordinates>-76.975476330,38.882749864,0 -76.972817160,38.882744946,0</coordinates></LineString></Placemark><Placemark><name>SW9 SE1 8</name><styleUrl>#s_62_8</styleUrl><ExtendedData><Data name="bin"><value>WE</value></Data><Data name="azimuth_deg"><value>90.1512</value></Data><Data name="dist_to_target_m"><value>2338.694</value></Data></ExtendedData><Point><coordinates>-76.949245913,38.882698705,0</coordinates></Point></Placemark><Placemark><name>SW9 SE1 8 pointer</name><styleUrl>#s_62_8</styleUrl><LineString><tessellate>1</tessellate><coordinates>-76.949245913,38.882698705,0 -76.947898266,38.882695918,0</coordinates></LineString></Placemark><Placemark><name>SW9 SE1 9</name><styleUrl>#s_62_9</styleUrl><ExtendedData><Data name="bin"><value>WE</value></Data><Data name="azimuth_deg"><value>90.1677</value></Data><Data name="dist_to_target_m"><value>0.000</value></Data></ExtendedData><Point><coordinates>-76.922293000,38.882640000,0</coordinates></Point></Placemark></Folder><Style id="s_62_0"><IconStyle><color>ff0c7ff2</color><scale>0.75</scale><Icon><href>http://maps.google.com/mapfiles/kml/shapes/star.png</href></Icon></IconStyle><LineStyle><color>ff0c7ff2</color><width>2.0</width></LineStyle><LabelStyle><scale>0.75</scale><color>9bffffff</color></LabelStyle></Style><Style id="s_62_1"><IconStyle><color>ff0c7beb</color><scale>0.75</scale><Icon><href>http://maps.google.com/mapfiles/kml/shapes/triangle.png</href></Icon></IconStyle><LineStyle><color>ff0c7beb</color><width>2.0</width></LineStyle><LabelStyle><scale>0.75</scale><color>9bffffff</color></LabelStyle></Style><Style id="s_62_2"><IconStyle><color>ff0b78e4</color><scale>0.75</scale><Icon><href>http://maps.google.com/mapfiles/kml/shapes/cross-hairs.png</href></Icon></IconStyle><LineStyle><color>ff0b78e4</color><width>2.0</width></LineStyle><LabelStyle><scale>0.75</scale><color>9bffffff</color></LabelStyle></Style><Style id="s_62_3"><IconStyle><color>ff0b74dd</color><scale>0.75</scale><Icon><href>http://maps.google.com/mapfiles/kml/shapes/target.png</href></Icon></IconStyle><LineStyle><color>ff0b74dd</color><width>2.0</width></LineStyle><LabelStyle><scale>0.75</scale><color>9bffffff</color></LabelStyle></Style><Style id="s_62_4"><IconStyle><color>ff0b70d6</color><scale>0.75</scale><Icon><href>http://maps.google.com/mapfiles/kml/shapes/open-diamond.png</href></Icon></IconStyle><LineStyle><color>ff0b70d6</color><width>2.0</width></LineStyle><LabelStyle><scale>0.75</scale><color>9bffffff</color></LabelStyle></Style><Style id="s_62_5"><IconStyle><color>ff0a6dcf</color><scale>0.75</scale><Icon><href>http://maps.google.com/mapfiles/kml/shapes/shaded_dot.png</href></Icon></IconStyle><LineStyle><color>ff0a6dcf</color><width>2.0</width></LineStyle><LabelStyle><scale>0.75</scale><color>9bffffff</color></LabelStyle></Style><Style id="s_62_6"><IconStyle><color>ff0a69c8</color><scale>0.75</scale><Icon><href>http://maps.google.com/mapfiles/kml/shapes/donut.png</href></Icon></IconStyle><LineStyle><color>ff0a69c8</color><width>2.0</width></LineStyle><LabelStyle><scale>0.75</scale><color>9bffffff</color></LabelStyle></Style><Style id="s_62_7"><IconStyle><color>ff0a65c1</color><scale>0.75</scale><Icon><href>http://maps.google.com/mapfiles/kml/shapes/square.png</href></Icon></IconStyle><LineStyle><color>ff0a65c1</color><width>2.0</width></LineStyle><LabelStyle><scale>0.75</scale><color>9bffffff</color></LabelStyle></Style><Style id="s_62_8"><IconStyle><color>ff0961ba</color><scale>0.75</scale><Icon><href>http://maps.google.com/mapfiles/kml/shapes/placemark_circle.png</href></Icon></IconStyle><LineStyle><color>ff0961ba</color><width>2.0</width></LineStyle><LabelStyle><scale>0.75</scale><color>9bffffff</color></LabelStyle></Style><Style id="s_62_9"><IconStyle><color>ff095eb2</color><scale>0.75</scale><Icon><href>http://maps.google.com/mapfiles/kml/shapes/placemark_square.png</href></Icon></IconStyle><LineStyle><color>ff095eb2</color><width>2.0</width></LineStyle><LabelStyle><scale>0.75</scale><color>9bffffff</color></LabelStyle></Style><Folder><name>SE1→SW9</name><Placemark><name>SE1 SW9 0</name><styleUrl>#s_63_0</styleUrl><ExtendedData><Data name="bin"><value>EW</value></Data><Data name="azimuth_deg"><value>-89.8319</value></Data><Data name="dist_to_target_m"><value>20546.694</value></Data></ExtendedData><Point><coordinates>-76.922293000,38.882640000,0</coordinates></Point></Placemark><Placemark><name>SE1 SW9 0 pointer</name><styleUrl>#s_63_0</styleUrl><LineString><tessellate>1</tessellate><coordinates>-76.922293000,38.882640000,0 -76.925750429,38.882647878,0</coordinates></LineString></Placemark><Placemark><name>SE1 SW9 1</name><styleUrl>#s_63_1</styleUrl><ExtendedData><Data name="bin"><value>EW</value></Data><Data name="azimuth_deg"><value>-89.8483</value></Data><Data name="dist_to_target_m"><value>18270.694</value></Data></ExtendedData><Point><coordinates>-76.948523376,38.882697213,0</coordinates></Point></Placemark><Placemark><name>SE1 SW9 1 pointer</name><styleUrl>#s_63_1</styleUrl><LineString><tessellate>1</tessellate><coordinates>-76.948523376,38.882697213,0 -76.951980810,38.882704314,0</coordinates></LineString></Placemark><Placemark><name>SE1 SW9 2</name><styleUrl>#s_63_2</styleUrl><ExtendedData><Data name="bin"><value>EW</value></Data><Data name="azimuth_deg"><value>-89.8648</value></Data><Data name="dist_to_target_m"><value>15994.694</value></Data></ExtendedData><Point><coordinates>-76.974753792,38.882748533,0</coordinates></Point></Placemark><Placemark><name>SE1 SW9 2 pointer</name><styleUrl>#s_63_2</styleUrl><LineString><tessellate>1</tessellate><coordinates>-76.974753792,38.882748533,0 -76.978211231,38.882754858,0</coordinates></LineString></Placemark><Placemark><name>SE1 SW9 3</name><styleUrl>#s_63_3</styleUrl><ExtendedData><Data name="bin"><value>EW</value></Data><Data name="azimuth_deg"><value>-89.8813</value></Data><Data name="dist_to_target_m"><value>13718.694</value></Data></ExtendedData><Point><coordinates>-77.000984244,38.882793962,0</coordinates></Point></Placemark><Placemark><name>SE1 SW9 3 pointer</name><styleUrl>#s_63_3</styleUrl><LineString><tessellate>1</tessellate><coordinates>-77.000984244,38.882793962,0 -77.004441687,38.882799511,0</coordinates></LineString></Placemark><Placemark><name>SE1 SW9 4</name><styleUrl>#s_63_4</styleUrl><ExtendedData><Data name="bin"><value>EW</value></Data><Data name="azimuth_deg"><value>-89.8977</value></Data><Data name="dist_to_target_m"><value>11442.694</value></Data></ExtendedData><Point><coordinates>-77.027214727,38.882833499,0</coordinates></Point></Placemark><Placemark><name>SE1 SW9 4 pointer</name><styleUrl>#s_63_4</styleUrl><LineString><tessellate>1</tessellate><coordinates>-77.027214727,38.882833499,0 -77.030672174,38.882838271,0</coordinates></LineString></Placemark><Placemark><name>SE1 SW9 5</name><styleUrl>#s_63_5</styleUrl><ExtendedData><Data name="bin"><value>EW</value></Data><Data name="azimuth_deg"><value>-89.9142</value></Data><Data name="dist_to_target_m"><value>9166.694</value></Data></ExtendedData><Point><coordinates>-77.053445237,38.882867144,0</coordinates></Point></Placemark><Placemark><name>SE1 SW9 5 pointer</name><styleUrl>#s_63_5</styleUrl><LineString><tessellate>1</tessellate><coordinates>-77.053445237,38.882867144,0 -77.056902687,38.882871140,0</coordinates></LineString></Placemark><Placemark><name>SE1 SW9 6</name><styleUrl>#s_63_6</styleUrl><ExtendedData><Data name="bin"><value>EW</value></Data><Data name="azimuth_deg"><value>-89.9307</value></Data><Data name="dist_to_target_m"><value>6890.694</value></Data></ExtendedData><Point><coordinates>-77.079675769,38.882894897,0</coordinates></Point></Placemark><Placemark><name>SE1 SW9 6 pointer</name><styleUrl>#s_63_6</styleUrl><LineString><tessellate>1</tessellate><coordinates>-77.079675769,38.882894897,0 -77.083133222,38.882898116,0</coordinates></LineString></Placemark><Placemark><name>SE1 SW9 7</name><styleUrl>#s_63_7</styleUrl><ExtendedData><Data name="bin"><value>EW</value></Data><Data name="azimuth_deg"><value>-89.9471</value></Data><Data name="dist_to_target_m"><value>4614.694</value></Data></ExtendedData><Point><coordinates>-77.105906320,38.882916759,0</coordinates></Point></Placemark><Placemark><name>SE1 SW9 7 pointer</name><styleUrl>#s_63_7</styleUrl><LineString><tessellate>1</tessellate><coordinates>-77.105906320,38.882916759,0 -77.108565503,38.882918646,0</coordinates></LineString></Placemark><Placemark><name>SE1 SW9 8</name><styleUrl>#s_63_8</styleUrl><ExtendedData><Data name="bin"><value>EW</value></Data><Data name="azimuth_deg"><value>-89.9636</value></Data><Data name="dist_to_target_m"><value>2338.694</value></Data></ExtendedData><Point><coordinates>-77.132136885,38.882932728,0</coordinates></Point></Placemark><Placemark><name>SE1 SW9 8 pointer</name><styleUrl>#s_63_8</styleUrl><LineString><tessellate>1</tessellate><coordinates>-77.132136885,38.882932728,0 -77.133484540,38.882933390,0</coordinates></LineString></Placemark><Placemark><name>SE1 SW9 9</name><styleUrl>#s_63_9</styleUrl><ExtendedData><Data name="bin"><value>EW</value></Data><Data name="azimuth_deg"><value>-89.9801</value></Data><Data name="dist_to_target_m"><value>0.000</value></Data></ExtendedData><Point><coordinates>-77.159090000,38.882943000,0</coordinates></Point></Placemark></Folder><Style id="s_63_0"><IconStyle><color>ff0cf27f</color><scale>0.75</scale><Icon><href>http://maps.google.com/mapfiles/kml/shapes/star.png</href></Icon></IconStyle><LineStyle><color>ff0cf27f</color><width>2.0</width></LineStyle><LabelStyle><scale>0.75</scale><color>9bffffff</color></LabelStyle></Style><Style id="s_63_1"><IconStyle><color>ff0ceb7b</color><scale>0.75</scale><Icon><href>http://maps.google.com/mapfiles/kml/shapes/triangle.png</href></Icon></IconStyle><LineStyle><color>ff0ceb7b</color><width>2.0</width></LineStyle><LabelStyle><scale>0.75</scale><color>9bffffff</color></LabelStyle></Style><Style id="s_63_2"><IconStyle><color>ff0be478</color><scale>0.75</scale><Icon><href>http://maps.google.com/mapfiles/kml/shapes/cross-hairs.png</href></Icon></IconStyle><LineStyle><color>ff0be478</color><width>2.0</width></LineStyle><LabelStyle><scale>0.75</scale><color>9bffffff</color></LabelStyle></Style><Style id="s_63_3"><IconStyle><color>ff0bdd74</color><scale>0.75</scale><Icon><href>http://maps.google.com/mapfiles/kml/shapes/target.png</href></Icon></IconStyle><LineStyle><color>ff0bdd74</color><width>2.0</width></LineStyle><LabelStyle><scale>0.75</scale><color>9bffffff</color></LabelStyle></Style><Style id="s_63_4"><IconStyle><color>ff0bd670</color><scale>0.75</scale><Icon><href>http://maps.google.com/mapfiles/kml/shapes/open-diamond.png</href></Icon></IconStyle><LineStyle><color>ff0bd670</color><width>2.0</width></LineStyle><LabelStyle><scale>0.75</scale><color>9bffffff</color></LabelStyle></Style><Style id="s_63_5"><IconStyle><color>ff0acf6d</color><scale>0.75</scale><Icon><href>http://maps.google.com/mapfiles/kml/shapes/shaded_dot.png</href></Icon></IconStyle><LineStyle><color>ff0acf6d</color><width>2.0</width></LineStyle><LabelStyle><scale>0.75</scale><color>9bffffff</color></LabelStyle></Style><Style id="s_63_6"><IconStyle><color>ff0ac869</color><scale>0.75</scale><Icon><href>http://maps.google.com/mapfiles/kml/shapes/donut.png</href></Icon></IconStyle><LineStyle><color>ff0ac869</color><width>2.0</width></LineStyle><LabelStyle><scale>0.75</scale><color>9bffffff</color></LabelStyle></Style><Style id="s_63_7"><IconStyle><color>ff0ac165</color><scale>0.75</scale><Icon><href>http://maps.google.com/mapfiles/kml/shapes/square.png</href></Icon></IconStyle><LineStyle><color>ff0ac165</color><width>2.0</width></LineStyle><LabelStyle><scale>0.75</scale><color>9bffffff</color></LabelStyle></Style><Style id="s_63_8"><IconStyle><color>ff09ba61</color><scale>0.75</scale><Icon><href>http://maps.google.com/mapfiles/kml/shapes/placemark_circle.png</href></Icon></IconStyle><LineStyle><color>ff09ba61</color><width>2.0</width></LineStyle><LabelStyle><scale>0.75</scale><color>9bffffff</color></LabelStyle></Style><Style id="s_63_9"><IconStyle><color>ff09b25e</color><scale>0.75</scale><Icon><href>http://maps.google.com/mapfiles/kml/shapes/placemark_square.png</href></Icon></IconStyle><LineStyle><color>ff09b25e</color><width>2.0</width></LineStyle><LabelStyle><scale>0.75</scale><color>9bffffff</color></LabelStyle></Style><Folder><name>SW2→SE8</name><Placemark><name>SW2 SE8 0</name><styleUrl>#s_64_0</styleUrl><ExtendedData><Data name="bin"><value>WE</value></Data><Data name="azimuth_deg"><value>84.9613</value></Data><Data name="dist_to_target_m"><value>4219.116</value></Data></ExtendedData><Point><coordinates>-77.062638000,38.807592000,0</coordinates></Point></Placemark><Placemark><name>SW2 SE8 0 pointer</name><styleUrl>#s_64_0</styleUrl><LineString><tessellate>1</tessellate><coordinates>-77.062638000,38.807592000,0 -77.060218707,38.807758876,0</coordinates></LineString></Placemark><Placemark><name>SW2 SE8 1</name><styleUrl>#s_64_1</styleUrl><ExtendedData><Data name="bin"><value>WE</value></Data><Data name="azimuth_deg"><value>84.9777</value></Data><Data name="dist_to_target_m"><value>0.000</value></Data></ExtendedData><Point><coordinates>-77.014250000,38.810920000,0</coordinates></Point></Placemark></Folder><Style id="s_64_0"><IconStyle><color>ff0c7ff2</color><scale>0.75</scale><Icon><href>http://maps.google.com/mapfiles/kml/shapes/star.png</href></Icon></IconStyle><LineStyle><color>ff0c7ff2</color><width>2.0</width></LineStyle><LabelStyle><scale>0.75</scale><color>9bffffff</color></LabelStyle></Style><Style id="s_64_1"><IconStyle><color>ff095eb2</color><scale>0.75</scale><Icon><href>http://maps.google.com/mapfiles/kml/shapes/triangle.png</href></Icon></IconStyle><LineStyle><color>ff095eb2</color><width>2.0</width></LineStyle><LabelStyle><scale>0.75</scale><color>9bffffff</color></LabelStyle></Style><Folder><name>SE8→SW2</name><Placemark><name>SE8 SW2 0</name><styleUrl>#s_65_0</styleUrl><ExtendedData><Data name="bin"><value>EW</value></Data><Data name="azimuth_deg"><value>-95.0084</value></Data><Data name="dist_to_target_m"><value>4219.116</value></Data></ExtendedData><Point><coordinates>-77.014250000,38.810920000,0</coordinates></Point></Placemark><Placemark><name>SE8 SW2 0 pointer</name><styleUrl>#s_65_0</styleUrl><LineString><tessellate>1</tessellate><coordinates>-77.014250000,38.810920000,0 -77.016669507,38.810754076,0</coordinates></LineString></Placemark><Placemark><name>SE8 SW2 1</name><styleUrl>#s_65_1</styleUrl><ExtendedData><Data name="bin"><value>EW</value></Data><Data name="azimuth_deg"><value>-95.0247</value></Data><Data name="dist_to_target_m"><value>0.000</value></Data></ExtendedData><Point><coordinates>-77.062638000,38.807592000,0</coordinates></Point></Placemark></Folder><Style id="s_65_0"><IconStyle><color>ff0cf27f</color><scale>0.75</scale><Icon><href>http://maps.google.com/mapfiles/kml/shapes/star.png</href></Icon></IconStyle><LineStyle><color>ff0cf27f</color><width>2.0</width></LineStyle><LabelStyle><scale>0.75</scale><color>9bffffff</color></LabelStyle></Style><Style id="s_65_1"><IconStyle><color>ff09b25e</color><scale>0.75</scale><Icon><href>http://maps.google.com/mapfiles/kml/shapes/triangle.png</href></Icon></IconStyle><LineStyle><color>ff09b25e</color><width>2.0</width></LineStyle><LabelStyle><scale>0.75</scale><color>9bffffff</color></LabelStyle></Style><Folder><name>SW4→SE6</name><Placemark><name>SW4 SE6 0</name><styleUrl>#s_66_0</styleUrl><ExtendedData><Data name="bin"><value>WE</value></Data><Data name="azimuth_deg"><value>90.0408</value></Data><Data name="dist_to_target_m"><value>9135.897</value></Data></ExtendedData><Point><coordinates>-77.093187000,38.831543000,0</coordinates></Point></Placemark><Placemark><name>SW4 SE6 0 pointer</name><styleUrl>#s_66_0</styleUrl><LineString><tessellate>1</tessellate><coordinates>-77.093187000,38.831543000,0 -77.089732031,38.831541024,0</coordinates></LineString></Placemark><Placemark><name>SW4 SE6 1</name><styleUrl>#s_66_1</styleUrl><ExtendedData><Data name="bin"><value>WE</value></Data><Data name="azimuth_deg"><value>90.0572</value></Data><Data name="dist_to_target_m"><value>6859.897</value></Data></ExtendedData><Point><coordinates>-77.066975308,38.831525455,0</coordinates></Point></Placemark><Placemark><name>SW4 SE6 1 pointer</name><styleUrl>#s_66_1</styleUrl><LineString><tessellate>1</tessellate><coordinates>-77.066975308,38.831525455,0 -77.063520341,38.831522704,0</coordinates></LineString></Placemark><Placemark><name>SW4 SE6 2</name><styleUrl>#s_66_2</styleUrl><ExtendedData><Data name="bin"><value>WE</value></Data><Data name="azimuth_deg"><value>90.0737</value></Data><Data name="dist_to_target_m"><value>4583.897</value></Data></ExtendedData><Point><coordinates>-77.040763631,38.831502030,0</coordinates></Point></Placemark><Placemark><name>SW4 SE6 2 pointer</name><styleUrl>#s_66_2</styleUrl><LineString><tessellate>1</tessellate><coordinates>-77.040763631,38.831502030,0 -77.038124098,38.831499345,0</coordinates></LineString></Placemark><Placemark><name>SW4 SE6 3</name><styleUrl>#s_66_3</styleUrl><ExtendedData><Data name="bin"><value>WE</value></Data><Data name="azimuth_deg"><value>90.0901</value></Data><Data name="dist_to_target_m"><value>2307.897</value></Data></ExtendedData><Point><coordinates>-77.014551974,38.831472723,0</coordinates></Point></Placemark><Placemark><name>SW4 SE6 3 pointer</name><styleUrl>#s_66_3</styleUrl><LineString><tessellate>1</tessellate><coordinates>-77.014551974,38.831472723,0 -77.013223024,38.831471080,0</coordinates></LineString></Placemark><Placemark><name>SW4 SE6 4</name><styleUrl>#s_66_4</styleUrl><ExtendedData><Data name="bin"><value>WE</value></Data><Data name="azimuth_deg"><value>90.1066</value></Data><Data name="dist_to_target_m"><value>0.000</value></Data></ExtendedData><Point><coordinates>-76.987973000,38.831437000,0</coordinates></Point></Placemark></Folder><Style id="s_66_0"><IconStyle><color>ff0c7ff2</color><scale>0.75</scale><Icon><href>http://maps.google.com/mapfiles/kml/shapes/star.png</href></Icon></IconStyle><LineStyle><color>ff0c7ff2</color><width>2.0</width></LineStyle><LabelStyle><scale>0.75</scale><color>9bffffff</color></LabelStyle></Style><Style id="s_66_1"><IconStyle><color>ff0b77e2</color><scale>0.75</scale><Icon><href>http://maps.google.com/mapfiles/kml/shapes/triangle.png</href></Icon></IconStyle><LineStyle><color>ff0b77e2</color><width>2.0</width></LineStyle><LabelStyle><scale>0.75</scale><color>9bffffff</color></LabelStyle></Style><Style id="s_66_2"><IconStyle><color>ff0b6ed2</color><scale>0.75</scale><Icon><href>http://maps.google.com/mapfiles/kml/shapes/cross-hairs.png</href></Icon></IconStyle><LineStyle><color>ff0b6ed2</color><width>2.0</width></LineStyle><LabelStyle><scale>0.75</scale><color>9bffffff</color></LabelStyle></Style><Style id="s_66_3"><IconStyle><color>ff0a66c2</color><scale>0.75</scale><Icon><href>http://maps.google.com/mapfiles/kml/shapes/target.png</href></Icon></IconStyle><LineStyle><color>ff0a66c2</color><width>2.0</width></LineStyle><LabelStyle><scale>0.75</scale><color>9bffffff</color></LabelStyle></Style><Style id="s_66_4"><IconStyle><color>ff095eb2</color><scale>0.75</scale><Icon><href>http://maps.google.com/mapfiles/kml/shapes/open-diamond.png</href></Icon></IconStyle><LineStyle><color>ff095eb2</color><width>2.0</width></LineStyle><LabelStyle><scale>0.75</scale><color>9bffffff</color></LabelStyle></Style><Folder><name>SE6→SW4</name><Placemark><name>SE6 SW4 0</name><styleUrl>#s_67_0</styleUrl><ExtendedData><Data name="bin"><value>EW</value></Data><Data name="azimuth_deg"><value>-89.8932</value></Data><Data name="dist_to_target_m"><value>9135.897</value></Data></ExtendedData><Point><coordinates>-76.987973000,38.831437000,0</coordinates></Point></Placemark><Placemark><name>SE6 SW4 0 pointer</name><styleUrl>#s_67_0</styleUrl><LineString><tessellate>1</tessellate><coordinates>-76.987973000,38.831437000,0 -76.991427959,38.831441986,0</coordinates></LineString></Placemark><Placemark><name>SE6 SW4 1</name><styleUrl>#s_67_1</styleUrl><ExtendedData><Data name="bin"><value>EW</value></Data><Data name="azimuth_deg"><value>-89.9097</value></Data><Data name="dist_to_target_m"><value>6859.897</value></Data></ExtendedData><Point><coordinates>-77.014184634,38.831472270,0</coordinates></Point></Placemark><Placemark><name>SE6 SW4 1 pointer</name><styleUrl>#s_67_1</styleUrl><LineString><tessellate>1</tessellate><coordinates>-77.014184634,38.831472270,0 -77.017639596,38.831476481,0</coordinates></LineString></Placemark><Placemark><name>SE6 SW4 2</name><styleUrl>#s_67_2</styleUrl><ExtendedData><Data name="bin"><value>EW</value></Data><Data name="azimuth_deg"><value>-89.9261</value></Data><Data name="dist_to_target_m"><value>4583.897</value></Data></ExtendedData><Point><coordinates>-77.040396291,38.831501660,0</coordinates></Point></Placemark><Placemark><name>SE6 SW4 2 pointer</name><styleUrl>#s_67_2</styleUrl><LineString><tessellate>1</tessellate><coordinates>-77.040396291,38.831501660,0 -77.043035825,38.831504293,0</coordinates></LineString></Placemark><Placemark><name>SE6 SW4 3</name><styleUrl>#s_67_3</styleUrl><ExtendedData><Data name="bin"><value>EW</value></Data><Data name="azimuth_deg"><value>-89.9425</value></Data><Data name="dist_to_target_m"><value>2307.897</value></Data></ExtendedData><Point><coordinates>-77.066607967,38.831525168,0</coordinates></Point></Placemark><Placemark><name>SE6 SW4 3 pointer</name><styleUrl>#s_67_3</styleUrl><LineString><tessellate>1</tessellate><coordinates>-77.066607967,38.831525168,0 -77.067936919,38.831526203,0</coordinates></LineString></Placemark><Placemark><name>SE6 SW4 4</name><styleUrl>#s_67_4</styleUrl><ExtendedData><Data name="bin"><value>EW</value></Data><Data name="azimuth_deg"><value>-89.9590</value></Data><Data name="dist_to_target_m"><value>0.000</value></Data></ExtendedData><Point><coordinates>-77.093187000,38.831543000,0</coordinates></Point></Placemark></Folder><Style id="s_67_0"><IconStyle><color>ff0cf27f</color><scale>0.75</scale><Icon><href>http://maps.google.com/mapfiles/kml/shapes/star.png</href></Icon></IconStyle><LineStyle><color>ff0cf27f</color><width>2.0</width></LineStyle><LabelStyle><scale>0.75</scale><color>9bffffff</color></LabelStyle></Style><Style id="s_67_1"><IconStyle><color>ff0be277</color><scale>0.75</scale><Icon><href>http://maps.google.com/mapfiles/kml/shapes/triangle.png</href></Icon></IconStyle><LineStyle><color>ff0be277</color><width>2.0</width></LineStyle><LabelStyle><scale>0.75</scale><color>9bffffff</color></LabelStyle></Style><Style id="s_67_2"><IconStyle><color>ff0bd26e</color><scale>0.75</scale><Icon><href>http://maps.google.com/mapfiles/kml/shapes/cross-hairs.png</href></Icon></IconStyle><LineStyle><color>ff0bd26e</color><width>2.0</width></LineStyle><LabelStyle><scale>0.75</scale><color>9bffffff</color></LabelStyle></Style><Style id="s_67_3"><IconStyle><color>ff0ac266</color><scale>0.75</scale><Icon><href>http://maps.google.com/mapfiles/kml/shapes/target.png</href></Icon></IconStyle><LineStyle><color>ff0ac266</color><width>2.0</width></LineStyle><LabelStyle><scale>0.75</scale><color>9bffffff</color></LabelStyle></Style><Style id="s_67_4"><IconStyle><color>ff09b25e</color><scale>0.75</scale><Icon><href>http://maps.google.com/mapfiles/kml/shapes/open-diamond.png</href></Icon></IconStyle><LineStyle><color>ff09b25e</color><width>2.0</width></LineStyle><LabelStyle><scale>0.75</scale><color>9bffffff</color></LabelStyle></Style><Folder><name>SW6→SE4</name><Placemark><name>SW6 SE4 0</name><styleUrl>#s_68_0</styleUrl><ExtendedData><Data name="bin"><value>WE</value></Data><Data name="azimuth_deg"><value>89.9860</value></Data><Data name="dist_to_target_m"><value>13661.139</value></Data></ExtendedData><Point><coordinates>-77.119264000,38.851832000,0</coordinates></Point></Placemark><Placemark><name>SW6 SE4 0 pointer</name><styleUrl>#s_68_0</styleUrl><LineString><tessellate>1</tessellate><coordinates>-77.119264000,38.851832000,0 -77.115808049,38.851832608,0</coordinates></LineString></Placemark><Placemark><name>SW6 SE4 1</name><styleUrl>#s_68_1</styleUrl><ExtendedData><Data name="bin"><value>WE</value></Data><Data name="azimuth_deg"><value>90.0025</value></Data><Data name="dist_to_target_m"><value>11385.139</value></Data></ExtendedData><Point><coordinates>-77.093044851,38.851834058,0</coordinates></Point></Placemark><Placemark><name>SW6 SE4 1 pointer</name><styleUrl>#s_68_1</styleUrl><LineString><tessellate>1</tessellate><coordinates>-77.093044851,38.851834058,0 -77.089588899,38.851833891,0</coordinates></LineString></Placemark><Placemark><name>SW6 SE4 2</name><styleUrl>#s_68_2</styleUrl><ExtendedData><Data name="bin"><value>WE</value></Data><Data name="azimuth_deg"><value>90.0189</value></Data><Data name="dist_to_target_m"><value>9109.139</value></Data></ExtendedData><Point><coordinates>-77.066825702,38.851830231,0</coordinates></Point></Placemark><Placemark><name>SW6 SE4 2 pointer</name><styleUrl>#s_68_2</styleUrl><LineString><tessellate>1</tessellate><coordinates>-77.066825702,38.851830231,0 -77.063369751,38.851829288,0</coordinates></LineString></Placemark><Placemark><name>SW6 SE4 3</name><styleUrl>#s_68_3</styleUrl><ExtendedData><Data name="bin"><value>WE</value></Data><Data name="azimuth_deg"><value>90.0354</value></Data><Data name="dist_to_target_m"><value>6833.139</value></Data></ExtendedData><Point><coordinates>-77.040606558,38.851820519,0</coordinates></Point></Placemark><Placemark><name>SW6 SE4 3 pointer</name><styleUrl>#s_68_3</styleUrl><LineString><tessellate>1</tessellate><coordinates>-77.040606558,38.851820519,0 -77.037150608,38.851818799,0</coordinates></LineString></Placemark><Placemark><name>SW6 SE4 4</name><styleUrl>#s_68_4</styleUrl><ExtendedData><Data name="bin"><value>WE</value></Data><Data name="azimuth_deg"><value>90.0518</value></Data><Data name="dist_to_target_m"><value>4557.139</value></Data></ExtendedData><Point><coordinates>-77.014387423,38.851804921,0</coordinates></Point></Placemark><Placemark><name>SW6 SE4 4 pointer</name><styleUrl>#s_68_4</styleUrl><LineString><tessellate>1</tessellate><coordinates>-77.014387423,38.851804921,0 -77.011762551,38.851803035,0</coordinates></LineString></Placemark><Placemark><name>SW6 SE4 5</name><styleUrl>#s_68_5</styleUrl><ExtendedData><Data name="bin"><value>WE</value></Data><Data name="azimuth_deg"><value>90.0683</value></Data><Data name="dist_to_target_m"><value>2281.139</value></Data></ExtendedData><Point><coordinates>-76.988168302,38.851783437,0</coordinates></Point></Placemark><Placemark><name>SW6 SE4 5 pointer</name><styleUrl>#s_68_5</styleUrl><LineString><tessellate>1</tessellate><coordinates>-76.988168302,38.851783437,0 -76.986854387,38.851782206,0</coordinates></LineString></Placemark><Placemark><name>SW6 SE4 6</name><styleUrl>#s_68_6</styleUrl><ExtendedData><Data name="bin"><value>WE</value></Data><Data name="azimuth_deg"><value>90.0847</value></Data><Data name="dist_to_target_m"><value>0.000</value></Data></ExtendedData><Point><coordinates>-76.961890000,38.851756000,0</coordinates></Point></Placemark></Folder><Style id="s_68_0"><IconStyle><color>ff0c7ff2</color><scale>0.75</scale><Icon><href>http://maps.google.com/mapfiles/kml/shapes/star.png</href></Icon></IconStyle><LineStyle><color>ff0c7ff2</color><width>2.0</width></LineStyle><LabelStyle><scale>0.75</scale><color>9bffffff</color></LabelStyle></Style><Style id="s_68_1"><IconStyle><color>ff0c7ae8</color><scale>0.75</scale><Icon><href>http://maps.google.com/mapfiles/kml/shapes/triangle.png</href></Icon></IconStyle><LineStyle><color>ff0c7ae8</color><width>2.0</width></LineStyle><LabelStyle><scale>0.75</scale><color>9bffffff</color></LabelStyle></Style><Style id="s_68_2"><IconStyle><color>ff0b74dd</color><scale>0.75</scale><Icon><href>http://maps.google.com/mapfiles/kml/shapes/cross-hairs.png</href></Icon></IconStyle><LineStyle><color>ff0b74dd</color><width>2.0</width></LineStyle><LabelStyle><scale>0.75</scale><color>9bffffff</color></LabelStyle></Style><Style id="s_68_3"><IconStyle><color>ff0b6ed2</color><scale>0.75</scale><Icon><href>http://maps.google.com/mapfiles/kml/shapes/target.png</href></Icon></IconStyle><LineStyle><color>ff0b6ed2</color><width>2.0</width></LineStyle><LabelStyle><scale>0.75</scale><color>9bffffff</color></LabelStyle></Style><Style id="s_68_4"><IconStyle><color>ff0a69c8</color><scale>0.75</scale><Icon><href>http://maps.google.com/mapfiles/kml/shapes/open-diamond.png</href></Icon></IconStyle><LineStyle><color>ff0a69c8</color><width>2.0</width></LineStyle><LabelStyle><scale>0.75</scale><color>9bffffff</color></LabelStyle></Style><Style id="s_68_5"><IconStyle><color>ff0963bd</color><scale>0.75</scale><Icon><href>http://maps.google.com/mapfiles/kml/shapes/shaded_dot.png</href></Icon></IconStyle><LineStyle><color>ff0963bd</color><width>2.0</width></LineStyle><LabelStyle><scale>0.75</scale><color>9bffffff</color></LabelStyle></Style><Style id="s_68_6"><IconStyle><color>ff095eb2</color><scale>0.75</scale><Icon><href>http://maps.google.com/mapfiles/kml/shapes/donut.png</href></Icon></IconStyle><LineStyle><color>ff095eb2</color><width>2.0</width></LineStyle><LabelStyle><scale>0.75</scale><color>9bffffff</color></LabelStyle></Style><Folder><name>SE4→SW6</name><Placemark><name>SE4 SW6 0</name><styleUrl>#s_69_0</styleUrl><ExtendedData><Data name="bin"><value>EW</value></Data><Data name="azimuth_deg"><value>-89.9153</value></Data><Data name="dist_to_target_m"><value>13661.139</value></Data></ExtendedData><Point><coordinates>-76.961890000,38.851756000,0</coordinates></Point></Placemark><Placemark><name>SE4 SW6 0 pointer</name><styleUrl>#s_69_0</styleUrl><LineString><tessellate>1</tessellate><coordinates>-76.961890000,38.851756000,0 -76.965345944,38.851759946,0</coordinates></LineString></Placemark><Placemark><name>SE4 SW6 1</name><styleUrl>#s_69_1</styleUrl><ExtendedData><Data name="bin"><value>EW</value></Data><Data name="azimuth_deg"><value>-89.9317</value></Data><Data name="dist_to_target_m"><value>11385.139</value></Data></ExtendedData><Point><coordinates>-76.988109103,38.851783382,0</coordinates></Point></Placemark><Placemark><name>SE4 SW6 1 pointer</name><styleUrl>#s_69_1</styleUrl><LineString><tessellate>1</tessellate><coordinates>-76.988109103,38.851783382,0 -76.991565049,38.851786552,0</coordinates></LineString></Placemark><Placemark><name>SE4 SW6 2</name><styleUrl>#s_69_2</styleUrl><ExtendedData><Data name="bin"><value>EW</value></Data><Data name="azimuth_deg"><value>-89.9481</value></Data><Data name="dist_to_target_m"><value>9109.139</value></Data></ExtendedData><Point><coordinates>-77.014328224,38.851804879,0</coordinates></Point></Placemark><Placemark><name>SE4 SW6 2 pointer</name><styleUrl>#s_69_2</styleUrl><LineString><tessellate>1</tessellate><coordinates>-77.014328224,38.851804879,0 -77.017784172,38.851807273,0</coordinates></LineString></Placemark><Placemark><name>SE4 SW6 3</name><styleUrl>#s_69_3</styleUrl><ExtendedData><Data name="bin"><value>EW</value></Data><Data name="azimuth_deg"><value>-89.9646</value></Data><Data name="dist_to_target_m"><value>6833.139</value></Data></ExtendedData><Point><coordinates>-77.040547358,38.851820490,0</coordinates></Point></Placemark><Placemark><name>SE4 SW6 3 pointer</name><styleUrl>#s_69_3</styleUrl><LineString><tessellate>1</tessellate><coordinates>-77.040547358,38.851820490,0 -77.044003308,38.851822109,0</coordinates></LineString></Placemark><Placemark><name>SE4 SW6 4</name><styleUrl>#s_69_4</styleUrl><ExtendedData><Data name="bin"><value>EW</value></Data><Data name="azimuth_deg"><value>-89.9810</value></Data><Data name="dist_to_target_m"><value>4557.139</value></Data></ExtendedData><Point><coordinates>-77.066766502,38.851830216,0</coordinates></Point></Placemark><Placemark><name>SE4 SW6 4 pointer</name><styleUrl>#s_69_4</styleUrl><LineString><tessellate>1</tessellate><coordinates>-77.066766502,38.851830216,0 -77.069391377,38.851830865,0</coordinates></LineString></Placemark><Placemark><name>SE4 SW6 5</name><styleUrl>#s_69_5</styleUrl><ExtendedData><Data name="bin"><value>EW</value></Data><Data name="azimuth_deg"><value>-89.9975</value></Data><Data name="dist_to_target_m"><value>2281.139</value></Data></ExtendedData><Point><coordinates>-77.092985651,38.851834056,0</coordinates></Point></Placemark><Placemark><name>SE4 SW6 5 pointer</name><styleUrl>#s_69_5</styleUrl><LineString><tessellate>1</tessellate><coordinates>-77.092985651,38.851834056,0 -77.094299569,38.851834094,0</coordinates></LineString></Placemark><Placemark><name>SE4 SW6 6</name><styleUrl>#s_69_6</styleUrl><ExtendedData><Data name="bin"><value>EW</value></Data><Data name="azimuth_deg"><value>-90.0139</value></Data><Data name="dist_to_target_m"><value>0.000</value></Data></ExtendedData><Point><coordinates>-77.119264000,38.851832000,0</coordinates></Point></Placemark></Folder><Style id="s_69_0"><IconStyle><color>ff0cf27f</color><scale>0.75</scale><Icon><href>http://maps.google.com/mapfiles/kml/shapes/star.png</href></Icon></IconStyle><LineStyle><color>ff0cf27f</color><width>2.0</width></LineStyle><LabelStyle><scale>0.75</scale><color>9bffffff</color></LabelStyle></Style><Style id="s_69_1"><IconStyle><color>ff0ce87a</color><scale>0.75</scale><Icon><href>http://maps.google.com/mapfiles/kml/shapes/triangle.png</href></Icon></IconStyle><LineStyle><color>ff0ce87a</color><width>2.0</width></LineStyle><LabelStyle><scale>0.75</scale><color>9bffffff</color></LabelStyle></Style><Style id="s_69_2"><IconStyle><color>ff0bdd74</color><scale>0.75</scale><Icon><href>http://maps.google.com/mapfiles/kml/shapes/cross-hairs.png</href></Icon></IconStyle><LineStyle><color>ff0bdd74</color><width>2.0</width></LineStyle><LabelStyle><scale>0.75</scale><color>9bffffff</color></LabelStyle></Style><Style id="s_69_3"><IconStyle><color>ff0bd26e</color><scale>0.75</scale><Icon><href>http://maps.google.com/mapfiles/kml/shapes/target.png</href></Icon></IconStyle><LineStyle><color>ff0bd26e</color><width>2.0</width></LineStyle><LabelStyle><scale>0.75</scale><color>9bffffff</color></LabelStyle></Style><Style id="s_69_4"><IconStyle><color>ff0ac869</color><scale>0.75</scale><Icon><href>http://maps.google.com/mapfiles/kml/shapes/open-diamond.png</href></Icon></IconStyle><LineStyle><color>ff0ac869</color><width>2.0</width></LineStyle><LabelStyle><scale>0.75</scale><color>9bffffff</color></LabelStyle></Style><Style id="s_69_5"><IconStyle><color>ff09bd63</color><scale>0.75</scale><Icon><href>http://maps.google.com/mapfiles/kml/shapes/shaded_dot.png</href></Icon></IconStyle><LineStyle><color>ff09bd63</color><width>2.0</width></LineStyle><LabelStyle><scale>0.75</scale><color>9bffffff</color></LabelStyle></Style><Style id="s_69_6"><IconStyle><color>ff09b25e</color><scale>0.75</scale><Icon><href>http://maps.google.com/mapfiles/kml/shapes/donut.png</href></Icon></IconStyle><LineStyle><color>ff09b25e</color><width>2.0</width></LineStyle><LabelStyle><scale>0.75</scale><color>9bffffff</color></LabelStyle></Style><Folder><name>SW8→SE2</name><Placemark><name>SW8 SE2 0</name><styleUrl>#s_70_0</styleUrl><ExtendedData><Data name="bin"><value>WE</value></Data><Data name="azimuth_deg"><value>90.0248</value></Data><Data name="dist_to_target_m"><value>18269.370</value></Data></ExtendedData><Point><coordinates>-77.145945000,38.872671000,0</coordinates></Point></Placemark><Placemark><name>SW8 SE2 0 pointer</name><styleUrl>#s_70_0</styleUrl><LineString><tessellate>1</tessellate><coordinates>-77.145945000,38.872671000,0 -77.142488040,38.872669779,0</coordinates></LineString></Placemark><Placemark><name>SW8 SE2 1</name><styleUrl>#s_70_1</styleUrl><ExtendedData><Data name="bin"><value>WE</value></Data><Data name="azimuth_deg"><value>90.0413</value></Data><Data name="dist_to_target_m"><value>15993.370</value></Data></ExtendedData><Point><coordinates>-77.119718203,38.872659178,0</coordinates></Point></Placemark><Placemark><name>SW8 SE2 1 pointer</name><styleUrl>#s_70_1</styleUrl><LineString><tessellate>1</tessellate><coordinates>-77.119718203,38.872659178,0 -77.116261245,38.872657181,0</coordinates></LineString></Placemark><Placemark><name>SW8 SE2 2</name><styleUrl>#s_70_2</styleUrl><ExtendedData><Data name="bin"><value>WE</value></Data><Data name="azimuth_deg"><value>90.0577</value></Data><Data name="dist_to_target_m"><value>13717.370</value></Data></ExtendedData><Point><coordinates>-77.093491417,38.872641466,0</coordinates></Point></Placemark><Placemark><name>SW8 SE2 2 pointer</name><styleUrl>#s_70_2</styleUrl><LineString><tessellate>1</tessellate><coordinates>-77.093491417,38.872641466,0 -77.090034460,38.872638693,0</coordinates></LineString></Placemark><Placemark><name>SW8 SE2 3</name><styleUrl>#s_70_3</styleUrl><ExtendedData><Data name="bin"><value>WE</value></Data><Data name="azimuth_deg"><value>90.0742</value></Data><Data name="dist_to_target_m"><value>11441.370</value></Data></ExtendedData><Point><coordinates>-77.067264646,38.872617865,0</coordinates></Point></Placemark><Placemark><name>SW8 SE2 3 pointer</name><styleUrl>#s_70_3</styleUrl><LineString><tessellate>1</tessellate><coordinates>-77.067264646,38.872617865,0 -77.063807692,38.872614315,0</coordinates></LineString></Placemark><Placemark><name>SW8 SE2 4</name><styleUrl>#s_70_4</styleUrl><ExtendedData><Data name="bin"><value>WE</value></Data><Data name="azimuth_deg"><value>90.0906</value></Data><Data name="dist_to_target_m"><value>9165.370</value></Data></ExtendedData><Point><coordinates>-77.041037895,38.872588374,0</coordinates></Point></Placemark><Placemark><name>SW8 SE2 4 pointer</name><styleUrl>#s_70_4</styleUrl><LineString><tessellate>1</tessellate><coordinates>-77.041037895,38.872588374,0 -77.037580943,38.872584047,0</coordinates></LineString></Placemark><Placemark><name>SW8 SE2 5</name><styleUrl>#s_70_5</styleUrl><ExtendedData><Data name="bin"><value>WE</value></Data><Data name="azimuth_deg"><value>90.1071</value></Data><Data name="dist_to_target_m"><value>6889.370</value></Data></ExtendedData><Point><coordinates>-77.014811167,38.872552993,0</coordinates></Point></Placemark><Placemark><name>SW8 SE2 5 pointer</name><styleUrl>#s_70_5</styleUrl><LineString><tessellate>1</tessellate><coordinates>-77.014811167,38.872552993,0 -77.011354219,38.872547890,0</coordinates></LineString></Placemark><Placemark><name>SW8 SE2 6</name><styleUrl>#s_70_6</styleUrl><ExtendedData><Data name="bin"><value>WE</value></Data><Data name="azimuth_deg"><value>90.1236</value></Data><Data name="dist_to_target_m"><value>4613.370</value></Data></ExtendedData><Point><coordinates>-76.988584468,38.872511722,0</coordinates></Point></Placemark><Placemark><name>SW8 SE2 6 pointer</name><styleUrl>#s_70_6</styleUrl><LineString><tessellate>1</tessellate><coordinates>-76.988584468,38.872511722,0 -76.985926441,38.872507211,0</coordinates></LineString></Placemark><Placemark><name>SW8 SE2 7</name><styleUrl>#s_70_7</styleUrl><ExtendedData><Data name="bin"><value>WE</value></Data><Data name="azimuth_deg"><value>90.1400</value></Data><Data name="dist_to_target_m"><value>2337.370</value></Data></ExtendedData><Point><coordinates>-76.962357801,38.872464562,0</coordinates></Point></Placemark><Placemark><name>SW8 SE2 7 pointer</name><styleUrl>#s_70_7</styleUrl><LineString><tessellate>1</tessellate><coordinates>-76.962357801,38.872464562,0 -76.961011110,38.872461981,0</coordinates></LineString></Placemark><Placemark><name>SW8 SE2 8</name><styleUrl>#s_70_8</styleUrl><ExtendedData><Data name="bin"><value>WE</value></Data><Data name="azimuth_deg"><value>90.1565</value></Data><Data name="dist_to_target_m"><value>0.000</value></Data></ExtendedData><Point><coordinates>-76.935424000,38.872410000,0</coordinates></Point></Placemark></Folder><Style id="s_70_0"><IconStyle><color>ff0c7ff2</color><scale>0.75</scale><Icon><href>http://maps.google.com/mapfiles/kml/shapes/star.png</href></Icon></IconStyle><LineStyle><color>ff0c7ff2</color><width>2.0</width></LineStyle><LabelStyle><scale>0.75</scale><color>9bffffff</color></LabelStyle></Style><Style id="s_70_1"><IconStyle><color>ff0c7bea</color><scale>0.75</scale><Icon><href>http://maps.google.com/mapfiles/kml/shapes/triangle.png</href></Icon></IconStyle><LineStyle><color>ff0c7bea</color><width>2.0</width></LineStyle><LabelStyle><scale>0.75</scale><color>9bffffff</color></LabelStyle></Style><Style id="s_70_2"><IconStyle><color>ff0b77e2</color><scale>0.75</scale><Icon><href>http://maps.google.com/mapfiles/kml/shapes/cross-hairs.png</href></Icon></IconStyle><LineStyle><color>ff0b77e2</color><width>2.0</width></LineStyle><LabelStyle><scale>0.75</scale><color>9bffffff</color></LabelStyle></Style><Style id="s_70_3"><IconStyle><color>ff0b73da</color><scale>0.75</scale><Icon><href>http://maps.google.com/mapfiles/kml/shapes/target.png</href></Icon></IconStyle><LineStyle><color>ff0b73da</color><width>2.0</width></LineStyle><LabelStyle><scale>0.75</scale><color>9bffffff</color></LabelStyle></Style><Style id="s_70_4"><IconStyle><color>ff0b6ed2</color><scale>0.75</scale><Icon><href>http://maps.google.com/mapfiles/kml/shapes/open-diamond.png</href></Icon></IconStyle><LineStyle><color>ff0b6ed2</color><width>2.0</width></LineStyle><LabelStyle><scale>0.75</scale><color>9bffffff</color></LabelStyle></Style><Style id="s_70_5"><IconStyle><color>ff0a6aca</color><scale>0.75</scale><Icon><href>http://maps.google.com/mapfiles/kml/shapes/shaded_dot.png</href></Icon></IconStyle><LineStyle><color>ff0a6aca</color><width>2.0</width></LineStyle><LabelStyle><scale>0.75</scale><color>9bffffff</color></LabelStyle></Style><Style id="s_70_6"><IconStyle><color>ff0a66c2</color><scale>0.75</scale><Icon><href>http://maps.google.com/mapfiles/kml/shapes/donut.png</href></Icon></IconStyle><LineStyle><color>ff0a66c2</color><width>2.0</width></LineStyle><LabelStyle><scale>0.75</scale><color>9bffffff</color></LabelStyle></Style><Style id="s_70_7"><IconStyle><color>ff0962ba</color><scale>0.75</scale><Icon><href>http://maps.google.com/mapfiles/kml/shapes/square.png</href></Icon></IconStyle><LineStyle><color>ff0962ba</color><width>2.0</width></LineStyle><LabelStyle><scale>0.75</scale><color>9bffffff</color></LabelStyle></Style><Style id="s_70_8"><IconStyle><color>ff095eb2</color><scale>0.75</scale><Icon><href>http://maps.google.com/mapfiles/kml/shapes/placemark_circle.png</href></Icon></IconStyle><LineStyle><color>ff095eb2</color><width>2.0</width></LineStyle><LabelStyle><scale>0.75</scale><color>9bffffff</color></LabelStyle></Style><Folder><name>SE2→SW8</name><Placemark><name>SE2 SW8 0</name><styleUrl>#s_71_0</styleUrl><ExtendedData><Data name="bin"><value>EW</value></Data><Data name="azimuth_deg"><value>-89.8431</value></Data><Data name="dist_to_target_m"><value>18269.370</value></Data></ExtendedData><Point><coordinates>-76.935424000,38.872410000,0</coordinates></Point></Placemark><Placemark><name>SE2 SW8 0 pointer</name><styleUrl>#s_71_0</styleUrl><LineString><tessellate>1</tessellate><coordinates>-76.935424000,38.872410000,0 -76.938880935,38.872417350,0</coordinates></LineString></Placemark><Placemark><name>SE2 SW8 1</name><styleUrl>#s_71_1</styleUrl><ExtendedData><Data name="bin"><value>EW</value></Data><Data name="azimuth_deg"><value>-89.8595</value></Data><Data name="dist_to_target_m"><value>15993.370</value></Data></ExtendedData><Point><coordinates>-76.961650629,38.872463209,0</coordinates></Point></Placemark><Placemark><name>SE2 SW8 1 pointer</name><styleUrl>#s_71_1</styleUrl><LineString><tessellate>1</tessellate><coordinates>-76.961650629,38.872463209,0 -76.965107569,38.872469783,0</coordinates></LineString></Placemark><Placemark><name>SE2 SW8 2</name><styleUrl>#s_71_2</styleUrl><ExtendedData><Data name="bin"><value>EW</value></Data><Data name="azimuth_deg"><value>-89.8760</value></Data><Data name="dist_to_target_m"><value>13717.370</value></Data></ExtendedData><Point><coordinates>-76.987877295,38.872510528,0</coordinates></Point></Placemark><Placemark><name>SE2 SW8 2 pointer</name><styleUrl>#s_71_2</styleUrl><LineString><tessellate>1</tessellate><coordinates>-76.987877295,38.872510528,0 -76.991334239,38.872516326,0</coordinates></LineString></Placemark><Placemark><name>SE2 SW8 3</name><styleUrl>#s_71_3</styleUrl><ExtendedData><Data name="bin"><value>EW</value></Data><Data name="azimuth_deg"><value>-89.8924</value></Data><Data name="dist_to_target_m"><value>11441.370</value></Data></ExtendedData><Point><coordinates>-77.014103993,38.872551957,0</coordinates></Point></Placemark><Placemark><name>SE2 SW8 3 pointer</name><styleUrl>#s_71_3</styleUrl><LineString><tessellate>1</tessellate><coordinates>-77.014103993,38.872551957,0 -77.017560942,38.872556979,0</coordinates></LineString></Placemark><Placemark><name>SE2 SW8 4</name><styleUrl>#s_71_4</styleUrl><ExtendedData><Data name="bin"><value>EW</value></Data><Data name="azimuth_deg"><value>-89.9089</value></Data><Data name="dist_to_target_m"><value>9165.370</value></Data></ExtendedData><Point><coordinates>-77.040330720,38.872587497,0</coordinates></Point></Placemark><Placemark><name>SE2 SW8 4 pointer</name><styleUrl>#s_71_4</styleUrl><LineString><tessellate>1</tessellate><coordinates>-77.040330720,38.872587497,0 -77.043787672,38.872591742,0</coordinates></LineString></Placemark><Placemark><name>SE2 SW8 5</name><styleUrl>#s_71_5</styleUrl><ExtendedData><Data name="bin"><value>EW</value></Data><Data name="azimuth_deg"><value>-89.9254</value></Data><Data name="dist_to_target_m"><value>6889.370</value></Data></ExtendedData><Point><coordinates>-77.066557471,38.872617147,0</coordinates></Point></Placemark><Placemark><name>SE2 SW8 5 pointer</name><styleUrl>#s_71_5</styleUrl><LineString><tessellate>1</tessellate><coordinates>-77.066557471,38.872617147,0 -77.070014425,38.872620616,0</coordinates></LineString></Placemark><Placemark><name>SE2 SW8 6</name><styleUrl>#s_71_6</styleUrl><ExtendedData><Data name="bin"><value>EW</value></Data><Data name="azimuth_deg"><value>-89.9418</value></Data><Data name="dist_to_target_m"><value>4613.370</value></Data></ExtendedData><Point><coordinates>-77.092784241,38.872640907,0</coordinates></Point></Placemark><Placemark><name>SE2 SW8 6 pointer</name><styleUrl>#s_71_6</styleUrl><LineString><tessellate>1</tessellate><coordinates>-77.092784241,38.872640907,0 -77.095442278,38.872642987,0</coordinates></LineString></Placemark><Placemark><name>SE2 SW8 7</name><styleUrl>#s_71_7</styleUrl><ExtendedData><Data name="bin"><value>EW</value></Data><Data name="azimuth_deg"><value>-89.9583</value></Data><Data name="dist_to_target_m"><value>2337.370</value></Data></ExtendedData><Point><coordinates>-77.119011027,38.872658778,0</coordinates></Point></Placemark><Placemark><name>SE2 SW8 7 pointer</name><styleUrl>#s_71_7</styleUrl><LineString><tessellate>1</tessellate><coordinates>-77.119011027,38.872658778,0 -77.120357725,38.872659536,0</coordinates></LineString></Placemark><Placemark><name>SE2 SW8 8</name><styleUrl>#s_71_8</styleUrl><ExtendedData><Data name="bin"><value>EW</value></Data><Data name="azimuth_deg"><value>-89.9747</value></Data><Data name="dist_to_target_m"><value>0.000</value></Data></ExtendedData><Point><coordinates>-77.145945000,38.872671000,0</coordinates></Point></Placemark></Folder><Style id="s_71_0"><IconStyle><color>ff0cf27f</color><scale>0.75</scale><Icon><href>http://maps.google.com/mapfiles/kml/shapes/star.png</href></Icon></IconStyle><LineStyle><color>ff0cf27f</color><width>2.0</width></LineStyle><LabelStyle><scale>0.75</scale><color>9bffffff</color></LabelStyle></Style><Style id="s_71_1"><IconStyle><color>ff0cea7b</color><scale>0.75</scale><Icon><href>http://maps.google.com/mapfiles/kml/shapes/triangle.png</href></Icon></IconStyle><LineStyle><color>ff0cea7b</color><width>2.0</width></LineStyle><LabelStyle><scale>0.75</scale><color>9bffffff</color></LabelStyle></Style><Style id="s_71_2"><IconStyle><color>ff0be277</color><scale>0.75</scale><Icon><href>http://maps.google.com/mapfiles/kml/shapes/cross-hairs.png</href></Icon></IconStyle><LineStyle><color>ff0be277</color><width>2.0</width></LineStyle><LabelStyle><scale>0.75</scale><color>9bffffff</color></LabelStyle></Style><Style id="s_71_3"><IconStyle><color>ff0bda73</color><scale>0.75</scale><Icon><href>http://maps.google.com/mapfiles/kml/shapes/target.png</href></Icon></IconStyle><LineStyle><color>ff0bda73</color><width>2.0</width></LineStyle><LabelStyle><scale>0.75</scale><color>9bffffff</color></LabelStyle></Style><Style id="s_71_4"><IconStyle><color>ff0bd26e</color><scale>0.75</scale><Icon><href>http://maps.google.com/mapfiles/kml/shapes/open-diamond.png</href></Icon></IconStyle><LineStyle><color>ff0bd26e</color><width>2.0</width></LineStyle><LabelStyle><scale>0.75</scale><color>9bffffff</color></LabelStyle></Style><Style id="s_71_5"><IconStyle><color>ff0aca6a</color><scale>0.75</scale><Icon><href>http://maps.google.com/mapfiles/kml/shapes/shaded_dot.png</href></Icon></IconStyle><LineStyle><color>ff0aca6a</color><width>2.0</width></LineStyle><LabelStyle><scale>0.75</scale><color>9bffffff</color></LabelStyle></Style><Style id="s_71_6"><IconStyle><color>ff0ac266</color><scale>0.75</scale><Icon><href>http://maps.google.com/mapfiles/kml/shapes/donut.png</href></Icon></IconStyle><LineStyle><color>ff0ac266</color><width>2.0</width></LineStyle><LabelStyle><scale>0.75</scale><color>9bffffff</color></LabelStyle></Style><Style id="s_71_7"><IconStyle><color>ff09ba62</color><scale>0.75</scale><Icon><href>http://maps.google.com/mapfiles/kml/shapes/square.png</href></Icon></IconStyle><LineStyle><color>ff09ba62</color><width>2.0</width></LineStyle><LabelStyle><scale>0.75</scale><color>9bffffff</color></LabelStyle></Style><Style id="s_71_8"><IconStyle><color>ff09b25e</color><scale>0.75</scale><Icon><href>http://maps.google.com/mapfiles/kml/shapes/placemark_circle.png</href></Icon></IconStyle><LineStyle><color>ff09b25e</color><width>2.0</width></LineStyle><LabelStyle><scale>0.75</scale><color>9bffffff</color></LabelStyle></Style><Folder><name>S→N</name><Placemark><name>S N 0</name><styleUrl>#s_72_0</styleUrl><ExtendedData><Data name="bin"><value>SN</value></Data><Data name="azimuth_deg"><value>-0.0870</value></Data><Data name="dist_to_target_m"><value>22826.389</value></Data></ExtendedData><Point><coordinates>-77.040586000,38.790339000,0</coordinates></Point></Placemark><Placemark><name>S N 0 pointer</name><styleUrl>#s_72_0</styleUrl><LineString><tessellate>1</tessellate><coordinates>-77.040586000,38.790339000,0 -77.040591242,38.793041419,0</coordinates></LineString></Placemark><Placemark><name>S N 1</name><styleUrl>#s_72_1</styleUrl><ExtendedData><Data name="bin"><value>SN</value></Data><Data name="azimuth_deg"><value>-0.0870</value></Data><Data name="dist_to_target_m"><value>20550.389</value></Data></ExtendedData><Point><coordinates>-77.040625780,38.810841324,0</coordinates></Point></Placemark><Placemark><name>S N 1 pointer</name><styleUrl>#s_72_1</styleUrl><LineString><tessellate>1</tessellate><coordinates>-77.040625780,38.810841324,0 -77.040631025,38.813543734,0</coordinates></LineString></Placemark><Placemark><name>S N 2</name><styleUrl>#s_72_2</styleUrl><ExtendedData><Data name="bin"><value>SN</value></Data><Data name="azimuth_deg"><value>-0.0870</value></Data><Data name="dist_to_target_m"><value>18274.389</value></Data></ExtendedData><Point><coordinates>-77.040665583,38.831343575,0</coordinates></Point></Placemark><Placemark><name>S N 2 pointer</name><styleUrl>#s_72_2</styleUrl><LineString><tessellate>1</tessellate><coordinates>-77.040665583,38.831343575,0 -77.040670832,38.834045976,0</coordinates></LineString></Placemark><Placemark><name>S N 3</name><styleUrl>#s_72_3</styleUrl><ExtendedData><Data name="bin"><value>SN</value></Data><Data name="azimuth_deg"><value>-0.0871</value></Data><Data name="dist_to_target_m"><value>15998.389</value></Data></ExtendedData><Point><coordinates>-77.040705409,38.851845755,0</coordinates></Point></Placemark><Placemark><name>S N 3 pointer</name><styleUrl>#s_72_3</styleUrl><LineString><tessellate>1</tessellate><coordinates>-77.040705409,38.851845755,0 -77.040710661,38.854548145,0</coordinates></LineString></Placemark><Placemark><name>S N 4</name><styleUrl>#s_72_4</styleUrl><ExtendedData><Data name="bin"><value>SN</value></Data><Data name="azimuth_deg"><value>-0.0871</value></Data><Data name="dist_to_target_m"><value>13722.389</value></Data></ExtendedData><Point><coordinates>-77.040745258,38.872347862,0</coordinates></Point></Placemark><Placemark><name>S N 4 pointer</name><styleUrl>#s_72_4</styleUrl><LineString><tessellate>1</tessellate><coordinates>-77.040745258,38.872347862,0 -77.040750512,38.875050243,0</coordinates></LineString></Placemark><Placemark><name>S N 5</name><styleUrl>#s_72_5</styleUrl><ExtendedData><Data name="bin"><value>SN</value></Data><Data name="azimuth_deg"><value>-0.0871</value></Data><Data name="dist_to_target_m"><value>11446.389</value></Data></ExtendedData><Point><coordinates>-77.040785130,38.892849897,0</coordinates></Point></Placemark><Placemark><name>S N 5 pointer</name><styleUrl>#s_72_5</styleUrl><LineString><tessellate>1</tessellate><coordinates>-77.040785130,38.892849897,0 -77.040790387,38.895552269,0</coordinates></LineString></Placemark><Placemark><name>S N 6</name><styleUrl>#s_72_6</styleUrl><ExtendedData><Data name="bin"><value>SN</value></Data><Data name="azimuth_deg"><value>-0.0871</value></Data><Data name="dist_to_target_m"><value>9170.389</value></Data></ExtendedData><Point><coordinates>-77.040825025,38.913351860,0</coordinates></Point></Placemark><Placemark><name>S N 6 pointer</name><styleUrl>#s_72_6</styleUrl><LineString><tessellate>1</tessellate><coordinates>-77.040825025,38.913351860,0 -77.040830285,38.916054222,0</coordinates></LineString></Placemark><Placemark><name>S N 7</name><styleUrl>#s_72_7</styleUrl><ExtendedData><Data name="bin"><value>SN</value></Data><Data name="azimuth_deg"><value>-0.0872</value></Data><Data name="dist_to_target_m"><value>6894.389</value></Data></ExtendedData><Point><coordinates>-77.040864942,38.933853750,0</coordinates></Point></Placemark><Placemark><name>S N 7 pointer</name><styleUrl>#s_72_7</styleUrl><LineString><tessellate>1</tessellate><coordinates>-77.040864942,38.933853750,0 -77.040870206,38.936556103,0</coordinates></LineString></Placemark><Placemark><name>S N 8</name><styleUrl>#s_72_8</styleUrl><ExtendedData><Data name="bin"><value>SN</value></Data><Data name="azimuth_deg"><value>-0.0872</value></Data><Data name="dist_to_target_m"><value>4618.389</value></Data></ExtendedData><Point><coordinates>-77.040904883,38.954355569,0</coordinates></Point></Placemark><Placemark><name>S N 8 pointer</name><styleUrl>#s_72_8</styleUrl><LineString><tessellate>1</tessellate><coordinates>-77.040904883,38.954355569,0 -77.040908937,38.956435647,0</coordinates></LineString></Placemark><Placemark><name>S N 9</name><styleUrl>#s_72_9</styleUrl><ExtendedData><Data name="bin"><value>SN</value></Data><Data name="azimuth_deg"><value>-0.0872</value></Data><Data name="dist_to_target_m"><value>2342.389</value></Data></ExtendedData><Point><coordinates>-77.040944847,38.974857315,0</coordinates></Point></Placemark><Placemark><name>S N 9 pointer</name><styleUrl>#s_72_9</styleUrl><LineString><tessellate>1</tessellate><coordinates>-77.040944847,38.974857315,0 -77.040946904,38.975912301,0</coordinates></LineString></Placemark><Placemark><name>S N 10</name><styleUrl>#s_72_10</styleUrl><ExtendedData><Data name="bin"><value>SN</value></Data><Data name="azimuth_deg"><value>-0.0872</value></Data><Data name="dist_to_target_m"><value>0.000</value></Data></ExtendedData><Point><coordinates>-77.040986000,38.995957000,0</coordinates></Point></Placemark></Folder><Style id="s_72_0"><IconStyle><color>ff0c0cf2</color><scale>0.75</scale><Icon><href>http://maps.google.com/mapfiles/kml/shapes/star.png</href></Icon></IconStyle><LineStyle><color>ff0c0cf2</color><width>2.0</width></LineStyle><LabelStyle><scale>0.75</scale><color>9bffffff</color></LabelStyle></Style><Style id="s_72_1"><IconStyle><color>ff0c0cec</color><scale>0.75</scale><Icon><href>http://maps.google.com/mapfiles/kml/shapes/triangle.png</href></Icon></IconStyle><LineStyle><color>ff0c0cec</color><width>2.0</width></LineStyle><LabelStyle><scale>0.75</scale><color>9bffffff</color></LabelStyle></Style><Style id="s_72_2"><IconStyle><color>ff0b0be5</color><scale>0.75</scale><Icon><href>http://maps.google.com/mapfiles/kml/shapes/cross-hairs.png</href></Icon></IconStyle><LineStyle><color>ff0b0be5</color><width>2.0</width></LineStyle><LabelStyle><scale>0.75</scale><color>9bffffff</color></LabelStyle></Style><Style id="s_72_3"><IconStyle><color>ff0b0bdf</color><scale>0.75</scale><Icon><href>http://maps.google.com/mapfiles/kml/shapes/target.png</href></Icon></IconStyle><LineStyle><color>ff0b0bdf</color><width>2.0</width></LineStyle><LabelStyle><scale>0.75</scale><color>9bffffff</color></LabelStyle></Style><Style id="s_72_4"><IconStyle><color>ff0b0bd9</color><scale>0.75</scale><Icon><href>http://maps.google.com/mapfiles/kml/shapes/open-diamond.png</href></Icon></IconStyle><LineStyle><color>ff0b0bd9</color><width>2.0</width></LineStyle><LabelStyle><scale>0.75</scale><color>9bffffff</color></LabelStyle></Style><Style id="s_72_5"><IconStyle><color>ff0b0bd2</color><scale>0.75</scale><Icon><href>http://maps.google.com/mapfiles/kml/shapes/shaded_dot.png</href></Icon></IconStyle><LineStyle><color>ff0b0bd2</color><width>2.0</width></LineStyle><LabelStyle><scale>0.75</scale><color>9bffffff</color></LabelStyle></Style><Style id="s_72_6"><IconStyle><color>ff0a0acc</color><scale>0.75</scale><Icon><href>http://maps.google.com/mapfiles/kml/shapes/donut.png</href></Icon></IconStyle><LineStyle><color>ff0a0acc</color><width>2.0</width></LineStyle><LabelStyle><scale>0.75</scale><color>9bffffff</color></LabelStyle></Style><Style id="s_72_7"><IconStyle><color>ff0a0ac6</color><scale>0.75</scale><Icon><href>http://maps.google.com/mapfiles/kml/shapes/square.png</href></Icon></IconStyle><LineStyle><color>ff0a0ac6</color><width>2.0</width></LineStyle><LabelStyle><scale>0.75</scale><color>9bffffff</color></LabelStyle></Style><Style id="s_72_8"><IconStyle><color>ff0a0abf</color><scale>0.75</scale><Icon><href>http://maps.google.com/mapfiles/kml/shapes/placemark_circle.png</href></Icon></IconStyle><LineStyle><color>ff0a0abf</color><width>2.0</width></LineStyle><LabelStyle><scale>0.75</scale><color>9bffffff</color></LabelStyle></Style><Style id="s_72_9"><IconStyle><color>ff0909b9</color><scale>0.75</scale><Icon><href>http://maps.google.com/mapfiles/kml/shapes/placemark_square.png</href></Icon></IconStyle><LineStyle><color>ff0909b9</color><width>2.0</width></LineStyle><LabelStyle><scale>0.75</scale><color>9bffffff</color></LabelStyle></Style><Style id="s_72_10"><IconStyle><color>ff0909b2</color><scale>0.75</scale><Icon><href>http://maps.google.com/mapfiles/kml/shapes/polygon.png</href></Icon></IconStyle><LineStyle><color>ff0909b2</color><width>2.0</width></LineStyle><LabelStyle><scale>0.75</scale><color>9bffffff</color></LabelStyle></Style><Folder><name>N→S</name><Placemark><name>N S 0</name><styleUrl>#s_73_0</styleUrl><ExtendedData><Data name="bin"><value>NS</value></Data><Data name="azimuth_deg"><value>179.9128</value></Data><Data name="dist_to_target_m"><value>22826.389</value></Data></ExtendedData><Point><coordinates>-77.040986000,38.995957000,0</coordinates></Point></Placemark><Placemark><name>N S 0 pointer</name><styleUrl>#s_73_0</styleUrl><LineString><tessellate>1</tessellate><coordinates>-77.040986000,38.995957000,0 -77.040980728,38.993254675,0</coordinates></LineString></Placemark><Placemark><name>N S 1</name><styleUrl>#s_73_1</styleUrl><ExtendedData><Data name="bin"><value>NS</value></Data><Data name="azimuth_deg"><value>179.9128</value></Data><Data name="dist_to_target_m"><value>20550.389</value></Data></ExtendedData><Point><coordinates>-77.040946013,38.975455328,0</coordinates></Point></Placemark><Placemark><name>N S 1 pointer</name><styleUrl>#s_73_1</styleUrl><LineString><tessellate>1</tessellate><coordinates>-77.040946013,38.975455328,0 -77.040940744,38.972752994,0</coordinates></LineString></Placemark><Placemark><name>N S 2</name><styleUrl>#s_73_2</styleUrl><ExtendedData><Data name="bin"><value>NS</value></Data><Data name="azimuth_deg"><value>179.9128</value></Data><Data name="dist_to_target_m"><value>18274.389</value></Data></ExtendedData><Point><coordinates>-77.040906048,38.954953584,0</coordinates></Point></Placemark><Placemark><name>N S 2 pointer</name><styleUrl>#s_73_2</styleUrl><LineString><tessellate>1</tessellate><coordinates>-77.040906048,38.954953584,0 -77.040900782,38.952251240,0</coordinates></LineString></Placemark><Placemark><name>N S 3</name><styleUrl>#s_73_3</styleUrl><ExtendedData><Data name="bin"><value>NS</value></Data><Data name="azimuth_deg"><value>179.9128</value></Data><Data name="dist_to_target_m"><value>15998.389</value></Data></ExtendedData><Point><coordinates>-77.040866107,38.934451768,0</coordinates></Point></Placemark><Placemark><name>N S 3 pointer</name><styleUrl>#s_73_3</styleUrl><LineString><tessellate>1</tessellate><coordinates>-77.040866107,38.934451768,0 -77.040860844,38.931749414,0</coordinates></LineString></Placemark><Placemark><name>N S 4</name><styleUrl>#s_73_4</styleUrl><ExtendedData><Data name="bin"><value>NS</value></Data><Data name="azimuth_deg"><value>179.9129</value></Data><Data name="dist_to_target_m"><value>13722.389</value></Data></ExtendedData><Point><coordinates>-77.040826189,38.913949879,0</coordinates></Point></Placemark><Placemark><name>N S 4 pointer</name><styleUrl>#s_73_4</styleUrl><LineString><tessellate>1</tessellate><coordinates>-77.040826189,38.913949879,0 -77.040820929,38.911247516,0</coordinates></LineString></Placemark><Placemark><name>N S 5</name><styleUrl>#s_73_5</styleUrl><ExtendedData><Data name="bin"><value>NS</value></Data><Data name="azimuth_deg"><value>179.9129</value></Data><Data name="dist_to_target_m"><value>11446.389</value></Data></ExtendedData><Point><coordinates>-77.040786293,38.893447919,0</coordinates></Point></Placemark><Placemark><name>N S 5 pointer</name><styleUrl>#s_73_5</styleUrl><LineString><tessellate>1</tessellate><coordinates>-77.040786293,38.893447919,0 -77.040781036,38.890745546,0</coordinates></LineString></Placemark><Placemark><name>N S 6</name><styleUrl>#s_73_6</styleUrl><ExtendedData><Data name="bin"><value>NS</value></Data><Data name="azimuth_deg"><value>179.9129</value></Data><Data name="dist_to_target_m"><value>9170.389</value></Data></ExtendedData><Point><coordinates>-77.040746421,38.872945886,0</coordinates></Point></Placemark><Placemark><name>N S 6 pointer</name><styleUrl>#s_73_6</styleUrl><LineString><tessellate>1</tessellate><coordinates>-77.040746421,38.872945886,0 -77.040741167,38.870243504,0</coordinates></LineString></Placemark><Placemark><name>N S 7</name><styleUrl>#s_73_7</styleUrl><ExtendedData><Data name="bin"><value>NS</value></Data><Data name="azimuth_deg"><value>179.9129</value></Data><Data name="dist_to_target_m"><value>6894.389</value></Data></ExtendedData><Point><coordinates>-77.040706571,38.852443781,0</coordinates></Point></Placemark><Placemark><name>N S 7 pointer</name><styleUrl>#s_73_7</styleUrl><LineString><tessellate>1</tessellate><coordinates>-77.040706571,38.852443781,0 -77.040701321,38.849741389,0</coordinates></LineString></Placemark><Placemark><name>N S 8</name><styleUrl>#s_73_8</styleUrl><ExtendedData><Data name="bin"><value>NS</value></Data><Data name="azimuth_deg"><value>179.9130</value></Data><Data name="dist_to_target_m"><value>4618.389</value></Data></ExtendedData><Point><coordinates>-77.040666745,38.831941604,0</coordinates></Point></Placemark><Placemark><name>N S 8 pointer</name><styleUrl>#s_73_8</styleUrl><LineString><tessellate>1</tessellate><coordinates>-77.040666745,38.831941604,0 -77.040662705,38.829861480,0</coordinates></LineString></Placemark><Placemark><name>N S 9</name><styleUrl>#s_73_9</styleUrl><ExtendedData><Data name="bin"><value>NS</value></Data><Data name="azimuth_deg"><value>179.9130</value></Data><Data name="dist_to_target_m"><value>2342.389</value></Data></ExtendedData><Point><coordinates>-77.040626941,38.811439354,0</coordinates></Point></Placemark><Placemark><name>N S 9 pointer</name><styleUrl>#s_73_9</styleUrl><LineString><tessellate>1</tessellate><coordinates>-77.040626941,38.811439354,0 -77.040624893,38.810384338,0</coordinates></LineString></Placemark><Placemark><name>N S 10</name><styleUrl>#s_73_10</styleUrl><ExtendedData><Data name="bin"><value>NS</value></Data><Data name="azimuth_deg"><value>179.9130</value></Data><Data name="dist_to_target_m"><value>0.000</value></Data></ExtendedData><Point><coordinates>-77.040586000,38.790339000,0</coordinates></Point></Placemark></Folder><Style id="s_73_0"><IconStyle><color>ff0cf2f2</color><scale>0.75</scale><Icon><href>http://maps.google.com/mapfiles/kml/shapes/star.png</href></Icon></IconStyle><LineStyle><color>ff0cf2f2</color><width>2.0</width></LineStyle><LabelStyle><scale>0.75</scale><color>9bffffff</color></LabelStyle></Style><Style id="s_73_1"><IconStyle><color>ff0cecec</color><scale>0.75</scale><Icon><href>http://maps.google.com/mapfiles/kml/shapes/triangle.png</href></Icon></IconStyle><LineStyle><color>ff0cecec</color><width>2.0</width></LineStyle><LabelStyle><scale>0.75</scale><color>9bffffff</color></LabelStyle></Style><Style id="s_73_2"><IconStyle><color>ff0be5e5</color><scale>0.75</scale><Icon><href>http://maps.google.com/mapfiles/kml/shapes/cross-hairs.png</href></Icon></IconStyle><LineStyle><color>ff0be5e5</color><width>2.0</width></LineStyle><LabelStyle><scale>0.75</scale><color>9bffffff</color></LabelStyle></Style><Style id="s_73_3"><IconStyle><color>ff0bdfdf</color><scale>0.75</scale><Icon><href>http://maps.google.com/mapfiles/kml/shapes/target.png</href></Icon></IconStyle><LineStyle><color>ff0bdfdf</color><width>2.0</width></LineStyle><LabelStyle><scale>0.75</scale><color>9bffffff</color></LabelStyle></Style><Style id="s_73_4"><IconStyle><color>ff0bd9d9</color><scale>0.75</scale><Icon><href>http://maps.google.com/mapfiles/kml/shapes/open-diamond.png</href></Icon></IconStyle><LineStyle><color>ff0bd9d9</color><width>2.0</width></LineStyle><LabelStyle><scale>0.75</scale><color>9bffffff</color></LabelStyle></Style><Style id="s_73_5"><IconStyle><color>ff0bd2d2</color><scale>0.75</scale><Icon><href>http://maps.google.com/mapfiles/kml/shapes/shaded_dot.png</href></Icon></IconStyle><LineStyle><color>ff0bd2d2</color><width>2.0</width></LineStyle><LabelStyle><scale>0.75</scale><color>9bffffff</color></LabelStyle></Style><Style id="s_73_6"><IconStyle><color>ff0acccc</color><scale>0.75</scale><Icon><href>http://maps.google.com/mapfiles/kml/shapes/donut.png</href></Icon></IconStyle><LineStyle><color>ff0acccc</color><width>2.0</width></LineStyle><LabelStyle><scale>0.75</scale><color>9bffffff</color></LabelStyle></Style><Style id="s_73_7"><IconStyle><color>ff0ac6c6</color><scale>0.75</scale><Icon><href>http://maps.google.com/mapfiles/kml/shapes/square.png</href></Icon></IconStyle><LineStyle><color>ff0ac6c6</color><width>2.0</width></LineStyle><LabelStyle><scale>0.75</scale><color>9bffffff</color></LabelStyle></Style><Style id="s_73_8"><IconStyle><color>ff0abfbf</color><scale>0.75</scale><Icon><href>http://maps.google.com/mapfiles/kml/shapes/placemark_circle.png</href></Icon></IconStyle><LineStyle><color>ff0abfbf</color><width>2.0</width></LineStyle><LabelStyle><scale>0.75</scale><color>9bffffff</color></LabelStyle></Style><Style id="s_73_9"><IconStyle><color>ff09b9b9</color><scale>0.75</scale><Icon><href>http://maps.google.com/mapfiles/kml/shapes/placemark_square.png</href></Icon></IconStyle><LineStyle><color>ff09b9b9</color><width>2.0</width></LineStyle><LabelStyle><scale>0.75</scale><color>9bffffff</color></LabelStyle></Style><Style id="s_73_10"><IconStyle><color>ff09b2b2</color><scale>0.75</scale><Icon><href>http://maps.google.com/mapfiles/kml/shapes/polygon.png</href></Icon></IconStyle><LineStyle><color>ff09b2b2</color><width>2.0</width></LineStyle><LabelStyle><scale>0.75</scale><color>9bffffff</color></LabelStyle></Style><Folder><name>E→W</name><Placemark><name>E W 0</name><styleUrl>#s_74_0</styleUrl><ExtendedData><Data name="bin"><value>EW</value></Data><Data name="azimuth_deg"><value>-89.8101</value></Data><Data name="dist_to_target_m"><value>22828.746</value></Data></ExtendedData><Point><coordinates>-76.909166000,38.892860000,0</coordinates></Point></Placemark><Placemark><name>E W 0 pointer</name><styleUrl>#s_74_0</styleUrl><LineString><tessellate>1</tessellate><coordinates>-76.909166000,38.892860000,0 -76.912623920,38.892868904,0</coordinates></LineString></Placemark><Placemark><name>E W 1</name><styleUrl>#s_74_1</styleUrl><ExtendedData><Data name="bin"><value>EW</value></Data><Data name="azimuth_deg"><value>-89.8266</value></Data><Data name="dist_to_target_m"><value>20552.746</value></Data></ExtendedData><Point><coordinates>-76.935400107,38.892924996,0</coordinates></Point></Placemark><Placemark><name>E W 1 pointer</name><styleUrl>#s_74_1</styleUrl><LineString><tessellate>1</tessellate><coordinates>-76.935400107,38.892924996,0 -76.938858033,38.892933124,0</coordinates></LineString></Placemark><Placemark><name>E W 2</name><styleUrl>#s_74_2</styleUrl><ExtendedData><Data name="bin"><value>EW</value></Data><Data name="azimuth_deg"><value>-89.8431</value></Data><Data name="dist_to_target_m"><value>18276.746</value></Data></ExtendedData><Point><coordinates>-76.961634259,38.892984098,0</coordinates></Point></Placemark><Placemark><name>E W 2 pointer</name><styleUrl>#s_74_2</styleUrl><LineString><tessellate>1</tessellate><coordinates>-76.961634259,38.892984098,0 -76.965092191,38.892991449,0</coordinates></LineString></Placemark><Placemark><name>E W 3</name><styleUrl>#s_74_3</styleUrl><ExtendedData><Data name="bin"><value>EW</value></Data><Data name="azimuth_deg"><value>-89.8595</value></Data><Data name="dist_to_target_m"><value>16000.746</value></Data></ExtendedData><Point><coordinates>-76.987868452,38.893037306,0</coordinates></Point></Placemark><Placemark><name>E W 3 pointer</name><styleUrl>#s_74_3</styleUrl><LineString><tessellate>1</tessellate><coordinates>-76.987868452,38.893037306,0 -76.991326389,38.893043880,0</coordinates></LineString></Placemark><Placemark><name>E W 4</name><styleUrl>#s_74_4</styleUrl><ExtendedData><Data name="bin"><value>EW</value></Data><Data name="azimuth_deg"><value>-89.8760</value></Data><Data name="dist_to_target_m"><value>13724.746</value></Data></ExtendedData><Point><coordinates>-77.014102683,38.893084620,0</coordinates></Point></Placemark><Placemark><name>E W 4 pointer</name><styleUrl>#s_74_4</styleUrl><LineString><tessellate>1</tessellate><coordinates>-77.014102683,38.893084620,0 -77.017560624,38.893090417,0</coordinates></LineString></Placemark><Placemark><name>E W 5</name><styleUrl>#s_74_5</styleUrl><ExtendedData><Data name="bin"><value>EW</value></Data><Data name="azimuth_deg"><value>-89.8925</value></Data><Data name="dist_to_target_m"><value>11448.746</value></Data></ExtendedData><Point><coordinates>-77.040336946,38.893126041,0</coordinates></Point></Placemark><Placemark><name>E W 5 pointer</name><styleUrl>#s_74_5</styleUrl><LineString><tessellate>1</tessellate><coordinates>-77.040336946,38.893126041,0 -77.043794891,38.893131061,0</coordinates></LineString></Placemark><Placemark><name>E W 6</name><styleUrl>#s_74_6</styleUrl><ExtendedData><Data name="bin"><value>EW</value></Data><Data name="azimuth_deg"><value>-89.9090</value></Data><Data name="dist_to_target_m"><value>9172.746</value></Data></ExtendedData><Point><coordinates>-77.066571237,38.893161567,0</coordinates></Point></Placemark><Placemark><name>E W 6 pointer</name><styleUrl>#s_74_6</styleUrl><LineString><tessellate>1</tessellate><coordinates>-77.066571237,38.893161567,0 -77.070029186,38.893165810,0</coordinates></LineString></Placemark><Placemark><name>E W 7</name><styleUrl>#s_74_7</styleUrl><ExtendedData><Data name="bin"><value>EW</value></Data><Data name="azimuth_deg"><value>-89.9254</value></Data><Data name="dist_to_target_m"><value>6896.746</value></Data></ExtendedData><Point><coordinates>-77.092805553,38.893191199,0</coordinates></Point></Placemark><Placemark><name>E W 7 pointer</name><styleUrl>#s_74_7</styleUrl><LineString><tessellate>1</tessellate><coordinates>-77.092805553,38.893191199,0 -77.096263504,38.893194665,0</coordinates></LineString></Placemark><Placemark><name>E W 8</name><styleUrl>#s_74_8</styleUrl><ExtendedData><Data name="bin"><value>EW</value></Data><Data name="azimuth_deg"><value>-89.9419</value></Data><Data name="dist_to_target_m"><value>4620.746</value></Data></ExtendedData><Point><coordinates>-77.119039888,38.893214937,0</coordinates></Point></Placemark><Placemark><name>E W 8 pointer</name><styleUrl>#s_74_8</styleUrl><LineString><tessellate>1</tessellate><coordinates>-77.119039888,38.893214937,0 -77.121702942,38.893217017,0</coordinates></LineString></Placemark><Placemark><name>E W 9</name><styleUrl>#s_74_9</styleUrl><ExtendedData><Data name="bin"><value>EW</value></Data><Data name="azimuth_deg"><value>-89.9584</value></Data><Data name="dist_to_target_m"><value>2344.746</value></Data></ExtendedData><Point><coordinates>-77.145274238,38.893232781,0</coordinates></Point></Placemark><Placemark><name>E W 9 pointer</name><styleUrl>#s_74_9</styleUrl><LineString><tessellate>1</tessellate><coordinates>-77.145274238,38.893232781,0 -77.146625576,38.893233540,0</coordinates></LineString></Placemark><Placemark><name>E W 10</name><styleUrl>#s_74_10</styleUrl><ExtendedData><Data name="bin"><value>EW</value></Data><Data name="azimuth_deg"><value>-89.9748</value></Data><Data name="dist_to_target_m"><value>0.000</value></Data></ExtendedData><Point><coordinates>-77.172301000,38.893245000,0</coordinates></Point></Placemark></Folder><Style id="s_74_0"><IconStyle><color>ff0cf27f</color><scale>0.75</scale><Icon><href>http://maps.google.com/mapfiles/kml/shapes/star.png</href></Icon></IconStyle><LineStyle><color>ff0cf27f</color><width>2.0</width></LineStyle><LabelStyle><scale>0.75</scale><color>9bffffff</color></LabelStyle></Style><Style id="s_74_1"><IconStyle><color>ff0cec7c</color><scale>0.75</scale><Icon><href>http://maps.google.com/mapfiles/kml/shapes/triangle.png</href></Icon></IconStyle><LineStyle><color>ff0cec7c</color><width>2.0</width></LineStyle><LabelStyle><scale>0.75</scale><color>9bffffff</color></LabelStyle></Style><Style id="s_74_2"><IconStyle><color>ff0be578</color><scale>0.75</scale><Icon><href>http://maps.google.com/mapfiles/kml/shapes/cross-hairs.png</href></Icon></IconStyle><LineStyle><color>ff0be578</color><width>2.0</width></LineStyle><LabelStyle><scale>0.75</scale><color>9bffffff</color></LabelStyle></Style><Style id="s_74_3"><IconStyle><color>ff0bdf75</color><scale>0.75</scale><Icon><href>http://maps.google.com/mapfiles/kml/shapes/target.png</href></Icon></IconStyle><LineStyle><color>ff0bdf75</color><width>2.0</width></LineStyle><LabelStyle><scale>0.75</scale><color>9bffffff</color></LabelStyle></Style><Style id="s_74_4"><IconStyle><color>ff0bd972</color><scale>0.75</scale><Icon><href>http://maps.google.com/mapfiles/kml/shapes/open-diamond.png</href></Icon></IconStyle><LineStyle><color>ff0bd972</color><width>2.0</width></LineStyle><LabelStyle><scale>0.75</scale><color>9bffffff</color></LabelStyle></Style><Style id="s_74_5"><IconStyle><color>ff0bd26e</color><scale>0.75</scale><Icon><href>http://maps.google.com/mapfiles/kml/shapes/shaded_dot.png</href></Icon></IconStyle><LineStyle><color>ff0bd26e</color><width>2.0</width></LineStyle><LabelStyle><scale>0.75</scale><color>9bffffff</color></LabelStyle></Style><Style id="s_74_6"><IconStyle><color>ff0acc6b</color><scale>0.75</scale><Icon><href>http://maps.google.com/mapfiles/kml/shapes/donut.png</href></Icon></IconStyle><LineStyle><color>ff0acc6b</color><width>2.0</width></LineStyle><LabelStyle><scale>0.75</scale><color>9bffffff</color></LabelStyle></Style><Style id="s_74_7"><IconStyle><color>ff0ac668</color><scale>0.75</scale><Icon><href>http://maps.google.com/mapfiles/kml/shapes/square.png</href></Icon></IconStyle><LineStyle><color>ff0ac668</color><width>2.0</width></LineStyle><LabelStyle><scale>0.75</scale><color>9bffffff</color></LabelStyle></Style><Style id="s_74_8"><IconStyle><color>ff0abf64</color><scale>0.75</scale><Icon><href>http://maps.google.com/mapfiles/kml/shapes/placemark_circle.png</href></Icon></IconStyle><LineStyle><color>ff0abf64</color><width>2.0</width></LineStyle><LabelStyle><scale>0.75</scale><color>9bffffff</color></LabelStyle></Style><Style id="s_74_9"><IconStyle><color>ff09b961</color><scale>0.75</scale><Icon><href>http://maps.google.com/mapfiles/kml/shapes/placemark_square.png</href></Icon></IconStyle><LineStyle><color>ff09b961</color><width>2.0</width></LineStyle><LabelStyle><scale>0.75</scale><color>9bffffff</color></LabelStyle></Style><Style id="s_74_10"><IconStyle><color>ff09b25e</color><scale>0.75</scale><Icon><href>http://maps.google.com/mapfiles/kml/shapes/polygon.png</href></Icon></IconStyle><LineStyle><color>ff09b25e</color><width>2.0</width></LineStyle><LabelStyle><scale>0.75</scale><color>9bffffff</color></LabelStyle></Style><Folder><name>W→E</name><Placemark><name>W E 0</name><styleUrl>#s_75_0</styleUrl><ExtendedData><Data name="bin"><value>WE</value></Data><Data name="azimuth_deg"><value>90.0247</value></Data><Data name="dist_to_target_m"><value>22828.746</value></Data></ExtendedData><Point><coordinates>-77.172301000,38.893245000,0</coordinates></Point></Placemark><Placemark><name>W E 0 pointer</name><styleUrl>#s_75_0</styleUrl><LineString><tessellate>1</tessellate><coordinates>-77.172301000,38.893245000,0 -77.168843043,38.893243786,0</coordinates></LineString></Placemark><Placemark><name>W E 1</name><styleUrl>#s_75_1</styleUrl><ExtendedData><Data name="bin"><value>WE</value></Data><Data name="azimuth_deg"><value>90.0411</value></Data><Data name="dist_to_target_m"><value>20552.746</value></Data></ExtendedData><Point><coordinates>-77.146066638,38.893233228,0</coordinates></Point></Placemark><Placemark><name>W E 1 pointer</name><styleUrl>#s_75_1</styleUrl><LineString><tessellate>1</tessellate><coordinates>-77.146066638,38.893233228,0 -77.142608683,38.893231237,0</coordinates></LineString></Placemark><Placemark><name>W E 2</name><styleUrl>#s_75_2</styleUrl><ExtendedData><Data name="bin"><value>WE</value></Data><Data name="azimuth_deg"><value>90.0576</value></Data><Data name="dist_to_target_m"><value>18276.746</value></Data></ExtendedData><Point><coordinates>-77.119832288,38.893215562,0</coordinates></Point></Placemark><Placemark><name>W E 2 pointer</name><styleUrl>#s_75_2</styleUrl><LineString><tessellate>1</tessellate><coordinates>-77.119832288,38.893215562,0 -77.116374334,38.893212794,0</coordinates></LineString></Placemark><Placemark><name>W E 3</name><styleUrl>#s_75_3</styleUrl><ExtendedData><Data name="bin"><value>WE</value></Data><Data name="azimuth_deg"><value>90.0741</value></Data><Data name="dist_to_target_m"><value>16000.746</value></Data></ExtendedData><Point><coordinates>-77.093597952,38.893192002,0</coordinates></Point></Placemark><Placemark><name>W E 3 pointer</name><styleUrl>#s_75_3</styleUrl><LineString><tessellate>1</tessellate><coordinates>-77.093597952,38.893192002,0 -77.090140001,38.893188457,0</coordinates></LineString></Placemark><Placemark><name>W E 4</name><styleUrl>#s_75_4</styleUrl><ExtendedData><Data name="bin"><value>WE</value></Data><Data name="azimuth_deg"><value>90.0905</value></Data><Data name="dist_to_target_m"><value>13724.746</value></Data></ExtendedData><Point><coordinates>-77.067363636,38.893162548,0</coordinates></Point></Placemark><Placemark><name>W E 4 pointer</name><styleUrl>#s_75_4</styleUrl><LineString><tessellate>1</tessellate><coordinates>-77.067363636,38.893162548,0 -77.063905687,38.893158226,0</coordinates></LineString></Placemark><Placemark><name>W E 5</name><styleUrl>#s_75_5</styleUrl><ExtendedData><Data name="bin"><value>WE</value></Data><Data name="azimuth_deg"><value>90.1070</value></Data><Data name="dist_to_target_m"><value>11448.746</value></Data></ExtendedData><Point><coordinates>-77.041129344,38.893127200,0</coordinates></Point></Placemark><Placemark><name>W E 5 pointer</name><styleUrl>#s_75_5</styleUrl><LineString><tessellate>1</tessellate><coordinates>-77.041129344,38.893127200,0 -77.037671399,38.893122101,0</coordinates></LineString></Placemark><Placemark><name>W E 6</name><styleUrl>#s_75_6</styleUrl><ExtendedData><Data name="bin"><value>WE</value></Data><Data name="azimuth_deg"><value>90.1235</value></Data><Data name="dist_to_target_m"><value>9172.746</value></Data></ExtendedData><Point><coordinates>-77.014895080,38.893085958,0</coordinates></Point></Placemark><Placemark><name>W E 6 pointer</name><styleUrl>#s_75_6</styleUrl><LineString><tessellate>1</tessellate><coordinates>-77.014895080,38.893085958,0 -77.011437139,38.893080082,0</coordinates></LineString></Placemark><Placemark><name>W E 7</name><styleUrl>#s_75_7</styleUrl><ExtendedData><Data name="bin"><value>WE</value></Data><Data name="azimuth_deg"><value>90.1400</value></Data><Data name="dist_to_target_m"><value>6896.746</value></Data></ExtendedData><Point><coordinates>-76.988660848,38.893038822,0</coordinates></Point></Placemark><Placemark><name>W E 7 pointer</name><styleUrl>#s_75_7</styleUrl><LineString><tessellate>1</tessellate><coordinates>-76.988660848,38.893038822,0 -76.985202912,38.893032169,0</coordinates></LineString></Placemark><Placemark><name>W E 8</name><styleUrl>#s_75_8</styleUrl><ExtendedData><Data name="bin"><value>WE</value></Data><Data name="azimuth_deg"><value>90.1564</value></Data><Data name="dist_to_target_m"><value>4620.746</value></Data></ExtendedData><Point><coordinates>-76.962426654,38.892985792,0</coordinates></Point></Placemark><Placemark><name>W E 8 pointer</name><styleUrl>#s_75_8</styleUrl><LineString><tessellate>1</tessellate><coordinates>-76.962426654,38.892985792,0 -76.959763617,38.892980079,0</coordinates></LineString></Placemark><Placemark><name>W E 9</name><styleUrl>#s_75_9</styleUrl><ExtendedData><Data name="bin"><value>WE</value></Data><Data name="azimuth_deg"><value>90.1729</value></Data><Data name="dist_to_target_m"><value>2344.746</value></Data></ExtendedData><Point><coordinates>-76.936192500,38.892926868,0</coordinates></Point></Placemark><Placemark><name>W E 9 pointer</name><styleUrl>#s_75_9</styleUrl><LineString><tessellate>1</tessellate><coordinates>-76.936192500,38.892926868,0 -76.934841174,38.892923673,0</coordinates></LineString></Placemark><Placemark><name>W E 10</name><styleUrl>#s_75_10</styleUrl><ExtendedData><Data name="bin"><value>WE</value></Data><Data name="azimuth_deg"><value>90.1894</value></Data><Data name="dist_to_target_m"><value>0.000</value></Data></ExtendedData><Point><coordinates>-76.909166000,38.892860000,0</coordinates></Point></Placemark></Folder><Style id="s_75_0"><IconStyle><color>ff0c7ff2</color><scale>0.75</scale><Icon><href>http://maps.google.com/mapfiles/kml/shapes/star.png</href></Icon></IconStyle><LineStyle><color>ff0c7ff2</color><width>2.0</width></LineStyle><LabelStyle><scale>0.75</scale><color>9bffffff</color></LabelStyle></Style><Style id="s_75_1"><IconStyle><color>ff0c7cec</color><scale>0.75</scale><Icon><href>http://maps.google.com/mapfiles/kml/shapes/triangle.png</href></Icon></IconStyle><LineStyle><color>ff0c7cec</color><width>2.0</width></LineStyle><LabelStyle><scale>0.75</scale><color>9bffffff</color></LabelStyle></Style><Style id="s_75_2"><IconStyle><color>ff0b78e5</color><scale>0.75</scale><Icon><href>http://maps.google.com/mapfiles/kml/shapes/cross-hairs.png</href></Icon></IconStyle><LineStyle><color>ff0b78e5</color><width>2.0</width></LineStyle><LabelStyle><scale>0.75</scale><color>9bffffff</color></LabelStyle></Style><Style id="s_75_3"><IconStyle><color>ff0b75df</color><scale>0.75</scale><Icon><href>http://maps.google.com/mapfiles/kml/shapes/target.png</href></Icon></IconStyle><LineStyle><color>ff0b75df</color><width>2.0</width></LineStyle><LabelStyle><scale>0.75</scale><color>9bffffff</color></LabelStyle></Style><Style id="s_75_4"><IconStyle><color>ff0b72d9</color><scale>0.75</scale><Icon><href>http://maps.google.com/mapfiles/kml/shapes/open-diamond.png</href></Icon></IconStyle><LineStyle><color>ff0b72d9</color><width>2.0</width></LineStyle><LabelStyle><scale>0.75</scale><color>9bffffff</color></LabelStyle></Style><Style id="s_75_5"><IconStyle><color>ff0b6ed2</color><scale>0.75</scale><Icon><href>http://maps.google.com/mapfiles/kml/shapes/shaded_dot.png</href></Icon></IconStyle><LineStyle><color>ff0b6ed2</color><width>2.0</width></LineStyle><LabelStyle><scale>0.75</scale><color>9bffffff</color></LabelStyle></Style><Style id="s_75_6"><IconStyle><color>ff0a6bcc</color><scale>0.75</scale><Icon><href>http://maps.google.com/mapfiles/kml/shapes/donut.png</href></Icon></IconStyle><LineStyle><color>ff0a6bcc</color><width>2.0</width></LineStyle><LabelStyle><scale>0.75</scale><color>9bffffff</color></LabelStyle></Style><Style id="s_75_7"><IconStyle><color>ff0a68c6</color><scale>0.75</scale><Icon><href>http://maps.google.com/mapfiles/kml/shapes/square.png</href></Icon></IconStyle><LineStyle><color>ff0a68c6</color><width>2.0</width></LineStyle><LabelStyle><scale>0.75</scale><color>9bffffff</color></LabelStyle></Style><Style id="s_75_8"><IconStyle><color>ff0a64bf</color><scale>0.75</scale><Icon><href>http://maps.google.com/mapfiles/kml/shapes/placemark_circle.png</href></Icon></IconStyle><LineStyle><color>ff0a64bf</color><width>2.0</width></LineStyle><LabelStyle><scale>0.75</scale><color>9bffffff</color></LabelStyle></Style><Style id="s_75_9"><IconStyle><color>ff0961b9</color><scale>0.75</scale><Icon><href>http://maps.google.com/mapfiles/kml/shapes/placemark_square.png</href></Icon></IconStyle><LineStyle><color>ff0961b9</color><width>2.0</width></LineStyle><LabelStyle><scale>0.75</scale><color>9bffffff</color></LabelStyle></Style><Style id="s_75_10"><IconStyle><color>ff095eb2</color><scale>0.75</scale><Icon><href>http://maps.google.com/mapfiles/kml/shapes/polygon.png</href></Icon></IconStyle><LineStyle><color>ff095eb2</color><width>2.0</width></LineStyle><LabelStyle><scale>0.75</scale><color>9bffffff</color></LabelStyle></Style></Document></kml>