<?xml version="1.0" encoding="UTF-8"?>
<kml xmlns="http://www.opengis.net/kml/2.2" xmlns:gx="http://www.google.com/kml/ext/2.2" xmlns:kml="http://www.opengis.net/kml/2.2" xmlns:atom="http://www.w3.org/2005/Atom">
<Document>
	<name>JiggleSmallz.kml</name>
	<Schema name="centerpnts" id="S_centerpnts_SDD0">
		<SimpleField type="string" name="LOC"><displayName>&lt;b&gt;LOC&lt;/b&gt;</displayName>
</SimpleField>
		<SimpleField type="double" name="LAT"><displayName>&lt;b&gt;LAT&lt;/b&gt;</displayName>
</SimpleField>
		<SimpleField type="double" name="LON"><displayName>&lt;b&gt;LON&lt;/b&gt;</displayName>
</SimpleField>
	</Schema>
	<Schema name="trypoints" id="S_trypoints_SDDD0">
		<SimpleField type="string" name="LOC"><displayName>&lt;b&gt;LOC&lt;/b&gt;</displayName>
</SimpleField>
		<SimpleField type="double" name="LAT"><displayName>&lt;b&gt;LAT&lt;/b&gt;</displayName>
</SimpleField>
		<SimpleField type="double" name="LON"><displayName>&lt;b&gt;LON&lt;/b&gt;</displayName>
</SimpleField>
		<SimpleField type="double" name="ALT"><displayName>&lt;b&gt;ALT&lt;/b&gt;</displayName>
</SimpleField>
	</Schema>
	<Schema name="updates" id="S_updates_SDD">
		<SimpleField type="string" name="LOC"><displayName>&lt;b&gt;LOC&lt;/b&gt;</displayName>
</SimpleField>
		<SimpleField type="double" name="LAT"><displayName>&lt;b&gt;LAT&lt;/b&gt;</displayName>
</SimpleField>
		<SimpleField type="double" name="LON"><displayName>&lt;b&gt;LON&lt;/b&gt;</displayName>
</SimpleField>
	</Schema>
	<Schema name="vertices" id="S_vertices_SDD0">
		<SimpleField type="string" name="V"><displayName>&lt;b&gt;V&lt;/b&gt;</displayName>
</SimpleField>
		<SimpleField type="double" name="Lat"><displayName>&lt;b&gt;Lat&lt;/b&gt;</displayName>
</SimpleField>
		<SimpleField type="double" name="Lon"><displayName>&lt;b&gt;Lon&lt;/b&gt;</displayName>
</SimpleField>
	</Schema>
	<Style id="hlightPointStyle30">
		<IconStyle>
			<color>f2000000</color>
			<scale>0.8</scale>
			<Icon>
				<href>http://maps.google.com/mapfiles/kml/shapes/open-diamond.png</href>
			</Icon>
		</IconStyle>
		<LabelStyle>
			<color>e6ffffff</color>
			<scale>0.7</scale>
		</LabelStyle>
		<LineStyle>
			<color>ffd5ffff</color>
			<width>3</width>
		</LineStyle>
	</Style>
	<Style id="hlightPointStyle5">
		<IconStyle>
			<color>e6ffffff</color>
			<scale>0.8</scale>
			<Icon>
				<href>http://maps.google.com/mapfiles/kml/shapes/placemark_circle_highlight.png</href>
			</Icon>
		</IconStyle>
		<LabelStyle>
			<color>ccffffff</color>
			<scale>0.7</scale>
		</LabelStyle>
		<BalloonStyle>
			<text><![CDATA[<table border="0">
  <tr><td><b>LOC</b></td><td>$[updates/LOC]</td></tr>
  <tr><td><b>LAT</b></td><td>$[updates/LAT]</td></tr>
  <tr><td><b>LON</b></td><td>$[updates/LON]</td></tr>
</table>]]></text>
		</BalloonStyle>
		<LineStyle>
			<width>2.5</width>
		</LineStyle>
	</Style>
	<StyleMap id="msn_cross-hairs">
		<Pair>
			<key>normal</key>
			<styleUrl>#sn_cross-hairs</styleUrl>
		</Pair>
		<Pair>
			<key>highlight</key>
			<styleUrl>#sh_cross-hairs_highlight</styleUrl>
		</Pair>
	</StyleMap>
	<StyleMap id="msn_cross-hairs0">
		<Pair>
			<key>normal</key>
			<styleUrl>#sn_cross-hairs01</styleUrl>
		</Pair>
		<Pair>
			<key>highlight</key>
			<styleUrl>#sh_cross-hairs_highlight3</styleUrl>
		</Pair>
	</StyleMap>
	<StyleMap id="msn_ltblu-square">
		<Pair>
			<key>normal</key>
			<styleUrl>#sn_ltblu-square</styleUrl>
		</Pair>
		<Pair>
			<key>highlight</key>
			<styleUrl>#sh_ltblu-square</styleUrl>
		</Pair>
	</StyleMap>
	<StyleMap id="msn_ltblu-stars">
		<Pair>
			<key>normal</key>
			<styleUrl>#sn_ltblu-stars</styleUrl>
		</Pair>
		<Pair>
			<key>highlight</key>
			<styleUrl>#sh_ltblu-stars</styleUrl>
		</Pair>
	</StyleMap>
	<StyleMap id="msn_placemark_circle030">
		<Pair>
			<key>normal</key>
			<styleUrl>#sn_placemark_circle23</styleUrl>
		</Pair>
		<Pair>
			<key>highlight</key>
			<styleUrl>#sh_placemark_circle_highlight00</styleUrl>
		</Pair>
	</StyleMap>
	<StyleMap id="msn_placemark_circle1323">
		<Pair>
			<key>normal</key>
			<styleUrl>#sn_placemark_circle104103</styleUrl>
		</Pair>
		<Pair>
			<key>highlight</key>
			<styleUrl>#sh_placemark_circle_highlight15602</styleUrl>
		</Pair>
	</StyleMap>
	<StyleMap id="msn_placemark_circle13230">
		<Pair>
			<key>normal</key>
			<styleUrl>#sn_placemark_circle10410</styleUrl>
		</Pair>
		<Pair>
			<key>highlight</key>
			<styleUrl>#sh_placemark_circle_highlight15603</styleUrl>
		</Pair>
	</StyleMap>
	<StyleMap id="msn_placemark_circle13231">
		<Pair>
			<key>normal</key>
			<styleUrl>#sn_placemark_circle104101</styleUrl>
		</Pair>
		<Pair>
			<key>highlight</key>
			<styleUrl>#sh_placemark_circle_highlight15604</styleUrl>
		</Pair>
	</StyleMap>
	<StyleMap id="msn_placemark_circle13232">
		<Pair>
			<key>normal</key>
			<styleUrl>#sn_placemark_circle104100</styleUrl>
		</Pair>
		<Pair>
			<key>highlight</key>
			<styleUrl>#sh_placemark_circle_highlight15601</styleUrl>
		</Pair>
	</StyleMap>
	<StyleMap id="msn_placemark_circle13233">
		<Pair>
			<key>normal</key>
			<styleUrl>#sn_placemark_circle104102</styleUrl>
		</Pair>
		<Pair>
			<key>highlight</key>
			<styleUrl>#sh_placemark_circle_highlight1560</styleUrl>
		</Pair>
	</StyleMap>
	<StyleMap id="msn_placemark_circle15">
		<Pair>
			<key>normal</key>
			<styleUrl>#sn_placemark_circle2</styleUrl>
		</Pair>
		<Pair>
			<key>highlight</key>
			<styleUrl>#sh_placemark_circle_highlight8</styleUrl>
		</Pair>
	</StyleMap>
	<StyleMap id="msn_shaded_dot">
		<Pair>
			<key>normal</key>
			<styleUrl>#sn_shaded_dot</styleUrl>
		</Pair>
		<Pair>
			<key>highlight</key>
			<styleUrl>#sh_shaded_dot</styleUrl>
		</Pair>
	</StyleMap>
	<StyleMap id="msn_shaded_dot000">
		<Pair>
			<key>normal</key>
			<styleUrl>#sn_shaded_dot001</styleUrl>
		</Pair>
		<Pair>
			<key>highlight</key>
			<styleUrl>#sh_shaded_dot18</styleUrl>
		</Pair>
	</StyleMap>
	<StyleMap id="msn_shaded_dot02">
		<Pair>
			<key>normal</key>
			<styleUrl>#sn_shaded_dot26</styleUrl>
		</Pair>
		<Pair>
			<key>highlight</key>
			<styleUrl>#sh_shaded_dot42</styleUrl>
		</Pair>
	</StyleMap>
	<StyleMap id="msn_shaded_dot10">
		<Pair>
			<key>normal</key>
			<styleUrl>#sn_shaded_dot13</styleUrl>
		</Pair>
		<Pair>
			<key>highlight</key>
			<styleUrl>#sh_shaded_dot16</styleUrl>
		</Pair>
	</StyleMap>
	<StyleMap id="msn_shaded_dot100">
		<Pair>
			<key>normal</key>
			<styleUrl>#sn_shaded_dot5</styleUrl>
		</Pair>
		<Pair>
			<key>highlight</key>
			<styleUrl>#sh_shaded_dot22</styleUrl>
		</Pair>
	</StyleMap>
	<StyleMap id="msn_shaded_dot11">
		<Pair>
			<key>normal</key>
			<styleUrl>#sn_shaded_dot100</styleUrl>
		</Pair>
		<Pair>
			<key>highlight</key>
			<styleUrl>#sh_shaded_dot19</styleUrl>
		</Pair>
	</StyleMap>
	<StyleMap id="msn_shaded_dot12">
		<Pair>
			<key>normal</key>
			<styleUrl>#sn_shaded_dot8</styleUrl>
		</Pair>
		<Pair>
			<key>highlight</key>
			<styleUrl>#sh_shaded_dot120</styleUrl>
		</Pair>
	</StyleMap>
	<StyleMap id="msn_shaded_dot130">
		<Pair>
			<key>normal</key>
			<styleUrl>#sn_shaded_dot101</styleUrl>
		</Pair>
		<Pair>
			<key>highlight</key>
			<styleUrl>#sh_shaded_dot41</styleUrl>
		</Pair>
	</StyleMap>
	<StyleMap id="msn_shaded_dot14">
		<Pair>
			<key>normal</key>
			<styleUrl>#sn_shaded_dot14</styleUrl>
		</Pair>
		<Pair>
			<key>highlight</key>
			<styleUrl>#sh_shaded_dot30</styleUrl>
		</Pair>
	</StyleMap>
	<StyleMap id="msn_shaded_dot15">
		<Pair>
			<key>normal</key>
			<styleUrl>#sn_shaded_dot17</styleUrl>
		</Pair>
		<Pair>
			<key>highlight</key>
			<styleUrl>#sh_shaded_dot240</styleUrl>
		</Pair>
	</StyleMap>
	<StyleMap id="msn_shaded_dot17">
		<Pair>
			<key>normal</key>
			<styleUrl>#sn_shaded_dot020</styleUrl>
		</Pair>
		<Pair>
			<key>highlight</key>
			<styleUrl>#sh_shaded_dot100</styleUrl>
		</Pair>
	</StyleMap>
	<StyleMap id="msn_shaded_dot170">
		<Pair>
			<key>normal</key>
			<styleUrl>#sn_shaded_dot0200</styleUrl>
		</Pair>
		<Pair>
			<key>highlight</key>
			<styleUrl>#sh_shaded_dot1000</styleUrl>
		</Pair>
	</StyleMap>
	<StyleMap id="msn_shaded_dot20">
		<Pair>
			<key>normal</key>
			<styleUrl>#sn_shaded_dot16</styleUrl>
		</Pair>
		<Pair>
			<key>highlight</key>
			<styleUrl>#sh_shaded_dot8</styleUrl>
		</Pair>
	</StyleMap>
	<StyleMap id="msn_shaded_dot21">
		<Pair>
			<key>normal</key>
			<styleUrl>#sn_shaded_dot9</styleUrl>
		</Pair>
		<Pair>
			<key>highlight</key>
			<styleUrl>#sh_shaded_dot12</styleUrl>
		</Pair>
	</StyleMap>
	<StyleMap id="msn_shaded_dot23">
		<Pair>
			<key>normal</key>
			<styleUrl>#sn_shaded_dot210</styleUrl>
		</Pair>
		<Pair>
			<key>highlight</key>
			<styleUrl>#sh_shaded_dot0000</styleUrl>
		</Pair>
	</StyleMap>
	<StyleMap id="msn_shaded_dot230">
		<Pair>
			<key>normal</key>
			<styleUrl>#sn_shaded_dot2100</styleUrl>
		</Pair>
		<Pair>
			<key>highlight</key>
			<styleUrl>#sh_shaded_dot000</styleUrl>
		</Pair>
	</StyleMap>
	<StyleMap id="msn_shaded_dot26">
		<Pair>
			<key>normal</key>
			<styleUrl>#sn_shaded_dot22</styleUrl>
		</Pair>
		<Pair>
			<key>highlight</key>
			<styleUrl>#sh_shaded_dot11</styleUrl>
		</Pair>
	</StyleMap>
	<StyleMap id="msn_shaded_dot27">
		<Pair>
			<key>normal</key>
			<styleUrl>#sn_shaded_dot3</styleUrl>
		</Pair>
		<Pair>
			<key>highlight</key>
			<styleUrl>#sh_shaded_dot13</styleUrl>
		</Pair>
	</StyleMap>
	<StyleMap id="msn_shaded_dot29">
		<Pair>
			<key>normal</key>
			<styleUrl>#sn_shaded_dot4</styleUrl>
		</Pair>
		<Pair>
			<key>highlight</key>
			<styleUrl>#sh_shaded_dot7</styleUrl>
		</Pair>
	</StyleMap>
	<StyleMap id="msn_shaded_dot40">
		<Pair>
			<key>normal</key>
			<styleUrl>#sn_shaded_dot18</styleUrl>
		</Pair>
		<Pair>
			<key>highlight</key>
			<styleUrl>#sh_shaded_dot9</styleUrl>
		</Pair>
	</StyleMap>
	<StyleMap id="msn_shaded_dot50">
		<Pair>
			<key>normal</key>
			<styleUrl>#sn_shaded_dot240</styleUrl>
		</Pair>
		<Pair>
			<key>highlight</key>
			<styleUrl>#sh_shaded_dot00</styleUrl>
		</Pair>
	</StyleMap>
	<StyleMap id="msn_shaded_dot500">
		<Pair>
			<key>normal</key>
			<styleUrl>#sn_shaded_dot19</styleUrl>
		</Pair>
		<Pair>
			<key>highlight</key>
			<styleUrl>#sh_shaded_dot200</styleUrl>
		</Pair>
	</StyleMap>
	<StyleMap id="msn_shaded_dot6">
		<Pair>
			<key>normal</key>
			<styleUrl>#sn_shaded_dot02</styleUrl>
		</Pair>
		<Pair>
			<key>highlight</key>
			<styleUrl>#sh_shaded_dot31</styleUrl>
		</Pair>
	</StyleMap>
	<StyleMap id="msn_shaded_dot60">
		<Pair>
			<key>normal</key>
			<styleUrl>#sn_shaded_dot120</styleUrl>
		</Pair>
		<Pair>
			<key>highlight</key>
			<styleUrl>#sh_shaded_dot21</styleUrl>
		</Pair>
	</StyleMap>
	<StyleMap id="msn_shaded_dot61">
		<Pair>
			<key>normal</key>
			<styleUrl>#sn_shaded_dot11</styleUrl>
		</Pair>
		<Pair>
			<key>highlight</key>
			<styleUrl>#sh_shaded_dot40</styleUrl>
		</Pair>
	</StyleMap>
	<StyleMap id="msn_star0">
		<Pair>
			<key>normal</key>
			<styleUrl>#sn_star</styleUrl>
		</Pair>
		<Pair>
			<key>highlight</key>
			<styleUrl>#sh_star</styleUrl>
		</Pair>
	</StyleMap>
	<StyleMap id="msn_star01">
		<Pair>
			<key>normal</key>
			<styleUrl>#sn_star1</styleUrl>
		</Pair>
		<Pair>
			<key>highlight</key>
			<styleUrl>#sh_star2</styleUrl>
		</Pair>
	</StyleMap>
	<StyleMap id="msn_star30">
		<Pair>
			<key>normal</key>
			<styleUrl>#sn_star50</styleUrl>
		</Pair>
		<Pair>
			<key>highlight</key>
			<styleUrl>#sh_star1</styleUrl>
		</Pair>
	</StyleMap>
	<StyleMap id="msn_target">
		<Pair>
			<key>normal</key>
			<styleUrl>#sn_target</styleUrl>
		</Pair>
		<Pair>
			<key>highlight</key>
			<styleUrl>#sh_target</styleUrl>
		</Pair>
	</StyleMap>
	<StyleMap id="msn_target0">
		<Pair>
			<key>normal</key>
			<styleUrl>#sn_target2</styleUrl>
		</Pair>
		<Pair>
			<key>highlight</key>
			<styleUrl>#sh_target0</styleUrl>
		</Pair>
	</StyleMap>
	<StyleMap id="msn_target3">
		<Pair>
			<key>normal</key>
			<styleUrl>#sn_target3</styleUrl>
		</Pair>
		<Pair>
			<key>highlight</key>
			<styleUrl>#sh_target2</styleUrl>
		</Pair>
	</StyleMap>
	<StyleMap id="msn_track0">
		<Pair>
			<key>normal</key>
			<styleUrl>#sn_track00</styleUrl>
		</Pair>
		<Pair>
			<key>highlight</key>
			<styleUrl>#sh_track0</styleUrl>
		</Pair>
	</StyleMap>
	<StyleMap id="msn_triangle">
		<Pair>
			<key>normal</key>
			<styleUrl>#sn_triangle5</styleUrl>
		</Pair>
		<Pair>
			<key>highlight</key>
			<styleUrl>#sh_triangle</styleUrl>
		</Pair>
	</StyleMap>
	<StyleMap id="msn_triangle0">
		<Pair>
			<key>normal</key>
			<styleUrl>#sn_triangle</styleUrl>
		</Pair>
		<Pair>
			<key>highlight</key>
			<styleUrl>#sh_triangle2</styleUrl>
		</Pair>
	</StyleMap>
	<StyleMap id="msn_triangle01">
		<Pair>
			<key>normal</key>
			<styleUrl>#sn_triangle0</styleUrl>
		</Pair>
		<Pair>
			<key>highlight</key>
			<styleUrl>#sh_triangle4</styleUrl>
		</Pair>
	</StyleMap>
	<StyleMap id="msn_triangle03">
		<Pair>
			<key>normal</key>
			<styleUrl>#sn_triangle50</styleUrl>
		</Pair>
		<Pair>
			<key>highlight</key>
			<styleUrl>#sh_triangle3</styleUrl>
		</Pair>
	</StyleMap>
	<StyleMap id="msn_triangle1">
		<Pair>
			<key>normal</key>
			<styleUrl>#sn_triangle2</styleUrl>
		</Pair>
		<Pair>
			<key>highlight</key>
			<styleUrl>#sh_triangle0</styleUrl>
		</Pair>
	</StyleMap>
	<StyleMap id="msn_triangle10">
		<Pair>
			<key>normal</key>
			<styleUrl>#sn_triangle6</styleUrl>
		</Pair>
		<Pair>
			<key>highlight</key>
			<styleUrl>#sh_triangle01</styleUrl>
		</Pair>
	</StyleMap>
	<StyleMap id="msn_triangle3">
		<Pair>
			<key>normal</key>
			<styleUrl>#sn_triangle4</styleUrl>
		</Pair>
		<Pair>
			<key>highlight</key>
			<styleUrl>#sh_triangle6</styleUrl>
		</Pair>
	</StyleMap>
	<Style id="normPointStyle0">
		<IconStyle>
			<color>e6ffffff</color>
			<scale>0.8</scale>
			<Icon>
				<href>http://maps.google.com/mapfiles/kml/shapes/placemark_circle.png</href>
			</Icon>
		</IconStyle>
		<LabelStyle>
			<color>ccffffff</color>
			<scale>0.7</scale>
		</LabelStyle>
		<BalloonStyle>
			<text><![CDATA[<table border="0">
  <tr><td><b>LOC</b></td><td>$[updates/LOC]</td></tr>
  <tr><td><b>LAT</b></td><td>$[updates/LAT]</td></tr>
  <tr><td><b>LON</b></td><td>$[updates/LON]</td></tr>
</table>]]></text>
		</BalloonStyle>
		<LineStyle>
			<width>2.5</width>
		</LineStyle>
	</Style>
	<Style id="normPointStyle21">
		<IconStyle>
			<color>f2000000</color>
			<scale>0.8</scale>
			<Icon>
				<href>http://maps.google.com/mapfiles/kml/shapes/open-diamond.png</href>
			</Icon>
		</IconStyle>
		<LabelStyle>
			<color>e6ffffff</color>
			<scale>0.7</scale>
		</LabelStyle>
		<LineStyle>
			<color>ffd5ffff</color>
			<width>3</width>
		</LineStyle>
	</Style>
	<StyleMap id="pointStyleMap1">
		<Pair>
			<key>normal</key>
			<styleUrl>#normPointStyle0</styleUrl>
		</Pair>
		<Pair>
			<key>highlight</key>
			<styleUrl>#hlightPointStyle5</styleUrl>
		</Pair>
	</StyleMap>
	<StyleMap id="pointStyleMap2">
		<Pair>
			<key>normal</key>
			<styleUrl>#normPointStyle21</styleUrl>
		</Pair>
		<Pair>
			<key>highlight</key>
			<styleUrl>#hlightPointStyle30</styleUrl>
		</Pair>
	</StyleMap>
	<Style id="sh_cross-hairs_highlight">
		<IconStyle>
			<color>f20000ff</color>
			<scale>0.472727</scale>
			<Icon>
				<href>http://maps.google.com/mapfiles/kml/shapes/cross-hairs_highlight.png</href>
			</Icon>
		</IconStyle>
		<LabelStyle>
			<color>c9ffffff</color>
			<scale>0.5</scale>
		</LabelStyle>
		<LineStyle>
			<color>ccffffff</color>
			<width>0.5</width>
		</LineStyle>
	</Style>
	<Style id="sh_cross-hairs_highlight3">
		<IconStyle>
			<color>e6ffffff</color>
			<scale>0.945455</scale>
			<Icon>
				<href>http://maps.google.com/mapfiles/kml/shapes/triangle.png</href>
			</Icon>
		</IconStyle>
		<LabelStyle>
			<color>bfffffff</color>
			<scale>0.5</scale>
		</LabelStyle>
		<LineStyle>
			<color>ccffffff</color>
			<width>1.5</width>
		</LineStyle>
	</Style>
	<Style id="sh_ltblu-square">
		<IconStyle>
			<color>bfffffff</color>
			<scale>0.827275</scale>
			<Icon>
				<href>http://maps.google.com/mapfiles/kml/paddle/ltblu-square.png</href>
			</Icon>
			<hotSpot x="32" y="1" xunits="pixels" yunits="pixels"/>
		</IconStyle>
		<LabelStyle>
			<color>b3ffffff</color>
			<scale>0.5</scale>
		</LabelStyle>
		<ListStyle>
			<ItemIcon>
				<href>http://maps.google.com/mapfiles/kml/paddle/ltblu-square-lv.png</href>
			</ItemIcon>
		</ListStyle>
		<LineStyle>
			<color>e6ffb205</color>
			<width>2</width>
		</LineStyle>
	</Style>
	<Style id="sh_ltblu-stars">
		<IconStyle>
			<color>bfffffff</color>
			<scale>0.827275</scale>
			<Icon>
				<href>http://maps.google.com/mapfiles/kml/paddle/ltblu-stars.png</href>
			</Icon>
			<hotSpot x="32" y="1" xunits="pixels" yunits="pixels"/>
		</IconStyle>
		<LabelStyle>
			<color>b3ffffff</color>
			<scale>0.5</scale>
		</LabelStyle>
		<ListStyle>
			<ItemIcon>
				<href>http://maps.google.com/mapfiles/kml/paddle/ltblu-stars-lv.png</href>
			</ItemIcon>
		</ListStyle>
		<LineStyle>
			<color>d9ffb205</color>
			<width>2</width>
		</LineStyle>
	</Style>
	<Style id="sh_placemark_circle_highlight00">
		<IconStyle>
			<color>ffffff00</color>
			<colorMode>random</colorMode>
			<scale>0.6</scale>
			<Icon>
				<href>http://maps.google.com/mapfiles/kml/shapes/placemark_circle_highlight.png</href>
			</Icon>
		</IconStyle>
		<LabelStyle>
			<color>ccffffff</color>
			<scale>0.5</scale>
		</LabelStyle>
		<LineStyle>
			<color>ccffff00</color>
			<colorMode>random</colorMode>
			<width>0.5</width>
		</LineStyle>
		<PolyStyle>
			<colorMode>random</colorMode>
		</PolyStyle>
	</Style>
	<Style id="sh_placemark_circle_highlight1560">
		<IconStyle>
			<color>e60000ff</color>
			<scale>0.7</scale>
			<Icon>
				<href>http://maps.google.com/mapfiles/kml/shapes/star.png</href>
			</Icon>
		</IconStyle>
		<LabelStyle>
			<color>e6ffffff</color>
			<scale>0.7</scale>
		</LabelStyle>
		<LineStyle>
			<color>e6ffffff</color>
			<width>3</width>
		</LineStyle>
		<PolyStyle>
			<color>ffffaad2</color>
		</PolyStyle>
	</Style>
	<Style id="sh_placemark_circle_highlight15601">
		<IconStyle>
			<color>e60000ff</color>
			<scale>0.7</scale>
			<Icon>
				<href>http://maps.google.com/mapfiles/kml/shapes/star.png</href>
			</Icon>
		</IconStyle>
		<LabelStyle>
			<color>e6ffffff</color>
			<scale>0.7</scale>
		</LabelStyle>
		<LineStyle>
			<color>e6ffffff</color>
			<width>3</width>
		</LineStyle>
		<PolyStyle>
			<color>ffffaad2</color>
		</PolyStyle>
	</Style>
	<Style id="sh_placemark_circle_highlight15602">
		<IconStyle>
			<color>e60000ff</color>
			<scale>0.7</scale>
			<Icon>
				<href>http://maps.google.com/mapfiles/kml/shapes/star.png</href>
			</Icon>
		</IconStyle>
		<LabelStyle>
			<color>e6ffffff</color>
			<scale>0.7</scale>
		</LabelStyle>
		<LineStyle>
			<color>e6ffffff</color>
			<width>3</width>
		</LineStyle>
		<PolyStyle>
			<color>ffffaad2</color>
		</PolyStyle>
	</Style>
	<Style id="sh_placemark_circle_highlight15603">
		<IconStyle>
			<color>e60000ff</color>
			<scale>0.7</scale>
			<Icon>
				<href>http://maps.google.com/mapfiles/kml/shapes/star.png</href>
			</Icon>
		</IconStyle>
		<LabelStyle>
			<color>e6ffffff</color>
			<scale>0.7</scale>
		</LabelStyle>
		<LineStyle>
			<color>e6ffffff</color>
			<width>3</width>
		</LineStyle>
		<PolyStyle>
			<color>ffffaad2</color>
		</PolyStyle>
	</Style>
	<Style id="sh_placemark_circle_highlight15604">
		<IconStyle>
			<color>e60000ff</color>
			<scale>0.7</scale>
			<Icon>
				<href>http://maps.google.com/mapfiles/kml/shapes/star.png</href>
			</Icon>
		</IconStyle>
		<LabelStyle>
			<color>e6ffffff</color>
			<scale>0.7</scale>
		</LabelStyle>
		<LineStyle>
			<color>e6ffffff</color>
			<width>3</width>
		</LineStyle>
		<PolyStyle>
			<color>ffffaad2</color>
		</PolyStyle>
	</Style>
	<Style id="sh_placemark_circle_highlight8">
		<IconStyle>
			<color>f200ffff</color>
			<scale>0.7</scale>
			<Icon>
				<href>http://maps.google.com/mapfiles/kml/shapes/sunny.png</href>
			</Icon>
			<hotSpot x="0.5" y="0" xunits="fraction" yunits="fraction"/>
		</IconStyle>
		<LabelStyle>
			<color>ccffffff</color>
			<scale>0.6</scale>
		</LabelStyle>
		<LineStyle>
			<color>cc00ffff</color>
			<colorMode>random</colorMode>
			<width>2.5</width>
		</LineStyle>
		<PolyStyle>
			<colorMode>random</colorMode>
		</PolyStyle>
	</Style>
	<Style id="sh_shaded_dot">
		<IconStyle>
			<color>f2ffaaaa</color>
			<scale>0.709093</scale>
			<Icon>
				<href>http://maps.google.com/mapfiles/kml/shapes/shaded_dot.png</href>
			</Icon>
		</IconStyle>
		<LabelStyle>
			<color>b3ffffff</color>
			<scale>0.4</scale>
		</LabelStyle>
		<BalloonStyle>
		</BalloonStyle>
		<LineStyle>
			<color>ffffb205</color>
			<width>1.2</width>
		</LineStyle>
	</Style>
	<Style id="sh_shaded_dot00">
		<IconStyle>
			<color>f2ffff00</color>
			<scale>0.709093</scale>
			<Icon>
				<href>http://maps.google.com/mapfiles/kml/shapes/shaded_dot.png</href>
			</Icon>
		</IconStyle>
		<LabelStyle>
			<color>b3ffffff</color>
			<scale>0.4</scale>
		</LabelStyle>
		<LineStyle>
			<color>ffffb205</color>
			<width>1.2</width>
		</LineStyle>
	</Style>
	<Style id="sh_shaded_dot000">
		<IconStyle>
			<color>f200ff00</color>
			<scale>0.709093</scale>
			<Icon>
				<href>http://maps.google.com/mapfiles/kml/shapes/shaded_dot.png</href>
			</Icon>
		</IconStyle>
		<LabelStyle>
			<color>b3ffffff</color>
			<scale>0.4</scale>
		</LabelStyle>
		<LineStyle>
			<color>ffffb205</color>
			<width>1.2</width>
		</LineStyle>
	</Style>
	<Style id="sh_shaded_dot0000">
		<IconStyle>
			<color>f200ff00</color>
			<scale>0.709093</scale>
			<Icon>
				<href>http://maps.google.com/mapfiles/kml/shapes/shaded_dot.png</href>
			</Icon>
		</IconStyle>
		<LabelStyle>
			<color>b3ffffff</color>
			<scale>0.4</scale>
		</LabelStyle>
		<LineStyle>
			<color>ffffb205</color>
			<width>1.2</width>
		</LineStyle>
	</Style>
	<Style id="sh_shaded_dot100">
		<IconStyle>
			<color>ccffffaa</color>
			<scale>0.827275</scale>
			<Icon>
				<href>http://maps.google.com/mapfiles/kml/shapes/marina.png</href>
			</Icon>
			<hotSpot x="0.5" y="0" xunits="fraction" yunits="fraction"/>
		</IconStyle>
		<LabelStyle>
			<color>b3ffffff</color>
			<scale>0.4</scale>
		</LabelStyle>
		<LineStyle>
			<color>ffffb205</color>
			<width>1.2</width>
		</LineStyle>
	</Style>
	<Style id="sh_shaded_dot1000">
		<IconStyle>
			<color>f2ffff00</color>
			<scale>0.709093</scale>
			<Icon>
				<href>http://maps.google.com/mapfiles/kml/shapes/shaded_dot.png</href>
			</Icon>
		</IconStyle>
		<LabelStyle>
			<color>b3ffffff</color>
			<scale>0.4</scale>
		</LabelStyle>
		<LineStyle>
			<color>ffffb205</color>
			<width>1.2</width>
		</LineStyle>
	</Style>
	<Style id="sh_shaded_dot11">
		<IconStyle>
			<color>ffffff00</color>
			<scale>0.709093</scale>
			<Icon>
				<href>http://maps.google.com/mapfiles/kml/shapes/shaded_dot.png</href>
			</Icon>
		</IconStyle>
		<LabelStyle>
			<color>b3ffffff</color>
			<scale>0.4</scale>
		</LabelStyle>
		<LineStyle>
			<color>ffffb205</color>
			<width>1.2</width>
		</LineStyle>
	</Style>
	<Style id="sh_shaded_dot12">
		<IconStyle>
			<color>ff00ffff</color>
			<scale>0.709093</scale>
			<Icon>
				<href>http://maps.google.com/mapfiles/kml/shapes/shaded_dot.png</href>
			</Icon>
		</IconStyle>
		<LabelStyle>
			<color>b3ffffff</color>
			<scale>0.4</scale>
		</LabelStyle>
		<LineStyle>
			<color>ffffb205</color>
			<width>1.2</width>
		</LineStyle>
	</Style>
	<Style id="sh_shaded_dot120">
		<IconStyle>
			<color>f2ffff00</color>
			<scale>0.709093</scale>
			<Icon>
				<href>http://maps.google.com/mapfiles/kml/shapes/shaded_dot.png</href>
			</Icon>
		</IconStyle>
		<LabelStyle>
			<color>b3ffffff</color>
			<scale>0.4</scale>
		</LabelStyle>
		<LineStyle>
			<color>ffffb205</color>
			<width>1.2</width>
		</LineStyle>
	</Style>
	<Style id="sh_shaded_dot13">
		<IconStyle>
			<color>ff00ffff</color>
			<scale>0.709093</scale>
			<Icon>
				<href>http://maps.google.com/mapfiles/kml/shapes/shaded_dot.png</href>
			</Icon>
		</IconStyle>
		<LabelStyle>
			<color>b3ffffff</color>
			<scale>0.4</scale>
		</LabelStyle>
		<LineStyle>
			<color>ffffb205</color>
			<width>1.2</width>
		</LineStyle>
	</Style>
	<Style id="sh_shaded_dot16">
		<IconStyle>
			<color>f2ffff00</color>
			<scale>0.709093</scale>
			<Icon>
				<href>http://maps.google.com/mapfiles/kml/shapes/shaded_dot.png</href>
			</Icon>
		</IconStyle>
		<LabelStyle>
			<color>b3ffffff</color>
			<scale>0.4</scale>
		</LabelStyle>
		<LineStyle>
			<color>ffffb205</color>
			<width>1.2</width>
		</LineStyle>
	</Style>
	<Style id="sh_shaded_dot18">
		<IconStyle>
			<color>f2ffff00</color>
			<scale>0.709093</scale>
			<Icon>
				<href>http://maps.google.com/mapfiles/kml/shapes/shaded_dot.png</href>
			</Icon>
		</IconStyle>
		<LabelStyle>
			<color>b3ffffff</color>
			<scale>0.4</scale>
		</LabelStyle>
		<LineStyle>
			<color>ffffb205</color>
			<width>1.2</width>
		</LineStyle>
	</Style>
	<Style id="sh_shaded_dot19">
		<IconStyle>
			<color>ff00ffff</color>
			<scale>0.709093</scale>
			<Icon>
				<href>http://maps.google.com/mapfiles/kml/shapes/shaded_dot.png</href>
			</Icon>
		</IconStyle>
		<LabelStyle>
			<color>b3ffffff</color>
			<scale>0.4</scale>
		</LabelStyle>
		<LineStyle>
			<color>ffffb205</color>
			<width>1.2</width>
		</LineStyle>
	</Style>
	<Style id="sh_shaded_dot200">
		<IconStyle>
			<color>f2ffaaaa</color>
			<scale>0.709093</scale>
			<Icon>
				<href>http://maps.google.com/mapfiles/kml/shapes/shaded_dot.png</href>
			</Icon>
		</IconStyle>
		<LabelStyle>
			<color>b3ffffff</color>
			<scale>0.4</scale>
		</LabelStyle>
		<LineStyle>
			<color>ffffb205</color>
			<width>1.2</width>
		</LineStyle>
	</Style>
	<Style id="sh_shaded_dot21">
		<IconStyle>
			<color>f2ffff00</color>
			<scale>0.709093</scale>
			<Icon>
				<href>http://maps.google.com/mapfiles/kml/shapes/shaded_dot.png</href>
			</Icon>
		</IconStyle>
		<LabelStyle>
			<color>b3ffffff</color>
			<scale>0.4</scale>
		</LabelStyle>
		<LineStyle>
			<color>ffffb205</color>
			<width>1.2</width>
		</LineStyle>
	</Style>
	<Style id="sh_shaded_dot22">
		<IconStyle>
			<color>ff00ffff</color>
			<scale>0.709093</scale>
			<Icon>
				<href>http://maps.google.com/mapfiles/kml/shapes/shaded_dot.png</href>
			</Icon>
		</IconStyle>
		<LabelStyle>
			<color>b3ffffff</color>
			<scale>0.4</scale>
		</LabelStyle>
		<LineStyle>
			<color>ffffb205</color>
			<width>1.2</width>
		</LineStyle>
	</Style>
	<Style id="sh_shaded_dot240">
		<IconStyle>
			<color>f2ffff00</color>
			<scale>0.709093</scale>
			<Icon>
				<href>http://maps.google.com/mapfiles/kml/shapes/shaded_dot.png</href>
			</Icon>
		</IconStyle>
		<LabelStyle>
			<color>b3ffffff</color>
			<scale>0.4</scale>
		</LabelStyle>
		<LineStyle>
			<color>ffffb205</color>
			<width>1.2</width>
		</LineStyle>
	</Style>
	<Style id="sh_shaded_dot30">
		<IconStyle>
			<color>f200ff00</color>
			<scale>0.709093</scale>
			<Icon>
				<href>http://maps.google.com/mapfiles/kml/shapes/shaded_dot.png</href>
			</Icon>
		</IconStyle>
		<LabelStyle>
			<color>b3ffffff</color>
			<scale>0.4</scale>
		</LabelStyle>
		<LineStyle>
			<color>ffffb205</color>
			<width>1.2</width>
		</LineStyle>
	</Style>
	<Style id="sh_shaded_dot31">
		<IconStyle>
			<color>ff00ffff</color>
			<scale>0.709093</scale>
			<Icon>
				<href>http://maps.google.com/mapfiles/kml/shapes/shaded_dot.png</href>
			</Icon>
		</IconStyle>
		<LabelStyle>
			<color>b3ffffff</color>
			<scale>0.4</scale>
		</LabelStyle>
		<LineStyle>
			<color>ffffb205</color>
			<width>1.2</width>
		</LineStyle>
	</Style>
	<Style id="sh_shaded_dot40">
		<IconStyle>
			<color>f200ffff</color>
			<scale>0.709093</scale>
			<Icon>
				<href>http://maps.google.com/mapfiles/kml/shapes/shaded_dot.png</href>
			</Icon>
		</IconStyle>
		<LabelStyle>
			<color>b3ffffff</color>
			<scale>0.4</scale>
		</LabelStyle>
		<LineStyle>
			<color>ffffb205</color>
			<width>1.2</width>
		</LineStyle>
	</Style>
	<Style id="sh_shaded_dot41">
		<IconStyle>
			<color>f200ffff</color>
			<scale>0.709093</scale>
			<Icon>
				<href>http://maps.google.com/mapfiles/kml/shapes/shaded_dot.png</href>
			</Icon>
		</IconStyle>
		<LabelStyle>
			<color>b3ffffff</color>
			<scale>0.4</scale>
		</LabelStyle>
		<LineStyle>
			<color>ffffb205</color>
			<width>1.2</width>
		</LineStyle>
	</Style>
	<Style id="sh_shaded_dot42">
		<IconStyle>
			<color>f200ffff</color>
			<scale>0.709093</scale>
			<Icon>
				<href>http://maps.google.com/mapfiles/kml/shapes/shaded_dot.png</href>
			</Icon>
		</IconStyle>
		<LabelStyle>
			<color>b3ffffff</color>
			<scale>0.4</scale>
		</LabelStyle>
		<LineStyle>
			<color>ffffb205</color>
			<width>1.2</width>
		</LineStyle>
	</Style>
	<Style id="sh_shaded_dot7">
		<IconStyle>
			<color>f2ffff00</color>
			<scale>0.709093</scale>
			<Icon>
				<href>http://maps.google.com/mapfiles/kml/shapes/shaded_dot.png</href>
			</Icon>
		</IconStyle>
		<LabelStyle>
			<color>b3ffffff</color>
			<scale>0.4</scale>
		</LabelStyle>
		<LineStyle>
			<color>ffffb205</color>
			<width>1.2</width>
		</LineStyle>
	</Style>
	<Style id="sh_shaded_dot8">
		<IconStyle>
			<color>f200ffff</color>
			<scale>0.709093</scale>
			<Icon>
				<href>http://maps.google.com/mapfiles/kml/shapes/shaded_dot.png</href>
			</Icon>
		</IconStyle>
		<LabelStyle>
			<color>b3ffffff</color>
			<scale>0.4</scale>
		</LabelStyle>
		<LineStyle>
			<color>ffffb205</color>
			<width>1.2</width>
		</LineStyle>
	</Style>
	<Style id="sh_shaded_dot9">
		<IconStyle>
			<color>f200ffff</color>
			<scale>0.709093</scale>
			<Icon>
				<href>http://maps.google.com/mapfiles/kml/shapes/shaded_dot.png</href>
			</Icon>
		</IconStyle>
		<LabelStyle>
			<color>b3ffffff</color>
			<scale>0.4</scale>
		</LabelStyle>
		<LineStyle>
			<color>ffffb205</color>
			<width>1.2</width>
		</LineStyle>
	</Style>
	<Style id="sh_star">
		<IconStyle>
			<color>cc005500</color>
			<scale>0.827273</scale>
			<Icon>
				<href>http://maps.google.com/mapfiles/kml/shapes/star.png</href>
			</Icon>
		</IconStyle>
		<LabelStyle>
			<color>ccffffff</color>
			<scale>0.7</scale>
		</LabelStyle>
		<LineStyle>
			<width>2</width>
		</LineStyle>
	</Style>
	<Style id="sh_star1">
		<IconStyle>
			<color>cc005500</color>
			<scale>0.827273</scale>
			<Icon>
				<href>http://maps.google.com/mapfiles/kml/shapes/star.png</href>
			</Icon>
		</IconStyle>
		<LabelStyle>
			<color>ccffffff</color>
			<scale>0.7</scale>
		</LabelStyle>
		<LineStyle>
			<width>2</width>
		</LineStyle>
	</Style>
	<Style id="sh_star2">
		<IconStyle>
			<color>deff00ff</color>
			<scale>0.7</scale>
			<Icon>
				<href>http://maps.google.com/mapfiles/kml/shapes/star.png</href>
			</Icon>
		</IconStyle>
		<LabelStyle>
			<color>c9ffffff</color>
			<scale>0.5</scale>
		</LabelStyle>
		<LineStyle>
			<color>f2ff00ff</color>
		</LineStyle>
		<PolyStyle>
			<color>ff7f0000</color>
		</PolyStyle>
	</Style>
	<Style id="sh_target">
		<IconStyle>
			<color>e6ffffff</color>
			<scale>0.827273</scale>
			<Icon>
				<href>http://maps.google.com/mapfiles/kml/shapes/target.png</href>
			</Icon>
		</IconStyle>
		<LabelStyle>
			<color>c9ffffff</color>
			<scale>0.6</scale>
		</LabelStyle>
		<LineStyle>
			<color>e6ffffff</color>
			<width>2.5</width>
		</LineStyle>
	</Style>
	<Style id="sh_target0">
		<IconStyle>
			<color>bfffffff</color>
			<scale>0.709091</scale>
			<Icon>
				<href>http://maps.google.com/mapfiles/kml/shapes/target.png</href>
			</Icon>
		</IconStyle>
		<LabelStyle>
			<color>e0ffffff</color>
			<scale>0.7</scale>
		</LabelStyle>
		<LineStyle>
			<color>e6ffffff</color>
			<width>2.5</width>
		</LineStyle>
	</Style>
	<Style id="sh_target2">
		<IconStyle>
			<color>e6ffffff</color>
			<scale>0.827273</scale>
			<Icon>
				<href>http://maps.google.com/mapfiles/kml/shapes/target.png</href>
			</Icon>
		</IconStyle>
		<LabelStyle>
			<color>c9ffffff</color>
			<scale>0.6</scale>
		</LabelStyle>
		<LineStyle>
			<color>e6ffffff</color>
			<width>2</width>
		</LineStyle>
	</Style>
	<Style id="sh_track0">
		<IconStyle>
			<color>b3ffffff</color>
			<scale>0.945455</scale>
			<Icon>
				<href>http://maps.google.com/mapfiles/kml/shapes/track.png</href>
			</Icon>
			<hotSpot x="32" y="32" xunits="pixels" yunits="pixels"/>
		</IconStyle>
		<LabelStyle>
			<color>bfffffff</color>
			<scale>0.5</scale>
		</LabelStyle>
		<LineStyle>
			<color>ccffffff</color>
			<width>2.5</width>
		</LineStyle>
	</Style>
	<Style id="sh_triangle">
		<IconStyle>
			<color>e6ffffff</color>
			<scale>0.945455</scale>
			<Icon>
				<href>http://maps.google.com/mapfiles/kml/shapes/triangle.png</href>
			</Icon>
		</IconStyle>
		<LabelStyle>
			<color>bfffffff</color>
			<scale>0.5</scale>
		</LabelStyle>
		<LineStyle>
			<color>ccffffff</color>
			<width>1.5</width>
		</LineStyle>
	</Style>
	<Style id="sh_triangle0">
		<IconStyle>
			<color>e6ffffff</color>
			<scale>0.945455</scale>
			<Icon>
				<href>http://maps.google.com/mapfiles/kml/shapes/triangle.png</href>
			</Icon>
		</IconStyle>
		<LabelStyle>
			<color>bfffffff</color>
			<scale>0.5</scale>
		</LabelStyle>
		<LineStyle>
			<color>ccffffff</color>
			<width>1.5</width>
		</LineStyle>
	</Style>
	<Style id="sh_triangle01">
		<IconStyle>
			<color>e6ffffff</color>
			<scale>0.945455</scale>
			<Icon>
				<href>http://maps.google.com/mapfiles/kml/shapes/triangle.png</href>
			</Icon>
		</IconStyle>
		<LabelStyle>
			<color>bfffffff</color>
			<scale>0.5</scale>
		</LabelStyle>
		<LineStyle>
			<color>ccffffff</color>
			<width>1.5</width>
		</LineStyle>
	</Style>
	<Style id="sh_triangle2">
		<IconStyle>
			<color>e6ffaaff</color>
			<scale>0.827273</scale>
			<Icon>
				<href>http://maps.google.com/mapfiles/kml/shapes/triangle.png</href>
			</Icon>
		</IconStyle>
		<LabelStyle>
			<color>bfffffff</color>
			<scale>0.5</scale>
		</LabelStyle>
		<LineStyle>
			<color>f2ffaaff</color>
			<width>3.3</width>
		</LineStyle>
	</Style>
	<Style id="sh_triangle3">
		<IconStyle>
			<color>e6ffffff</color>
			<scale>0.945455</scale>
			<Icon>
				<href>http://maps.google.com/mapfiles/kml/shapes/triangle.png</href>
			</Icon>
		</IconStyle>
		<LabelStyle>
			<color>bfffffff</color>
			<scale>0.5</scale>
		</LabelStyle>
		<LineStyle>
			<color>ccffffff</color>
			<width>2.5</width>
		</LineStyle>
	</Style>
	<Style id="sh_triangle4">
		<IconStyle>
			<color>e6ffffff</color>
			<scale>0.945455</scale>
			<Icon>
				<href>http://maps.google.com/mapfiles/kml/shapes/triangle.png</href>
			</Icon>
		</IconStyle>
		<LabelStyle>
			<color>bfffffff</color>
			<scale>0.5</scale>
		</LabelStyle>
		<LineStyle>
			<color>ccffffff</color>
			<width>1.5</width>
		</LineStyle>
	</Style>
	<Style id="sh_triangle6">
		<IconStyle>
			<color>e6ffffff</color>
			<scale>0.945455</scale>
			<Icon>
				<href>http://maps.google.com/mapfiles/kml/shapes/triangle.png</href>
			</Icon>
		</IconStyle>
		<LabelStyle>
			<color>bfffffff</color>
			<scale>0.5</scale>
		</LabelStyle>
		<LineStyle>
			<color>ccffffff</color>
			<width>1.5</width>
		</LineStyle>
	</Style>
	<Style id="sn_cross-hairs">
		<IconStyle>
			<color>f20000ff</color>
			<scale>0.4</scale>
			<Icon>
				<href>http://maps.google.com/mapfiles/kml/shapes/cross-hairs.png</href>
			</Icon>
		</IconStyle>
		<LabelStyle>
			<color>c9ffffff</color>
			<scale>0.5</scale>
		</LabelStyle>
		<LineStyle>
			<color>ccffffff</color>
			<width>0.5</width>
		</LineStyle>
	</Style>
	<Style id="sn_cross-hairs01">
		<IconStyle>
			<color>e6ffffff</color>
			<scale>0.8</scale>
			<Icon>
				<href>http://maps.google.com/mapfiles/kml/shapes/triangle.png</href>
			</Icon>
		</IconStyle>
		<LabelStyle>
			<color>bfffffff</color>
			<scale>0.5</scale>
		</LabelStyle>
		<LineStyle>
			<color>ccffffff</color>
			<width>1.5</width>
		</LineStyle>
	</Style>
	<Style id="sn_ltblu-square">
		<IconStyle>
			<color>bfffffff</color>
			<scale>0.7</scale>
			<Icon>
				<href>http://maps.google.com/mapfiles/kml/paddle/ltblu-square.png</href>
			</Icon>
			<hotSpot x="32" y="1" xunits="pixels" yunits="pixels"/>
		</IconStyle>
		<LabelStyle>
			<color>b3ffffff</color>
			<scale>0.5</scale>
		</LabelStyle>
		<ListStyle>
			<ItemIcon>
				<href>http://maps.google.com/mapfiles/kml/paddle/ltblu-square-lv.png</href>
			</ItemIcon>
		</ListStyle>
		<LineStyle>
			<color>e6ffb205</color>
			<width>2</width>
		</LineStyle>
	</Style>
	<Style id="sn_ltblu-stars">
		<IconStyle>
			<color>bfffffff</color>
			<scale>0.7</scale>
			<Icon>
				<href>http://maps.google.com/mapfiles/kml/paddle/ltblu-stars.png</href>
			</Icon>
			<hotSpot x="32" y="1" xunits="pixels" yunits="pixels"/>
		</IconStyle>
		<LabelStyle>
			<color>b3ffffff</color>
			<scale>0.5</scale>
		</LabelStyle>
		<ListStyle>
			<ItemIcon>
				<href>http://maps.google.com/mapfiles/kml/paddle/ltblu-stars-lv.png</href>
			</ItemIcon>
		</ListStyle>
		<LineStyle>
			<color>d9ffb205</color>
			<width>2</width>
		</LineStyle>
	</Style>
	<Style id="sn_placemark_circle10410">
		<IconStyle>
			<color>e60000ff</color>
			<scale>0.7</scale>
			<Icon>
				<href>http://maps.google.com/mapfiles/kml/shapes/star.png</href>
			</Icon>
		</IconStyle>
		<LabelStyle>
			<color>e6ffffff</color>
			<scale>0.7</scale>
		</LabelStyle>
		<LineStyle>
			<color>e6ffffff</color>
			<width>3</width>
		</LineStyle>
		<PolyStyle>
			<color>ffffaad2</color>
		</PolyStyle>
	</Style>
	<Style id="sn_placemark_circle104100">
		<IconStyle>
			<color>e60000ff</color>
			<scale>0.7</scale>
			<Icon>
				<href>http://maps.google.com/mapfiles/kml/shapes/star.png</href>
			</Icon>
		</IconStyle>
		<LabelStyle>
			<color>e6ffffff</color>
			<scale>0.7</scale>
		</LabelStyle>
		<LineStyle>
			<color>e6ffffff</color>
			<width>3</width>
		</LineStyle>
		<PolyStyle>
			<color>ffffaad2</color>
		</PolyStyle>
	</Style>
	<Style id="sn_placemark_circle104101">
		<IconStyle>
			<color>e60000ff</color>
			<scale>0.7</scale>
			<Icon>
				<href>http://maps.google.com/mapfiles/kml/shapes/star.png</href>
			</Icon>
		</IconStyle>
		<LabelStyle>
			<color>e6ffffff</color>
			<scale>0.7</scale>
		</LabelStyle>
		<LineStyle>
			<color>e6ffffff</color>
			<width>3</width>
		</LineStyle>
		<PolyStyle>
			<color>ffffaad2</color>
		</PolyStyle>
	</Style>
	<Style id="sn_placemark_circle104102">
		<IconStyle>
			<color>e60000ff</color>
			<scale>0.7</scale>
			<Icon>
				<href>http://maps.google.com/mapfiles/kml/shapes/star.png</href>
			</Icon>
		</IconStyle>
		<LabelStyle>
			<color>e6ffffff</color>
			<scale>0.7</scale>
		</LabelStyle>
		<LineStyle>
			<color>e6ffffff</color>
			<width>3</width>
		</LineStyle>
		<PolyStyle>
			<color>ffffaad2</color>
		</PolyStyle>
	</Style>
	<Style id="sn_placemark_circle104103">
		<IconStyle>
			<color>e60000ff</color>
			<scale>0.7</scale>
			<Icon>
				<href>http://maps.google.com/mapfiles/kml/shapes/star.png</href>
			</Icon>
		</IconStyle>
		<LabelStyle>
			<color>e6ffffff</color>
			<scale>0.7</scale>
		</LabelStyle>
		<LineStyle>
			<color>e6ffffff</color>
			<width>3</width>
		</LineStyle>
		<PolyStyle>
			<color>ffffaad2</color>
		</PolyStyle>
	</Style>
	<Style id="sn_placemark_circle2">
		<IconStyle>
			<color>f200ffff</color>
			<scale>0.7</scale>
			<Icon>
				<href>http://maps.google.com/mapfiles/kml/shapes/sunny.png</href>
			</Icon>
			<hotSpot x="0.5" y="0" xunits="fraction" yunits="fraction"/>
		</IconStyle>
		<LabelStyle>
			<color>ccffffff</color>
			<scale>0.6</scale>
		</LabelStyle>
		<LineStyle>
			<color>cc00ffff</color>
			<colorMode>random</colorMode>
			<width>2.5</width>
		</LineStyle>
		<PolyStyle>
			<colorMode>random</colorMode>
		</PolyStyle>
	</Style>
	<Style id="sn_placemark_circle23">
		<IconStyle>
			<color>ffffff00</color>
			<colorMode>random</colorMode>
			<scale>0.6</scale>
			<Icon>
				<href>http://maps.google.com/mapfiles/kml/shapes/placemark_circle.png</href>
			</Icon>
		</IconStyle>
		<LabelStyle>
			<color>ccffffff</color>
			<scale>0.5</scale>
		</LabelStyle>
		<LineStyle>
			<color>ccffff00</color>
			<colorMode>random</colorMode>
			<width>0.5</width>
		</LineStyle>
		<PolyStyle>
			<colorMode>random</colorMode>
		</PolyStyle>
	</Style>
	<Style id="sn_shaded_dot">
		<IconStyle>
			<color>f2ffaaaa</color>
			<scale>0.6</scale>
			<Icon>
				<href>http://maps.google.com/mapfiles/kml/shapes/shaded_dot.png</href>
			</Icon>
		</IconStyle>
		<LabelStyle>
			<color>b3ffffff</color>
			<scale>0.4</scale>
		</LabelStyle>
		<BalloonStyle>
		</BalloonStyle>
		<LineStyle>
			<color>ffffb205</color>
			<width>1.2</width>
		</LineStyle>
	</Style>
	<Style id="sn_shaded_dot001">
		<IconStyle>
			<color>f2ffff00</color>
			<scale>0.6</scale>
			<Icon>
				<href>http://maps.google.com/mapfiles/kml/shapes/shaded_dot.png</href>
			</Icon>
		</IconStyle>
		<LabelStyle>
			<color>b3ffffff</color>
			<scale>0.4</scale>
		</LabelStyle>
		<LineStyle>
			<color>ffffb205</color>
			<width>1.2</width>
		</LineStyle>
	</Style>
	<Style id="sn_shaded_dot02">
		<IconStyle>
			<color>ff00ffff</color>
			<scale>0.6</scale>
			<Icon>
				<href>http://maps.google.com/mapfiles/kml/shapes/shaded_dot.png</href>
			</Icon>
		</IconStyle>
		<LabelStyle>
			<color>b3ffffff</color>
			<scale>0.4</scale>
		</LabelStyle>
		<LineStyle>
			<color>ffffb205</color>
			<width>1.2</width>
		</LineStyle>
	</Style>
	<Style id="sn_shaded_dot020">
		<IconStyle>
			<color>ccffffaa</color>
			<scale>0.7</scale>
			<Icon>
				<href>http://maps.google.com/mapfiles/kml/shapes/marina.png</href>
			</Icon>
			<hotSpot x="0.5" y="0" xunits="fraction" yunits="fraction"/>
		</IconStyle>
		<LabelStyle>
			<color>b3ffffff</color>
			<scale>0.4</scale>
		</LabelStyle>
		<LineStyle>
			<color>ffffb205</color>
			<width>1.2</width>
		</LineStyle>
	</Style>
	<Style id="sn_shaded_dot0200">
		<IconStyle>
			<color>f2ffff00</color>
			<scale>0.6</scale>
			<Icon>
				<href>http://maps.google.com/mapfiles/kml/shapes/shaded_dot.png</href>
			</Icon>
		</IconStyle>
		<LabelStyle>
			<color>b3ffffff</color>
			<scale>0.4</scale>
		</LabelStyle>
		<LineStyle>
			<color>ffffb205</color>
			<width>1.2</width>
		</LineStyle>
	</Style>
	<Style id="sn_shaded_dot100">
		<IconStyle>
			<color>ff00ffff</color>
			<scale>0.6</scale>
			<Icon>
				<href>http://maps.google.com/mapfiles/kml/shapes/shaded_dot.png</href>
			</Icon>
		</IconStyle>
		<LabelStyle>
			<color>b3ffffff</color>
			<scale>0.4</scale>
		</LabelStyle>
		<LineStyle>
			<color>ffffb205</color>
			<width>1.2</width>
		</LineStyle>
	</Style>
	<Style id="sn_shaded_dot101">
		<IconStyle>
			<color>f200ffff</color>
			<scale>0.6</scale>
			<Icon>
				<href>http://maps.google.com/mapfiles/kml/shapes/shaded_dot.png</href>
			</Icon>
		</IconStyle>
		<LabelStyle>
			<color>b3ffffff</color>
			<scale>0.4</scale>
		</LabelStyle>
		<LineStyle>
			<color>ffffb205</color>
			<width>1.2</width>
		</LineStyle>
	</Style>
	<Style id="sn_shaded_dot11">
		<IconStyle>
			<color>f200ffff</color>
			<scale>0.6</scale>
			<Icon>
				<href>http://maps.google.com/mapfiles/kml/shapes/shaded_dot.png</href>
			</Icon>
		</IconStyle>
		<LabelStyle>
			<color>b3ffffff</color>
			<scale>0.4</scale>
		</LabelStyle>
		<LineStyle>
			<color>ffffb205</color>
			<width>1.2</width>
		</LineStyle>
	</Style>
	<Style id="sn_shaded_dot120">
		<IconStyle>
			<color>f2ffff00</color>
			<scale>0.6</scale>
			<Icon>
				<href>http://maps.google.com/mapfiles/kml/shapes/shaded_dot.png</href>
			</Icon>
		</IconStyle>
		<LabelStyle>
			<color>b3ffffff</color>
			<scale>0.4</scale>
		</LabelStyle>
		<LineStyle>
			<color>ffffb205</color>
			<width>1.2</width>
		</LineStyle>
	</Style>
	<Style id="sn_shaded_dot13">
		<IconStyle>
			<color>f2ffff00</color>
			<scale>0.6</scale>
			<Icon>
				<href>http://maps.google.com/mapfiles/kml/shapes/shaded_dot.png</href>
			</Icon>
		</IconStyle>
		<LabelStyle>
			<color>b3ffffff</color>
			<scale>0.4</scale>
		</LabelStyle>
		<LineStyle>
			<color>ffffb205</color>
			<width>1.2</width>
		</LineStyle>
	</Style>
	<Style id="sn_shaded_dot14">
		<IconStyle>
			<color>f200ff00</color>
			<scale>0.6</scale>
			<Icon>
				<href>http://maps.google.com/mapfiles/kml/shapes/shaded_dot.png</href>
			</Icon>
		</IconStyle>
		<LabelStyle>
			<color>b3ffffff</color>
			<scale>0.4</scale>
		</LabelStyle>
		<LineStyle>
			<color>ffffb205</color>
			<width>1.2</width>
		</LineStyle>
	</Style>
	<Style id="sn_shaded_dot16">
		<IconStyle>
			<color>f200ffff</color>
			<scale>0.6</scale>
			<Icon>
				<href>http://maps.google.com/mapfiles/kml/shapes/shaded_dot.png</href>
			</Icon>
		</IconStyle>
		<LabelStyle>
			<color>b3ffffff</color>
			<scale>0.4</scale>
		</LabelStyle>
		<LineStyle>
			<color>ffffb205</color>
			<width>1.2</width>
		</LineStyle>
	</Style>
	<Style id="sn_shaded_dot17">
		<IconStyle>
			<color>f2ffff00</color>
			<scale>0.6</scale>
			<Icon>
				<href>http://maps.google.com/mapfiles/kml/shapes/shaded_dot.png</href>
			</Icon>
		</IconStyle>
		<LabelStyle>
			<color>b3ffffff</color>
			<scale>0.4</scale>
		</LabelStyle>
		<LineStyle>
			<color>ffffb205</color>
			<width>1.2</width>
		</LineStyle>
	</Style>
	<Style id="sn_shaded_dot18">
		<IconStyle>
			<color>f200ffff</color>
			<scale>0.6</scale>
			<Icon>
				<href>http://maps.google.com/mapfiles/kml/shapes/shaded_dot.png</href>
			</Icon>
		</IconStyle>
		<LabelStyle>
			<color>b3ffffff</color>
			<scale>0.4</scale>
		</LabelStyle>
		<LineStyle>
			<color>ffffb205</color>
			<width>1.2</width>
		</LineStyle>
	</Style>
	<Style id="sn_shaded_dot19">
		<IconStyle>
			<color>f2ffaaaa</color>
			<scale>0.6</scale>
			<Icon>
				<href>http://maps.google.com/mapfiles/kml/shapes/shaded_dot.png</href>
			</Icon>
		</IconStyle>
		<LabelStyle>
			<color>b3ffffff</color>
			<scale>0.4</scale>
		</LabelStyle>
		<LineStyle>
			<color>ffffb205</color>
			<width>1.2</width>
		</LineStyle>
	</Style>
	<Style id="sn_shaded_dot210">
		<IconStyle>
			<color>f200ff00</color>
			<scale>0.6</scale>
			<Icon>
				<href>http://maps.google.com/mapfiles/kml/shapes/shaded_dot.png</href>
			</Icon>
		</IconStyle>
		<LabelStyle>
			<color>b3ffffff</color>
			<scale>0.4</scale>
		</LabelStyle>
		<LineStyle>
			<color>ffffb205</color>
			<width>1.2</width>
		</LineStyle>
	</Style>
	<Style id="sn_shaded_dot2100">
		<IconStyle>
			<color>f200ff00</color>
			<scale>0.6</scale>
			<Icon>
				<href>http://maps.google.com/mapfiles/kml/shapes/shaded_dot.png</href>
			</Icon>
		</IconStyle>
		<LabelStyle>
			<color>b3ffffff</color>
			<scale>0.4</scale>
		</LabelStyle>
		<LineStyle>
			<color>ffffb205</color>
			<width>1.2</width>
		</LineStyle>
	</Style>
	<Style id="sn_shaded_dot22">
		<IconStyle>
			<color>ffffff00</color>
			<scale>0.6</scale>
			<Icon>
				<href>http://maps.google.com/mapfiles/kml/shapes/shaded_dot.png</href>
			</Icon>
		</IconStyle>
		<LabelStyle>
			<color>b3ffffff</color>
			<scale>0.4</scale>
		</LabelStyle>
		<LineStyle>
			<color>ffffb205</color>
			<width>1.2</width>
		</LineStyle>
	</Style>
	<Style id="sn_shaded_dot240">
		<IconStyle>
			<color>f2ffff00</color>
			<scale>0.6</scale>
			<Icon>
				<href>http://maps.google.com/mapfiles/kml/shapes/shaded_dot.png</href>
			</Icon>
		</IconStyle>
		<LabelStyle>
			<color>b3ffffff</color>
			<scale>0.4</scale>
		</LabelStyle>
		<LineStyle>
			<color>ffffb205</color>
			<width>1.2</width>
		</LineStyle>
	</Style>
	<Style id="sn_shaded_dot26">
		<IconStyle>
			<color>f200ffff</color>
			<scale>0.6</scale>
			<Icon>
				<href>http://maps.google.com/mapfiles/kml/shapes/shaded_dot.png</href>
			</Icon>
		</IconStyle>
		<LabelStyle>
			<color>b3ffffff</color>
			<scale>0.4</scale>
		</LabelStyle>
		<LineStyle>
			<color>ffffb205</color>
			<width>1.2</width>
		</LineStyle>
	</Style>
	<Style id="sn_shaded_dot3">
		<IconStyle>
			<color>ff00ffff</color>
			<scale>0.6</scale>
			<Icon>
				<href>http://maps.google.com/mapfiles/kml/shapes/shaded_dot.png</href>
			</Icon>
		</IconStyle>
		<LabelStyle>
			<color>b3ffffff</color>
			<scale>0.4</scale>
		</LabelStyle>
		<LineStyle>
			<color>ffffb205</color>
			<width>1.2</width>
		</LineStyle>
	</Style>
	<Style id="sn_shaded_dot4">
		<IconStyle>
			<color>f2ffff00</color>
			<scale>0.6</scale>
			<Icon>
				<href>http://maps.google.com/mapfiles/kml/shapes/shaded_dot.png</href>
			</Icon>
		</IconStyle>
		<LabelStyle>
			<color>b3ffffff</color>
			<scale>0.4</scale>
		</LabelStyle>
		<LineStyle>
			<color>ffffb205</color>
			<width>1.2</width>
		</LineStyle>
	</Style>
	<Style id="sn_shaded_dot5">
		<IconStyle>
			<color>ff00ffff</color>
			<scale>0.6</scale>
			<Icon>
				<href>http://maps.google.com/mapfiles/kml/shapes/shaded_dot.png</href>
			</Icon>
		</IconStyle>
		<LabelStyle>
			<color>b3ffffff</color>
			<scale>0.4</scale>
		</LabelStyle>
		<LineStyle>
			<color>ffffb205</color>
			<width>1.2</width>
		</LineStyle>
	</Style>
	<Style id="sn_shaded_dot8">
		<IconStyle>
			<color>f2ffff00</color>
			<scale>0.6</scale>
			<Icon>
				<href>http://maps.google.com/mapfiles/kml/shapes/shaded_dot.png</href>
			</Icon>
		</IconStyle>
		<LabelStyle>
			<color>b3ffffff</color>
			<scale>0.4</scale>
		</LabelStyle>
		<LineStyle>
			<color>ffffb205</color>
			<width>1.2</width>
		</LineStyle>
	</Style>
	<Style id="sn_shaded_dot9">
		<IconStyle>
			<color>ff00ffff</color>
			<scale>0.6</scale>
			<Icon>
				<href>http://maps.google.com/mapfiles/kml/shapes/shaded_dot.png</href>
			</Icon>
		</IconStyle>
		<LabelStyle>
			<color>b3ffffff</color>
			<scale>0.4</scale>
		</LabelStyle>
		<LineStyle>
			<color>ffffb205</color>
			<width>1.2</width>
		</LineStyle>
	</Style>
	<Style id="sn_star">
		<IconStyle>
			<color>cc005500</color>
			<scale>0.7</scale>
			<Icon>
				<href>http://maps.google.com/mapfiles/kml/shapes/star.png</href>
			</Icon>
		</IconStyle>
		<LabelStyle>
			<color>ccffffff</color>
			<scale>0.7</scale>
		</LabelStyle>
		<LineStyle>
			<width>2</width>
		</LineStyle>
	</Style>
	<Style id="sn_star1">
		<IconStyle>
			<color>deff00ff</color>
			<scale>0.6</scale>
			<Icon>
				<href>http://maps.google.com/mapfiles/kml/shapes/star.png</href>
			</Icon>
		</IconStyle>
		<LabelStyle>
			<color>c9ffffff</color>
			<scale>0.5</scale>
		</LabelStyle>
		<LineStyle>
			<color>f2ff00ff</color>
		</LineStyle>
		<PolyStyle>
			<color>ff7f0000</color>
		</PolyStyle>
	</Style>
	<Style id="sn_star50">
		<IconStyle>
			<color>cc005500</color>
			<scale>0.7</scale>
			<Icon>
				<href>http://maps.google.com/mapfiles/kml/shapes/star.png</href>
			</Icon>
		</IconStyle>
		<LabelStyle>
			<color>ccffffff</color>
			<scale>0.7</scale>
		</LabelStyle>
		<LineStyle>
			<width>2</width>
		</LineStyle>
	</Style>
	<Style id="sn_target">
		<IconStyle>
			<color>e6ffffff</color>
			<scale>0.7</scale>
			<Icon>
				<href>http://maps.google.com/mapfiles/kml/shapes/target.png</href>
			</Icon>
		</IconStyle>
		<LabelStyle>
			<color>c9ffffff</color>
			<scale>0.6</scale>
		</LabelStyle>
		<LineStyle>
			<color>e6ffffff</color>
			<width>2.5</width>
		</LineStyle>
	</Style>
	<Style id="sn_target2">
		<IconStyle>
			<color>bfffffff</color>
			<scale>0.6</scale>
			<Icon>
				<href>http://maps.google.com/mapfiles/kml/shapes/target.png</href>
			</Icon>
		</IconStyle>
		<LabelStyle>
			<color>e0ffffff</color>
			<scale>0.7</scale>
		</LabelStyle>
		<LineStyle>
			<color>e6ffffff</color>
			<width>2.5</width>
		</LineStyle>
	</Style>
	<Style id="sn_target3">
		<IconStyle>
			<color>e6ffffff</color>
			<scale>0.7</scale>
			<Icon>
				<href>http://maps.google.com/mapfiles/kml/shapes/target.png</href>
			</Icon>
		</IconStyle>
		<LabelStyle>
			<color>c9ffffff</color>
			<scale>0.6</scale>
		</LabelStyle>
		<LineStyle>
			<color>e6ffffff</color>
			<width>2</width>
		</LineStyle>
	</Style>
	<Style id="sn_track00">
		<IconStyle>
			<color>b3ffffff</color>
			<scale>0.8</scale>
			<Icon>
				<href>http://maps.google.com/mapfiles/kml/shapes/track.png</href>
			</Icon>
			<hotSpot x="32" y="1" xunits="pixels" yunits="pixels"/>
		</IconStyle>
		<LabelStyle>
			<color>bfffffff</color>
			<scale>0.5</scale>
		</LabelStyle>
		<LineStyle>
			<color>ccffffff</color>
			<width>2.5</width>
		</LineStyle>
	</Style>
	<Style id="sn_triangle">
		<IconStyle>
			<color>e6ffaaff</color>
			<scale>0.7</scale>
			<Icon>
				<href>http://maps.google.com/mapfiles/kml/shapes/triangle.png</href>
			</Icon>
		</IconStyle>
		<LabelStyle>
			<color>bfffffff</color>
			<scale>0.5</scale>
		</LabelStyle>
		<LineStyle>
			<color>f2ffaaff</color>
			<width>3.3</width>
		</LineStyle>
	</Style>
	<Style id="sn_triangle0">
		<IconStyle>
			<color>e6ffffff</color>
			<scale>0.8</scale>
			<Icon>
				<href>http://maps.google.com/mapfiles/kml/shapes/triangle.png</href>
			</Icon>
		</IconStyle>
		<LabelStyle>
			<color>bfffffff</color>
			<scale>0.5</scale>
		</LabelStyle>
		<LineStyle>
			<color>ccffffff</color>
			<width>1.5</width>
		</LineStyle>
	</Style>
	<Style id="sn_triangle2">
		<IconStyle>
			<color>e6ffffff</color>
			<scale>0.8</scale>
			<Icon>
				<href>http://maps.google.com/mapfiles/kml/shapes/triangle.png</href>
			</Icon>
		</IconStyle>
		<LabelStyle>
			<color>bfffffff</color>
			<scale>0.5</scale>
		</LabelStyle>
		<LineStyle>
			<color>ccffffff</color>
			<width>1.5</width>
		</LineStyle>
	</Style>
	<Style id="sn_triangle4">
		<IconStyle>
			<color>e6ffffff</color>
			<scale>0.8</scale>
			<Icon>
				<href>http://maps.google.com/mapfiles/kml/shapes/triangle.png</href>
			</Icon>
		</IconStyle>
		<LabelStyle>
			<color>bfffffff</color>
			<scale>0.5</scale>
		</LabelStyle>
		<LineStyle>
			<color>ccffffff</color>
			<width>1.5</width>
		</LineStyle>
	</Style>
	<Style id="sn_triangle5">
		<IconStyle>
			<color>e6ffffff</color>
			<scale>0.8</scale>
			<Icon>
				<href>http://maps.google.com/mapfiles/kml/shapes/triangle.png</href>
			</Icon>
		</IconStyle>
		<LabelStyle>
			<color>bfffffff</color>
			<scale>0.5</scale>
		</LabelStyle>
		<LineStyle>
			<color>ccffffff</color>
			<width>1.5</width>
		</LineStyle>
	</Style>
	<Style id="sn_triangle50">
		<IconStyle>
			<color>e6ffffff</color>
			<scale>0.8</scale>
			<Icon>
				<href>http://maps.google.com/mapfiles/kml/shapes/triangle.png</href>
			</Icon>
		</IconStyle>
		<LabelStyle>
			<color>bfffffff</color>
			<scale>0.5</scale>
		</LabelStyle>
		<LineStyle>
			<color>ccffffff</color>
			<width>2.5</width>
		</LineStyle>
	</Style>
	<Style id="sn_triangle6">
		<IconStyle>
			<color>e6ffffff</color>
			<scale>0.8</scale>
			<Icon>
				<href>http://maps.google.com/mapfiles/kml/shapes/triangle.png</href>
			</Icon>
		</IconStyle>
		<LabelStyle>
			<color>bfffffff</color>
			<scale>0.5</scale>
		</LabelStyle>
		<LineStyle>
			<color>ccffffff</color>
			<width>1.5</width>
		</LineStyle>
	</Style>
	<Folder>
		<name>JiggleSmallSet</name>
		<visibility>0</visibility>
		<Folder>
			<name>Anchored</name>
			<visibility>0</visibility>
			<description>Jiggle factor: 5 (immobile)
Altitude jiggle: False</description>
			<Placemark>
				<name>K</name>
				<visibility>0</visibility>
				<styleUrl>#msn_target</styleUrl>
				<ExtendedData>
					<SchemaData schemaUrl="#S_centerpnts_SDD0">
						<SimpleData name="LOC">KEY</SimpleData>
						<SimpleData name="LAT">38.8928</SimpleData>
						<SimpleData name="LON">-77.0514</SimpleData>
					</SchemaData>
				</ExtendedData>
				<Point>
					<extrude>1</extrude>
					<altitudeMode>absolute</altitudeMode>
					<coordinates>-77.051435,38.892755,15</coordinates>
				</Point>
			</Placemark>
			<Placemark>
				<name>J</name>
				<visibility>0</visibility>
				<Camera>
					<longitude>-77.03659196640794</longitude>
					<latitude>38.8898082232756</latitude>
					<altitude>15.67543074603685</altitude>
					<heading>-172.646385657433</heading>
					<tilt>0.1276454240040489</tilt>
					<roll>10.36020002336397</roll>
					<gx:altitudeMode>relativeToSeaFloor</gx:altitudeMode>
				</Camera>
				<styleUrl>#msn_target3</styleUrl>
				<Point>
					<extrude>1</extrude>
					<altitudeMode>relativeToGround</altitudeMode>
					<gx:drawOrder>1</gx:drawOrder>
					<coordinates>-77.03656908080315,38.889801,9.999999999999998</coordinates>
				</Point>
			</Placemark>
		</Folder>
		<Folder>
			<name>Tweak</name>
			<visibility>0</visibility>
			<description>Jiggle factor: 4 (tiny jiggles)
Altitude jiggle: False</description>
			<Placemark>
				<name>B</name>
				<visibility>0</visibility>
				<LookAt>
					<longitude>-77.00849352356889</longitude>
					<latitude>38.89347235899669</latitude>
					<altitude>0</altitude>
					<heading>0.02696499850188151</heading>
					<tilt>0</tilt>
					<range>735.9854902395907</range>
					<gx:altitudeMode>relativeToSeaFloor</gx:altitudeMode>
				</LookAt>
				<styleUrl>#msn_target0</styleUrl>
				<Point>
					<extrude>1</extrude>
					<altitudeMode>relativeToGround</altitudeMode>
					<gx:drawOrder>1</gx:drawOrder>
					<coordinates>-77.008989,38.892747285,33</coordinates>
				</Point>
			</Placemark>
			<Placemark>
				<name>P</name>
				<visibility>0</visibility>
				<styleUrl>#msn_star30</styleUrl>
				<ExtendedData>
					<SchemaData schemaUrl="#S_centerpnts_SDD0">
						<SimpleData name="LOC">PEN</SimpleData>
						<SimpleData name="LAT">38.871</SimpleData>
						<SimpleData name="LON">-77.056</SimpleData>
					</SchemaData>
				</ExtendedData>
				<Point>
					<extrude>1</extrude>
					<coordinates>-77.05596854698287,38.87100323118176,44</coordinates>
				</Point>
			</Placemark>
			<Placemark>
				<name>Hi WH</name>
				<visibility>0</visibility>
				<LookAt>
					<longitude>-77.0743218331759</longitude>
					<latitude>38.89749323586066</latitude>
					<altitude>0</altitude>
					<heading>-89.34316609776971</heading>
					<tilt>89.38314750527104</tilt>
					<range>3715.329198433071</range>
					<gx:altitudeMode>relativeToSeaFloor</gx:altitudeMode>
				</LookAt>
				<styleUrl>#msn_shaded_dot170</styleUrl>
				<Point>
					<extrude>1</extrude>
					<altitudeMode>relativeToGround</altitudeMode>
					<gx:drawOrder>1</gx:drawOrder>
					<coordinates>-77.036556,38.897786,66</coordinates>
				</Point>
			</Placemark>
			<Placemark>
				<name>NOa</name>
				<visibility>0</visibility>
				<LookAt>
					<longitude>-77.06708911060748</longitude>
					<latitude>38.92156126922538</latitude>
					<altitude>0</altitude>
					<heading>-179.2219842926249</heading>
					<tilt>0</tilt>
					<range>165.4793027074781</range>
					<gx:altitudeMode>relativeToSeaFloor</gx:altitudeMode>
				</LookAt>
				<styleUrl>#msn_shaded_dot17</styleUrl>
				<Point>
					<extrude>1</extrude>
					<altitudeMode>relativeToGround</altitudeMode>
					<gx:drawOrder>1</gx:drawOrder>
					<coordinates>-77.06705128052432,38.92154464050518,66</coordinates>
				</Point>
			</Placemark>
			<Placemark>
				<name>elEc</name>
				<visibility>0</visibility>
				<styleUrl>#pointStyleMap1</styleUrl>
				<ExtendedData>
					<SchemaData schemaUrl="#S_updates_SDD">
						<SimpleData name="LOC">eLEc</SimpleData>
						<SimpleData name="LAT">38.8928</SimpleData>
						<SimpleData name="LON">-77.0403</SimpleData>
					</SchemaData>
				</ExtendedData>
				<Point>
					<extrude>1</extrude>
					<altitudeMode>relativeToGround</altitudeMode>
					<coordinates>-77.04033404260801,38.89278681802996,15</coordinates>
				</Point>
			</Placemark>
			<Placemark>
				<name>elSc</name>
				<visibility>0</visibility>
				<styleUrl>#pointStyleMap1</styleUrl>
				<ExtendedData>
					<SchemaData schemaUrl="#S_updates_SDD">
						<SimpleData name="LOC">eLSc</SimpleData>
						<SimpleData name="LAT">38.8928</SimpleData>
						<SimpleData name="LON">-77.0406</SimpleData>
					</SchemaData>
				</ExtendedData>
				<Point>
					<extrude>1</extrude>
					<altitudeMode>relativeToGround</altitudeMode>
					<coordinates>-77.04058603,38.89284818820199,15</coordinates>
				</Point>
			</Placemark>
			<Placemark>
				<name>PO</name>
				<visibility>0</visibility>
				<styleUrl>#msn_placemark_circle030</styleUrl>
				<ExtendedData>
					<SchemaData schemaUrl="#S_trypoints_SDDD0">
						<SimpleData name="LOC">PO</SimpleData>
						<SimpleData name="LAT">38.9345</SimpleData>
						<SimpleData name="LON">-77.1199</SimpleData>
						<SimpleData name="ALT">19.02</SimpleData>
					</SchemaData>
				</ExtendedData>
				<Point>
					<extrude>1</extrude>
					<altitudeMode>absolute</altitudeMode>
					<coordinates>-77.1199159,38.93449309999998,9</coordinates>
				</Point>
			</Placemark>
			<Placemark>
				<name>RC</name>
				<visibility>0</visibility>
				<styleUrl>#msn_placemark_circle030</styleUrl>
				<ExtendedData>
					<SchemaData schemaUrl="#S_trypoints_SDDD0">
						<SimpleData name="LOC">RC</SimpleData>
						<SimpleData name="LAT">38.9873</SimpleData>
						<SimpleData name="LON">-77.0517</SimpleData>
						<SimpleData name="ALT">169.27</SimpleData>
					</SchemaData>
				</ExtendedData>
				<Point>
					<extrude>1</extrude>
					<altitudeMode>absolute</altitudeMode>
					<coordinates>-77.05231894611552,38.98682226543504,9</coordinates>
				</Point>
			</Placemark>
			<Placemark>
				<name>AN</name>
				<visibility>0</visibility>
				<styleUrl>#msn_placemark_circle030</styleUrl>
				<ExtendedData>
					<SchemaData schemaUrl="#S_trypoints_SDDD0">
						<SimpleData name="LOC">AN</SimpleData>
						<SimpleData name="LAT">38.9186</SimpleData>
						<SimpleData name="LON">-76.9419</SimpleData>
						<SimpleData name="ALT">-0.39</SimpleData>
					</SchemaData>
				</ExtendedData>
				<Point>
					<extrude>1</extrude>
					<altitudeMode>absolute</altitudeMode>
					<coordinates>-76.94192180000002,38.91858289999999,9</coordinates>
				</Point>
			</Placemark>
		</Folder>
		<Folder>
			<name>JF3 no alt</name>
			<visibility>0</visibility>
			<description>Jiggle factor: 3 (small jiggles)
Altitude jiggle: False</description>
			<Placemark>
				<name>elNc</name>
				<visibility>0</visibility>
				<styleUrl>#pointStyleMap1</styleUrl>
				<ExtendedData>
					<SchemaData schemaUrl="#S_updates_SDD">
						<SimpleData name="LOC">eLNc</SimpleData>
						<SimpleData name="LAT">38.8934</SimpleData>
						<SimpleData name="LON">-77.041</SimpleData>
					</SchemaData>
				</ExtendedData>
				<Point>
					<extrude>1</extrude>
					<altitudeMode>relativeToGround</altitudeMode>
					<coordinates>-77.04098558,38.89344928705847,15</coordinates>
				</Point>
			</Placemark>
			<Placemark>
				<name>elWc</name>
				<visibility>0</visibility>
				<styleUrl>#pointStyleMap1</styleUrl>
				<ExtendedData>
					<SchemaData schemaUrl="#S_updates_SDD">
						<SimpleData name="LOC">elWc</SimpleData>
						<SimpleData name="LAT">38.8932</SimpleData>
						<SimpleData name="LON">-77.0411</SimpleData>
					</SchemaData>
				</ExtendedData>
				<Point>
					<extrude>1</extrude>
					<altitudeMode>relativeToGround</altitudeMode>
					<coordinates>-77.04113191993082,38.89317145702438,15</coordinates>
				</Point>
			</Placemark>
			<Placemark>
				<name>CapK</name>
				<visibility>0</visibility>
				<LookAt>
					<longitude>-77.00880523001071</longitude>
					<latitude>38.88990543090053</latitude>
					<altitude>0</altitude>
					<heading>0.007467212844387712</heading>
					<tilt>0</tilt>
					<range>153.6665464494</range>
					<gx:altitudeMode>relativeToSeaFloor</gx:altitudeMode>
				</LookAt>
				<styleUrl>#msn_triangle0</styleUrl>
				<Point>
					<extrude>1</extrude>
					<altitudeMode>relativeToGround</altitudeMode>
					<gx:drawOrder>1</gx:drawOrder>
					<coordinates>-77.00904745,38.889801,79.99999999999999</coordinates>
				</Point>
			</Placemark>
			<Placemark>
				<name>CCnrA</name>
				<visibility>0</visibility>
				<LookAt>
					<longitude>-77.00862789013513</longitude>
					<latitude>38.88885088649439</latitude>
					<altitude>27.1283547533137</altitude>
					<heading>-40.70364041165671</heading>
					<tilt>9.066063113001267</tilt>
					<range>76.16473358452939</range>
					<gx:altitudeMode>relativeToSeaFloor</gx:altitudeMode>
				</LookAt>
				<styleUrl>#msn_triangle3</styleUrl>
				<Point>
					<gx:drawOrder>1</gx:drawOrder>
					<coordinates>-77.00860327209443,38.88881417737429,0</coordinates>
				</Point>
			</Placemark>
			<Placemark>
				<name>CFa</name>
				<visibility>0</visibility>
				<Camera>
					<longitude>-77.01272180156393</longitude>
					<latitude>38.89051425647678</latitude>
					<altitude>712.8545528203134</altitude>
					<heading>-58.19667952895244</heading>
					<tilt>0.03263897275980378</tilt>
					<roll>126.1927401114794</roll>
					<gx:altitudeMode>relativeToSeaFloor</gx:altitudeMode>
				</Camera>
				<styleUrl>#msn_cross-hairs0</styleUrl>
				<Point>
					<altitudeMode>relativeToGround</altitudeMode>
					<gx:drawOrder>1</gx:drawOrder>
					<coordinates>-77.01235207597406,38.89064396166972,0</coordinates>
				</Point>
			</Placemark>
			<Placemark>
				<name>CFb</name>
				<visibility>0</visibility>
				<Camera>
					<longitude>-77.01211659304602</longitude>
					<latitude>38.88899919410375</latitude>
					<altitude>136.9104441430418</altitude>
					<heading>23.02394244629244</heading>
					<tilt>0.3793333211804653</tilt>
					<roll>89.96002103307305</roll>
					<gx:altitudeMode>relativeToSeaFloor</gx:altitudeMode>
				</Camera>
				<styleUrl>#msn_cross-hairs0</styleUrl>
				<Point>
					<altitudeMode>relativeToGround</altitudeMode>
					<gx:drawOrder>1</gx:drawOrder>
					<coordinates>-77.01233379820508,38.88898718985376,0</coordinates>
				</Point>
			</Placemark>
			<Placemark>
				<name>CFc</name>
				<visibility>0</visibility>
				<Camera>
					<longitude>-77.0128435898018</longitude>
					<latitude>38.88958906811727</latitude>
					<altitude>424.0868404200734</altitude>
					<heading>171.0291883765598</heading>
					<tilt>0.01060404825374352</tilt>
					<roll>82.93833762307538</roll>
					<gx:altitudeMode>relativeToSeaFloor</gx:altitudeMode>
				</Camera>
				<styleUrl>#msn_triangle10</styleUrl>
				<Point>
					<altitudeMode>relativeToGround</altitudeMode>
					<gx:drawOrder>1</gx:drawOrder>
					<coordinates>-77.01360995348632,38.88974917890155,0</coordinates>
				</Point>
			</Placemark>
			<Placemark>
				<name>CFd</name>
				<visibility>0</visibility>
				<LookAt>
					<longitude>-77.00566128694994</longitude>
					<latitude>38.88867166293691</latitude>
					<altitude>9.678543853596695</altitude>
					<heading>89.21611688382963</heading>
					<tilt>0</tilt>
					<range>148.0044651593322</range>
					<gx:altitudeMode>relativeToSeaFloor</gx:altitudeMode>
				</LookAt>
				<styleUrl>#msn_triangle1</styleUrl>
				<Point>
					<gx:drawOrder>1</gx:drawOrder>
					<coordinates>-77.00578323852076,38.88868978460074,0</coordinates>
				</Point>
			</Placemark>
			<Placemark>
				<name>CFe</name>
				<visibility>0</visibility>
				<Camera>
					<longitude>-77.01042547798329</longitude>
					<latitude>38.88978812499263</latitude>
					<altitude>155.8175300590989</altitude>
					<heading>-58.19573170561243</heading>
					<tilt>0.0326393460777868</tilt>
					<roll>126.1922466183643</roll>
					<gx:altitudeMode>relativeToSeaFloor</gx:altitudeMode>
				</Camera>
				<styleUrl>#msn_cross-hairs0</styleUrl>
				<Point>
					<altitudeMode>relativeToGround</altitudeMode>
					<gx:drawOrder>1</gx:drawOrder>
					<coordinates>-77.01012017665087,38.88981116007428,0</coordinates>
				</Point>
			</Placemark>
			<Placemark>
				<name>CFf</name>
				<visibility>0</visibility>
				<LookAt>
					<longitude>-77.00458065680235</longitude>
					<latitude>38.88840956929891</latitude>
					<altitude>88.79005182762194</altitude>
					<heading>3.538150766076873</heading>
					<tilt>0</tilt>
					<range>352.8312890275362</range>
					<gx:altitudeMode>relativeToSeaFloor</gx:altitudeMode>
				</LookAt>
				<styleUrl>#msn_triangle03</styleUrl>
				<Point>
					<extrude>1</extrude>
					<altitudeMode>relativeToGround</altitudeMode>
					<gx:drawOrder>1</gx:drawOrder>
					<coordinates>-77.00467871165168,38.88868578496108,222</coordinates>
				</Point>
			</Placemark>
			<Placemark>
				<name>CFg</name>
				<visibility>0</visibility>
				<Camera>
					<longitude>-77.0089940937104</longitude>
					<latitude>38.89371620082243</latitude>
					<altitude>157.1801297472226</altitude>
					<heading>-84.88830645742455</heading>
					<tilt>0.1379401627079568</tilt>
					<roll>4.295694251411208</roll>
					<gx:altitudeMode>relativeToSeaFloor</gx:altitudeMode>
				</Camera>
				<styleUrl>#msn_triangle10</styleUrl>
				<Point>
					<gx:drawOrder>1</gx:drawOrder>
					<coordinates>-77.00907795602103,38.89361386946052,0</coordinates>
				</Point>
			</Placemark>
			<Placemark>
				<name>CptA</name>
				<visibility>0</visibility>
				<Camera>
					<longitude>-77.00761689215913</longitude>
					<latitude>38.89092706621904</latitude>
					<altitude>616.7066771733871</altitude>
					<heading>126.814406577759</heading>
					<tilt>0.09796583084577046</tilt>
					<roll>35.97319801750558</roll>
					<gx:altitudeMode>relativeToSeaFloor</gx:altitudeMode>
				</Camera>
				<styleUrl>#msn_triangle01</styleUrl>
				<Point>
					<gx:drawOrder>1</gx:drawOrder>
					<coordinates>-77.0072678806584,38.89077979476803,0</coordinates>
				</Point>
			</Placemark>
			<Placemark>
				<name>CptB</name>
				<visibility>0</visibility>
				<Camera>
					<longitude>-77.01004114819862</longitude>
					<latitude>38.88566492075516</latitude>
					<altitude>128.5553742656787</altitude>
					<heading>50.0477503833657</heading>
					<tilt>3.843117730906629</tilt>
					<roll>-45.09176574580417</roll>
					<gx:altitudeMode>relativeToSeaFloor</gx:altitudeMode>
				</Camera>
				<styleUrl>#msn_triangle10</styleUrl>
				<Point>
					<gx:drawOrder>1</gx:drawOrder>
					<coordinates>-77.00988737303246,38.88556174596554,0</coordinates>
				</Point>
			</Placemark>
			<Placemark>
				<name>L</name>
				<visibility>0</visibility>
				<LookAt>
					<longitude>-77.05016782433138</longitude>
					<latitude>38.88923404521926</latitude>
					<altitude>0</altitude>
					<heading>1.834801939457445</heading>
					<tilt>0</tilt>
					<range>142.6962755882109</range>
					<gx:altitudeMode>relativeToSeaFloor</gx:altitudeMode>
				</LookAt>
				<styleUrl>#msn_track0</styleUrl>
				<Point>
					<extrude>1</extrude>
					<altitudeMode>relativeToGround</altitudeMode>
					<gx:drawOrder>1</gx:drawOrder>
					<coordinates>-77.0501466575182,38.88924949780046,97</coordinates>
				</Point>
			</Placemark>
			<Placemark>
				<name>KS</name>
				<visibility>0</visibility>
				<styleUrl>#msn_star01</styleUrl>
				<ExtendedData>
					<SchemaData schemaUrl="#S_vertices_SDD0">
						<SimpleData name="V">K</SimpleData>
						<SimpleData name="Lat">38.8928</SimpleData>
						<SimpleData name="Lon">-77.0514</SimpleData>
					</SchemaData>
				</ExtendedData>
				<Point>
					<extrude>1</extrude>
					<altitudeMode>relativeToGround</altitudeMode>
					<coordinates>-77.051444,38.790339,9.999999999999998</coordinates>
				</Point>
			</Placemark>
		</Folder>
		<Folder>
			<name>JF3 ALT</name>
			<visibility>0</visibility>
			<description>Jiggle factor: 3 (small jiggles)
Altitude jiggle: True</description>
			<Placemark>
				<name>SCa</name>
				<visibility>0</visibility>
				<LookAt>
					<longitude>-77.00493995538302</longitude>
					<latitude>38.8903064036882</latitude>
					<altitude>22.42725747135356</altitude>
					<heading>98.17465064786988</heading>
					<tilt>45.39420797941084</tilt>
					<range>263.4835380564847</range>
					<gx:altitudeMode>relativeToSeaFloor</gx:altitudeMode>
				</LookAt>
				<styleUrl>#msn_ltblu-stars</styleUrl>
				<Point>
					<extrude>1</extrude>
					<altitudeMode>relativeToGround</altitudeMode>
					<gx:drawOrder>1</gx:drawOrder>
					<coordinates>-77.00510154468833,38.890621,77</coordinates>
				</Point>
			</Placemark>
			<Placemark>
				<name>SCb</name>
				<visibility>0</visibility>
				<LookAt>
					<longitude>-77.00465872944672</longitude>
					<latitude>38.89071706834704</latitude>
					<altitude>79.06506792165779</altitude>
					<heading>91.86009646948759</heading>
					<tilt>0</tilt>
					<range>286.776228643029</range>
					<gx:altitudeMode>relativeToSeaFloor</gx:altitudeMode>
				</LookAt>
				<styleUrl>#msn_ltblu-square</styleUrl>
				<Point>
					<extrude>1</extrude>
					<altitudeMode>relativeToGround</altitudeMode>
					<gx:drawOrder>1</gx:drawOrder>
					<coordinates>-77.00442188577618,38.890621,77</coordinates>
				</Point>
			</Placemark>
			<Placemark>
				<name>Cap</name>
				<visibility>0</visibility>
				<LookAt>
					<longitude>-77.00880523001071</longitude>
					<latitude>38.88990543090053</latitude>
					<altitude>0</altitude>
					<heading>0.007467212844387712</heading>
					<tilt>0</tilt>
					<range>153.6665464494</range>
					<gx:altitudeMode>relativeToSeaFloor</gx:altitudeMode>
				</LookAt>
				<styleUrl>#msn_triangle</styleUrl>
				<Point>
					<extrude>1</extrude>
					<altitudeMode>relativeToGround</altitudeMode>
					<gx:drawOrder>1</gx:drawOrder>
					<coordinates>-77.009227,38.889801,160</coordinates>
				</Point>
			</Placemark>
			<Placemark>
				<name>Sb</name>
				<visibility>0</visibility>
				<styleUrl>#pointStyleMap2</styleUrl>
				<ExtendedData>
					<SchemaData schemaUrl="#S_trypoints_SDDD0">
						<SimpleData name="LOC">Sb</SimpleData>
						<SimpleData name="LAT">38.7903</SimpleData>
						<SimpleData name="LON">-77.0406</SimpleData>
						<SimpleData name="ALT">1</SimpleData>
					</SchemaData>
				</ExtendedData>
				<Point>
					<extrude>1</extrude>
					<altitudeMode>relativeToGround</altitudeMode>
					<coordinates>-77.04058603,38.79033915000001,121</coordinates>
				</Point>
			</Placemark>
			<Placemark>
				<name>Eb</name>
				<visibility>0</visibility>
				<styleUrl>#pointStyleMap2</styleUrl>
				<ExtendedData>
					<SchemaData schemaUrl="#S_trypoints_SDDD0">
						<SimpleData name="LOC">Eb</SimpleData>
						<SimpleData name="LAT">38.8929</SimpleData>
						<SimpleData name="LON">-76.9092</SimpleData>
						<SimpleData name="ALT">94</SimpleData>
					</SchemaData>
				</ExtendedData>
				<Point>
					<extrude>1</extrude>
					<altitudeMode>relativeToGround</altitudeMode>
					<coordinates>-76.90916553,38.89286049999997,121</coordinates>
				</Point>
			</Placemark>
			<Placemark>
				<name>Nb</name>
				<visibility>0</visibility>
				<styleUrl>#pointStyleMap2</styleUrl>
				<ExtendedData>
					<SchemaData schemaUrl="#S_trypoints_SDDD0">
						<SimpleData name="LOC">Nb</SimpleData>
						<SimpleData name="LAT">38.996</SimpleData>
						<SimpleData name="LON">-77.041</SimpleData>
						<SimpleData name="ALT">259</SimpleData>
					</SchemaData>
				</ExtendedData>
				<Point>
					<extrude>1</extrude>
					<altitudeMode>relativeToGround</altitudeMode>
					<coordinates>-77.04098558,38.99595650999999,121</coordinates>
				</Point>
			</Placemark>
			<Placemark>
				<name>Wb</name>
				<visibility>0</visibility>
				<styleUrl>#pointStyleMap2</styleUrl>
				<ExtendedData>
					<SchemaData schemaUrl="#S_trypoints_SDDD0">
						<SimpleData name="LOC">Wb</SimpleData>
						<SimpleData name="LAT">38.8932</SimpleData>
						<SimpleData name="LON">-77.1723</SimpleData>
						<SimpleData name="ALT">343</SimpleData>
					</SchemaData>
				</ExtendedData>
				<Point>
					<extrude>1</extrude>
					<altitudeMode>relativeToGround</altitudeMode>
					<coordinates>-77.17230114000002,38.89324512999998,121</coordinates>
				</Point>
			</Placemark>
			<Placemark>
				<name>M</name>
				<visibility>0</visibility>
				<LookAt>
					<longitude>-77.03501869930255</longitude>
					<latitude>38.88956781797305</latitude>
					<altitude>0</altitude>
					<heading>-3.609436577485464e-10</heading>
					<tilt>0</tilt>
					<range>217.0701662614351</range>
					<gx:altitudeMode>relativeToSeaFloor</gx:altitudeMode>
				</LookAt>
				<styleUrl>#msn_placemark_circle15</styleUrl>
				<Point>
					<extrude>1</extrude>
					<altitudeMode>relativeToGround</altitudeMode>
					<gx:drawOrder>1</gx:drawOrder>
					<coordinates>-77.03527800000001,38.889484,169</coordinates>
				</Point>
			</Placemark>
			<Placemark>
				<name>Hk</name>
				<visibility>0</visibility>
				<styleUrl>#msn_cross-hairs</styleUrl>
				<ExtendedData>
					<SchemaData schemaUrl="#S_trypoints_SDDD0">
						<SimpleData name="LOC">Hk</SimpleData>
						<SimpleData name="LAT">38.8951</SimpleData>
						<SimpleData name="LON">-77.0514</SimpleData>
						<SimpleData name="ALT">96.77</SimpleData>
					</SchemaData>
				</ExtendedData>
				<Point>
					<extrude>1</extrude>
					<altitudeMode>relativeToGround</altitudeMode>
					<coordinates>-77.051444,38.8951366,1</coordinates>
				</Point>
			</Placemark>
		</Folder>
		<Folder>
			<name>JF2 ALT</name>
			<visibility>0</visibility>
			<description>Jiggle factor: 2 (a little jiggly)
Altitude jiggle: True</description>
			<Placemark>
				<name>PenA</name>
				<visibility>0</visibility>
				<LookAt>
					<longitude>-77.05798003913954</longitude>
					<latitude>38.87262288068033</latitude>
					<altitude>0</altitude>
					<heading>133.483238523939</heading>
					<tilt>0</tilt>
					<range>69.60731025292988</range>
					<gx:altitudeMode>relativeToSeaFloor</gx:altitudeMode>
				</LookAt>
				<styleUrl>#msn_star30</styleUrl>
				<Point>
					<gx:drawOrder>1</gx:drawOrder>
					<coordinates>-77.05790028667388,38.872552231854,44</coordinates>
				</Point>
			</Placemark>
			<Placemark>
				<name>PenB</name>
				<visibility>0</visibility>
				<LookAt>
					<longitude>-77.05627847833425</longitude>
					<latitude>38.87269935276353</latitude>
					<altitude>0</altitude>
					<heading>-10.34604643198389</heading>
					<tilt>0</tilt>
					<range>37.69562098885778</range>
					<gx:altitudeMode>relativeToSeaFloor</gx:altitudeMode>
				</LookAt>
				<styleUrl>#msn_star30</styleUrl>
				<Point>
					<extrude>1</extrude>
					<gx:drawOrder>1</gx:drawOrder>
					<coordinates>-77.05628256361138,38.87273680802001,44</coordinates>
				</Point>
			</Placemark>
			<Placemark>
				<name>PenC</name>
				<visibility>0</visibility>
				<Camera>
					<longitude>-77.05711519199795</longitude>
					<latitude>38.87622393366062</latitude>
					<altitude>76.51538314046999</altitude>
					<heading>14.24222288028321</heading>
					<tilt>0.1099536624384067</tilt>
					<roll>16.94271619048612</roll>
					<gx:altitudeMode>relativeToSeaFloor</gx:altitudeMode>
				</Camera>
				<styleUrl>#msn_star0</styleUrl>
				<Point>
					<extrude>1</extrude>
					<gx:drawOrder>1</gx:drawOrder>
					<coordinates>-77.05702684244545,38.87632204707956,44</coordinates>
				</Point>
			</Placemark>
			<Placemark>
				<name>PenD</name>
				<visibility>0</visibility>
				<LookAt>
					<longitude>-77.05838184793768</longitude>
					<latitude>38.87008913971716</latitude>
					<altitude>0</altitude>
					<heading>-10.3473667421812</heading>
					<tilt>0</tilt>
					<range>22.48879737638162</range>
					<gx:altitudeMode>relativeToSeaFloor</gx:altitudeMode>
				</LookAt>
				<styleUrl>#msn_star30</styleUrl>
				<Point>
					<gx:drawOrder>1</gx:drawOrder>
					<coordinates>-77.05846414671291,38.87004437347602,44</coordinates>
				</Point>
			</Placemark>
			<Placemark>
				<name>PenE</name>
				<visibility>0</visibility>
				<LookAt>
					<longitude>-77.05323606683109</longitude>
					<latitude>38.87063082083093</latitude>
					<altitude>0</altitude>
					<heading>-10.34413738261867</heading>
					<tilt>0</tilt>
					<range>18.16671740988973</range>
					<gx:altitudeMode>relativeToSeaFloor</gx:altitudeMode>
				</LookAt>
				<styleUrl>#msn_star30</styleUrl>
				<Point>
					<gx:drawOrder>1</gx:drawOrder>
					<coordinates>-77.05322825200388,38.87062329503496,44</coordinates>
				</Point>
			</Placemark>
			<Placemark>
				<name>PenF</name>
				<visibility>0</visibility>
				<LookAt>
					<longitude>-77.05557683691221</longitude>
					<latitude>38.86885959233766</latitude>
					<altitude>0</altitude>
					<heading>-8.468589597861648</heading>
					<tilt>0</tilt>
					<range>12.47351469661267</range>
					<gx:altitudeMode>relativeToSeaFloor</gx:altitudeMode>
				</LookAt>
				<styleUrl>#msn_star30</styleUrl>
				<Point>
					<gx:drawOrder>1</gx:drawOrder>
					<coordinates>-77.0555808299749,38.86885510940446,44</coordinates>
				</Point>
			</Placemark>
			<Placemark>
				<name>PenG</name>
				<visibility>0</visibility>
				<LookAt>
					<longitude>-77.05487251816601</longitude>
					<latitude>38.8729113385552</latitude>
					<altitude>0</altitude>
					<heading>25.55420743368823</heading>
					<tilt>0.9423000159100686</tilt>
					<range>71.52406752671664</range>
					<gx:altitudeMode>relativeToSeaFloor</gx:altitudeMode>
				</LookAt>
				<styleUrl>#msn_star30</styleUrl>
				<Point>
					<gx:drawOrder>1</gx:drawOrder>
					<coordinates>-77.05467449297677,38.87292974342279,44</coordinates>
				</Point>
			</Placemark>
			<Placemark>
				<name>Chk11</name>
				<visibility>0</visibility>
				<LookAt>
					<longitude>-77.13518426561917</longitude>
					<latitude>38.89492887345666</latitude>
					<altitude>0</altitude>
					<heading>-74.13720034690097</heading>
					<tilt>63.99640350831005</tilt>
					<range>329.1346336116286</range>
					<gx:altitudeMode>relativeToSeaFloor</gx:altitudeMode>
				</LookAt>
				<styleUrl>#msn_shaded_dot11</styleUrl>
				<Point>
					<extrude>1</extrude>
					<gx:drawOrder>1</gx:drawOrder>
					<coordinates>-77.13554467903445,38.89433083867851,66</coordinates>
				</Point>
			</Placemark>
			<Placemark>
				<name>Chk23a</name>
				<visibility>0</visibility>
				<LookAt>
					<longitude>-76.9756129672292</longitude>
					<latitude>38.90879981207846</latitude>
					<altitude>0</altitude>
					<heading>176.7738112930016</heading>
					<tilt>45.73245256358675</tilt>
					<range>106.7294105778363</range>
					<gx:altitudeMode>relativeToSeaFloor</gx:altitudeMode>
				</LookAt>
				<styleUrl>#msn_shaded_dot27</styleUrl>
				<Point>
					<extrude>1</extrude>
					<gx:drawOrder>1</gx:drawOrder>
					<coordinates>-76.97546834269932,38.90863930872903,66</coordinates>
				</Point>
			</Placemark>
			<Placemark>
				<name>Chk23b</name>
				<visibility>0</visibility>
				<LookAt>
					<longitude>-76.97379382826549</longitude>
					<latitude>38.90996037798163</latitude>
					<altitude>0</altitude>
					<heading>-155.4491733630557</heading>
					<tilt>26.93091818301247</tilt>
					<range>158.9830753098871</range>
					<gx:altitudeMode>relativeToSeaFloor</gx:altitudeMode>
				</LookAt>
				<styleUrl>#msn_shaded_dot27</styleUrl>
				<Point>
					<extrude>1</extrude>
					<gx:drawOrder>1</gx:drawOrder>
					<coordinates>-76.97387114815113,38.90969480185885,66</coordinates>
				</Point>
			</Placemark>
			<Placemark>
				<name>Chk23c</name>
				<visibility>0</visibility>
				<LookAt>
					<longitude>-76.97232538549454</longitude>
					<latitude>38.90971835087055</latitude>
					<altitude>0</altitude>
					<heading>-4.150751049761998</heading>
					<tilt>30.26578112977039</tilt>
					<range>152.8735783996042</range>
					<gx:altitudeMode>relativeToSeaFloor</gx:altitudeMode>
				</LookAt>
				<styleUrl>#msn_shaded_dot27</styleUrl>
				<Point>
					<extrude>1</extrude>
					<gx:drawOrder>1</gx:drawOrder>
					<coordinates>-76.97239108771012,38.90964452291605,66</coordinates>
				</Point>
			</Placemark>
			<Placemark>
				<name>WHs</name>
				<visibility>0</visibility>
				<LookAt>
					<longitude>-77.03591379013554</longitude>
					<latitude>38.89739819100205</latitude>
					<altitude>0</altitude>
					<heading>3.111380260807727</heading>
					<tilt>3.600046908562747</tilt>
					<range>142.5483293546443</range>
					<gx:altitudeMode>relativeToSeaFloor</gx:altitudeMode>
				</LookAt>
				<styleUrl>#msn_placemark_circle13232</styleUrl>
				<Point>
					<extrude>1</extrude>
					<altitudeMode>relativeToGround</altitudeMode>
					<gx:drawOrder>1</gx:drawOrder>
					<coordinates>-77.036569,38.897561,3</coordinates>
				</Point>
			</Placemark>
			<Placemark>
				<name>WHn</name>
				<visibility>0</visibility>
				<LookAt>
					<longitude>-77.03642617075405</longitude>
					<latitude>38.89822175349804</latitude>
					<altitude>0</altitude>
					<heading>178.6846402115557</heading>
					<tilt>27.86670035911539</tilt>
					<range>126.5830665680666</range>
					<gx:altitudeMode>relativeToSeaFloor</gx:altitudeMode>
				</LookAt>
				<styleUrl>#msn_placemark_circle13230</styleUrl>
				<Point>
					<extrude>1</extrude>
					<altitudeMode>relativeToGround</altitudeMode>
					<gx:drawOrder>1</gx:drawOrder>
					<coordinates>-77.036569,38.89787121557463,3</coordinates>
				</Point>
			</Placemark>
			<Placemark>
				<name>WH SEcnr</name>
				<visibility>0</visibility>
				<LookAt>
					<longitude>-77.03640127584772</longitude>
					<latitude>38.89786370279429</latitude>
					<altitude>0</altitude>
					<heading>-134.3333860893028</heading>
					<tilt>0</tilt>
					<range>178.5470349118883</range>
					<gx:altitudeMode>relativeToSeaFloor</gx:altitudeMode>
				</LookAt>
				<styleUrl>#msn_placemark_circle13233</styleUrl>
				<Point>
					<altitudeMode>relativeToGround</altitudeMode>
					<gx:drawOrder>1</gx:drawOrder>
					<coordinates>-77.03626431326734,38.89753757777559,3</coordinates>
				</Point>
			</Placemark>
			<Placemark>
				<name>H34</name>
				<visibility>0</visibility>
				<LookAt>
					<longitude>-77.06564420430333</longitude>
					<latitude>38.91313743825327</latitude>
					<altitude>0</altitude>
					<heading>-8.714597466881253</heading>
					<tilt>40.03114816209858</tilt>
					<range>102.7938670237934</range>
					<gx:altitudeMode>relativeToSeaFloor</gx:altitudeMode>
				</LookAt>
				<styleUrl>#msn_shaded_dot170</styleUrl>
				<Point>
					<extrude>1</extrude>
					<altitudeMode>relativeToGround</altitudeMode>
					<gx:drawOrder>1</gx:drawOrder>
					<coordinates>-77.06558548894267,38.91340975463874,66</coordinates>
				</Point>
			</Placemark>
		</Folder>
		<Folder>
			<name>JF1 ALT</name>
			<visibility>0</visibility>
			<description>Jiggle factor: 1 (jiggly)
Altitude jiggle: True</description>
			<Placemark>
				<name>H1</name>
				<visibility>0</visibility>
				<LookAt>
					<longitude>-76.94283359967845</longitude>
					<latitude>38.88881083489753</latitude>
					<altitude>0</altitude>
					<heading>84.93968909729799</heading>
					<tilt>36.10940166679985</tilt>
					<range>33.85623053159224</range>
					<gx:altitudeMode>relativeToSeaFloor</gx:altitudeMode>
				</LookAt>
				<styleUrl>#msn_shaded_dot170</styleUrl>
				<Point>
					<extrude>1</extrude>
					<altitudeMode>relativeToGround</altitudeMode>
					<gx:drawOrder>1</gx:drawOrder>
					<coordinates>-76.94260833105993,38.8886977845543,66</coordinates>
				</Point>
			</Placemark>
			<Placemark>
				<name>H2</name>
				<visibility>0</visibility>
				<LookAt>
					<longitude>-76.94429910811849</longitude>
					<latitude>38.89510964895052</latitude>
					<altitude>0</altitude>
					<heading>27.36120511897575</heading>
					<tilt>28.07026457909716</tilt>
					<range>80.44960737496243</range>
					<gx:altitudeMode>relativeToSeaFloor</gx:altitudeMode>
				</LookAt>
				<styleUrl>#msn_shaded_dot170</styleUrl>
				<Point>
					<extrude>1</extrude>
					<altitudeMode>relativeToGround</altitudeMode>
					<gx:drawOrder>1</gx:drawOrder>
					<coordinates>-76.94445209003267,38.89530260371541,66</coordinates>
				</Point>
			</Placemark>
			<Placemark>
				<name>H3</name>
				<visibility>0</visibility>
				<Camera>
					<longitude>-76.95748368423828</longitude>
					<latitude>38.91253354267205</latitude>
					<altitude>75.81293318336539</altitude>
					<heading>-102.708850439031</heading>
					<tilt>0.05757036036829013</tilt>
					<roll>89.1698040813888</roll>
					<gx:altitudeMode>relativeToSeaFloor</gx:altitudeMode>
				</Camera>
				<styleUrl>#msn_shaded_dot170</styleUrl>
				<Point>
					<extrude>1</extrude>
					<altitudeMode>relativeToGround</altitudeMode>
					<gx:drawOrder>1</gx:drawOrder>
					<coordinates>-76.95753965779575,38.91261938767948,66</coordinates>
				</Point>
			</Placemark>
			<Placemark>
				<name>H4</name>
				<visibility>0</visibility>
				<LookAt>
					<longitude>-76.9479421315405</longitude>
					<latitude>38.88480974350178</latitude>
					<altitude>0</altitude>
					<heading>138.326383272423</heading>
					<tilt>41.23788446847087</tilt>
					<range>39.64549889795649</range>
					<gx:altitudeMode>relativeToSeaFloor</gx:altitudeMode>
				</LookAt>
				<styleUrl>#msn_shaded_dot170</styleUrl>
				<Point>
					<extrude>1</extrude>
					<altitudeMode>relativeToGround</altitudeMode>
					<gx:drawOrder>1</gx:drawOrder>
					<coordinates>-76.94802356218872,38.88482072759572,66</coordinates>
				</Point>
			</Placemark>
			<Placemark>
				<name>H5</name>
				<visibility>0</visibility>
				<LookAt>
					<longitude>-76.9402513476077</longitude>
					<latitude>38.87276503844644</latitude>
					<altitude>0</altitude>
					<heading>-140.9982213753299</heading>
					<tilt>44.94811195165669</tilt>
					<range>102.0472944055531</range>
					<gx:altitudeMode>relativeToSeaFloor</gx:altitudeMode>
				</LookAt>
				<styleUrl>#msn_shaded_dot26</styleUrl>
				<Point>
					<extrude>1</extrude>
					<altitudeMode>relativeToGround</altitudeMode>
					<gx:drawOrder>1</gx:drawOrder>
					<coordinates>-76.94019736733574,38.87280409544193,66</coordinates>
				</Point>
			</Placemark>
			<Placemark>
				<name>H6</name>
				<visibility>0</visibility>
				<Camera>
					<longitude>-76.99335689574919</longitude>
					<latitude>38.91160305207332</latitude>
					<altitude>138.9086582680746</altitude>
					<heading>-62.76077650098662</heading>
					<tilt>0.01651155371743496</tilt>
					<roll>90.0038523418457</roll>
					<gx:altitudeMode>relativeToSeaFloor</gx:altitudeMode>
				</Camera>
				<styleUrl>#msn_shaded_dot170</styleUrl>
				<Point>
					<extrude>1</extrude>
					<altitudeMode>relativeToGround</altitudeMode>
					<gx:drawOrder>1</gx:drawOrder>
					<coordinates>-76.99354999156952,38.91158285649807,66</coordinates>
				</Point>
			</Placemark>
			<Placemark>
				<name>H7</name>
				<visibility>0</visibility>
				<LookAt>
					<longitude>-76.97625569500234</longitude>
					<latitude>38.91816163808006</latitude>
					<altitude>0</altitude>
					<heading>-5.075091240701057</heading>
					<tilt>81.22217874564748</tilt>
					<range>1215.885781203965</range>
					<gx:altitudeMode>relativeToSeaFloor</gx:altitudeMode>
				</LookAt>
				<styleUrl>#msn_shaded_dot000</styleUrl>
				<Point>
					<extrude>1</extrude>
					<altitudeMode>relativeToGround</altitudeMode>
					<gx:drawOrder>1</gx:drawOrder>
					<coordinates>-76.97540464909751,38.90856884148683,66</coordinates>
				</Point>
			</Placemark>
			<Placemark>
				<name>H8</name>
				<visibility>0</visibility>
				<LookAt>
					<longitude>-76.95932634155616</longitude>
					<latitude>38.92596145503213</latitude>
					<altitude>0</altitude>
					<heading>-177.1272309642876</heading>
					<tilt>39.37832145199678</tilt>
					<range>254.8978639676916</range>
					<gx:altitudeMode>relativeToSeaFloor</gx:altitudeMode>
				</LookAt>
				<styleUrl>#msn_shaded_dot15</styleUrl>
				<Point>
					<extrude>1</extrude>
					<altitudeMode>relativeToGround</altitudeMode>
					<gx:drawOrder>1</gx:drawOrder>
					<coordinates>-76.95853332476764,38.92609741015503,66</coordinates>
				</Point>
			</Placemark>
			<Placemark>
				<name>H10</name>
				<visibility>0</visibility>
				<Camera>
					<longitude>-76.97060362189328</longitude>
					<latitude>38.85236001199961</latitude>
					<altitude>106.0166996488984</altitude>
					<heading>113.2154878363577</heading>
					<tilt>0.06529553197953229</tilt>
					<roll>12.17748274522294</roll>
					<gx:altitudeMode>relativeToSeaFloor</gx:altitudeMode>
				</Camera>
				<styleUrl>#msn_shaded_dot170</styleUrl>
				<Point>
					<extrude>1</extrude>
					<altitudeMode>relativeToGround</altitudeMode>
					<gx:drawOrder>1</gx:drawOrder>
					<coordinates>-76.97060234106708,38.8523595842144,66</coordinates>
				</Point>
			</Placemark>
			<Placemark>
				<name>H11</name>
				<visibility>0</visibility>
				<Camera>
					<longitude>-77.00443838855342</longitude>
					<latitude>38.91469988398221</latitude>
					<altitude>123.8564216886435</altitude>
					<heading>13.94856800079511</heading>
					<tilt>0.02636046685251909</tilt>
					<roll>132.9336482843617</roll>
					<gx:altitudeMode>relativeToSeaFloor</gx:altitudeMode>
				</Camera>
				<styleUrl>#msn_shaded_dot170</styleUrl>
				<Point>
					<extrude>1</extrude>
					<altitudeMode>relativeToGround</altitudeMode>
					<gx:drawOrder>1</gx:drawOrder>
					<coordinates>-77.00464832626309,38.9146495509119,66</coordinates>
				</Point>
			</Placemark>
			<Placemark>
				<name>H12</name>
				<visibility>0</visibility>
				<LookAt>
					<longitude>-76.94901527183805</longitude>
					<latitude>38.91974253235791</latitude>
					<altitude>0</altitude>
					<heading>-120.3042069286735</heading>
					<tilt>23.6577431060805</tilt>
					<range>197.9874286716565</range>
					<gx:altitudeMode>relativeToSeaFloor</gx:altitudeMode>
				</LookAt>
				<styleUrl>#msn_shaded_dot170</styleUrl>
				<Point>
					<extrude>1</extrude>
					<altitudeMode>relativeToGround</altitudeMode>
					<gx:drawOrder>1</gx:drawOrder>
					<coordinates>-76.94844865915428,38.92005589287478,66</coordinates>
				</Point>
			</Placemark>
			<Placemark>
				<name>H13</name>
				<visibility>0</visibility>
				<LookAt>
					<longitude>-77.0138444551025</longitude>
					<latitude>38.94580609608838</latitude>
					<altitude>0</altitude>
					<heading>176.3836732982185</heading>
					<tilt>27.4350946508673</tilt>
					<range>173.8139136122697</range>
					<gx:altitudeMode>relativeToSeaFloor</gx:altitudeMode>
				</LookAt>
				<styleUrl>#msn_shaded_dot170</styleUrl>
				<Point>
					<extrude>1</extrude>
					<altitudeMode>relativeToGround</altitudeMode>
					<gx:drawOrder>1</gx:drawOrder>
					<coordinates>-77.01391219662139,38.94626278806017,66</coordinates>
				</Point>
			</Placemark>
			<Placemark>
				<name>H14</name>
				<visibility>0</visibility>
				<LookAt>
					<longitude>-77.00436614741096</longitude>
					<latitude>38.94813352005457</latitude>
					<altitude>0</altitude>
					<heading>-88.16124410452376</heading>
					<tilt>20.99936429067575</tilt>
					<range>163.9304035560585</range>
					<gx:altitudeMode>relativeToSeaFloor</gx:altitudeMode>
				</LookAt>
				<styleUrl>#msn_shaded_dot170</styleUrl>
				<Point>
					<extrude>1</extrude>
					<altitudeMode>relativeToGround</altitudeMode>
					<gx:drawOrder>1</gx:drawOrder>
					<coordinates>-77.00488617449683,38.94810598312986,66</coordinates>
				</Point>
			</Placemark>
			<Placemark>
				<name>H15</name>
				<visibility>0</visibility>
				<LookAt>
					<longitude>-77.01140976324753</longitude>
					<latitude>38.94206814618089</latitude>
					<altitude>0</altitude>
					<heading>-47.60931682611773</heading>
					<tilt>0</tilt>
					<range>145.6002424735044</range>
					<gx:altitudeMode>relativeToSeaFloor</gx:altitudeMode>
				</LookAt>
				<styleUrl>#msn_shaded_dot170</styleUrl>
				<Point>
					<extrude>1</extrude>
					<altitudeMode>relativeToGround</altitudeMode>
					<gx:drawOrder>1</gx:drawOrder>
					<coordinates>-77.0116503687828,38.94209655959001,66</coordinates>
				</Point>
			</Placemark>
			<Placemark>
				<name>H17</name>
				<visibility>0</visibility>
				<Camera>
					<longitude>-77.07244994074456</longitude>
					<latitude>38.88147992912072</latitude>
					<altitude>160.5300458158599</altitude>
					<heading>60.71981719880243</heading>
					<tilt>2.922679885477776</tilt>
					<roll>-15.83270592983976</roll>
					<gx:altitudeMode>relativeToSeaFloor</gx:altitudeMode>
				</Camera>
				<styleUrl>#msn_shaded_dot170</styleUrl>
				<Point>
					<extrude>1</extrude>
					<altitudeMode>relativeToGround</altitudeMode>
					<gx:drawOrder>1</gx:drawOrder>
					<coordinates>-77.07262942237935,38.88123302803294,66</coordinates>
				</Point>
			</Placemark>
			<Placemark>
				<name>H19</name>
				<visibility>0</visibility>
				<Camera>
					<longitude>-77.07783443540235</longitude>
					<latitude>38.91542369389239</latitude>
					<altitude>371.2988777407521</altitude>
					<heading>-132.7053762303146</heading>
					<tilt>2.380413986255782</tilt>
					<roll>-86.94585192756915</roll>
					<gx:altitudeMode>relativeToSeaFloor</gx:altitudeMode>
				</Camera>
				<styleUrl>#msn_shaded_dot170</styleUrl>
				<Point>
					<extrude>1</extrude>
					<altitudeMode>relativeToGround</altitudeMode>
					<gx:drawOrder>1</gx:drawOrder>
					<coordinates>-77.07888357211404,38.91560586754403,66</coordinates>
				</Point>
			</Placemark>
			<Placemark>
				<name>H20</name>
				<visibility>0</visibility>
				<Camera>
					<longitude>-77.07785118538045</longitude>
					<latitude>38.92276840510066</latitude>
					<altitude>225.4151342568034</altitude>
					<heading>-44.65768706167297</heading>
					<tilt>3.187133798176322</tilt>
					<roll>-48.26297365354998</roll>
					<gx:altitudeMode>relativeToSeaFloor</gx:altitudeMode>
				</Camera>
				<styleUrl>#msn_shaded_dot170</styleUrl>
				<Point>
					<extrude>1</extrude>
					<altitudeMode>relativeToGround</altitudeMode>
					<gx:drawOrder>1</gx:drawOrder>
					<coordinates>-77.07763287849671,38.9230873705844,66</coordinates>
				</Point>
			</Placemark>
			<Placemark>
				<name>H21</name>
				<visibility>0</visibility>
				<Camera>
					<longitude>-77.07132898569694</longitude>
					<latitude>38.92827174694192</latitude>
					<altitude>124.7721564789703</altitude>
					<heading>-30.29501161222851</heading>
					<tilt>87.46866183627903</tilt>
					<roll>-2.379014044419612</roll>
					<gx:altitudeMode>relativeToSeaFloor</gx:altitudeMode>
				</Camera>
				<styleUrl>#msn_shaded_dot170</styleUrl>
				<Point>
					<extrude>1</extrude>
					<altitudeMode>relativeToGround</altitudeMode>
					<gx:drawOrder>1</gx:drawOrder>
					<coordinates>-77.07229169000777,38.93015709599973,66</coordinates>
				</Point>
			</Placemark>
			<Placemark>
				<name>H22</name>
				<visibility>0</visibility>
				<Camera>
					<longitude>-77.06002158725704</longitude>
					<latitude>38.92836988001681</latitude>
					<altitude>60.57604973535838</altitude>
					<heading>-114.2439514287543</heading>
					<tilt>2.382640894714281</tilt>
					<roll>-93.7002860962241</roll>
					<gx:altitudeMode>relativeToSeaFloor</gx:altitudeMode>
				</Camera>
				<styleUrl>#msn_shaded_dot170</styleUrl>
				<Point>
					<extrude>1</extrude>
					<altitudeMode>relativeToGround</altitudeMode>
					<gx:drawOrder>1</gx:drawOrder>
					<coordinates>-77.06004232078331,38.92823446130691,66</coordinates>
				</Point>
			</Placemark>
			<Placemark>
				<name>H23</name>
				<visibility>0</visibility>
				<LookAt>
					<longitude>-77.08920120856462</longitude>
					<latitude>38.93857654104651</latitude>
					<altitude>0</altitude>
					<heading>-144.8503059292551</heading>
					<tilt>12.67269074914752</tilt>
					<range>952.7936957040301</range>
					<gx:altitudeMode>relativeToSeaFloor</gx:altitudeMode>
				</LookAt>
				<styleUrl>#msn_shaded_dot10</styleUrl>
				<Point>
					<extrude>1</extrude>
					<altitudeMode>relativeToGround</altitudeMode>
					<gx:drawOrder>1</gx:drawOrder>
					<coordinates>-77.08834070412745,38.93923731423045,66</coordinates>
				</Point>
			</Placemark>
			<Placemark>
				<name>H24</name>
				<visibility>0</visibility>
				<LookAt>
					<longitude>-77.07048860486185</longitude>
					<latitude>38.91778244638378</latitude>
					<altitude>0</altitude>
					<heading>-42.54736157013217</heading>
					<tilt>37.43347432730573</tilt>
					<range>200.9752431454169</range>
					<gx:altitudeMode>relativeToSeaFloor</gx:altitudeMode>
				</LookAt>
				<styleUrl>#msn_shaded_dot170</styleUrl>
				<Point>
					<extrude>1</extrude>
					<altitudeMode>relativeToGround</altitudeMode>
					<gx:drawOrder>1</gx:drawOrder>
					<coordinates>-77.0704105785321,38.91738246946505,66</coordinates>
				</Point>
			</Placemark>
			<Placemark>
				<name>H25</name>
				<visibility>0</visibility>
				<Camera>
					<longitude>-77.06688281960517</longitude>
					<latitude>38.92137558765498</latitude>
					<altitude>49.75724934228386</altitude>
					<heading>56.97574733727466</heading>
					<tilt>0.1107254200488138</tilt>
					<roll>-89.76972825762866</roll>
					<gx:altitudeMode>relativeToSeaFloor</gx:altitudeMode>
				</Camera>
				<styleUrl>#msn_shaded_dot170</styleUrl>
				<Point>
					<extrude>1</extrude>
					<altitudeMode>relativeToGround</altitudeMode>
					<gx:drawOrder>1</gx:drawOrder>
					<coordinates>-77.06700519797775,38.92142961031568,66</coordinates>
				</Point>
			</Placemark>
			<Placemark>
				<name>H30</name>
				<visibility>0</visibility>
				<LookAt>
					<longitude>-77.090770014618</longitude>
					<latitude>38.93568786151554</latitude>
					<altitude>0</altitude>
					<heading>127.7252246808574</heading>
					<tilt>4.485772638682383</tilt>
					<range>319.9880889691029</range>
					<gx:altitudeMode>relativeToSeaFloor</gx:altitudeMode>
				</LookAt>
				<styleUrl>#msn_shaded_dot170</styleUrl>
				<Point>
					<extrude>1</extrude>
					<altitudeMode>relativeToGround</altitudeMode>
					<gx:drawOrder>1</gx:drawOrder>
					<coordinates>-77.09050054932675,38.93588801115719,66</coordinates>
				</Point>
			</Placemark>
			<Placemark>
				<name>H31</name>
				<visibility>0</visibility>
				<LookAt>
					<longitude>-77.09334074885723</longitude>
					<latitude>38.93230216205691</latitude>
					<altitude>0</altitude>
					<heading>160.8354294696876</heading>
					<tilt>0</tilt>
					<range>176.3341324464111</range>
					<gx:altitudeMode>relativeToSeaFloor</gx:altitudeMode>
				</LookAt>
				<styleUrl>#msn_shaded_dot10</styleUrl>
				<Point>
					<extrude>1</extrude>
					<altitudeMode>relativeToGround</altitudeMode>
					<gx:drawOrder>1</gx:drawOrder>
					<coordinates>-77.09367738494352,38.93203756982007,66</coordinates>
				</Point>
			</Placemark>
			<Placemark>
				<name>H32</name>
				<visibility>0</visibility>
				<LookAt>
					<longitude>-77.08979428833879</longitude>
					<latitude>38.92421103162577</latitude>
					<altitude>0</altitude>
					<heading>126.6395290809902</heading>
					<tilt>12.83358899332811</tilt>
					<range>314.6420502142405</range>
					<gx:altitudeMode>relativeToSeaFloor</gx:altitudeMode>
				</LookAt>
				<styleUrl>#msn_shaded_dot170</styleUrl>
				<Point>
					<extrude>1</extrude>
					<altitudeMode>relativeToGround</altitudeMode>
					<gx:drawOrder>1</gx:drawOrder>
					<coordinates>-77.09063005508365,38.9243596243616,66</coordinates>
				</Point>
			</Placemark>
			<Placemark>
				<name>H35</name>
				<visibility>0</visibility>
				<LookAt>
					<longitude>-77.07951017096735</longitude>
					<latitude>38.91989831461733</latitude>
					<altitude>0</altitude>
					<heading>69.84510547560427</heading>
					<tilt>28.07911688001556</tilt>
					<range>325.9004216742021</range>
					<gx:altitudeMode>relativeToSeaFloor</gx:altitudeMode>
				</LookAt>
				<styleUrl>#msn_shaded_dot170</styleUrl>
				<Point>
					<extrude>1</extrude>
					<altitudeMode>relativeToGround</altitudeMode>
					<gx:drawOrder>1</gx:drawOrder>
					<coordinates>-77.07975099520537,38.92066077312896,66</coordinates>
				</Point>
			</Placemark>
			<Placemark>
				<name>H46</name>
				<visibility>0</visibility>
				<LookAt>
					<longitude>-77.03510940481986</longitude>
					<latitude>38.97579759484167</latitude>
					<altitude>0</altitude>
					<heading>-167.8403235084066</heading>
					<tilt>66.74149223898793</tilt>
					<range>449.2598953439957</range>
					<gx:altitudeMode>relativeToSeaFloor</gx:altitudeMode>
				</LookAt>
				<styleUrl>#msn_shaded_dot170</styleUrl>
				<Point>
					<extrude>1</extrude>
					<altitudeMode>relativeToGround</altitudeMode>
					<gx:drawOrder>1</gx:drawOrder>
					<coordinates>-77.03469086340723,38.97776756202748,66</coordinates>
				</Point>
			</Placemark>
			<Placemark>
				<name>H47</name>
				<visibility>0</visibility>
				<LookAt>
					<longitude>-77.01003553293992</longitude>
					<latitude>38.93977523498958</latitude>
					<altitude>0</altitude>
					<heading>-7.416350103959583</heading>
					<tilt>53.43606491848958</tilt>
					<range>587.1677133672948</range>
					<gx:altitudeMode>relativeToSeaFloor</gx:altitudeMode>
				</LookAt>
				<styleUrl>#msn_shaded_dot170</styleUrl>
				<Point>
					<extrude>1</extrude>
					<altitudeMode>relativeToGround</altitudeMode>
					<gx:drawOrder>1</gx:drawOrder>
					<coordinates>-77.01018660152103,38.93841562644008,66</coordinates>
				</Point>
			</Placemark>
			<Placemark>
				<name>H48</name>
				<visibility>0</visibility>
				<LookAt>
					<longitude>-77.05169524715227</longitude>
					<latitude>38.95969943665582</latitude>
					<altitude>0</altitude>
					<heading>-25.99239330611976</heading>
					<tilt>21.9329546752113</tilt>
					<range>181.0786905846419</range>
					<gx:altitudeMode>relativeToSeaFloor</gx:altitudeMode>
				</LookAt>
				<styleUrl>#msn_shaded_dot170</styleUrl>
				<Point>
					<extrude>1</extrude>
					<altitudeMode>relativeToGround</altitudeMode>
					<gx:drawOrder>1</gx:drawOrder>
					<coordinates>-77.0518142973052,38.95996531385887,66</coordinates>
				</Point>
			</Placemark>
			<Placemark>
				<name>H49</name>
				<visibility>0</visibility>
				<LookAt>
					<longitude>-77.05210968324663</longitude>
					<latitude>38.95494557049076</latitude>
					<altitude>0</altitude>
					<heading>-15.97830074715984</heading>
					<tilt>63.41779917138994</tilt>
					<range>361.800305960279</range>
					<gx:altitudeMode>relativeToSeaFloor</gx:altitudeMode>
				</LookAt>
				<styleUrl>#msn_shaded_dot170</styleUrl>
				<Point>
					<extrude>1</extrude>
					<altitudeMode>relativeToGround</altitudeMode>
					<gx:drawOrder>1</gx:drawOrder>
					<coordinates>-77.05179381463944,38.95371048418742,66</coordinates>
				</Point>
			</Placemark>
			<Placemark>
				<name>H50</name>
				<visibility>0</visibility>
				<LookAt>
					<longitude>-77.05315826257365</longitude>
					<latitude>38.96188173273116</latitude>
					<altitude>0</altitude>
					<heading>-121.5829377936892</heading>
					<tilt>57.34904789797071</tilt>
					<range>801.7285399491095</range>
					<gx:altitudeMode>relativeToSeaFloor</gx:altitudeMode>
				</LookAt>
				<styleUrl>#msn_shaded_dot170</styleUrl>
				<Point>
					<extrude>1</extrude>
					<altitudeMode>relativeToGround</altitudeMode>
					<gx:drawOrder>1</gx:drawOrder>
					<coordinates>-77.05095505059923,38.96327236063456,66</coordinates>
				</Point>
			</Placemark>
			<Placemark>
				<name>H51</name>
				<visibility>0</visibility>
				<LookAt>
					<longitude>-77.0496506342492</longitude>
					<latitude>38.91416305416067</latitude>
					<altitude>0</altitude>
					<heading>7.61131271410601</heading>
					<tilt>19.51722513628263</tilt>
					<range>205.496718997087</range>
					<gx:altitudeMode>relativeToSeaFloor</gx:altitudeMode>
				</LookAt>
				<styleUrl>#msn_shaded_dot170</styleUrl>
				<Point>
					<extrude>1</extrude>
					<altitudeMode>relativeToGround</altitudeMode>
					<gx:drawOrder>1</gx:drawOrder>
					<coordinates>-77.04953191350309,38.91448986470866,66</coordinates>
				</Point>
			</Placemark>
			<Placemark>
				<name>H52</name>
				<visibility>0</visibility>
				<LookAt>
					<longitude>-77.07496114768816</longitude>
					<latitude>38.9236028657371</latitude>
					<altitude>0</altitude>
					<heading>-88.59203822672666</heading>
					<tilt>51.52136734295091</tilt>
					<range>210.2359340336097</range>
					<gx:altitudeMode>relativeToSeaFloor</gx:altitudeMode>
				</LookAt>
				<styleUrl>#msn_shaded_dot170</styleUrl>
				<Point>
					<extrude>1</extrude>
					<altitudeMode>relativeToGround</altitudeMode>
					<gx:drawOrder>1</gx:drawOrder>
					<coordinates>-77.07398032102491,38.92352403552229,66</coordinates>
				</Point>
			</Placemark>
			<Placemark>
				<name>H53</name>
				<visibility>0</visibility>
				<LookAt>
					<longitude>-77.0357434076776</longitude>
					<latitude>38.92125487474832</latitude>
					<altitude>0</altitude>
					<heading>-15.01459593509221</heading>
					<tilt>70.82167343754918</tilt>
					<range>78.71755992990668</range>
					<gx:altitudeMode>relativeToSeaFloor</gx:altitudeMode>
				</LookAt>
				<styleUrl>#msn_shaded_dot170</styleUrl>
				<Point>
					<extrude>1</extrude>
					<altitudeMode>relativeToGround</altitudeMode>
					<gx:drawOrder>1</gx:drawOrder>
					<coordinates>-77.03584297932892,38.9229071947,66</coordinates>
				</Point>
			</Placemark>
			<Placemark>
				<name>H55</name>
				<visibility>0</visibility>
				<LookAt>
					<longitude>-77.07249206017678</longitude>
					<latitude>38.97140312932499</latitude>
					<altitude>0</altitude>
					<heading>-50.9694479313976</heading>
					<tilt>76.21506855458404</tilt>
					<range>988.5796148162116</range>
					<gx:altitudeMode>relativeToSeaFloor</gx:altitudeMode>
				</LookAt>
				<styleUrl>#msn_shaded_dot170</styleUrl>
				<Point>
					<extrude>1</extrude>
					<altitudeMode>relativeToGround</altitudeMode>
					<gx:drawOrder>1</gx:drawOrder>
					<coordinates>-77.06834544975686,38.96791103163879,66</coordinates>
				</Point>
			</Placemark>
			<Placemark>
				<name>H56</name>
				<visibility>0</visibility>
				<LookAt>
					<longitude>-77.06101334404653</longitude>
					<latitude>38.91725085307708</latitude>
					<altitude>0</altitude>
					<heading>-33.4963841284662</heading>
					<tilt>8.509730910483515</tilt>
					<range>246.201285339104</range>
					<gx:altitudeMode>relativeToSeaFloor</gx:altitudeMode>
				</LookAt>
				<styleUrl>#msn_shaded_dot170</styleUrl>
				<Point>
					<extrude>1</extrude>
					<altitudeMode>relativeToGround</altitudeMode>
					<gx:drawOrder>1</gx:drawOrder>
					<coordinates>-77.06120140091524,38.91681538320637,66</coordinates>
				</Point>
			</Placemark>
			<Placemark>
				<name>H63</name>
				<visibility>0</visibility>
				<Camera>
					<longitude>-76.98806800192187</longitude>
					<latitude>38.93573262477566</latitude>
					<altitude>285.6597437536141</altitude>
					<heading>63.13097444618661</heading>
					<tilt>0.098422226541586</tilt>
					<roll>134.6191497884156</roll>
					<gx:altitudeMode>relativeToSeaFloor</gx:altitudeMode>
				</Camera>
				<styleUrl>#msn_shaded_dot170</styleUrl>
				<Point>
					<extrude>1</extrude>
					<altitudeMode>relativeToGround</altitudeMode>
					<gx:drawOrder>1</gx:drawOrder>
					<coordinates>-76.98842850951264,38.93515064422951,66</coordinates>
				</Point>
			</Placemark>
			<Placemark>
				<name>H64</name>
				<visibility>0</visibility>
				<LookAt>
					<longitude>-77.01771423712583</longitude>
					<latitude>38.92529230203103</latitude>
					<altitude>0</altitude>
					<heading>40.72092962152862</heading>
					<tilt>71.45910567786505</tilt>
					<range>560.2873656773106</range>
					<gx:altitudeMode>relativeToSeaFloor</gx:altitudeMode>
				</LookAt>
				<styleUrl>#msn_shaded_dot170</styleUrl>
				<Point>
					<extrude>1</extrude>
					<altitudeMode>relativeToGround</altitudeMode>
					<gx:drawOrder>1</gx:drawOrder>
					<coordinates>-77.02018111759669,38.92371702539111,77</coordinates>
				</Point>
			</Placemark>
			<Placemark>
				<name>H65</name>
				<visibility>0</visibility>
				<Camera>
					<longitude>-77.00743646351081</longitude>
					<latitude>38.9193344128334</latitude>
					<altitude>457.8366601027411</altitude>
					<heading>61.45735887962919</heading>
					<tilt>0.01069102459098561</tilt>
					<roll>-78.37394075537516</roll>
					<gx:altitudeMode>relativeToSeaFloor</gx:altitudeMode>
				</Camera>
				<styleUrl>#msn_shaded_dot12</styleUrl>
				<Point>
					<extrude>1</extrude>
					<altitudeMode>relativeToGround</altitudeMode>
					<gx:drawOrder>1</gx:drawOrder>
					<coordinates>-77.00739402065348,38.91883509061264,66</coordinates>
				</Point>
			</Placemark>
			<Placemark>
				<name>H71</name>
				<visibility>0</visibility>
				<LookAt>
					<longitude>-77.00750341346131</longitude>
					<latitude>38.88900910286353</latitude>
					<altitude>0</altitude>
					<heading>-97.87543496775054</heading>
					<tilt>74.23962389608049</tilt>
					<range>670.0732789840221</range>
					<gx:altitudeMode>relativeToSeaFloor</gx:altitudeMode>
				</LookAt>
				<styleUrl>#msn_shaded_dot170</styleUrl>
				<Point>
					<extrude>1</extrude>
					<altitudeMode>relativeToGround</altitudeMode>
					<gx:drawOrder>1</gx:drawOrder>
					<coordinates>-77.00793310857824,38.88979671201595,66</coordinates>
				</Point>
			</Placemark>
			<Placemark>
				<name>H72</name>
				<visibility>0</visibility>
				<LookAt>
					<longitude>-77.01222255861975</longitude>
					<latitude>38.88941586438295</latitude>
					<altitude>0</altitude>
					<heading>-97.87839777903203</heading>
					<tilt>74.24293392293241</tilt>
					<range>1052.94124411426</range>
					<gx:altitudeMode>relativeToSeaFloor</gx:altitudeMode>
				</LookAt>
				<styleUrl>#msn_shaded_dot170</styleUrl>
				<Point>
					<extrude>1</extrude>
					<altitudeMode>relativeToGround</altitudeMode>
					<gx:drawOrder>1</gx:drawOrder>
					<coordinates>-77.00509642471428,38.89062238734033,66</coordinates>
				</Point>
			</Placemark>
			<Placemark>
				<name>H73</name>
				<visibility>0</visibility>
				<LookAt>
					<longitude>-77.0743218331759</longitude>
					<latitude>38.89749323586066</latitude>
					<altitude>0</altitude>
					<heading>-89.34316609776971</heading>
					<tilt>89.38314750527104</tilt>
					<range>3715.329198433071</range>
					<gx:altitudeMode>relativeToSeaFloor</gx:altitudeMode>
				</LookAt>
				<styleUrl>#msn_shaded_dot170</styleUrl>
				<Point>
					<extrude>1</extrude>
					<altitudeMode>relativeToGround</altitudeMode>
					<gx:drawOrder>1</gx:drawOrder>
					<coordinates>-77.036556,38.897786,66</coordinates>
				</Point>
			</Placemark>
			<Placemark>
				<name>H77</name>
				<visibility>0</visibility>
				<LookAt>
					<longitude>-77.03776173775044</longitude>
					<latitude>38.89772181369853</latitude>
					<altitude>0</altitude>
					<heading>17.81885883866191</heading>
					<tilt>12.64523340536161</tilt>
					<range>1082.99189473325</range>
					<gx:altitudeMode>relativeToSeaFloor</gx:altitudeMode>
				</LookAt>
				<styleUrl>#msn_shaded_dot170</styleUrl>
				<Point>
					<extrude>1</extrude>
					<altitudeMode>relativeToGround</altitudeMode>
					<gx:drawOrder>1</gx:drawOrder>
					<coordinates>-77.03762786655247,38.89703882730361,66</coordinates>
				</Point>
			</Placemark>
			<Placemark>
				<name>H81</name>
				<visibility>0</visibility>
				<LookAt>
					<longitude>-76.93117767937731</longitude>
					<latitude>38.88611940091499</latitude>
					<altitude>0</altitude>
					<heading>104.6507586987116</heading>
					<tilt>78.1528637219108</tilt>
					<range>548.8141150141993</range>
					<gx:altitudeMode>relativeToSeaFloor</gx:altitudeMode>
				</LookAt>
				<styleUrl>#msn_shaded_dot170</styleUrl>
				<Point>
					<extrude>1</extrude>
					<altitudeMode>relativeToGround</altitudeMode>
					<gx:drawOrder>1</gx:drawOrder>
					<coordinates>-76.9299762903957,38.88687029383775,66</coordinates>
				</Point>
			</Placemark>
			<Placemark>
				<name>H83</name>
				<visibility>0</visibility>
				<LookAt>
					<longitude>-76.91379590516017</longitude>
					<latitude>38.88460199554675</latitude>
					<altitude>0</altitude>
					<heading>124.2837609628749</heading>
					<tilt>70.44759814263685</tilt>
					<range>1135.636213314719</range>
					<gx:altitudeMode>relativeToSeaFloor</gx:altitudeMode>
				</LookAt>
				<styleUrl>#msn_shaded_dot170</styleUrl>
				<Point>
					<extrude>1</extrude>
					<altitudeMode>relativeToGround</altitudeMode>
					<gx:drawOrder>1</gx:drawOrder>
					<coordinates>-76.91666972637707,38.8868785411351,66</coordinates>
				</Point>
			</Placemark>
			<Placemark>
				<name>H84</name>
				<visibility>0</visibility>
				<LookAt>
					<longitude>-77.04658351277105</longitude>
					<latitude>38.99120719771257</latitude>
					<altitude>0</altitude>
					<heading>-6.178115041448814</heading>
					<tilt>73.05774642247772</tilt>
					<range>560.5687686624379</range>
					<gx:altitudeMode>relativeToSeaFloor</gx:altitudeMode>
				</LookAt>
				<styleUrl>#msn_shaded_dot60</styleUrl>
				<Point>
					<extrude>1</extrude>
					<altitudeMode>relativeToGround</altitudeMode>
					<gx:drawOrder>1</gx:drawOrder>
					<coordinates>-77.04664850305308,38.9896929685426,66</coordinates>
				</Point>
			</Placemark>
			<Placemark>
				<name>H85</name>
				<visibility>0</visibility>
				<LookAt>
					<longitude>-77.01240672870637</longitude>
					<latitude>38.84920114033948</latitude>
					<altitude>0</altitude>
					<heading>-172.7004258771502</heading>
					<tilt>71.4557263551239</tilt>
					<range>3013.803786559253</range>
					<gx:altitudeMode>relativeToSeaFloor</gx:altitudeMode>
				</LookAt>
				<styleUrl>#msn_shaded_dot170</styleUrl>
				<Point>
					<extrude>1</extrude>
					<altitudeMode>relativeToGround</altitudeMode>
					<gx:drawOrder>1</gx:drawOrder>
					<coordinates>-77.00230868175505,38.85496927623966,66</coordinates>
				</Point>
			</Placemark>
			<Placemark>
				<name>H86</name>
				<visibility>0</visibility>
				<LookAt>
					<longitude>-76.99537065299157</longitude>
					<latitude>38.81048044830791</latitude>
					<altitude>0</altitude>
					<heading>-39.67281022252553</heading>
					<tilt>41.49695704104667</tilt>
					<range>415.3176081074374</range>
					<gx:altitudeMode>relativeToSeaFloor</gx:altitudeMode>
				</LookAt>
				<styleUrl>#msn_shaded_dot170</styleUrl>
				<Point>
					<extrude>1</extrude>
					<altitudeMode>relativeToGround</altitudeMode>
					<gx:drawOrder>1</gx:drawOrder>
					<coordinates>-76.99664817839795,38.810462075372,66</coordinates>
				</Point>
			</Placemark>
			<Placemark>
				<name>H87</name>
				<visibility>0</visibility>
				<Camera>
					<longitude>-77.01022585580269</longitude>
					<latitude>38.8188017682234</latitude>
					<altitude>292.1035475499879</altitude>
					<heading>102.1840861534299</heading>
					<tilt>0.01152436781689651</tilt>
					<roll>-78.5280859608432</roll>
					<gx:altitudeMode>relativeToSeaFloor</gx:altitudeMode>
				</Camera>
				<styleUrl>#msn_shaded_dot170</styleUrl>
				<Point>
					<extrude>1</extrude>
					<altitudeMode>relativeToGround</altitudeMode>
					<gx:drawOrder>1</gx:drawOrder>
					<coordinates>-77.01023576937003,38.81885625696454,66</coordinates>
				</Point>
			</Placemark>
			<Placemark>
				<name>H88</name>
				<visibility>0</visibility>
				<LookAt>
					<longitude>-77.00536040864864</longitude>
					<latitude>38.84961112265357</latitude>
					<altitude>0</altitude>
					<heading>75.95914105760626</heading>
					<tilt>52.46432866086699</tilt>
					<range>296.8313510262874</range>
					<gx:altitudeMode>relativeToSeaFloor</gx:altitudeMode>
				</LookAt>
				<styleUrl>#msn_shaded_dot50</styleUrl>
				<Point>
					<extrude>1</extrude>
					<altitudeMode>relativeToGround</altitudeMode>
					<gx:drawOrder>1</gx:drawOrder>
					<coordinates>-77.00492179089107,38.84950002068123,66</coordinates>
				</Point>
			</Placemark>
			<Placemark>
				<name>H67</name>
				<visibility>0</visibility>
				<Camera>
					<longitude>-77.08922930421467</longitude>
					<latitude>38.91550877252504</latitude>
					<altitude>414.5532778303631</altitude>
					<heading>-27.41606729688327</heading>
					<tilt>0.1845676707331085</tilt>
					<roll>89.51782983133583</roll>
					<gx:altitudeMode>relativeToSeaFloor</gx:altitudeMode>
				</Camera>
				<styleUrl>#msn_shaded_dot170</styleUrl>
				<Point>
					<extrude>1</extrude>
					<altitudeMode>relativeToGround</altitudeMode>
					<gx:drawOrder>1</gx:drawOrder>
					<coordinates>-77.08923640277803,38.91551942120227,66</coordinates>
				</Point>
			</Placemark>
			<Placemark>
				<name>H68</name>
				<visibility>0</visibility>
				<Camera>
					<longitude>-77.05049499016789</longitude>
					<latitude>38.89255443832852</latitude>
					<altitude>76.73243954024369</altitude>
					<heading>-11.48760217402149</heading>
					<tilt>92.12032813761594</tilt>
					<roll>-0.0003962239936097531</roll>
					<gx:altitudeMode>relativeToSeaFloor</gx:altitudeMode>
				</Camera>
				<styleUrl>#msn_shaded_dot000</styleUrl>
				<Point>
					<extrude>1</extrude>
					<altitudeMode>relativeToGround</altitudeMode>
					<gx:drawOrder>1</gx:drawOrder>
					<coordinates>-77.05071924388986,38.89412312383742,66</coordinates>
				</Point>
			</Placemark>
			<Placemark>
				<name>H69</name>
				<visibility>0</visibility>
				<LookAt>
					<longitude>-77.0722267041271</longitude>
					<latitude>38.87685920939965</latitude>
					<altitude>0</altitude>
					<heading>-103.6846164297869</heading>
					<tilt>73.8474604213405</tilt>
					<range>459.1379958081993</range>
					<gx:altitudeMode>relativeToSeaFloor</gx:altitudeMode>
				</LookAt>
				<styleUrl>#msn_shaded_dot170</styleUrl>
				<Point>
					<extrude>1</extrude>
					<altitudeMode>relativeToGround</altitudeMode>
					<gx:drawOrder>1</gx:drawOrder>
					<coordinates>-77.07234178427055,38.87633745296441,66</coordinates>
				</Point>
			</Placemark>
			<Placemark>
				<name>H70</name>
				<visibility>0</visibility>
				<LookAt>
					<longitude>-77.0715408469804</longitude>
					<latitude>38.87440682362214</latitude>
					<altitude>0</altitude>
					<heading>-103.6841859425101</heading>
					<tilt>73.84841746927709</tilt>
					<range>570.056810115854</range>
					<gx:altitudeMode>relativeToSeaFloor</gx:altitudeMode>
				</LookAt>
				<styleUrl>#msn_shaded_dot170</styleUrl>
				<Point>
					<extrude>1</extrude>
					<altitudeMode>relativeToGround</altitudeMode>
					<gx:drawOrder>1</gx:drawOrder>
					<coordinates>-77.07038741369139,38.8737311478417,66</coordinates>
				</Point>
			</Placemark>
			<Placemark>
				<name>H70a</name>
				<visibility>0</visibility>
				<LookAt>
					<longitude>-77.06760781756806</longitude>
					<latitude>38.87134974999706</latitude>
					<altitude>0</altitude>
					<heading>51.78858805656709</heading>
					<tilt>0</tilt>
					<range>407.6548018771097</range>
					<gx:altitudeMode>relativeToSeaFloor</gx:altitudeMode>
				</LookAt>
				<styleUrl>#msn_shaded_dot29</styleUrl>
				<Point>
					<extrude>1</extrude>
					<altitudeMode>relativeToGround</altitudeMode>
					<gx:drawOrder>1</gx:drawOrder>
					<coordinates>-77.06775220195667,38.87147694689254,66</coordinates>
				</Point>
			</Placemark>
			<Placemark>
				<name>H70b</name>
				<visibility>0</visibility>
				<LookAt>
					<longitude>-76.97879868284055</longitude>
					<latitude>38.91011916480099</latitude>
					<altitude>0</altitude>
					<heading>-61.32961350653542</heading>
					<tilt>4.667829629910329</tilt>
					<range>115.7351797845899</range>
					<gx:altitudeMode>relativeToSeaFloor</gx:altitudeMode>
				</LookAt>
				<styleUrl>#msn_shaded_dot29</styleUrl>
				<Point>
					<gx:drawOrder>1</gx:drawOrder>
					<coordinates>-76.97878782846644,38.91008217241069,0</coordinates>
				</Point>
			</Placemark>
			<Placemark>
				<name>UH01</name>
				<visibility>0</visibility>
				<LookAt>
					<longitude>-77.03813423304003</longitude>
					<latitude>38.9190459905174</latitude>
					<altitude>0</altitude>
					<heading>9.452670518424247</heading>
					<tilt>84.38922013086957</tilt>
					<range>514.9284596199107</range>
					<gx:altitudeMode>relativeToSeaFloor</gx:altitudeMode>
				</LookAt>
				<styleUrl>#msn_shaded_dot500</styleUrl>
				<Point>
					<gx:drawOrder>1</gx:drawOrder>
					<coordinates>-77.03814449752903,38.91923366558144,0</coordinates>
				</Point>
			</Placemark>
			<Placemark>
				<name>UH02</name>
				<visibility>0</visibility>
				<LookAt>
					<longitude>-77.03629284884268</longitude>
					<latitude>38.92254811228475</latitude>
					<altitude>0</altitude>
					<heading>9.450399553115325</heading>
					<tilt>84.35480169904162</tilt>
					<range>1164.877538643253</range>
					<gx:altitudeMode>relativeToSeaFloor</gx:altitudeMode>
				</LookAt>
				<styleUrl>#msn_shaded_dot500</styleUrl>
				<Point>
					<gx:drawOrder>1</gx:drawOrder>
					<coordinates>-77.03868001051684,38.91944640584248,0</coordinates>
				</Point>
			</Placemark>
			<Placemark>
				<name>UH03</name>
				<visibility>0</visibility>
				<LookAt>
					<longitude>-77.03471979290995</longitude>
					<latitude>38.91964117953236</latitude>
					<altitude>0</altitude>
					<heading>9.45481552673761</heading>
					<tilt>84.38990299948776</tilt>
					<range>591.3125015769712</range>
					<gx:altitudeMode>relativeToSeaFloor</gx:altitudeMode>
				</LookAt>
				<styleUrl>#msn_shaded_dot</styleUrl>
				<Point>
					<gx:drawOrder>1</gx:drawOrder>
					<coordinates>-77.03393934795712,38.92035038719956,0</coordinates>
				</Point>
			</Placemark>
			<Placemark>
				<name>UH04</name>
				<visibility>0</visibility>
				<Camera>
					<longitude>-77.03566135937878</longitude>
					<latitude>38.91895395049291</latitude>
					<altitude>73.3185993575902</altitude>
					<heading>11.33872671209676</heading>
					<tilt>90.43962816305067</tilt>
					<roll>-0.00190339785942832</roll>
					<gx:altitudeMode>relativeToSeaFloor</gx:altitudeMode>
				</Camera>
				<styleUrl>#msn_shaded_dot500</styleUrl>
				<Point>
					<gx:drawOrder>1</gx:drawOrder>
					<coordinates>-77.03539882810438,38.92060088510963,0</coordinates>
				</Point>
			</Placemark>
			<Placemark>
				<name>UH05</name>
				<visibility>0</visibility>
				<Camera>
					<longitude>-77.03610707412722</longitude>
					<latitude>38.91820702938229</latitude>
					<altitude>84.70317133459609</altitude>
					<heading>11.33844668940295</heading>
					<tilt>90.43962816305067</tilt>
					<roll>-0.001903397859418778</roll>
					<gx:altitudeMode>relativeToSeaFloor</gx:altitudeMode>
				</Camera>
				<styleUrl>#msn_shaded_dot</styleUrl>
				<Point>
					<gx:drawOrder>1</gx:drawOrder>
					<coordinates>-77.03684599748424,38.9205582700707,0</coordinates>
				</Point>
			</Placemark>
			<Placemark>
				<name>UH06</name>
				<visibility>0</visibility>
				<Camera>
					<longitude>-77.03566135937878</longitude>
					<latitude>38.91895395049291</latitude>
					<altitude>73.3185993575902</altitude>
					<heading>11.33872671209676</heading>
					<tilt>90.43962816305067</tilt>
					<roll>-0.00190339785942832</roll>
					<gx:altitudeMode>relativeToSeaFloor</gx:altitudeMode>
				</Camera>
				<styleUrl>#msn_shaded_dot500</styleUrl>
				<Point>
					<gx:drawOrder>1</gx:drawOrder>
					<coordinates>-77.03600379403835,38.92056403415413,0</coordinates>
				</Point>
			</Placemark>
			<Placemark>
				<name>UH07</name>
				<visibility>0</visibility>
				<Camera>
					<longitude>-77.03566135937878</longitude>
					<latitude>38.91895395049291</latitude>
					<altitude>73.3185993575902</altitude>
					<heading>11.33872671209676</heading>
					<tilt>90.43962816305067</tilt>
					<roll>-0.00190339785942832</roll>
					<gx:altitudeMode>relativeToSeaFloor</gx:altitudeMode>
				</Camera>
				<styleUrl>#msn_shaded_dot500</styleUrl>
				<Point>
					<gx:drawOrder>1</gx:drawOrder>
					<coordinates>-77.03472226502623,38.9226621639487,0</coordinates>
				</Point>
			</Placemark>
			<Placemark>
				<name>UH08</name>
				<visibility>0</visibility>
				<Camera>
					<longitude>-77.03610707412722</longitude>
					<latitude>38.91820702938229</latitude>
					<altitude>84.70317133459609</altitude>
					<heading>11.33844668940295</heading>
					<tilt>90.43962816305067</tilt>
					<roll>-0.001903397859418778</roll>
					<gx:altitudeMode>relativeToSeaFloor</gx:altitudeMode>
				</Camera>
				<styleUrl>#msn_shaded_dot500</styleUrl>
				<Point>
					<gx:drawOrder>1</gx:drawOrder>
					<coordinates>-77.03617001837226,38.92152134626814,0</coordinates>
				</Point>
			</Placemark>
			<Placemark>
				<name>HS1</name>
				<visibility>0</visibility>
				<LookAt>
					<longitude>-77.04065098071761</longitude>
					<latitude>38.92235246335012</latitude>
					<altitude>0</altitude>
					<heading>45.95605460715151</heading>
					<tilt>79.39316789235225</tilt>
					<range>1166.955735464627</range>
					<gx:altitudeMode>relativeToSeaFloor</gx:altitudeMode>
				</LookAt>
				<styleUrl>#msn_shaded_dot23</styleUrl>
				<Point>
					<gx:drawOrder>1</gx:drawOrder>
					<coordinates>-77.04488585318772,38.92004497381009,0</coordinates>
				</Point>
			</Placemark>
			<Placemark>
				<name>HS2</name>
				<visibility>0</visibility>
				<LookAt>
					<longitude>-77.03057236637105</longitude>
					<latitude>38.91849653596508</latitude>
					<altitude>0</altitude>
					<heading>7.467072317171938</heading>
					<tilt>47.0950860303635</tilt>
					<range>2345.196264655959</range>
					<gx:altitudeMode>relativeToSeaFloor</gx:altitudeMode>
				</LookAt>
				<styleUrl>#msn_shaded_dot23</styleUrl>
				<Point>
					<gx:drawOrder>1</gx:drawOrder>
					<coordinates>-77.02979055846771,38.9222936359061,0</coordinates>
				</Point>
			</Placemark>
			<Placemark>
				<name>HS3</name>
				<visibility>0</visibility>
				<LookAt>
					<longitude>-77.03646040229332</longitude>
					<latitude>38.90689456054947</latitude>
					<altitude>0</altitude>
					<heading>5.536739920783397</heading>
					<tilt>2.667781611059306</tilt>
					<range>445.0163131269036</range>
					<gx:altitudeMode>relativeToSeaFloor</gx:altitudeMode>
				</LookAt>
				<styleUrl>#msn_shaded_dot14</styleUrl>
				<Point>
					<gx:drawOrder>1</gx:drawOrder>
					<coordinates>-77.03654373836189,38.90722369975338,0</coordinates>
				</Point>
			</Placemark>
			<Placemark>
				<name>HS4</name>
				<visibility>0</visibility>
				<LookAt>
					<longitude>-77.04310608128121</longitude>
					<latitude>38.90943249458518</latitude>
					<altitude>0</altitude>
					<heading>5.532567052400868</heading>
					<tilt>2.667736733720477</tilt>
					<range>337.8269650865088</range>
					<gx:altitudeMode>relativeToSeaFloor</gx:altitudeMode>
				</LookAt>
				<styleUrl>#msn_shaded_dot14</styleUrl>
				<Point>
					<gx:drawOrder>1</gx:drawOrder>
					<coordinates>-77.0434478380522,38.90963315195856,0</coordinates>
				</Point>
			</Placemark>
			<Placemark>
				<name>HS5</name>
				<visibility>0</visibility>
				<LookAt>
					<longitude>-77.04683993460439</longitude>
					<latitude>38.91557815837803</latitude>
					<altitude>0</altitude>
					<heading>-31.9586269372821</heading>
					<tilt>74.00261586384721</tilt>
					<range>363.752031401072</range>
					<gx:altitudeMode>relativeToSeaFloor</gx:altitudeMode>
				</LookAt>
				<styleUrl>#msn_shaded_dot230</styleUrl>
				<Point>
					<gx:drawOrder>1</gx:drawOrder>
					<coordinates>-77.04745914435648,38.9162941614489,0</coordinates>
				</Point>
			</Placemark>
			<Placemark>
				<name>Chk01</name>
				<visibility>0</visibility>
				<Camera>
					<longitude>-77.00316628917777</longitude>
					<latitude>38.80499373772418</latitude>
					<altitude>1439.0269691198</altitude>
					<heading>155.7835032558155</heading>
					<tilt>0.8426520413436125</tilt>
					<roll>1.981802559569632</roll>
					<gx:altitudeMode>relativeToSeaFloor</gx:altitudeMode>
				</Camera>
				<styleUrl>#msn_shaded_dot02</styleUrl>
				<Point>
					<extrude>1</extrude>
					<gx:drawOrder>1</gx:drawOrder>
					<coordinates>-77.0045692366363,38.80358701301893,66</coordinates>
				</Point>
			</Placemark>
			<Placemark>
				<name>Chk02</name>
				<visibility>0</visibility>
				<Camera>
					<longitude>-76.98035976192544</longitude>
					<latitude>38.83603814150242</latitude>
					<altitude>157.3695804989178</altitude>
					<heading>-0.894174187651294</heading>
					<tilt>0.107181387820321</tilt>
					<roll>-1.674317103184757</roll>
					<gx:altitudeMode>relativeToSeaFloor</gx:altitudeMode>
				</Camera>
				<styleUrl>#msn_shaded_dot20</styleUrl>
				<Point>
					<extrude>1</extrude>
					<gx:drawOrder>1</gx:drawOrder>
					<coordinates>-76.98066122302069,38.83591588236636,66</coordinates>
				</Point>
			</Placemark>
			<Placemark>
				<name>Chk03</name>
				<visibility>0</visibility>
				<LookAt>
					<longitude>-77.03656021799813</longitude>
					<latitude>38.80038402231648</latitude>
					<altitude>0</altitude>
					<heading>4.951238591095639</heading>
					<tilt>1.765375951428461</tilt>
					<range>4824.321060643254</range>
					<gx:altitudeMode>relativeToSeaFloor</gx:altitudeMode>
				</LookAt>
				<styleUrl>#msn_shaded_dot61</styleUrl>
				<Point>
					<extrude>1</extrude>
					<gx:drawOrder>1</gx:drawOrder>
					<coordinates>-77.01339590231409,38.80887860350852,66</coordinates>
				</Point>
			</Placemark>
			<Placemark>
				<name>Chk04</name>
				<visibility>0</visibility>
				<LookAt>
					<longitude>-76.9963935152293</longitude>
					<latitude>38.93747853860295</latitude>
					<altitude>0</altitude>
					<heading>-69.86697308399648</heading>
					<tilt>82.80667048291842</tilt>
					<range>817.733633968616</range>
					<gx:altitudeMode>relativeToSeaFloor</gx:altitudeMode>
				</LookAt>
				<styleUrl>#msn_shaded_dot100</styleUrl>
				<Point>
					<extrude>1</extrude>
					<gx:drawOrder>1</gx:drawOrder>
					<coordinates>-76.98845284332511,38.93525554614944,66</coordinates>
				</Point>
			</Placemark>
			<Placemark>
				<name>Chk05</name>
				<visibility>0</visibility>
				<LookAt>
					<longitude>-77.0107625914643</longitude>
					<latitude>38.9419437798145</latitude>
					<altitude>0</altitude>
					<heading>175.0425359951946</heading>
					<tilt>72.79962355944502</tilt>
					<range>248.7150095313333</range>
					<gx:altitudeMode>relativeToSeaFloor</gx:altitudeMode>
				</LookAt>
				<styleUrl>#msn_shaded_dot130</styleUrl>
				<Point>
					<extrude>1</extrude>
					<gx:drawOrder>1</gx:drawOrder>
					<coordinates>-77.01099576844469,38.94213905894748,66</coordinates>
				</Point>
			</Placemark>
			<Placemark>
				<name>Chk06</name>
				<visibility>0</visibility>
				<LookAt>
					<longitude>-76.95932634155616</longitude>
					<latitude>38.92596145503213</latitude>
					<altitude>0</altitude>
					<heading>-177.1272309642876</heading>
					<tilt>39.37832145199678</tilt>
					<range>254.8978639676916</range>
					<gx:altitudeMode>relativeToSeaFloor</gx:altitudeMode>
				</LookAt>
				<styleUrl>#msn_shaded_dot40</styleUrl>
				<Point>
					<extrude>1</extrude>
					<gx:drawOrder>1</gx:drawOrder>
					<coordinates>-76.95853332476764,38.92609741015503,66</coordinates>
				</Point>
			</Placemark>
			<Placemark>
				<name>Chk09</name>
				<visibility>0</visibility>
				<LookAt>
					<longitude>-77.08936885361041</longitude>
					<latitude>38.92174671864755</latitude>
					<altitude>0</altitude>
					<heading>-174.7327000733496</heading>
					<tilt>35.98863544057219</tilt>
					<range>280.243865482074</range>
					<gx:altitudeMode>relativeToSeaFloor</gx:altitudeMode>
				</LookAt>
				<styleUrl>#msn_shaded_dot21</styleUrl>
				<Point>
					<extrude>1</extrude>
					<gx:drawOrder>1</gx:drawOrder>
					<coordinates>-77.08911728826524,38.92188332835548,66</coordinates>
				</Point>
			</Placemark>
			<Placemark>
				<name>Chk10</name>
				<visibility>0</visibility>
				<LookAt>
					<longitude>-76.958791679665</longitude>
					<latitude>38.8604708091387</latitude>
					<altitude>0</altitude>
					<heading>-73.23015247108133</heading>
					<tilt>80.1448177496268</tilt>
					<range>1331.615850631763</range>
					<gx:altitudeMode>relativeToSeaFloor</gx:altitudeMode>
				</LookAt>
				<styleUrl>#msn_shaded_dot6</styleUrl>
				<Point>
					<gx:drawOrder>1</gx:drawOrder>
					<coordinates>-76.95502425801097,38.86173720173936,0</coordinates>
				</Point>
			</Placemark>
			<Placemark>
				<name>WHa</name>
				<visibility>0</visibility>
				<LookAt>
					<longitude>-77.03651621621127</longitude>
					<latitude>38.89865209193258</latitude>
					<altitude>0</altitude>
					<heading>-0.00993814937381826</heading>
					<tilt>0</tilt>
					<range>139.6073395455507</range>
					<gx:altitudeMode>relativeToSeaFloor</gx:altitudeMode>
				</LookAt>
				<styleUrl>#msn_placemark_circle13231</styleUrl>
				<Point>
					<altitudeMode>relativeToGround</altitudeMode>
					<gx:drawOrder>1</gx:drawOrder>
					<coordinates>-77.036569,38.89828563763562,3</coordinates>
				</Point>
			</Placemark>
			<Placemark>
				<name>WHb</name>
				<visibility>0</visibility>
				<LookAt>
					<longitude>-77.03654393908691</longitude>
					<latitude>38.89607935164245</latitude>
					<altitude>0</altitude>
					<heading>-0.009955512547251256</heading>
					<tilt>0</tilt>
					<range>50.47388692784874</range>
					<gx:altitudeMode>relativeToSeaFloor</gx:altitudeMode>
				</LookAt>
				<styleUrl>#msn_placemark_circle13233</styleUrl>
				<Point>
					<extrude>1</extrude>
					<altitudeMode>relativeToGround</altitudeMode>
					<gx:drawOrder>1</gx:drawOrder>
					<coordinates>-77.03656881060775,38.89609664728791,3</coordinates>
				</Point>
			</Placemark>
			<Placemark>
				<name>WHc</name>
				<visibility>0</visibility>
				<LookAt>
					<longitude>-77.03647601329695</longitude>
					<latitude>38.89662641689497</latitude>
					<altitude>0</altitude>
					<heading>169.0884088847258</heading>
					<tilt>37.60107635621034</tilt>
					<range>118.7197241125305</range>
					<gx:altitudeMode>relativeToSeaFloor</gx:altitudeMode>
				</LookAt>
				<styleUrl>#msn_placemark_circle13233</styleUrl>
				<Point>
					<gx:drawOrder>1</gx:drawOrder>
					<coordinates>-77.03611695727467,38.89666242649749,0</coordinates>
				</Point>
			</Placemark>
			<Placemark>
				<name>WHe</name>
				<visibility>0</visibility>
				<LookAt>
					<longitude>-77.03737606385013</longitude>
					<latitude>38.8996999855995</latitude>
					<altitude>0</altitude>
					<heading>-88.6907173579103</heading>
					<tilt>0</tilt>
					<range>148.1832284532262</range>
					<gx:altitudeMode>relativeToSeaFloor</gx:altitudeMode>
				</LookAt>
				<styleUrl>#msn_placemark_circle1323</styleUrl>
				<Point>
					<altitudeMode>relativeToGround</altitudeMode>
					<gx:drawOrder>1</gx:drawOrder>
					<coordinates>-77.037723,38.9,3</coordinates>
				</Point>
			</Placemark>
			<Placemark>
				<name>WHz</name>
				<visibility>0</visibility>
				<LookAt>
					<longitude>-77.03341716121511</longitude>
					<latitude>38.89639964634095</latitude>
					<altitude>0</altitude>
					<heading>-9.927493307343912</heading>
					<tilt>0.1367017251448713</tilt>
					<range>297.9899913481177</range>
					<gx:altitudeMode>relativeToSeaFloor</gx:altitudeMode>
				</LookAt>
				<styleUrl>#msn_placemark_circle13233</styleUrl>
				<Point>
					<altitudeMode>relativeToGround</altitudeMode>
					<gx:drawOrder>1</gx:drawOrder>
					<coordinates>-77.03431133703796,38.89597663639302,3</coordinates>
				</Point>
			</Placemark>
		</Folder>
		<atom:link rel="app" href="https://www.google.com/earth/about/versions/#earth-pro" title="Google Earth Pro 7.3.6.10201"></atom:link>
	</Folder>
</Document>
</kml>
