<?xml version="1.0" encoding="UTF-8"?>
<kml xmlns="http://www.opengis.net/kml/2.2" xmlns:gx="http://www.google.com/kml/ext/2.2">
    <Document id="1">
        <name>Filtered Lines</name>
        <description>&lt;b&gt;Folder Summary:&lt;/b&gt;&lt;br/&gt;&lt;ul&gt;&lt;li&gt;18 - 72 - 90: 35 lines&lt;/li&gt;&lt;li&gt;3 - 4 - 5: 15 lines&lt;/li&gt;&lt;li&gt;36 - 54 - 90: 13 lines&lt;/li&gt;&lt;li&gt;FIm: 17 lines&lt;/li&gt;&lt;li&gt;FIp: 8 lines&lt;/li&gt;&lt;li&gt;Uncategorized: 5 lines&lt;/li&gt;&lt;li&gt;r2: 19 lines&lt;/li&gt;&lt;li&gt;r2 FIm: 18 lines&lt;/li&gt;&lt;li&gt;r2 FIp: 9 lines&lt;/li&gt;&lt;li&gt;r3: 17 lines&lt;/li&gt;&lt;li&gt;r3 FIm: 12 lines&lt;/li&gt;&lt;li&gt;r3 FIp: 6 lines&lt;/li&gt;&lt;li&gt;r5: 9 lines&lt;/li&gt;&lt;li&gt;r5 FIm: 8 lines&lt;/li&gt;&lt;li&gt;r5 FIp: 4 lines&lt;/li&gt;&lt;/ul&gt;&lt;hr&gt;Lines generated using Ellipsoidal (WGS84) calculations.</description>
        <Folder id="2">
            <Style id="5">
                <LineStyle id="6">
                    <color>FFAAAAFF</color>
                    <colorMode>normal</colorMode>
                    <width>2.5</width>
                </LineStyle>
            </Style>
            <Style id="40">
                <LineStyle id="41">
                    <color>FFAAAAFF</color>
                    <colorMode>normal</colorMode>
                    <width>1.5</width>
                </LineStyle>
            </Style>
            <Style id="399">
                <LineStyle id="400">
                    <color>FFAAAAFF</color>
                    <colorMode>normal</colorMode>
                    <width>1.5</width>
                </LineStyle>
            </Style>
            <Style id="687">
                <LineStyle id="688">
                    <color>FFAAAAFF</color>
                    <colorMode>normal</colorMode>
                    <width>2.5</width>
                </LineStyle>
            </Style>
            <Style id="703">
                <LineStyle id="704">
                    <color>FFAAAAFF</color>
                    <colorMode>normal</colorMode>
                    <width>1.5</width>
                </LineStyle>
            </Style>
            <name>Uncategorized</name>
            <Placemark id="4">
                <name>B → Bs</name>
                <description>
                    
        
<![CDATA[
          <b>P1:</b> B<br>
          <b>P2:</b> Bs<br>
          <hr>
          <b>Distance:</b> 0.005 miles<br>
          <hr>
          <u>Path P1 → P2:</u><br>
          <b>Forward Azimuth at P1 (Az12):</b> 86.513°<br>
          <b>Back Azimuth at P2 (BackAz12):</b> 86.513°<br>
          <hr>
          <u>Path P2 → P1:</u><br>
          <b>Forward Azimuth at P2 (Az21):</b> 266.513°<br>
          <b>Back Azimuth at P1 (BackAz21):</b> 266.513°<br>
          <hr>
          <b>Filter Reason(s):</b> Dist factor of:0.4755, Dist factor of:1.7321, Dist factor of:2.2883, Dist factor of:6.2666<br>
          <hr>
          <i>Calculation Method: Ellipsoidal (WGS84)</i>
        ]]>                    
        
                </description>
                <styleUrl>#5</styleUrl>
                <LineString id="3">
                    <coordinates>-77.008989,38.892747285,0.0 -77.00889,38.892752,0.0</coordinates>
                </LineString>
            </Placemark>
            <Placemark id="39">
                <name>CFa → H99</name>
                <description>
                    
        
<![CDATA[
          <b>P1:</b> CFa<br>
          <b>P2:</b> H99<br>
          <hr>
          <b>Distance:</b> 0.625 miles<br>
          <hr>
          <u>Path P1 → P2:</u><br>
          <b>Forward Azimuth at P1 (Az12):</b> 100.808°<br>
          <b>Back Azimuth at P2 (BackAz12):</b> 100.815°<br>
          <hr>
          <u>Path P2 → P1:</u><br>
          <b>Forward Azimuth at P2 (Az21):</b> 280.815°<br>
          <b>Back Azimuth at P1 (BackAz21):</b> 280.808°<br>
          <hr>
          <b>Filter Reason(s):</b> Dist factor of:5.0000<br>
          <hr>
          <i>Calculation Method: Ellipsoidal (WGS84)</i>
        ]]>                    
        
                </description>
                <styleUrl>#40</styleUrl>
                <LineString id="38">
                    <coordinates>-77.01235207597406,38.89064396166972,0.0 -77.00096480083693,38.8889443857454,0.0</coordinates>
                </LineString>
            </Placemark>
            <Placemark id="398">
                <name>H71 → CFf</name>
                <description>
                    
        
<![CDATA[
          <b>P1:</b> H71<br>
          <b>P2:</b> CFf<br>
          <hr>
          <b>Distance:</b> 0.217 miles<br>
          <hr>
          <u>Path P1 → P2:</u><br>
          <b>Forward Azimuth at P1 (Az12):</b> 111.033°<br>
          <b>Back Azimuth at P2 (BackAz12):</b> 111.035°<br>
          <hr>
          <u>Path P2 → P1:</u><br>
          <b>Forward Azimuth at P2 (Az21):</b> 291.035°<br>
          <b>Back Azimuth at P1 (BackAz21):</b> 291.033°<br>
          <hr>
          <b>Filter Reason(s):</b> Dist factor of:5.0000<br>
          <hr>
          <i>Calculation Method: Ellipsoidal (WGS84)</i>
        ]]>                    
        
                </description>
                <styleUrl>#399</styleUrl>
                <LineString id="397">
                    <coordinates>-77.00844224089784,38.88981684871572,0.0 -77.00467871165168,38.88868578496108,0.0</coordinates>
                </LineString>
            </Placemark>
            <Placemark id="686">
                <name>WHc → H77</name>
                <description>
                    
        
<![CDATA[
          <b>P1:</b> WHc<br>
          <b>P2:</b> H77<br>
          <hr>
          <b>Distance:</b> 0.085 miles<br>
          <hr>
          <u>Path P1 → P2:</u><br>
          <b>Forward Azimuth at P1 (Az12):</b> 287.682°<br>
          <b>Back Azimuth at P2 (BackAz12):</b> 287.681°<br>
          <hr>
          <u>Path P2 → P1:</u><br>
          <b>Forward Azimuth at P2 (Az21):</b> 107.681°<br>
          <b>Back Azimuth at P1 (BackAz21):</b> 107.682°<br>
          <hr>
          <b>Filter Reason(s):</b> Dist factor of:1.5388, Dist factor of:2.3936<br>
          <hr>
          <i>Calculation Method: Ellipsoidal (WGS84)</i>
        ]]>                    
        
                </description>
                <styleUrl>#687</styleUrl>
                <LineString id="685">
                    <coordinates>-77.03611695727467,38.89666242649749,0.0 -77.03762786655247,38.89703882730361,0.0</coordinates>
                </LineString>
            </Placemark>
            <Placemark id="702">
                <name>WHn → WHz</name>
                <description>
                    
        
<![CDATA[
          <b>P1:</b> WHn<br>
          <b>P2:</b> WHz<br>
          <hr>
          <b>Distance:</b> 0.179 miles<br>
          <hr>
          <u>Path P1 → P2:</u><br>
          <b>Forward Azimuth at P1 (Az12):</b> 137.039°<br>
          <b>Back Azimuth at P2 (BackAz12):</b> 137.041°<br>
          <hr>
          <u>Path P2 → P1:</u><br>
          <b>Forward Azimuth at P2 (Az21):</b> 317.041°<br>
          <b>Back Azimuth at P1 (BackAz21):</b> 317.039°<br>
          <hr>
          <b>Filter Reason(s):</b> Dist factor of:5.0000<br>
          <hr>
          <i>Calculation Method: Ellipsoidal (WGS84)</i>
        ]]>                    
        
                </description>
                <styleUrl>#703</styleUrl>
                <LineString id="701">
                    <coordinates>-77.036569,38.89787121557463,0.0 -77.03431133703796,38.89597663639302,0.0</coordinates>
                </LineString>
            </Placemark>
        </Folder>
        <Folder id="7">
            <Style id="10">
                <LineStyle id="11">
                    <color>FFFF20B0</color>
                    <colorMode>normal</colorMode>
                    <width>1.5</width>
                </LineStyle>
            </Style>
            <Style id="14">
                <LineStyle id="15">
                    <color>FFFF20B0</color>
                    <colorMode>normal</colorMode>
                    <width>1.5</width>
                </LineStyle>
            </Style>
            <Style id="18">
                <LineStyle id="19">
                    <color>FFFF00CC</color>
                    <colorMode>normal</colorMode>
                    <width>1.5</width>
                </LineStyle>
            </Style>
            <Style id="36">
                <LineStyle id="37">
                    <color>FFFF00CC</color>
                    <colorMode>normal</colorMode>
                    <width>1.5</width>
                </LineStyle>
            </Style>
            <Style id="78">
                <LineStyle id="79">
                    <color>FFFF00CC</color>
                    <colorMode>normal</colorMode>
                    <width>2.5</width>
                </LineStyle>
            </Style>
            <Style id="100">
                <LineStyle id="101">
                    <color>FFFF00CC</color>
                    <colorMode>normal</colorMode>
                    <width>2.5</width>
                </LineStyle>
            </Style>
            <Style id="137">
                <LineStyle id="138">
                    <color>FFFF00CC</color>
                    <colorMode>normal</colorMode>
                    <width>1.5</width>
                </LineStyle>
            </Style>
            <Style id="149">
                <LineStyle id="150">
                    <color>FFFF00CC</color>
                    <colorMode>normal</colorMode>
                    <width>1.5</width>
                </LineStyle>
            </Style>
            <Style id="189">
                <LineStyle id="190">
                    <color>FFFF00CC</color>
                    <colorMode>normal</colorMode>
                    <width>1.5</width>
                </LineStyle>
            </Style>
            <Style id="193">
                <LineStyle id="194">
                    <color>FFFF00CC</color>
                    <colorMode>normal</colorMode>
                    <width>1.5</width>
                </LineStyle>
            </Style>
            <Style id="197">
                <LineStyle id="198">
                    <color>FFFF20B0</color>
                    <colorMode>normal</colorMode>
                    <width>1.5</width>
                </LineStyle>
            </Style>
            <Style id="201">
                <LineStyle id="202">
                    <color>FFFF00CC</color>
                    <colorMode>normal</colorMode>
                    <width>1.5</width>
                </LineStyle>
            </Style>
            <Style id="222">
                <LineStyle id="223">
                    <color>FFFF20B0</color>
                    <colorMode>normal</colorMode>
                    <width>1.5</width>
                </LineStyle>
            </Style>
            <Style id="275">
                <LineStyle id="276">
                    <color>FFFF00CC</color>
                    <colorMode>normal</colorMode>
                    <width>1.5</width>
                </LineStyle>
            </Style>
            <Style id="287">
                <LineStyle id="288">
                    <color>FFFF00CC</color>
                    <colorMode>normal</colorMode>
                    <width>1.5</width>
                </LineStyle>
            </Style>
            <Style id="299">
                <LineStyle id="300">
                    <color>FFFF00CC</color>
                    <colorMode>normal</colorMode>
                    <width>1.5</width>
                </LineStyle>
            </Style>
            <Style id="303">
                <LineStyle id="304">
                    <color>FFFF00CC</color>
                    <colorMode>normal</colorMode>
                    <width>1.5</width>
                </LineStyle>
            </Style>
            <Style id="307">
                <LineStyle id="308">
                    <color>FFFF00CC</color>
                    <colorMode>normal</colorMode>
                    <width>1.5</width>
                </LineStyle>
            </Style>
            <Style id="415">
                <LineStyle id="416">
                    <color>FFFF00CC</color>
                    <colorMode>normal</colorMode>
                    <width>1.5</width>
                </LineStyle>
            </Style>
            <Style id="423">
                <LineStyle id="424">
                    <color>FFFF00CC</color>
                    <colorMode>normal</colorMode>
                    <width>1.5</width>
                </LineStyle>
            </Style>
            <Style id="471">
                <LineStyle id="472">
                    <color>FFFF00CC</color>
                    <colorMode>normal</colorMode>
                    <width>1.5</width>
                </LineStyle>
            </Style>
            <Style id="499">
                <LineStyle id="500">
                    <color>FFFF00CC</color>
                    <colorMode>normal</colorMode>
                    <width>1.5</width>
                </LineStyle>
            </Style>
            <Style id="523">
                <LineStyle id="524">
                    <color>FFFF00CC</color>
                    <colorMode>normal</colorMode>
                    <width>1.5</width>
                </LineStyle>
            </Style>
            <Style id="531">
                <LineStyle id="532">
                    <color>FFFF00CC</color>
                    <colorMode>normal</colorMode>
                    <width>1.5</width>
                </LineStyle>
            </Style>
            <Style id="547">
                <LineStyle id="548">
                    <color>FFFF20B0</color>
                    <colorMode>normal</colorMode>
                    <width>1.5</width>
                </LineStyle>
            </Style>
            <Style id="559">
                <LineStyle id="560">
                    <color>FFFF00CC</color>
                    <colorMode>normal</colorMode>
                    <width>1.5</width>
                </LineStyle>
            </Style>
            <Style id="575">
                <LineStyle id="576">
                    <color>FFFF20B0</color>
                    <colorMode>normal</colorMode>
                    <width>1.5</width>
                </LineStyle>
            </Style>
            <Style id="591">
                <LineStyle id="592">
                    <color>FFFF20B2</color>
                    <colorMode>normal</colorMode>
                    <width>1.5</width>
                </LineStyle>
            </Style>
            <Style id="603">
                <LineStyle id="604">
                    <color>FFFF20B0</color>
                    <colorMode>normal</colorMode>
                    <width>1.5</width>
                </LineStyle>
            </Style>
            <Style id="611">
                <LineStyle id="612">
                    <color>FFFF00CC</color>
                    <colorMode>normal</colorMode>
                    <width>1.5</width>
                </LineStyle>
            </Style>
            <Style id="639">
                <LineStyle id="640">
                    <color>FFFF20B2</color>
                    <colorMode>normal</colorMode>
                    <width>1.5</width>
                </LineStyle>
            </Style>
            <Style id="659">
                <LineStyle id="660">
                    <color>FFFF20B0</color>
                    <colorMode>normal</colorMode>
                    <width>1.5</width>
                </LineStyle>
            </Style>
            <Style id="683">
                <LineStyle id="684">
                    <color>FFFF00CC</color>
                    <colorMode>normal</colorMode>
                    <width>1.5</width>
                </LineStyle>
            </Style>
            <Style id="699">
                <LineStyle id="700">
                    <color>FFFF00CC</color>
                    <colorMode>normal</colorMode>
                    <width>1.5</width>
                </LineStyle>
            </Style>
            <Style id="787">
                <LineStyle id="788">
                    <color>FFFF20B1</color>
                    <colorMode>normal</colorMode>
                    <width>2.5</width>
                </LineStyle>
            </Style>
            <name>18 - 72 - 90</name>
            <Placemark id="9">
                <name>B → Chk01</name>
                <description>
                    
        
<![CDATA[
          <b>P1:</b> B<br>
          <b>P2:</b> Chk01<br>
          <hr>
          <b>Distance:</b> 6.155 miles<br>
          <hr>
          <u>Path P1 → P2:</u><br>
          <b>Forward Azimuth at P1 (Az12):</b> 177.779°<br>
          <b>Back Azimuth at P2 (BackAz12):</b> 177.781°<br>
          <hr>
          <u>Path P2 → P1:</u><br>
          <b>Forward Azimuth at P2 (Az21):</b> 357.781°<br>
          <b>Back Azimuth at P1 (BackAz21):</b> 357.779°<br>
          <hr>
          <b>Filter Reason(s):</b> Dist multiple:1.5388<br>
          <hr>
          <i>Calculation Method: Ellipsoidal (WGS84)</i>
        ]]>                    
        
                </description>
                <styleUrl>#10</styleUrl>
                <LineString id="8">
                    <coordinates>-77.008989,38.892747285,0.0 -77.0045692366363,38.80358701301893,0.0</coordinates>
                </LineString>
            </Placemark>
            <Placemark id="13">
                <name>Bs → Chk01</name>
                <description>
                    
        
<![CDATA[
          <b>P1:</b> Bs<br>
          <b>P2:</b> Chk01<br>
          <hr>
          <b>Distance:</b> 6.155 miles<br>
          <hr>
          <u>Path P1 → P2:</u><br>
          <b>Forward Azimuth at P1 (Az12):</b> 177.829°<br>
          <b>Back Azimuth at P2 (BackAz12):</b> 177.831°<br>
          <hr>
          <u>Path P2 → P1:</u><br>
          <b>Forward Azimuth at P2 (Az21):</b> 357.831°<br>
          <b>Back Azimuth at P1 (BackAz21):</b> 357.829°<br>
          <hr>
          <b>Filter Reason(s):</b> Dist multiple:1.5388<br>
          <hr>
          <i>Calculation Method: Ellipsoidal (WGS84)</i>
        ]]>                    
        
                </description>
                <styleUrl>#14</styleUrl>
                <LineString id="12">
                    <coordinates>-77.00889,38.892752,0.0 -77.0045692366363,38.80358701301893,0.0</coordinates>
                </LineString>
            </Placemark>
            <Placemark id="17">
                <name>CCnrA → Chk55</name>
                <description>
                    
        
<![CDATA[
          <b>P1:</b> CCnrA<br>
          <b>P2:</b> Chk55<br>
          <hr>
          <b>Distance:</b> 12.364 miles<br>
          <hr>
          <u>Path P1 → P2:</u><br>
          <b>Forward Azimuth at P1 (Az12):</b> 186.679°<br>
          <b>Back Azimuth at P2 (BackAz12):</b> 186.662°<br>
          <hr>
          <u>Path P2 → P1:</u><br>
          <b>Forward Azimuth at P2 (Az21):</b> 6.662°<br>
          <b>Back Azimuth at P1 (BackAz21):</b> 6.679°<br>
          <hr>
          <b>Filter Reason(s):</b> Dist multiple:0.4755<br>
          <hr>
          <i>Calculation Method: Ellipsoidal (WGS84)</i>
        ]]>                    
        
                </description>
                <styleUrl>#18</styleUrl>
                <LineString id="16">
                    <coordinates>-77.00860327209443,38.88881417737429,0.0 -77.0352088314432,38.71079049783587,0.0</coordinates>
                </LineString>
            </Placemark>
            <Placemark id="35">
                <name>CFa → H31</name>
                <description>
                    
        
<![CDATA[
          <b>P1:</b> CFa<br>
          <b>P2:</b> H31<br>
          <hr>
          <b>Distance:</b> 5.231 miles<br>
          <hr>
          <u>Path P1 → P2:</u><br>
          <b>Forward Azimuth at P1 (Az12):</b> 303.108°<br>
          <b>Back Azimuth at P2 (BackAz12):</b> 303.057°<br>
          <hr>
          <u>Path P2 → P1:</u><br>
          <b>Forward Azimuth at P2 (Az21):</b> 123.057°<br>
          <b>Back Azimuth at P1 (BackAz21):</b> 123.108°<br>
          <hr>
          <b>Filter Reason(s):</b> Dist multiple:0.4755<br>
          <hr>
          <i>Calculation Method: Ellipsoidal (WGS84)</i>
        ]]>                    
        
                </description>
                <styleUrl>#36</styleUrl>
                <LineString id="34">
                    <coordinates>-77.01235207597406,38.89064396166972,0.0 -77.09367738494352,38.93203756982007,0.0</coordinates>
                </LineString>
            </Placemark>
            <Placemark id="77">
                <name>Cap → CapK</name>
                <description>
                    
        
<![CDATA[
          <b>P1:</b> Cap<br>
          <b>P2:</b> CapK<br>
          <hr>
          <b>Distance:</b> 0.010 miles<br>
          <hr>
          <u>Path P1 → P2:</u><br>
          <b>Forward Azimuth at P1 (Az12):</b> 90.000°<br>
          <b>Back Azimuth at P2 (BackAz12):</b> 90.000°<br>
          <hr>
          <u>Path P2 → P1:</u><br>
          <b>Forward Azimuth at P2 (Az21):</b> 270.000°<br>
          <b>Back Azimuth at P1 (BackAz21):</b> 270.000°<br>
          <hr>
          <b>Filter Reason(s):</b> Dist factor of:1.5388, Dist factor of:2.2361<br>
          <hr>
          <i>Calculation Method: Ellipsoidal (WGS84)</i>
        ]]>                    
        
                </description>
                <styleUrl>#78</styleUrl>
                <LineString id="76">
                    <coordinates>-77.009227,38.889801,0.0 -77.00904745,38.889801,0.0</coordinates>
                </LineString>
            </Placemark>
            <Placemark id="99">
                <name>CapK → I069</name>
                <description>
                    
        
<![CDATA[
          <b>P1:</b> CapK<br>
          <b>P2:</b> I069<br>
          <hr>
          <b>Distance:</b> 0.475 miles<br>
          <hr>
          <u>Path P1 → P2:</u><br>
          <b>Forward Azimuth at P1 (Az12):</b> 16.112°<br>
          <b>Back Azimuth at P2 (BackAz12):</b> 16.114°<br>
          <hr>
          <u>Path P2 → P1:</u><br>
          <b>Forward Azimuth at P2 (Az21):</b> 196.114°<br>
          <b>Back Azimuth at P1 (BackAz21):</b> 196.112°<br>
          <hr>
          <b>Filter Reason(s):</b> Dist factor of:0.4755, Dist multiple:0.4755<br>
          <hr>
          <i>Calculation Method: Ellipsoidal (WGS84)</i>
        ]]>                    
        
                </description>
                <styleUrl>#100</styleUrl>
                <LineString id="98">
                    <coordinates>-77.00904745,38.889801,0.0 -77.00659984972448,38.89642237002393,0.0</coordinates>
                </LineString>
            </Placemark>
            <Placemark id="136">
                <name>Chk11 → Chk45</name>
                <description>
                    
        
<![CDATA[
          <b>P1:</b> Chk11<br>
          <b>P2:</b> Chk45<br>
          <hr>
          <b>Distance:</b> 7.133 miles<br>
          <hr>
          <u>Path P1 → P2:</u><br>
          <b>Forward Azimuth at P1 (Az12):</b> 59.134°<br>
          <b>Back Azimuth at P2 (BackAz12):</b> 59.205°<br>
          <hr>
          <u>Path P2 → P1:</u><br>
          <b>Forward Azimuth at P2 (Az21):</b> 239.205°<br>
          <b>Back Azimuth at P1 (BackAz21):</b> 239.134°<br>
          <hr>
          <b>Filter Reason(s):</b> Dist multiple:0.4755<br>
          <hr>
          <i>Calculation Method: Ellipsoidal (WGS84)</i>
        ]]>                    
        
                </description>
                <styleUrl>#137</styleUrl>
                <LineString id="135">
                    <coordinates>-77.13554467903445,38.89433083867851,0.0 -77.02188334594942,38.94732510830963,0.0</coordinates>
                </LineString>
            </Placemark>
            <Placemark id="148">
                <name>Chk13 → Chj24</name>
                <description>
                    
        
<![CDATA[
          <b>P1:</b> Chk13<br>
          <b>P2:</b> Chj24<br>
          <hr>
          <b>Distance:</b> 1.902 miles<br>
          <hr>
          <u>Path P1 → P2:</u><br>
          <b>Forward Azimuth at P1 (Az12):</b> 255.861°<br>
          <b>Back Azimuth at P2 (BackAz12):</b> 255.840°<br>
          <hr>
          <u>Path P2 → P1:</u><br>
          <b>Forward Azimuth at P2 (Az21):</b> 75.840°<br>
          <b>Back Azimuth at P1 (BackAz21):</b> 75.861°<br>
          <hr>
          <b>Filter Reason(s):</b> Dist multiple:0.4755<br>
          <hr>
          <i>Calculation Method: Ellipsoidal (WGS84)</i>
        ]]>                    
        
                </description>
                <styleUrl>#149</styleUrl>
                <LineString id="147">
                    <coordinates>-77.0340714747954,38.97800673083694,0.0 -77.06832915730651,38.97126514652496,0.0</coordinates>
                </LineString>
            </Placemark>
            <Placemark id="188">
                <name>Chk23a → H43</name>
                <description>
                    
        
<![CDATA[
          <b>P1:</b> Chk23a<br>
          <b>P2:</b> H43<br>
          <hr>
          <b>Distance:</b> 9.510 miles<br>
          <hr>
          <u>Path P1 → P2:</u><br>
          <b>Forward Azimuth at P1 (Az12):</b> 255.724°<br>
          <b>Back Azimuth at P2 (BackAz12):</b> 255.616°<br>
          <hr>
          <u>Path P2 → P1:</u><br>
          <b>Forward Azimuth at P2 (Az21):</b> 75.616°<br>
          <b>Back Azimuth at P1 (BackAz21):</b> 75.724°<br>
          <hr>
          <b>Filter Reason(s):</b> Dist multiple:0.4755<br>
          <hr>
          <i>Calculation Method: Ellipsoidal (WGS84)</i>
        ]]>                    
        
                </description>
                <styleUrl>#189</styleUrl>
                <LineString id="187">
                    <coordinates>-76.97546834269932,38.90863930872903,0.0 -77.146392815978,38.87451597139456,0.0</coordinates>
                </LineString>
            </Placemark>
            <Placemark id="192">
                <name>Chk23b → H70a</name>
                <description>
                    
        
<![CDATA[
          <b>P1:</b> Chk23b<br>
          <b>P2:</b> H70a<br>
          <hr>
          <b>Distance:</b> 5.707 miles<br>
          <hr>
          <u>Path P1 → P2:</u><br>
          <b>Forward Azimuth at P1 (Az12):</b> 242.515°<br>
          <b>Back Azimuth at P2 (BackAz12):</b> 242.456°<br>
          <hr>
          <u>Path P2 → P1:</u><br>
          <b>Forward Azimuth at P2 (Az21):</b> 62.456°<br>
          <b>Back Azimuth at P1 (BackAz21):</b> 62.515°<br>
          <hr>
          <b>Filter Reason(s):</b> Dist multiple:0.4755<br>
          <hr>
          <i>Calculation Method: Ellipsoidal (WGS84)</i>
        ]]>                    
        
                </description>
                <styleUrl>#193</styleUrl>
                <LineString id="191">
                    <coordinates>-76.97387114815113,38.90969480185885,0.0 -77.06775220195667,38.87147694689254,0.0</coordinates>
                </LineString>
            </Placemark>
            <Placemark id="196">
                <name>Chk23c → Chk21</name>
                <description>
                    
        
<![CDATA[
          <b>P1:</b> Chk23c<br>
          <b>P2:</b> Chk21<br>
          <hr>
          <b>Distance:</b> 3.077 miles<br>
          <hr>
          <u>Path P1 → P2:</u><br>
          <b>Forward Azimuth at P1 (Az12):</b> 145.659°<br>
          <b>Back Azimuth at P2 (BackAz12):</b> 145.679°<br>
          <hr>
          <u>Path P2 → P1:</u><br>
          <b>Forward Azimuth at P2 (Az21):</b> 325.679°<br>
          <b>Back Azimuth at P1 (BackAz21):</b> 325.659°<br>
          <hr>
          <b>Filter Reason(s):</b> Dist multiple:1.5388<br>
          <hr>
          <i>Calculation Method: Ellipsoidal (WGS84)</i>
        ]]>                    
        
                </description>
                <styleUrl>#197</styleUrl>
                <LineString id="195">
                    <coordinates>-76.97239108771012,38.90964452291605,0.0 -76.94019736733574,38.87280409544193,0.0</coordinates>
                </LineString>
            </Placemark>
            <Placemark id="200">
                <name>Chk23c → H60</name>
                <description>
                    
        
<![CDATA[
          <b>P1:</b> Chk23c<br>
          <b>P2:</b> H60<br>
          <hr>
          <b>Distance:</b> 3.328 miles<br>
          <hr>
          <u>Path P1 → P2:</u><br>
          <b>Forward Azimuth at P1 (Az12):</b> 63.285°<br>
          <b>Back Azimuth at P2 (BackAz12):</b> 63.320°<br>
          <hr>
          <u>Path P2 → P1:</u><br>
          <b>Forward Azimuth at P2 (Az21):</b> 243.320°<br>
          <b>Back Azimuth at P1 (BackAz21):</b> 243.285°<br>
          <hr>
          <b>Filter Reason(s):</b> Dist multiple:0.4755<br>
          <hr>
          <i>Calculation Method: Ellipsoidal (WGS84)</i>
        ]]>                    
        
                </description>
                <styleUrl>#201</styleUrl>
                <LineString id="199">
                    <coordinates>-76.97239108771012,38.90964452291605,0.0 -76.91720945574568,38.93132296535497,0.0</coordinates>
                </LineString>
            </Placemark>
            <Placemark id="221">
                <name>Chk27 → H43</name>
                <description>
                    
        
<![CDATA[
          <b>P1:</b> Chk27<br>
          <b>P2:</b> H43<br>
          <hr>
          <b>Distance:</b> 7.694 miles<br>
          <hr>
          <u>Path P1 → P2:</u><br>
          <b>Forward Azimuth at P1 (Az12):</b> 213.161°<br>
          <b>Back Azimuth at P2 (BackAz12):</b> 213.112°<br>
          <hr>
          <u>Path P2 → P1:</u><br>
          <b>Forward Azimuth at P2 (Az21):</b> 33.112°<br>
          <b>Back Azimuth at P1 (BackAz21):</b> 33.161°<br>
          <hr>
          <b>Filter Reason(s):</b> Dist multiple:1.5388<br>
          <hr>
          <i>Calculation Method: Ellipsoidal (WGS84)</i>
        ]]>                    
        
                </description>
                <styleUrl>#222</styleUrl>
                <LineString id="220">
                    <coordinates>-77.06834544975686,38.96791103163879,0.0 -77.146392815978,38.87451597139456,0.0</coordinates>
                </LineString>
            </Placemark>
            <Placemark id="274">
                <name>Chk41 → OtrD</name>
                <description>
                    
        
<![CDATA[
          <b>P1:</b> Chk41<br>
          <b>P2:</b> OtrD<br>
          <hr>
          <b>Distance:</b> 2.853 miles<br>
          <hr>
          <u>Path P1 → P2:</u><br>
          <b>Forward Azimuth at P1 (Az12):</b> 123.587°<br>
          <b>Back Azimuth at P2 (BackAz12):</b> 123.615°<br>
          <hr>
          <u>Path P2 → P1:</u><br>
          <b>Forward Azimuth at P2 (Az21):</b> 303.615°<br>
          <b>Back Azimuth at P1 (BackAz21):</b> 303.587°<br>
          <hr>
          <b>Filter Reason(s):</b> Dist multiple:0.4755<br>
          <hr>
          <i>Calculation Method: Ellipsoidal (WGS84)</i>
        ]]>                    
        
                </description>
                <styleUrl>#275</styleUrl>
                <LineString id="273">
                    <coordinates>-76.9575387987198,38.91261730408393,0.0 -76.91344596466341,38.88972524047381,0.0</coordinates>
                </LineString>
            </Placemark>
            <Placemark id="286">
                <name>Chk43 → H81</name>
                <description>
                    
        
<![CDATA[
          <b>P1:</b> Chk43<br>
          <b>P2:</b> H81<br>
          <hr>
          <b>Distance:</b> 6.182 miles<br>
          <hr>
          <u>Path P1 → P2:</u><br>
          <b>Forward Azimuth at P1 (Az12):</b> 128.855°<br>
          <b>Back Azimuth at P2 (BackAz12):</b> 128.911°<br>
          <hr>
          <u>Path P2 → P1:</u><br>
          <b>Forward Azimuth at P2 (Az21):</b> 308.911°<br>
          <b>Back Azimuth at P1 (BackAz21):</b> 308.855°<br>
          <hr>
          <b>Filter Reason(s):</b> Dist multiple:0.4755<br>
          <hr>
          <i>Calculation Method: Ellipsoidal (WGS84)</i>
        ]]>                    
        
                </description>
                <styleUrl>#287</styleUrl>
                <LineString id="285">
                    <coordinates>-77.0192667064925,38.94312493001874,0.0 -76.9299762903957,38.88687029383775,0.0</coordinates>
                </LineString>
            </Placemark>
            <Placemark id="298">
                <name>Chk59 → H17</name>
                <description>
                    
        
<![CDATA[
          <b>P1:</b> Chk59<br>
          <b>P2:</b> H17<br>
          <hr>
          <b>Distance:</b> 9.035 miles<br>
          <hr>
          <u>Path P1 → P2:</u><br>
          <b>Forward Azimuth at P1 (Az12):</b> 190.379°<br>
          <b>Back Azimuth at P2 (BackAz12):</b> 190.360°<br>
          <hr>
          <u>Path P2 → P1:</u><br>
          <b>Forward Azimuth at P2 (Az21):</b> 10.360°<br>
          <b>Back Azimuth at P1 (BackAz21):</b> 10.379°<br>
          <hr>
          <b>Filter Reason(s):</b> Dist multiple:0.4755<br>
          <hr>
          <i>Calculation Method: Ellipsoidal (WGS84)</i>
        ]]>                    
        
                </description>
                <styleUrl>#299</styleUrl>
                <LineString id="297">
                    <coordinates>-77.04244035387981,39.01004268273348,0.0 -77.07263105649967,38.88120136333437,0.0</coordinates>
                </LineString>
            </Placemark>
            <Placemark id="302">
                <name>Chk59 → POOthr2c</name>
                <description>
                    
        
<![CDATA[
          <b>P1:</b> Chk59<br>
          <b>P2:</b> POOthr2c<br>
          <hr>
          <b>Distance:</b> 7.609 miles<br>
          <hr>
          <u>Path P1 → P2:</u><br>
          <b>Forward Azimuth at P1 (Az12):</b> 196.129°<br>
          <b>Back Azimuth at P2 (BackAz12):</b> 196.104°<br>
          <hr>
          <u>Path P2 → P1:</u><br>
          <b>Forward Azimuth at P2 (Az21):</b> 16.104°<br>
          <b>Back Azimuth at P1 (BackAz21):</b> 16.129°<br>
          <hr>
          <b>Filter Reason(s):</b> Dist multiple:0.4755<br>
          <hr>
          <i>Calculation Method: Ellipsoidal (WGS84)</i>
        ]]>                    
        
                </description>
                <styleUrl>#303</styleUrl>
                <LineString id="301">
                    <coordinates>-77.04244035387981,39.01004268273348,0.0 -77.08165575743644,38.9040771959102,0.0</coordinates>
                </LineString>
            </Placemark>
            <Placemark id="306">
                <name>Chk60 → H44</name>
                <description>
                    
        
<![CDATA[
          <b>P1:</b> Chk60<br>
          <b>P2:</b> H44<br>
          <hr>
          <b>Distance:</b> 8.084 miles<br>
          <hr>
          <u>Path P1 → P2:</u><br>
          <b>Forward Azimuth at P1 (Az12):</b> 209.797°<br>
          <b>Back Azimuth at P2 (BackAz12):</b> 209.750°<br>
          <hr>
          <u>Path P2 → P1:</u><br>
          <b>Forward Azimuth at P2 (Az21):</b> 29.750°<br>
          <b>Back Azimuth at P1 (BackAz21):</b> 29.797°<br>
          <hr>
          <b>Filter Reason(s):</b> Dist multiple:0.4755<br>
          <hr>
          <i>Calculation Method: Ellipsoidal (WGS84)</i>
        ]]>                    
        
                </description>
                <styleUrl>#307</styleUrl>
                <LineString id="305">
                    <coordinates>-77.03806204873727,39.00533947251964,0.0 -77.11259304457337,38.90361498656535,0.0</coordinates>
                </LineString>
            </Placemark>
            <Placemark id="414">
                <name>HighWb → H32</name>
                <description>
                    
        
<![CDATA[
          <b>P1:</b> HighWb<br>
          <b>P2:</b> H32<br>
          <hr>
          <b>Distance:</b> 8.084 miles<br>
          <hr>
          <u>Path P1 → P2:</u><br>
          <b>Forward Azimuth at P1 (Az12):</b> 351.047°<br>
          <b>Back Azimuth at P2 (BackAz12):</b> 351.032°<br>
          <hr>
          <u>Path P2 → P1:</u><br>
          <b>Forward Azimuth at P2 (Az21):</b> 171.032°<br>
          <b>Back Azimuth at P1 (BackAz21):</b> 171.047°<br>
          <hr>
          <b>Filter Reason(s):</b> Dist multiple:0.4755<br>
          <hr>
          <i>Calculation Method: Ellipsoidal (WGS84)</i>
        ]]>                    
        
                </description>
                <styleUrl>#415</styleUrl>
                <LineString id="413">
                    <coordinates>-77.06728222257168,38.80859367009808,0.0 -77.09063005508365,38.9243596243616,0.0</coordinates>
                </LineString>
            </Placemark>
            <Placemark id="422">
                <name>Hk → Gs7</name>
                <description>
                    
        
<![CDATA[
          <b>P1:</b> Hk<br>
          <b>P2:</b> Gs7<br>
          <hr>
          <b>Distance:</b> 3.805 miles<br>
          <hr>
          <u>Path P1 → P2:</u><br>
          <b>Forward Azimuth at P1 (Az12):</b> 292.264°<br>
          <b>Back Azimuth at P2 (BackAz12):</b> 292.223°<br>
          <hr>
          <u>Path P2 → P1:</u><br>
          <b>Forward Azimuth at P2 (Az21):</b> 112.223°<br>
          <b>Back Azimuth at P1 (BackAz21):</b> 112.264°<br>
          <hr>
          <b>Filter Reason(s):</b> Dist multiple:0.4755<br>
          <hr>
          <i>Calculation Method: Ellipsoidal (WGS84)</i>
        ]]>                    
        
                </description>
                <styleUrl>#423</styleUrl>
                <LineString id="421">
                    <coordinates>-77.051444,38.8951366,0.0 -77.11677799130699,38.91601482291505,0.0</coordinates>
                </LineString>
            </Placemark>
            <Placemark id="470">
                <name>KS → H23</name>
                <description>
                    
        
<![CDATA[
          <b>P1:</b> KS<br>
          <b>P2:</b> H23<br>
          <hr>
          <b>Distance:</b> 10.462 miles<br>
          <hr>
          <u>Path P1 → P2:</u><br>
          <b>Forward Azimuth at P1 (Az12):</b> 349.047°<br>
          <b>Back Azimuth at P2 (BackAz12):</b> 349.024°<br>
          <hr>
          <u>Path P2 → P1:</u><br>
          <b>Forward Azimuth at P2 (Az21):</b> 169.024°<br>
          <b>Back Azimuth at P1 (BackAz21):</b> 169.047°<br>
          <hr>
          <b>Filter Reason(s):</b> Dist multiple:0.4755<br>
          <hr>
          <i>Calculation Method: Ellipsoidal (WGS84)</i>
        ]]>                    
        
                </description>
                <styleUrl>#471</styleUrl>
                <LineString id="469">
                    <coordinates>-77.051444,38.790339,0.0 -77.08834070412745,38.93923731423045,0.0</coordinates>
                </LineString>
            </Placemark>
            <Placemark id="498">
                <name>La → H70</name>
                <description>
                    
        
<![CDATA[
          <b>P1:</b> La<br>
          <b>P2:</b> H70<br>
          <hr>
          <b>Distance:</b> 1.426 miles<br>
          <hr>
          <u>Path P1 → P2:</u><br>
          <b>Forward Azimuth at P1 (Az12):</b> 225.717°<br>
          <b>Back Azimuth at P2 (BackAz12):</b> 225.705°<br>
          <hr>
          <u>Path P2 → P1:</u><br>
          <b>Forward Azimuth at P2 (Az21):</b> 45.705°<br>
          <b>Back Azimuth at P1 (BackAz21):</b> 45.717°<br>
          <hr>
          <b>Filter Reason(s):</b> Dist multiple:0.4755<br>
          <hr>
          <i>Calculation Method: Ellipsoidal (WGS84)</i>
        ]]>                    
        
                </description>
                <styleUrl>#499</styleUrl>
                <LineString id="497">
                    <coordinates>-77.05145152722608,38.88816903625909,0.0 -77.07038741369139,38.8737311478417,0.0</coordinates>
                </LineString>
            </Placemark>
            <Placemark id="522">
                <name>MV → H35</name>
                <description>
                    
        
<![CDATA[
          <b>P1:</b> MV<br>
          <b>P2:</b> H35<br>
          <hr>
          <b>Distance:</b> 13.315 miles<br>
          <hr>
          <u>Path P1 → P2:</u><br>
          <b>Forward Azimuth at P1 (Az12):</b> 343.969°<br>
          <b>Back Azimuth at P2 (BackAz12):</b> 343.926°<br>
          <hr>
          <u>Path P2 → P1:</u><br>
          <b>Forward Azimuth at P2 (Az21):</b> 163.926°<br>
          <b>Back Azimuth at P1 (BackAz21):</b> 163.969°<br>
          <hr>
          <b>Filter Reason(s):</b> Dist multiple:0.4755<br>
          <hr>
          <i>Calculation Method: Ellipsoidal (WGS84)</i>
        ]]>                    
        
                </description>
                <styleUrl>#523</styleUrl>
                <LineString id="521">
                    <coordinates>-77.01151395666083,38.735159,0.0 -77.07975099520537,38.92066077312896,0.0</coordinates>
                </LineString>
            </Placemark>
            <Placemark id="530">
                <name>NOa → SF03</name>
                <description>
                    
        
<![CDATA[
          <b>P1:</b> NOa<br>
          <b>P2:</b> SF03<br>
          <hr>
          <b>Distance:</b> 11.412 miles<br>
          <hr>
          <u>Path P1 → P2:</u><br>
          <b>Forward Azimuth at P1 (Az12):</b> 153.321°<br>
          <b>Back Azimuth at P2 (BackAz12):</b> 153.381°<br>
          <hr>
          <u>Path P2 → P1:</u><br>
          <b>Forward Azimuth at P2 (Az21):</b> 333.381°<br>
          <b>Back Azimuth at P1 (BackAz21):</b> 333.321°<br>
          <hr>
          <b>Filter Reason(s):</b> Dist multiple:0.4755<br>
          <hr>
          <i>Calculation Method: Ellipsoidal (WGS84)</i>
        ]]>                    
        
                </description>
                <styleUrl>#531</styleUrl>
                <LineString id="529">
                    <coordinates>-77.06705128052432,38.92154464050518,0.0 -76.97215841432278,38.77367519361357,0.0</coordinates>
                </LineString>
            </Placemark>
            <Placemark id="546">
                <name>P → Chk18</name>
                <description>
                    
        
<![CDATA[
          <b>P1:</b> P<br>
          <b>P2:</b> Chk18<br>
          <hr>
          <b>Distance:</b> 3.077 miles<br>
          <hr>
          <u>Path P1 → P2:</u><br>
          <b>Forward Azimuth at P1 (Az12):</b> 276.633°<br>
          <b>Back Azimuth at P2 (BackAz12):</b> 276.597°<br>
          <hr>
          <u>Path P2 → P1:</u><br>
          <b>Forward Azimuth at P2 (Az21):</b> 96.597°<br>
          <b>Back Azimuth at P1 (BackAz21):</b> 96.633°<br>
          <hr>
          <b>Filter Reason(s):</b> Dist multiple:1.5388<br>
          <hr>
          <i>Calculation Method: Ellipsoidal (WGS84)</i>
        ]]>                    
        
                </description>
                <styleUrl>#547</styleUrl>
                <LineString id="545">
                    <coordinates>-77.05596854698287,38.87100323118176,0.0 -77.11265634246809,38.87614213026904,0.0</coordinates>
                </LineString>
            </Placemark>
            <Placemark id="558">
                <name>PO → H27</name>
                <description>
                    
        
<![CDATA[
          <b>P1:</b> PO<br>
          <b>P2:</b> H27<br>
          <hr>
          <b>Distance:</b> 7.609 miles<br>
          <hr>
          <u>Path P1 → P2:</u><br>
          <b>Forward Azimuth at P1 (Az12):</b> 203.524°<br>
          <b>Back Azimuth at P2 (BackAz12):</b> 203.488°<br>
          <hr>
          <u>Path P2 → P1:</u><br>
          <b>Forward Azimuth at P2 (Az21):</b> 23.488°<br>
          <b>Back Azimuth at P1 (BackAz21):</b> 23.524°<br>
          <hr>
          <b>Filter Reason(s):</b> Dist multiple:0.4755<br>
          <hr>
          <i>Calculation Method: Ellipsoidal (WGS84)</i>
        ]]>                    
        
                </description>
                <styleUrl>#559</styleUrl>
                <LineString id="557">
                    <coordinates>-77.1199159,38.93449309999998,0.0 -77.17620182600818,38.83334538875507,0.0</coordinates>
                </LineString>
            </Placemark>
            <Placemark id="574">
                <name>PenA → CFf</name>
                <description>
                    
        
<![CDATA[
          <b>P1:</b> PenA<br>
          <b>P2:</b> CFf<br>
          <hr>
          <b>Distance:</b> 3.078 miles<br>
          <hr>
          <u>Path P1 → P2:</u><br>
          <b>Forward Azimuth at P1 (Az12):</b> 68.786°<br>
          <b>Back Azimuth at P2 (BackAz12):</b> 68.819°<br>
          <hr>
          <u>Path P2 → P1:</u><br>
          <b>Forward Azimuth at P2 (Az21):</b> 248.819°<br>
          <b>Back Azimuth at P1 (BackAz21):</b> 248.786°<br>
          <hr>
          <b>Filter Reason(s):</b> Dist multiple:1.5388<br>
          <hr>
          <i>Calculation Method: Ellipsoidal (WGS84)</i>
        ]]>                    
        
                </description>
                <styleUrl>#575</styleUrl>
                <LineString id="573">
                    <coordinates>-77.05790028667388,38.872552231854,0.0 -77.00467871165168,38.88868578496108,0.0</coordinates>
                </LineString>
            </Placemark>
            <Placemark id="590">
                <name>PenB → PenD</name>
                <description>
                    
        
<![CDATA[
          <b>P1:</b> PenB<br>
          <b>P2:</b> PenD<br>
          <hr>
          <b>Distance:</b> 0.220 miles<br>
          <hr>
          <u>Path P1 → P2:</u><br>
          <b>Forward Azimuth at P1 (Az12):</b> 212.351°<br>
          <b>Back Azimuth at P2 (BackAz12):</b> 212.350°<br>
          <hr>
          <u>Path P2 → P1:</u><br>
          <b>Forward Azimuth at P2 (Az21):</b> 32.350°<br>
          <b>Back Azimuth at P1 (BackAz21):</b> 32.351°<br>
          <hr>
          <b>Filter Reason(s):</b> Dist factor of:1.5388<br>
          <hr>
          <i>Calculation Method: Ellipsoidal (WGS84)</i>
        ]]>                    
        
                </description>
                <styleUrl>#591</styleUrl>
                <LineString id="589">
                    <coordinates>-77.05628256361138,38.87273680802001,0.0 -77.05846414671291,38.87004437347602,0.0</coordinates>
                </LineString>
            </Placemark>
            <Placemark id="602">
                <name>PenE → Gs2</name>
                <description>
                    
        
<![CDATA[
          <b>P1:</b> PenE<br>
          <b>P2:</b> Gs2<br>
          <hr>
          <b>Distance:</b> 4.616 miles<br>
          <hr>
          <u>Path P1 → P2:</u><br>
          <b>Forward Azimuth at P1 (Az12):</b> 94.163°<br>
          <b>Back Azimuth at P2 (BackAz12):</b> 94.217°<br>
          <hr>
          <u>Path P2 → P1:</u><br>
          <b>Forward Azimuth at P2 (Az21):</b> 274.217°<br>
          <b>Back Azimuth at P1 (BackAz21):</b> 274.163°<br>
          <hr>
          <b>Filter Reason(s):</b> Dist multiple:1.5388<br>
          <hr>
          <i>Calculation Method: Ellipsoidal (WGS84)</i>
        ]]>                    
        
                </description>
                <styleUrl>#603</styleUrl>
                <LineString id="601">
                    <coordinates>-77.05322825200388,38.87062329503496,0.0 -76.96785270415687,38.86573364111086,0.0</coordinates>
                </LineString>
            </Placemark>
            <Placemark id="610">
                <name>PenF → Lcnr</name>
                <description>
                    
        
<![CDATA[
          <b>P1:</b> PenF<br>
          <b>P2:</b> Lcnr<br>
          <hr>
          <b>Distance:</b> 1.427 miles<br>
          <hr>
          <u>Path P1 → P2:</u><br>
          <b>Forward Azimuth at P1 (Az12):</b> 12.302°<br>
          <b>Back Azimuth at P2 (BackAz12):</b> 12.306°<br>
          <hr>
          <u>Path P2 → P1:</u><br>
          <b>Forward Azimuth at P2 (Az21):</b> 192.306°<br>
          <b>Back Azimuth at P1 (BackAz21):</b> 192.302°<br>
          <hr>
          <b>Filter Reason(s):</b> Dist multiple:0.4755<br>
          <hr>
          <i>Calculation Method: Ellipsoidal (WGS84)</i>
        ]]>                    
        
                </description>
                <styleUrl>#611</styleUrl>
                <LineString id="609">
                    <coordinates>-77.0555808299749,38.86885510940446,0.0 -77.04994269848781,38.88906071490013,0.0</coordinates>
                </LineString>
            </Placemark>
            <Placemark id="638">
                <name>SCa → SCb</name>
                <description>
                    
        
<![CDATA[
          <b>P1:</b> SCa<br>
          <b>P2:</b> SCb<br>
          <hr>
          <b>Distance:</b> 0.037 miles<br>
          <hr>
          <u>Path P1 → P2:</u><br>
          <b>Forward Azimuth at P1 (Az12):</b> 90.000°<br>
          <b>Back Azimuth at P2 (BackAz12):</b> 90.000°<br>
          <hr>
          <u>Path P2 → P1:</u><br>
          <b>Forward Azimuth at P2 (Az21):</b> 270.000°<br>
          <b>Back Azimuth at P1 (BackAz21):</b> 270.000°<br>
          <hr>
          <b>Filter Reason(s):</b> Dist factor of:1.5388<br>
          <hr>
          <i>Calculation Method: Ellipsoidal (WGS84)</i>
        ]]>                    
        
                </description>
                <styleUrl>#639</styleUrl>
                <LineString id="637">
                    <coordinates>-77.00510154468833,38.890621,0.0 -77.00442188577618,38.890621,0.0</coordinates>
                </LineString>
            </Placemark>
            <Placemark id="658">
                <name>WHa → H67</name>
                <description>
                    
        
<![CDATA[
          <b>P1:</b> WHa<br>
          <b>P2:</b> H67<br>
          <hr>
          <b>Distance:</b> 3.078 miles<br>
          <hr>
          <u>Path P1 → P2:</u><br>
          <b>Forward Azimuth at P1 (Az12):</b> 292.740°<br>
          <b>Back Azimuth at P2 (BackAz12):</b> 292.707°<br>
          <hr>
          <u>Path P2 → P1:</u><br>
          <b>Forward Azimuth at P2 (Az21):</b> 112.707°<br>
          <b>Back Azimuth at P1 (BackAz21):</b> 112.740°<br>
          <hr>
          <b>Filter Reason(s):</b> Dist multiple:1.5388<br>
          <hr>
          <i>Calculation Method: Ellipsoidal (WGS84)</i>
        ]]>                    
        
                </description>
                <styleUrl>#659</styleUrl>
                <LineString id="657">
                    <coordinates>-77.036569,38.89828563763562,0.0 -77.08923640277803,38.91551942120227,0.0</coordinates>
                </LineString>
            </Placemark>
            <Placemark id="682">
                <name>WHc → H51</name>
                <description>
                    
        
<![CDATA[
          <b>P1:</b> WHc<br>
          <b>P2:</b> H51<br>
          <hr>
          <b>Distance:</b> 1.427 miles<br>
          <hr>
          <u>Path P1 → P2:</u><br>
          <b>Forward Azimuth at P1 (Az12):</b> 329.550°<br>
          <b>Back Azimuth at P2 (BackAz12):</b> 329.542°<br>
          <hr>
          <u>Path P2 → P1:</u><br>
          <b>Forward Azimuth at P2 (Az21):</b> 149.542°<br>
          <b>Back Azimuth at P1 (BackAz21):</b> 149.550°<br>
          <hr>
          <b>Filter Reason(s):</b> Dist multiple:0.4755<br>
          <hr>
          <i>Calculation Method: Ellipsoidal (WGS84)</i>
        ]]>                    
        
                </description>
                <styleUrl>#683</styleUrl>
                <LineString id="681">
                    <coordinates>-77.03611695727467,38.89666242649749,0.0 -77.04953191350309,38.91448986470866,0.0</coordinates>
                </LineString>
            </Placemark>
            <Placemark id="698">
                <name>WHn → POOthr2a</name>
                <description>
                    
        
<![CDATA[
          <b>P1:</b> WHn<br>
          <b>P2:</b> POOthr2a<br>
          <hr>
          <b>Distance:</b> 2.378 miles<br>
          <hr>
          <u>Path P1 → P2:</u><br>
          <b>Forward Azimuth at P1 (Az12):</b> 188.111°<br>
          <b>Back Azimuth at P2 (BackAz12):</b> 188.107°<br>
          <hr>
          <u>Path P2 → P1:</u><br>
          <b>Forward Azimuth at P2 (Az21):</b> 8.107°<br>
          <b>Back Azimuth at P1 (BackAz21):</b> 8.111°<br>
          <hr>
          <b>Filter Reason(s):</b> Dist multiple:0.4755<br>
          <hr>
          <i>Calculation Method: Ellipsoidal (WGS84)</i>
        ]]>                    
        
                </description>
                <styleUrl>#699</styleUrl>
                <LineString id="697">
                    <coordinates>-77.036569,38.89787121557463,0.0 -77.04279029496989,38.86374289004072,0.0</coordinates>
                </LineString>
            </Placemark>
            <Placemark id="786">
                <name>elWc → H51</name>
                <description>
                    
        
<![CDATA[
          <b>P1:</b> elWc<br>
          <b>P2:</b> H51<br>
          <hr>
          <b>Distance:</b> 1.539 miles<br>
          <hr>
          <u>Path P1 → P2:</u><br>
          <b>Forward Azimuth at P1 (Az12):</b> 342.890°<br>
          <b>Back Azimuth at P2 (BackAz12):</b> 342.885°<br>
          <hr>
          <u>Path P2 → P1:</u><br>
          <b>Forward Azimuth at P2 (Az21):</b> 162.885°<br>
          <b>Back Azimuth at P1 (BackAz21):</b> 162.890°<br>
          <hr>
          <b>Filter Reason(s):</b> Dist factor of:1.5388, Dist multiple:1.5388<br>
          <hr>
          <i>Calculation Method: Ellipsoidal (WGS84)</i>
        ]]>                    
        
                </description>
                <styleUrl>#787</styleUrl>
                <LineString id="785">
                    <coordinates>-77.04113191993082,38.89317145702438,0.0 -77.04953191350309,38.91448986470866,0.0</coordinates>
                </LineString>
            </Placemark>
        </Folder>
        <Folder id="20">
            <Style id="23">
                <LineStyle id="24">
                    <color>FF00FF00</color>
                    <colorMode>normal</colorMode>
                    <width>2.5</width>
                </LineStyle>
            </Style>
            <Style id="96">
                <LineStyle id="97">
                    <color>FF00FF02</color>
                    <colorMode>normal</colorMode>
                    <width>1.5</width>
                </LineStyle>
            </Style>
            <Style id="153">
                <LineStyle id="154">
                    <color>FF00FF01</color>
                    <colorMode>normal</colorMode>
                    <width>1.5</width>
                </LineStyle>
            </Style>
            <Style id="161">
                <LineStyle id="162">
                    <color>FF00FF01</color>
                    <colorMode>normal</colorMode>
                    <width>1.5</width>
                </LineStyle>
            </Style>
            <Style id="165">
                <LineStyle id="166">
                    <color>FF00FF01</color>
                    <colorMode>normal</colorMode>
                    <width>1.5</width>
                </LineStyle>
            </Style>
            <Style id="323">
                <LineStyle id="324">
                    <color>FF00FF01</color>
                    <colorMode>normal</colorMode>
                    <width>1.5</width>
                </LineStyle>
            </Style>
            <Style id="335">
                <LineStyle id="336">
                    <color>FF00FF00</color>
                    <colorMode>normal</colorMode>
                    <width>2.5</width>
                </LineStyle>
            </Style>
            <Style id="347">
                <LineStyle id="348">
                    <color>FF00FF01</color>
                    <colorMode>normal</colorMode>
                    <width>1.5</width>
                </LineStyle>
            </Style>
            <Style id="363">
                <LineStyle id="364">
                    <color>FF00FF02</color>
                    <colorMode>normal</colorMode>
                    <width>1.5</width>
                </LineStyle>
            </Style>
            <Style id="383">
                <LineStyle id="384">
                    <color>FF00FF01</color>
                    <colorMode>normal</colorMode>
                    <width>1.5</width>
                </LineStyle>
            </Style>
            <Style id="407">
                <LineStyle id="408">
                    <color>FF00FF01</color>
                    <colorMode>normal</colorMode>
                    <width>1.5</width>
                </LineStyle>
            </Style>
            <Style id="455">
                <LineStyle id="456">
                    <color>FF00FF02</color>
                    <colorMode>normal</colorMode>
                    <width>1.5</width>
                </LineStyle>
            </Style>
            <Style id="555">
                <LineStyle id="556">
                    <color>FF00FF00</color>
                    <colorMode>normal</colorMode>
                    <width>2.5</width>
                </LineStyle>
            </Style>
            <Style id="579">
                <LineStyle id="580">
                    <color>FF00FF01</color>
                    <colorMode>normal</colorMode>
                    <width>1.5</width>
                </LineStyle>
            </Style>
            <Style id="651">
                <LineStyle id="652">
                    <color>FF00FF02</color>
                    <colorMode>normal</colorMode>
                    <width>1.5</width>
                </LineStyle>
            </Style>
            <Style id="667">
                <LineStyle id="668">
                    <color>FF00FF02</color>
                    <colorMode>normal</colorMode>
                    <width>1.5</width>
                </LineStyle>
            </Style>
            <Style id="771">
                <LineStyle id="772">
                    <color>FF00FF01</color>
                    <colorMode>normal</colorMode>
                    <width>1.5</width>
                </LineStyle>
            </Style>
            <name>r3</name>
            <Placemark id="22">
                <name>CCnrA → elEc</name>
                <description>
                    
        
<![CDATA[
          <b>P1:</b> CCnrA<br>
          <b>P2:</b> elEc<br>
          <hr>
          <b>Distance:</b> 1.732 miles<br>
          <hr>
          <u>Path P1 → P2:</u><br>
          <b>Forward Azimuth at P1 (Az12):</b> 279.111°<br>
          <b>Back Azimuth at P2 (BackAz12):</b> 279.091°<br>
          <hr>
          <u>Path P2 → P1:</u><br>
          <b>Forward Azimuth at P2 (Az21):</b> 99.091°<br>
          <b>Back Azimuth at P1 (BackAz21):</b> 99.111°<br>
          <hr>
          <b>Filter Reason(s):</b> Dist factor of:1.7321, Dist multiple:1.7321<br>
          <hr>
          <i>Calculation Method: Ellipsoidal (WGS84)</i>
        ]]>                    
        
                </description>
                <styleUrl>#23</styleUrl>
                <LineString id="21">
                    <coordinates>-77.00860327209443,38.88881417737429,0.0 -77.04033404260801,38.89278681802996,0.0</coordinates>
                </LineString>
            </Placemark>
            <Placemark id="95">
                <name>CapK → CCnrA</name>
                <description>
                    
        
<![CDATA[
          <b>P1:</b> CapK<br>
          <b>P2:</b> CCnrA<br>
          <hr>
          <b>Distance:</b> 0.072 miles<br>
          <hr>
          <u>Path P1 → P2:</u><br>
          <b>Forward Azimuth at P1 (Az12):</b> 160.619°<br>
          <b>Back Azimuth at P2 (BackAz12):</b> 160.619°<br>
          <hr>
          <u>Path P2 → P1:</u><br>
          <b>Forward Azimuth at P2 (Az21):</b> 340.619°<br>
          <b>Back Azimuth at P1 (BackAz21):</b> 340.619°<br>
          <hr>
          <b>Filter Reason(s):</b> Dist factor of:1.7321<br>
          <hr>
          <i>Calculation Method: Ellipsoidal (WGS84)</i>
        ]]>                    
        
                </description>
                <styleUrl>#96</styleUrl>
                <LineString id="94">
                    <coordinates>-77.00904745,38.889801,0.0 -77.00860327209443,38.88881417737429,0.0</coordinates>
                </LineString>
            </Placemark>
            <Placemark id="152">
                <name>Chk13 → Chk38</name>
                <description>
                    
        
<![CDATA[
          <b>P1:</b> Chk13<br>
          <b>P2:</b> Chk38<br>
          <hr>
          <b>Distance:</b> 8.661 miles<br>
          <hr>
          <u>Path P1 → P2:</u><br>
          <b>Forward Azimuth at P1 (Az12):</b> 168.573°<br>
          <b>Back Azimuth at P2 (BackAz12):</b> 168.593°<br>
          <hr>
          <u>Path P2 → P1:</u><br>
          <b>Forward Azimuth at P2 (Az21):</b> 348.593°<br>
          <b>Back Azimuth at P1 (BackAz21):</b> 348.573°<br>
          <hr>
          <b>Filter Reason(s):</b> Dist multiple:1.7321<br>
          <hr>
          <i>Calculation Method: Ellipsoidal (WGS84)</i>
        ]]>                    
        
                </description>
                <styleUrl>#153</styleUrl>
                <LineString id="151">
                    <coordinates>-77.0340714747954,38.97800673083694,0.0 -77.0022595046106,38.85493665631558,0.0</coordinates>
                </LineString>
            </Placemark>
            <Placemark id="160">
                <name>Chk14 → OtrD</name>
                <description>
                    
        
<![CDATA[
          <b>P1:</b> Chk14<br>
          <b>P2:</b> OtrD<br>
          <hr>
          <b>Distance:</b> 6.929 miles<br>
          <hr>
          <u>Path P1 → P2:</u><br>
          <b>Forward Azimuth at P1 (Az12):</b> 107.938°<br>
          <b>Back Azimuth at P2 (BackAz12):</b> 108.015°<br>
          <hr>
          <u>Path P2 → P1:</u><br>
          <b>Forward Azimuth at P2 (Az21):</b> 288.015°<br>
          <b>Back Azimuth at P1 (BackAz21):</b> 287.938°<br>
          <hr>
          <b>Filter Reason(s):</b> Dist multiple:1.7321<br>
          <hr>
          <i>Calculation Method: Ellipsoidal (WGS84)</i>
        ]]>                    
        
                </description>
                <styleUrl>#161</styleUrl>
                <LineString id="159">
                    <coordinates>-77.03571742899706,38.92072480308088,0.0 -76.91344596466341,38.88972524047381,0.0</coordinates>
                </LineString>
            </Placemark>
            <Placemark id="164">
                <name>Chk15 → H70b</name>
                <description>
                    
        
<![CDATA[
          <b>P1:</b> Chk15<br>
          <b>P2:</b> H70b<br>
          <hr>
          <b>Distance:</b> 5.196 miles<br>
          <hr>
          <u>Path P1 → P2:</u><br>
          <b>Forward Azimuth at P1 (Az12):</b> 108.414°<br>
          <b>Back Azimuth at P2 (BackAz12):</b> 108.472°<br>
          <hr>
          <u>Path P2 → P1:</u><br>
          <b>Forward Azimuth at P2 (Az21):</b> 288.472°<br>
          <b>Back Azimuth at P1 (BackAz21):</b> 288.414°<br>
          <hr>
          <b>Filter Reason(s):</b> Dist multiple:1.7321<br>
          <hr>
          <i>Calculation Method: Ellipsoidal (WGS84)</i>
        ]]>                    
        
                </description>
                <styleUrl>#165</styleUrl>
                <LineString id="163">
                    <coordinates>-77.0702598537815,38.9339121071402,0.0 -76.97878782846644,38.91008217241069,0.0</coordinates>
                </LineString>
            </Placemark>
            <Placemark id="322">
                <name>Gs1 → H70a</name>
                <description>
                    
        
<![CDATA[
          <b>P1:</b> Gs1<br>
          <b>P2:</b> H70a<br>
          <hr>
          <b>Distance:</b> 5.196 miles<br>
          <hr>
          <u>Path P1 → P2:</u><br>
          <b>Forward Azimuth at P1 (Az12):</b> 148.031°<br>
          <b>Back Azimuth at P2 (BackAz12):</b> 148.063°<br>
          <hr>
          <u>Path P2 → P1:</u><br>
          <b>Forward Azimuth at P2 (Az21):</b> 328.063°<br>
          <b>Back Azimuth at P1 (BackAz21):</b> 328.031°<br>
          <hr>
          <b>Filter Reason(s):</b> Dist multiple:1.7321<br>
          <hr>
          <i>Calculation Method: Ellipsoidal (WGS84)</i>
        ]]>                    
        
                </description>
                <styleUrl>#323</styleUrl>
                <LineString id="321">
                    <coordinates>-77.11877083238855,38.93539090046842,0.0 -77.06775220195667,38.87147694689254,0.0</coordinates>
                </LineString>
            </Placemark>
            <Placemark id="334">
                <name>Gs5 → H99</name>
                <description>
                    
        
<![CDATA[
          <b>P1:</b> Gs5<br>
          <b>P2:</b> H99<br>
          <hr>
          <b>Distance:</b> 1.732 miles<br>
          <hr>
          <u>Path P1 → P2:</u><br>
          <b>Forward Azimuth at P1 (Az12):</b> 231.831°<br>
          <b>Back Azimuth at P2 (BackAz12):</b> 231.815°<br>
          <hr>
          <u>Path P2 → P1:</u><br>
          <b>Forward Azimuth at P2 (Az21):</b> 51.815°<br>
          <b>Back Azimuth at P1 (BackAz21):</b> 51.831°<br>
          <hr>
          <b>Filter Reason(s):</b> Dist factor of:1.7321, Dist multiple:1.7321<br>
          <hr>
          <i>Calculation Method: Ellipsoidal (WGS84)</i>
        ]]>                    
        
                </description>
                <styleUrl>#335</styleUrl>
                <LineString id="333">
                    <coordinates>-76.97570336712812,38.90446612895163,0.0 -77.00096480083693,38.8889443857454,0.0</coordinates>
                </LineString>
            </Placemark>
            <Placemark id="346">
                <name>Gs7 → Chk62</name>
                <description>
                    
        
<![CDATA[
          <b>P1:</b> Gs7<br>
          <b>P2:</b> Chk62<br>
          <hr>
          <b>Distance:</b> 5.196 miles<br>
          <hr>
          <u>Path P1 → P2:</u><br>
          <b>Forward Azimuth at P1 (Az12):</b> 98.089°<br>
          <b>Back Azimuth at P2 (BackAz12):</b> 98.149°<br>
          <hr>
          <u>Path P2 → P1:</u><br>
          <b>Forward Azimuth at P2 (Az21):</b> 278.149°<br>
          <b>Back Azimuth at P1 (BackAz21):</b> 278.089°<br>
          <hr>
          <b>Filter Reason(s):</b> Dist multiple:1.7321<br>
          <hr>
          <i>Calculation Method: Ellipsoidal (WGS84)</i>
        ]]>                    
        
                </description>
                <styleUrl>#347</styleUrl>
                <LineString id="345">
                    <coordinates>-77.11677799130699,38.91601482291505,0.0 -77.02133073015519,38.90537641569407,0.0</coordinates>
                </LineString>
            </Placemark>
            <Placemark id="362">
                <name>H13 → H47</name>
                <description>
                    
        
<![CDATA[
          <b>P1:</b> H13<br>
          <b>P2:</b> H47<br>
          <hr>
          <b>Distance:</b> 0.577 miles<br>
          <hr>
          <u>Path P1 → P2:</u><br>
          <b>Forward Azimuth at P1 (Az12):</b> 159.655°<br>
          <b>Back Azimuth at P2 (BackAz12):</b> 159.658°<br>
          <hr>
          <u>Path P2 → P1:</u><br>
          <b>Forward Azimuth at P2 (Az21):</b> 339.658°<br>
          <b>Back Azimuth at P1 (BackAz21):</b> 339.655°<br>
          <hr>
          <b>Filter Reason(s):</b> Dist factor of:1.7321<br>
          <hr>
          <i>Calculation Method: Ellipsoidal (WGS84)</i>
        ]]>                    
        
                </description>
                <styleUrl>#363</styleUrl>
                <LineString id="361">
                    <coordinates>-77.01391219662139,38.94626278806017,0.0 -77.01018660152103,38.93841562644008,0.0</coordinates>
                </LineString>
            </Placemark>
            <Placemark id="382">
                <name>H42 → Pk01</name>
                <description>
                    
        
<![CDATA[
          <b>P1:</b> H42<br>
          <b>P2:</b> Pk01<br>
          <hr>
          <b>Distance:</b> 36.374 miles<br>
          <hr>
          <u>Path P1 → P2:</u><br>
          <b>Forward Azimuth at P1 (Az12):</b> 326.066°<br>
          <b>Back Azimuth at P2 (BackAz12):</b> 325.827°<br>
          <hr>
          <u>Path P2 → P1:</u><br>
          <b>Forward Azimuth at P2 (Az21):</b> 145.827°<br>
          <b>Back Azimuth at P1 (BackAz21):</b> 146.066°<br>
          <hr>
          <b>Filter Reason(s):</b> Dist multiple:1.7321<br>
          <hr>
          <i>Calculation Method: Ellipsoidal (WGS84)</i>
        ]]>                    
        
                </description>
                <styleUrl>#383</styleUrl>
                <LineString id="381">
                    <coordinates>-77.01466103512618,38.82554707680318,0.0 -77.39330127153266,39.26242301794514,0.0</coordinates>
                </LineString>
            </Placemark>
            <Placemark id="406">
                <name>HighWb → Chk08</name>
                <description>
                    
        
<![CDATA[
          <b>P1:</b> HighWb<br>
          <b>P2:</b> Chk08<br>
          <hr>
          <b>Distance:</b> 3.464 miles<br>
          <hr>
          <u>Path P1 → P2:</u><br>
          <b>Forward Azimuth at P1 (Az12):</b> 349.974°<br>
          <b>Back Azimuth at P2 (BackAz12):</b> 349.967°<br>
          <hr>
          <u>Path P2 → P1:</u><br>
          <b>Forward Azimuth at P2 (Az21):</b> 169.967°<br>
          <b>Back Azimuth at P1 (BackAz21):</b> 169.974°<br>
          <hr>
          <b>Filter Reason(s):</b> Dist multiple:1.7321<br>
          <hr>
          <i>Calculation Method: Ellipsoidal (WGS84)</i>
        ]]>                    
        
                </description>
                <styleUrl>#407</styleUrl>
                <LineString id="405">
                    <coordinates>-77.06728222257168,38.80859367009808,0.0 -77.07846439947777,38.8580454440363,0.0</coordinates>
                </LineString>
            </Placemark>
            <Placemark id="454">
                <name>J → elNc</name>
                <description>
                    
        
<![CDATA[
          <b>P1:</b> J<br>
          <b>P2:</b> elNc<br>
          <hr>
          <b>Distance:</b> 0.346 miles<br>
          <hr>
          <u>Path P1 → P2:</u><br>
          <b>Forward Azimuth at P1 (Az12):</b> 316.589°<br>
          <b>Back Azimuth at P2 (BackAz12):</b> 316.586°<br>
          <hr>
          <u>Path P2 → P1:</u><br>
          <b>Forward Azimuth at P2 (Az21):</b> 136.586°<br>
          <b>Back Azimuth at P1 (BackAz21):</b> 136.589°<br>
          <hr>
          <b>Filter Reason(s):</b> Dist factor of:1.7321<br>
          <hr>
          <i>Calculation Method: Ellipsoidal (WGS84)</i>
        ]]>                    
        
                </description>
                <styleUrl>#455</styleUrl>
                <LineString id="453">
                    <coordinates>-77.03656908080315,38.889801,0.0 -77.04098558,38.89344928705847,0.0</coordinates>
                </LineString>
            </Placemark>
            <Placemark id="554">
                <name>PO → H23</name>
                <description>
                    
        
<![CDATA[
          <b>P1:</b> PO<br>
          <b>P2:</b> H23<br>
          <hr>
          <b>Distance:</b> 1.732 miles<br>
          <hr>
          <u>Path P1 → P2:</u><br>
          <b>Forward Azimuth at P1 (Az12):</b> 79.101°<br>
          <b>Back Azimuth at P2 (BackAz12):</b> 79.120°<br>
          <hr>
          <u>Path P2 → P1:</u><br>
          <b>Forward Azimuth at P2 (Az21):</b> 259.120°<br>
          <b>Back Azimuth at P1 (BackAz21):</b> 259.101°<br>
          <hr>
          <b>Filter Reason(s):</b> Dist factor of:1.7321, Dist multiple:1.7321<br>
          <hr>
          <i>Calculation Method: Ellipsoidal (WGS84)</i>
        ]]>                    
        
                </description>
                <styleUrl>#555</styleUrl>
                <LineString id="553">
                    <coordinates>-77.1199159,38.93449309999998,0.0 -77.08834070412745,38.93923731423045,0.0</coordinates>
                </LineString>
            </Placemark>
            <Placemark id="578">
                <name>PenB → AN</name>
                <description>
                    
        
<![CDATA[
          <b>P1:</b> PenB<br>
          <b>P2:</b> AN<br>
          <hr>
          <b>Distance:</b> 6.929 miles<br>
          <hr>
          <u>Path P1 → P2:</u><br>
          <b>Forward Azimuth at P1 (Az12):</b> 62.806°<br>
          <b>Back Azimuth at P2 (BackAz12):</b> 62.878°<br>
          <hr>
          <u>Path P2 → P1:</u><br>
          <b>Forward Azimuth at P2 (Az21):</b> 242.878°<br>
          <b>Back Azimuth at P1 (BackAz21):</b> 242.806°<br>
          <hr>
          <b>Filter Reason(s):</b> Dist multiple:1.7321<br>
          <hr>
          <i>Calculation Method: Ellipsoidal (WGS84)</i>
        ]]>                    
        
                </description>
                <styleUrl>#579</styleUrl>
                <LineString id="577">
                    <coordinates>-77.05628256361138,38.87273680802001,0.0 -76.94192180000002,38.91858289999999,0.0</coordinates>
                </LineString>
            </Placemark>
            <Placemark id="650">
                <name>WHa → Chk44</name>
                <description>
                    
        
<![CDATA[
          <b>P1:</b> WHa<br>
          <b>P2:</b> Chk44<br>
          <hr>
          <b>Distance:</b> 0.866 miles<br>
          <hr>
          <u>Path P1 → P2:</u><br>
          <b>Forward Azimuth at P1 (Az12):</b> 334.646°<br>
          <b>Back Azimuth at P2 (BackAz12):</b> 334.642°<br>
          <hr>
          <u>Path P2 → P1:</u><br>
          <b>Forward Azimuth at P2 (Az21):</b> 154.642°<br>
          <b>Back Azimuth at P1 (BackAz21):</b> 154.646°<br>
          <hr>
          <b>Filter Reason(s):</b> Dist factor of:1.7321<br>
          <hr>
          <i>Calculation Method: Ellipsoidal (WGS84)</i>
        ]]>                    
        
                </description>
                <styleUrl>#651</styleUrl>
                <LineString id="649">
                    <coordinates>-77.036569,38.89828563763562,0.0 -77.04345033773585,38.9096320124952,0.0</coordinates>
                </LineString>
            </Placemark>
            <Placemark id="666">
                <name>WHa → elSc</name>
                <description>
                    
        
<![CDATA[
          <b>P1:</b> WHa<br>
          <b>P2:</b> elSc<br>
          <hr>
          <b>Distance:</b> 0.433 miles<br>
          <hr>
          <u>Path P1 → P2:</u><br>
          <b>Forward Azimuth at P1 (Az12):</b> 210.000°<br>
          <b>Back Azimuth at P2 (BackAz12):</b> 209.998°<br>
          <hr>
          <u>Path P2 → P1:</u><br>
          <b>Forward Azimuth at P2 (Az21):</b> 29.998°<br>
          <b>Back Azimuth at P1 (BackAz21):</b> 30.000°<br>
          <hr>
          <b>Filter Reason(s):</b> Dist factor of:1.7321<br>
          <hr>
          <i>Calculation Method: Ellipsoidal (WGS84)</i>
        ]]>                    
        
                </description>
                <styleUrl>#667</styleUrl>
                <LineString id="665">
                    <coordinates>-77.036569,38.89828563763562,0.0 -77.04058603,38.89284818820199,0.0</coordinates>
                </LineString>
            </Placemark>
            <Placemark id="770">
                <name>elSc → H32</name>
                <description>
                    
        
<![CDATA[
          <b>P1:</b> elSc<br>
          <b>P2:</b> H32<br>
          <hr>
          <b>Distance:</b> 3.464 miles<br>
          <hr>
          <u>Path P1 → P2:</u><br>
          <b>Forward Azimuth at P1 (Az12):</b> 308.881°<br>
          <b>Back Azimuth at P2 (BackAz12):</b> 308.850°<br>
          <hr>
          <u>Path P2 → P1:</u><br>
          <b>Forward Azimuth at P2 (Az21):</b> 128.850°<br>
          <b>Back Azimuth at P1 (BackAz21):</b> 128.881°<br>
          <hr>
          <b>Filter Reason(s):</b> Dist multiple:1.7321<br>
          <hr>
          <i>Calculation Method: Ellipsoidal (WGS84)</i>
        ]]>                    
        
                </description>
                <styleUrl>#771</styleUrl>
                <LineString id="769">
                    <coordinates>-77.04058603,38.89284818820199,0.0 -77.09063005508365,38.9243596243616,0.0</coordinates>
                </LineString>
            </Placemark>
        </Folder>
        <Folder id="25">
            <Style id="28">
                <LineStyle id="29">
                    <color>FFCCFF03</color>
                    <colorMode>normal</colorMode>
                    <width>1.5</width>
                </LineStyle>
            </Style>
            <Style id="32">
                <LineStyle id="33">
                    <color>FFCCFF00</color>
                    <colorMode>normal</colorMode>
                    <width>2.5</width>
                </LineStyle>
            </Style>
            <Style id="104">
                <LineStyle id="105">
                    <color>FFCCFF02</color>
                    <colorMode>normal</colorMode>
                    <width>1.5</width>
                </LineStyle>
            </Style>
            <Style id="319">
                <LineStyle id="320">
                    <color>FFCCFF01</color>
                    <colorMode>normal</colorMode>
                    <width>2.5</width>
                </LineStyle>
            </Style>
            <Style id="351">
                <LineStyle id="352">
                    <color>FFCCFF22</color>
                    <colorMode>normal</colorMode>
                    <width>2.5</width>
                </LineStyle>
            </Style>
            <Style id="431">
                <LineStyle id="432">
                    <color>FFCCFF44</color>
                    <colorMode>normal</colorMode>
                    <width>1.5</width>
                </LineStyle>
            </Style>
            <Style id="479">
                <LineStyle id="480">
                    <color>FFCCFF03</color>
                    <colorMode>normal</colorMode>
                    <width>1.5</width>
                </LineStyle>
            </Style>
            <Style id="483">
                <LineStyle id="484">
                    <color>FFCCFF44</color>
                    <colorMode>normal</colorMode>
                    <width>1.5</width>
                </LineStyle>
            </Style>
            <Style id="515">
                <LineStyle id="516">
                    <color>FFCCFF22</color>
                    <colorMode>normal</colorMode>
                    <width>2.5</width>
                </LineStyle>
            </Style>
            <Style id="551">
                <LineStyle id="552">
                    <color>FFCCFF03</color>
                    <colorMode>normal</colorMode>
                    <width>1.5</width>
                </LineStyle>
            </Style>
            <Style id="619">
                <LineStyle id="620">
                    <color>FFCCFF02</color>
                    <colorMode>normal</colorMode>
                    <width>1.5</width>
                </LineStyle>
            </Style>
            <Style id="631">
                <LineStyle id="632">
                    <color>FFCCFF03</color>
                    <colorMode>normal</colorMode>
                    <width>1.5</width>
                </LineStyle>
            </Style>
            <Style id="647">
                <LineStyle id="648">
                    <color>FFCCFF22</color>
                    <colorMode>normal</colorMode>
                    <width>2.5</width>
                </LineStyle>
            </Style>
            <Style id="731">
                <LineStyle id="732">
                    <color>FFCCFF44</color>
                    <colorMode>normal</colorMode>
                    <width>1.5</width>
                </LineStyle>
            </Style>
            <Style id="767">
                <LineStyle id="768">
                    <color>FFCCFF03</color>
                    <colorMode>normal</colorMode>
                    <width>1.5</width>
                </LineStyle>
            </Style>
            <name>3 - 4 - 5</name>
            <Placemark id="27">
                <name>CFa → CFb</name>
                <description>
                    
        
<![CDATA[
          <b>P1:</b> CFa<br>
          <b>P2:</b> CFb<br>
          <hr>
          <b>Distance:</b> 0.114 miles<br>
          <hr>
          <u>Path P1 → P2:</u><br>
          <b>Forward Azimuth at P1 (Az12):</b> 179.506°<br>
          <b>Back Azimuth at P2 (BackAz12):</b> 179.506°<br>
          <hr>
          <u>Path P2 → P1:</u><br>
          <b>Forward Azimuth at P2 (Az21):</b> 359.506°<br>
          <b>Back Azimuth at P1 (BackAz21):</b> 359.506°<br>
          <hr>
          <b>Filter Reason(s):</b> Dist factor of:4.0000<br>
          <hr>
          <i>Calculation Method: Ellipsoidal (WGS84)</i>
        ]]>                    
        
                </description>
                <styleUrl>#28</styleUrl>
                <LineString id="26">
                    <coordinates>-77.01235207597406,38.89064396166972,0.0 -77.01233379820508,38.88898718985376,0.0</coordinates>
                </LineString>
            </Placemark>
            <Placemark id="31">
                <name>CFa → CFe</name>
                <description>
                    
        
<![CDATA[
          <b>P1:</b> CFa<br>
          <b>P2:</b> CFe<br>
          <hr>
          <b>Distance:</b> 0.133 miles<br>
          <hr>
          <u>Path P1 → P2:</u><br>
          <b>Forward Azimuth at P1 (Az12):</b> 115.521°<br>
          <b>Back Azimuth at P2 (BackAz12):</b> 115.523°<br>
          <hr>
          <u>Path P2 → P1:</u><br>
          <b>Forward Azimuth at P2 (Az21):</b> 295.523°<br>
          <b>Back Azimuth at P1 (BackAz21):</b> 295.521°<br>
          <hr>
          <b>Filter Reason(s):</b> Dist factor of:4.0000, Dist factor of:6.2666<br>
          <hr>
          <i>Calculation Method: Ellipsoidal (WGS84)</i>
        ]]>                    
        
                </description>
                <styleUrl>#32</styleUrl>
                <LineString id="30">
                    <coordinates>-77.01235207597406,38.89064396166972,0.0 -77.01012017665087,38.88981116007428,0.0</coordinates>
                </LineString>
            </Placemark>
            <Placemark id="103">
                <name>Chk02 → Chk45</name>
                <description>
                    
        
<![CDATA[
          <b>P1:</b> Chk02<br>
          <b>P2:</b> Chk45<br>
          <hr>
          <b>Distance:</b> 8.000 miles<br>
          <hr>
          <u>Path P1 → P2:</u><br>
          <b>Forward Azimuth at P1 (Az12):</b> 343.885°<br>
          <b>Back Azimuth at P2 (BackAz12):</b> 343.859°<br>
          <hr>
          <u>Path P2 → P1:</u><br>
          <b>Forward Azimuth at P2 (Az21):</b> 163.859°<br>
          <b>Back Azimuth at P1 (BackAz21):</b> 163.885°<br>
          <hr>
          <b>Filter Reason(s):</b> Dist multiple:4.0000<br>
          <hr>
          <i>Calculation Method: Ellipsoidal (WGS84)</i>
        ]]>                    
        
                </description>
                <styleUrl>#104</styleUrl>
                <LineString id="102">
                    <coordinates>-76.98066122302069,38.83591588236636,0.0 -77.02188334594942,38.94732510830963,0.0</coordinates>
                </LineString>
            </Placemark>
            <Placemark id="318">
                <name>Gs1 → H51</name>
                <description>
                    
        
<![CDATA[
          <b>P1:</b> Gs1<br>
          <b>P2:</b> H51<br>
          <hr>
          <b>Distance:</b> 4.000 miles<br>
          <hr>
          <u>Path P1 → P2:</u><br>
          <b>Forward Azimuth at P1 (Az12):</b> 111.107°<br>
          <b>Back Azimuth at P2 (BackAz12):</b> 111.150°<br>
          <hr>
          <u>Path P2 → P1:</u><br>
          <b>Forward Azimuth at P2 (Az21):</b> 291.150°<br>
          <b>Back Azimuth at P1 (BackAz21):</b> 291.107°<br>
          <hr>
          <b>Filter Reason(s):</b> Dist factor of:4.0000, Dist multiple:4.0000<br>
          <hr>
          <i>Calculation Method: Ellipsoidal (WGS84)</i>
        ]]>                    
        
                </description>
                <styleUrl>#319</styleUrl>
                <LineString id="317">
                    <coordinates>-77.11877083238855,38.93539090046842,0.0 -77.04953191350309,38.91448986470866,0.0</coordinates>
                </LineString>
            </Placemark>
            <Placemark id="350">
                <name>Gs8 → Chk11</name>
                <description>
                    
        
<![CDATA[
          <b>P1:</b> Gs8<br>
          <b>P2:</b> Chk11<br>
          <hr>
          <b>Distance:</b> 5.000 miles<br>
          <hr>
          <u>Path P1 → P2:</u><br>
          <b>Forward Azimuth at P1 (Az12):</b> 272.600°<br>
          <b>Back Azimuth at P2 (BackAz12):</b> 272.542°<br>
          <hr>
          <u>Path P2 → P1:</u><br>
          <b>Forward Azimuth at P2 (Az21):</b> 92.542°<br>
          <b>Back Azimuth at P1 (BackAz21):</b> 92.600°<br>
          <hr>
          <b>Filter Reason(s):</b> Dist factor of:5.0000, Dist multiple:5.0000<br>
          <hr>
          <i>Calculation Method: Ellipsoidal (WGS84)</i>
        ]]>                    
        
                </description>
                <styleUrl>#351</styleUrl>
                <LineString id="349">
                    <coordinates>-77.04288644534626,38.89107936946611,0.0 -77.13554467903445,38.89433083867851,0.0</coordinates>
                </LineString>
            </Placemark>
            <Placemark id="430">
                <name>I069 → Chk52</name>
                <description>
                    
        
<![CDATA[
          <b>P1:</b> I069<br>
          <b>P2:</b> Chk52<br>
          <hr>
          <b>Distance:</b> 0.429 miles<br>
          <hr>
          <u>Path P1 → P2:</u><br>
          <b>Forward Azimuth at P1 (Az12):</b> 117.143°<br>
          <b>Back Azimuth at P2 (BackAz12):</b> 117.147°<br>
          <hr>
          <u>Path P2 → P1:</u><br>
          <b>Forward Azimuth at P2 (Az21):</b> 297.147°<br>
          <b>Back Azimuth at P1 (BackAz21):</b> 297.143°<br>
          <hr>
          <b>Filter Reason(s):</b> Dist factor of:3.0000<br>
          <hr>
          <i>Calculation Method: Ellipsoidal (WGS84)</i>
        ]]>                    
        
                </description>
                <styleUrl>#431</styleUrl>
                <LineString id="429">
                    <coordinates>-77.00659984972448,38.89642237002393,0.0 -76.99952509051057,38.89358765171932,0.0</coordinates>
                </LineString>
            </Placemark>
            <Placemark id="478">
                <name>L → H17</name>
                <description>
                    
        
<![CDATA[
          <b>P1:</b> L<br>
          <b>P2:</b> H17<br>
          <hr>
          <b>Distance:</b> 1.333 miles<br>
          <hr>
          <u>Path P1 → P2:</u><br>
          <b>Forward Azimuth at P1 (Az12):</b> 245.401°<br>
          <b>Back Azimuth at P2 (BackAz12):</b> 245.387°<br>
          <hr>
          <u>Path P2 → P1:</u><br>
          <b>Forward Azimuth at P2 (Az21):</b> 65.387°<br>
          <b>Back Azimuth at P1 (BackAz21):</b> 65.401°<br>
          <hr>
          <b>Filter Reason(s):</b> Dist factor of:4.0000<br>
          <hr>
          <i>Calculation Method: Ellipsoidal (WGS84)</i>
        ]]>                    
        
                </description>
                <styleUrl>#479</styleUrl>
                <LineString id="477">
                    <coordinates>-77.0501466575182,38.88924949780046,0.0 -77.07263105649967,38.88120136333437,0.0</coordinates>
                </LineString>
            </Placemark>
            <Placemark id="482">
                <name>L → Lcnr</name>
                <description>
                    
        
<![CDATA[
          <b>P1:</b> L<br>
          <b>P2:</b> Lcnr<br>
          <hr>
          <b>Distance:</b> 0.017 miles<br>
          <hr>
          <u>Path P1 → P2:</u><br>
          <b>Forward Azimuth at P1 (Az12):</b> 139.823°<br>
          <b>Back Azimuth at P2 (BackAz12):</b> 139.823°<br>
          <hr>
          <u>Path P2 → P1:</u><br>
          <b>Forward Azimuth at P2 (Az21):</b> 319.823°<br>
          <b>Back Azimuth at P1 (BackAz21):</b> 319.823°<br>
          <hr>
          <b>Filter Reason(s):</b> Dist factor of:3.0000<br>
          <hr>
          <i>Calculation Method: Ellipsoidal (WGS84)</i>
        ]]>                    
        
                </description>
                <styleUrl>#483</styleUrl>
                <LineString id="481">
                    <coordinates>-77.0501466575182,38.88924949780046,0.0 -77.04994269848781,38.88906071490013,0.0</coordinates>
                </LineString>
            </Placemark>
            <Placemark id="514">
                <name>M → Chk12</name>
                <description>
                    
        
<![CDATA[
          <b>P1:</b> M<br>
          <b>P2:</b> Chk12<br>
          <hr>
          <b>Distance:</b> 5.000 miles<br>
          <hr>
          <u>Path P1 → P2:</u><br>
          <b>Forward Azimuth at P1 (Az12):</b> 90.595°<br>
          <b>Back Azimuth at P2 (BackAz12):</b> 90.653°<br>
          <hr>
          <u>Path P2 → P1:</u><br>
          <b>Forward Azimuth at P2 (Az21):</b> 270.653°<br>
          <b>Back Azimuth at P1 (BackAz21):</b> 270.595°<br>
          <hr>
          <b>Filter Reason(s):</b> Dist factor of:5.0000, Dist multiple:5.0000<br>
          <hr>
          <i>Calculation Method: Ellipsoidal (WGS84)</i>
        ]]>                    
        
                </description>
                <styleUrl>#515</styleUrl>
                <LineString id="513">
                    <coordinates>-77.035278,38.889484,0.0 -76.9425428132187,38.88869436289873,0.0</coordinates>
                </LineString>
            </Placemark>
            <Placemark id="550">
                <name>P → H70</name>
                <description>
                    
        
<![CDATA[
          <b>P1:</b> P<br>
          <b>P2:</b> H70<br>
          <hr>
          <b>Distance:</b> 0.800 miles<br>
          <hr>
          <u>Path P1 → P2:</u><br>
          <b>Forward Azimuth at P1 (Az12):</b> 283.609°<br>
          <b>Back Azimuth at P2 (BackAz12):</b> 283.600°<br>
          <hr>
          <u>Path P2 → P1:</u><br>
          <b>Forward Azimuth at P2 (Az21):</b> 103.600°<br>
          <b>Back Azimuth at P1 (BackAz21):</b> 103.609°<br>
          <hr>
          <b>Filter Reason(s):</b> Dist factor of:4.0000<br>
          <hr>
          <i>Calculation Method: Ellipsoidal (WGS84)</i>
        ]]>                    
        
                </description>
                <styleUrl>#551</styleUrl>
                <LineString id="549">
                    <coordinates>-77.05596854698287,38.87100323118176,0.0 -77.07038741369139,38.8737311478417,0.0</coordinates>
                </LineString>
            </Placemark>
            <Placemark id="618">
                <name>RC → H70a</name>
                <description>
                    
        
<![CDATA[
          <b>P1:</b> RC<br>
          <b>P2:</b> H70a<br>
          <hr>
          <b>Distance:</b> 8.000 miles<br>
          <hr>
          <u>Path P1 → P2:</u><br>
          <b>Forward Azimuth at P1 (Az12):</b> 185.971°<br>
          <b>Back Azimuth at P2 (BackAz12):</b> 185.962°<br>
          <hr>
          <u>Path P2 → P1:</u><br>
          <b>Forward Azimuth at P2 (Az21):</b> 5.962°<br>
          <b>Back Azimuth at P1 (BackAz21):</b> 5.971°<br>
          <hr>
          <b>Filter Reason(s):</b> Dist multiple:4.0000<br>
          <hr>
          <i>Calculation Method: Ellipsoidal (WGS84)</i>
        ]]>                    
        
                </description>
                <styleUrl>#619</styleUrl>
                <LineString id="617">
                    <coordinates>-77.05231894611552,38.98682226543504,0.0 -77.06775220195667,38.87147694689254,0.0</coordinates>
                </LineString>
            </Placemark>
            <Placemark id="630">
                <name>SCa → Chk52</name>
                <description>
                    
        
<![CDATA[
          <b>P1:</b> SCa<br>
          <b>P2:</b> Chk52<br>
          <hr>
          <b>Distance:</b> 0.364 miles<br>
          <hr>
          <u>Path P1 → P2:</u><br>
          <b>Forward Azimuth at P1 (Az12):</b> 55.754°<br>
          <b>Back Azimuth at P2 (BackAz12):</b> 55.757°<br>
          <hr>
          <u>Path P2 → P1:</u><br>
          <b>Forward Azimuth at P2 (Az21):</b> 235.757°<br>
          <b>Back Azimuth at P1 (BackAz21):</b> 235.754°<br>
          <hr>
          <b>Filter Reason(s):</b> Dist factor of:4.0000<br>
          <hr>
          <i>Calculation Method: Ellipsoidal (WGS84)</i>
        ]]>                    
        
                </description>
                <styleUrl>#631</styleUrl>
                <LineString id="629">
                    <coordinates>-77.00510154468833,38.890621,0.0 -76.99952509051057,38.89358765171932,0.0</coordinates>
                </LineString>
            </Placemark>
            <Placemark id="646">
                <name>WH SEcnr → H28</name>
                <description>
                    
        
<![CDATA[
          <b>P1:</b> WH SEcnr<br>
          <b>P2:</b> H28<br>
          <hr>
          <b>Distance:</b> 5.000 miles<br>
          <hr>
          <u>Path P1 → P2:</u><br>
          <b>Forward Azimuth at P1 (Az12):</b> 275.931°<br>
          <b>Back Azimuth at P2 (BackAz12):</b> 275.873°<br>
          <hr>
          <u>Path P2 → P1:</u><br>
          <b>Forward Azimuth at P2 (Az21):</b> 95.873°<br>
          <b>Back Azimuth at P1 (BackAz21):</b> 95.931°<br>
          <hr>
          <b>Filter Reason(s):</b> Dist factor of:5.0000, Dist multiple:5.0000<br>
          <hr>
          <i>Calculation Method: Ellipsoidal (WGS84)</i>
        ]]>                    
        
                </description>
                <styleUrl>#647</styleUrl>
                <LineString id="645">
                    <coordinates>-77.03626431326734,38.89753757777559,0.0 -77.12853595395019,38.90499081362246,0.0</coordinates>
                </LineString>
            </Placemark>
            <Placemark id="730">
                <name>WHz → CptB</name>
                <description>
                    
        
<![CDATA[
          <b>P1:</b> WHz<br>
          <b>P2:</b> CptB<br>
          <hr>
          <b>Distance:</b> 1.500 miles<br>
          <hr>
          <u>Path P1 → P2:</u><br>
          <b>Forward Azimuth at P1 (Az12):</b> 118.610°<br>
          <b>Back Azimuth at P2 (BackAz12):</b> 118.626°<br>
          <hr>
          <u>Path P2 → P1:</u><br>
          <b>Forward Azimuth at P2 (Az21):</b> 298.626°<br>
          <b>Back Azimuth at P1 (BackAz21):</b> 298.610°<br>
          <hr>
          <b>Filter Reason(s):</b> Dist factor of:3.0000<br>
          <hr>
          <i>Calculation Method: Ellipsoidal (WGS84)</i>
        ]]>                    
        
                </description>
                <styleUrl>#731</styleUrl>
                <LineString id="729">
                    <coordinates>-77.03431133703796,38.89597663639302,0.0 -77.00988737303246,38.88556174596554,0.0</coordinates>
                </LineString>
            </Placemark>
            <Placemark id="766">
                <name>elNc → elWc</name>
                <description>
                    
        
<![CDATA[
          <b>P1:</b> elNc<br>
          <b>P2:</b> elWc<br>
          <hr>
          <b>Distance:</b> 0.021 miles<br>
          <hr>
          <u>Path P1 → P2:</u><br>
          <b>Forward Azimuth at P1 (Az12):</b> 202.374°<br>
          <b>Back Azimuth at P2 (BackAz12):</b> 202.374°<br>
          <hr>
          <u>Path P2 → P1:</u><br>
          <b>Forward Azimuth at P2 (Az21):</b> 22.374°<br>
          <b>Back Azimuth at P1 (BackAz21):</b> 22.374°<br>
          <hr>
          <b>Filter Reason(s):</b> Dist factor of:4.0000<br>
          <hr>
          <i>Calculation Method: Ellipsoidal (WGS84)</i>
        ]]>                    
        
                </description>
                <styleUrl>#767</styleUrl>
                <LineString id="765">
                    <coordinates>-77.04098558,38.89344928705847,0.0 -77.04113191993082,38.89317145702438,0.0</coordinates>
                </LineString>
            </Placemark>
        </Folder>
        <Folder id="42">
            <Style id="45">
                <LineStyle id="46">
                    <color>FFFBB004</color>
                    <colorMode>normal</colorMode>
                    <width>2.5</width>
                </LineStyle>
            </Style>
            <Style id="315">
                <LineStyle id="316">
                    <color>FFFBB006</color>
                    <colorMode>normal</colorMode>
                    <width>1.5</width>
                </LineStyle>
            </Style>
            <Style id="467">
                <LineStyle id="468">
                    <color>FFFBB005</color>
                    <colorMode>normal</colorMode>
                    <width>1.5</width>
                </LineStyle>
            </Style>
            <Style id="527">
                <LineStyle id="528">
                    <color>FFFBB006</color>
                    <colorMode>normal</colorMode>
                    <width>1.5</width>
                </LineStyle>
            </Style>
            <Style id="535">
                <LineStyle id="536">
                    <color>FFFBB004</color>
                    <colorMode>normal</colorMode>
                    <width>2.5</width>
                </LineStyle>
            </Style>
            <Style id="571">
                <LineStyle id="572">
                    <color>FFFBB006</color>
                    <colorMode>normal</colorMode>
                    <width>1.5</width>
                </LineStyle>
            </Style>
            <Style id="607">
                <LineStyle id="608">
                    <color>FFFBB006</color>
                    <colorMode>normal</colorMode>
                    <width>1.5</width>
                </LineStyle>
            </Style>
            <Style id="711">
                <LineStyle id="712">
                    <color>FFFBB005</color>
                    <colorMode>normal</colorMode>
                    <width>1.5</width>
                </LineStyle>
            </Style>
            <name>r5 FIm</name>
            <Placemark id="44">
                <name>CFb → POOthr2a</name>
                <description>
                    
        
<![CDATA[
          <b>P1:</b> CFb<br>
          <b>P2:</b> POOthr2a<br>
          <hr>
          <b>Distance:</b> 2.394 miles<br>
          <hr>
          <u>Path P1 → P2:</u><br>
          <b>Forward Azimuth at P1 (Az12):</b> 223.332°<br>
          <b>Back Azimuth at P2 (BackAz12):</b> 223.312°<br>
          <hr>
          <u>Path P2 → P1:</u><br>
          <b>Forward Azimuth at P2 (Az21):</b> 43.312°<br>
          <b>Back Azimuth at P1 (BackAz21):</b> 43.332°<br>
          <hr>
          <b>Filter Reason(s):</b> Dist factor of:2.3936, Dist multiple:2.3936<br>
          <hr>
          <i>Calculation Method: Ellipsoidal (WGS84)</i>
        ]]>                    
        
                </description>
                <styleUrl>#45</styleUrl>
                <LineString id="43">
                    <coordinates>-77.01233379820508,38.88898718985376,0.0 -77.04279029496989,38.86374289004072,0.0</coordinates>
                </LineString>
            </Placemark>
            <Placemark id="314">
                <name>Eb → Chk17</name>
                <description>
                    
        
<![CDATA[
          <b>P1:</b> Eb<br>
          <b>P2:</b> Chk17<br>
          <hr>
          <b>Distance:</b> 7.181 miles<br>
          <hr>
          <u>Path P1 → P2:</u><br>
          <b>Forward Azimuth at P1 (Az12):</b> 310.476°<br>
          <b>Back Azimuth at P2 (BackAz12):</b> 310.412°<br>
          <hr>
          <u>Path P2 → P1:</u><br>
          <b>Forward Azimuth at P2 (Az21):</b> 130.412°<br>
          <b>Back Azimuth at P1 (BackAz21):</b> 130.476°<br>
          <hr>
          <b>Filter Reason(s):</b> Dist multiple:2.3936<br>
          <hr>
          <i>Calculation Method: Ellipsoidal (WGS84)</i>
        ]]>                    
        
                </description>
                <styleUrl>#315</styleUrl>
                <LineString id="313">
                    <coordinates>-76.90916553,38.89286049999997,0.0 -77.01059198844285,38.96039316959799,0.0</coordinates>
                </LineString>
            </Placemark>
            <Placemark id="466">
                <name>K → elEc</name>
                <description>
                    
        
<![CDATA[
          <b>P1:</b> K<br>
          <b>P2:</b> elEc<br>
          <hr>
          <b>Distance:</b> 0.598 miles<br>
          <hr>
          <u>Path P1 → P2:</u><br>
          <b>Forward Azimuth at P1 (Az12):</b> 89.786°<br>
          <b>Back Azimuth at P2 (BackAz12):</b> 89.793°<br>
          <hr>
          <u>Path P2 → P1:</u><br>
          <b>Forward Azimuth at P2 (Az21):</b> 269.793°<br>
          <b>Back Azimuth at P1 (BackAz21):</b> 269.786°<br>
          <hr>
          <b>Filter Reason(s):</b> Dist factor of:2.3936<br>
          <hr>
          <i>Calculation Method: Ellipsoidal (WGS84)</i>
        ]]>                    
        
                </description>
                <styleUrl>#467</styleUrl>
                <LineString id="465">
                    <coordinates>-77.051435,38.892755,0.0 -77.04033404260801,38.89278681802996,0.0</coordinates>
                </LineString>
            </Placemark>
            <Placemark id="526">
                <name>MVa → Chk40</name>
                <description>
                    
        
<![CDATA[
          <b>P1:</b> MVa<br>
          <b>P2:</b> Chk40<br>
          <hr>
          <b>Distance:</b> 11.969 miles<br>
          <hr>
          <u>Path P1 → P2:</u><br>
          <b>Forward Azimuth at P1 (Az12):</b> 31.585°<br>
          <b>Back Azimuth at P2 (BackAz12):</b> 31.658°<br>
          <hr>
          <u>Path P2 → P1:</u><br>
          <b>Forward Azimuth at P2 (Az21):</b> 211.658°<br>
          <b>Back Azimuth at P1 (BackAz21):</b> 211.585°<br>
          <hr>
          <b>Filter Reason(s):</b> Dist multiple:2.3936<br>
          <hr>
          <i>Calculation Method: Ellipsoidal (WGS84)</i>
        ]]>                    
        
                </description>
                <styleUrl>#527</styleUrl>
                <LineString id="525">
                    <coordinates>-77.01540232831105,38.74397251515714,0.0 -76.89912135737723,38.89172055971182,0.0</coordinates>
                </LineString>
            </Placemark>
            <Placemark id="534">
                <name>NOa → elNc</name>
                <description>
                    
        
<![CDATA[
          <b>P1:</b> NOa<br>
          <b>P2:</b> elNc<br>
          <hr>
          <b>Distance:</b> 2.394 miles<br>
          <hr>
          <u>Path P1 → P2:</u><br>
          <b>Forward Azimuth at P1 (Az12):</b> 144.054°<br>
          <b>Back Azimuth at P2 (BackAz12):</b> 144.070°<br>
          <hr>
          <u>Path P2 → P1:</u><br>
          <b>Forward Azimuth at P2 (Az21):</b> 324.070°<br>
          <b>Back Azimuth at P1 (BackAz21):</b> 324.054°<br>
          <hr>
          <b>Filter Reason(s):</b> Dist factor of:2.3936, Dist multiple:2.3936<br>
          <hr>
          <i>Calculation Method: Ellipsoidal (WGS84)</i>
        ]]>                    
        
                </description>
                <styleUrl>#535</styleUrl>
                <LineString id="533">
                    <coordinates>-77.06705128052432,38.92154464050518,0.0 -77.04098558,38.89344928705847,0.0</coordinates>
                </LineString>
            </Placemark>
            <Placemark id="570">
                <name>POOthr3b → OtrD</name>
                <description>
                    
        
<![CDATA[
          <b>P1:</b> POOthr3b<br>
          <b>P2:</b> OtrD<br>
          <hr>
          <b>Distance:</b> 9.575 miles<br>
          <hr>
          <u>Path P1 → P2:</u><br>
          <b>Forward Azimuth at P1 (Az12):</b> 45.000°<br>
          <b>Back Azimuth at P2 (BackAz12):</b> 45.078°<br>
          <hr>
          <u>Path P2 → P1:</u><br>
          <b>Forward Azimuth at P2 (Az21):</b> 225.078°<br>
          <b>Back Azimuth at P1 (BackAz21):</b> 225.000°<br>
          <hr>
          <b>Filter Reason(s):</b> Dist multiple:2.3936<br>
          <hr>
          <i>Calculation Method: Ellipsoidal (WGS84)</i>
        ]]>                    
        
                </description>
                <styleUrl>#571</styleUrl>
                <LineString id="569">
                    <coordinates>-77.03902815721085,38.79164360258566,0.0 -76.91344596466341,38.88972524047381,0.0</coordinates>
                </LineString>
            </Placemark>
            <Placemark id="606">
                <name>PenE → Gs5</name>
                <description>
                    
        
<![CDATA[
          <b>P1:</b> PenE<br>
          <b>P2:</b> Gs5<br>
          <hr>
          <b>Distance:</b> 4.787 miles<br>
          <hr>
          <u>Path P1 → P2:</u><br>
          <b>Forward Azimuth at P1 (Az12):</b> 60.790°<br>
          <b>Back Azimuth at P2 (BackAz12):</b> 60.839°<br>
          <hr>
          <u>Path P2 → P1:</u><br>
          <b>Forward Azimuth at P2 (Az21):</b> 240.839°<br>
          <b>Back Azimuth at P1 (BackAz21):</b> 240.790°<br>
          <hr>
          <b>Filter Reason(s):</b> Dist multiple:2.3936<br>
          <hr>
          <i>Calculation Method: Ellipsoidal (WGS84)</i>
        ]]>                    
        
                </description>
                <styleUrl>#607</styleUrl>
                <LineString id="605">
                    <coordinates>-77.05322825200388,38.87062329503496,0.0 -76.97570336712812,38.90446612895163,0.0</coordinates>
                </LineString>
            </Placemark>
            <Placemark id="710">
                <name>WHs → Chk35</name>
                <description>
                    
        
<![CDATA[
          <b>P1:</b> WHs<br>
          <b>P2:</b> Chk35<br>
          <hr>
          <b>Distance:</b> 0.798 miles<br>
          <hr>
          <u>Path P1 → P2:</u><br>
          <b>Forward Azimuth at P1 (Az12):</b> 252.486°<br>
          <b>Back Azimuth at P2 (BackAz12):</b> 252.478°<br>
          <hr>
          <u>Path P2 → P1:</u><br>
          <b>Forward Azimuth at P2 (Az21):</b> 72.478°<br>
          <b>Back Azimuth at P1 (BackAz21):</b> 72.486°<br>
          <hr>
          <b>Filter Reason(s):</b> Dist factor of:2.3936<br>
          <hr>
          <i>Calculation Method: Ellipsoidal (WGS84)</i>
        ]]>                    
        
                </description>
                <styleUrl>#711</styleUrl>
                <LineString id="709">
                    <coordinates>-77.036569,38.897561,0.0 -77.05068501975197,38.89407905799511,0.0</coordinates>
                </LineString>
            </Placemark>
        </Folder>
        <Folder id="47">
            <Style id="50">
                <LineStyle id="51">
                    <color>FFE0A092</color>
                    <colorMode>normal</colorMode>
                    <width>1.5</width>
                </LineStyle>
            </Style>
            <Style id="185">
                <LineStyle id="186">
                    <color>FFE0A093</color>
                    <colorMode>normal</colorMode>
                    <width>1.5</width>
                </LineStyle>
            </Style>
            <Style id="283">
                <LineStyle id="284">
                    <color>FFE0A092</color>
                    <colorMode>normal</colorMode>
                    <width>1.5</width>
                </LineStyle>
            </Style>
            <Style id="395">
                <LineStyle id="396">
                    <color>FFE0A092</color>
                    <colorMode>normal</colorMode>
                    <width>1.5</width>
                </LineStyle>
            </Style>
            <Style id="567">
                <LineStyle id="568">
                    <color>FFE0A093</color>
                    <colorMode>normal</colorMode>
                    <width>1.5</width>
                </LineStyle>
            </Style>
            <Style id="587">
                <LineStyle id="588">
                    <color>FFE0A091</color>
                    <colorMode>normal</colorMode>
                    <width>2.5</width>
                </LineStyle>
            </Style>
            <Style id="679">
                <LineStyle id="680">
                    <color>FFE0A093</color>
                    <colorMode>normal</colorMode>
                    <width>1.5</width>
                </LineStyle>
            </Style>
            <Style id="723">
                <LineStyle id="724">
                    <color>FFE0A091</color>
                    <colorMode>normal</colorMode>
                    <width>2.5</width>
                </LineStyle>
            </Style>
            <name>FIp</name>
            <Placemark id="49">
                <name>CFc → H17</name>
                <description>
                    
        
<![CDATA[
          <b>P1:</b> CFc<br>
          <b>P2:</b> H17<br>
          <hr>
          <b>Distance:</b> 3.236 miles<br>
          <hr>
          <u>Path P1 → P2:</u><br>
          <b>Forward Azimuth at P1 (Az12):</b> 259.521°<br>
          <b>Back Azimuth at P2 (BackAz12):</b> 259.484°<br>
          <hr>
          <u>Path P2 → P1:</u><br>
          <b>Forward Azimuth at P2 (Az21):</b> 79.484°<br>
          <b>Back Azimuth at P1 (BackAz21):</b> 79.521°<br>
          <hr>
          <b>Filter Reason(s):</b> Dist multiple:1.6180<br>
          <hr>
          <i>Calculation Method: Ellipsoidal (WGS84)</i>
        ]]>                    
        
                </description>
                <styleUrl>#50</styleUrl>
                <LineString id="48">
                    <coordinates>-77.01360995348632,38.88974917890155,0.0 -77.07263105649967,38.88120136333437,0.0</coordinates>
                </LineString>
            </Placemark>
            <Placemark id="184">
                <name>Chk23a → Chk23c</name>
                <description>
                    
        
<![CDATA[
          <b>P1:</b> Chk23a<br>
          <b>P2:</b> Chk23c<br>
          <hr>
          <b>Distance:</b> 0.180 miles<br>
          <hr>
          <u>Path P1 → P2:</u><br>
          <b>Forward Azimuth at P1 (Az12):</b> 67.310°<br>
          <b>Back Azimuth at P2 (BackAz12):</b> 67.312°<br>
          <hr>
          <u>Path P2 → P1:</u><br>
          <b>Forward Azimuth at P2 (Az21):</b> 247.312°<br>
          <b>Back Azimuth at P1 (BackAz21):</b> 247.310°<br>
          <hr>
          <b>Filter Reason(s):</b> Dist factor of:1.6180<br>
          <hr>
          <i>Calculation Method: Ellipsoidal (WGS84)</i>
        ]]>                    
        
                </description>
                <styleUrl>#185</styleUrl>
                <LineString id="183">
                    <coordinates>-76.97546834269932,38.90863930872903,0.0 -76.97239108771012,38.90964452291605,0.0</coordinates>
                </LineString>
            </Placemark>
            <Placemark id="282">
                <name>Chk42 → Chk62</name>
                <description>
                    
        
<![CDATA[
          <b>P1:</b> Chk42<br>
          <b>P2:</b> Chk62<br>
          <hr>
          <b>Distance:</b> 3.236 miles<br>
          <hr>
          <u>Path P1 → P2:</u><br>
          <b>Forward Azimuth at P1 (Az12):</b> 121.890°<br>
          <b>Back Azimuth at P2 (BackAz12):</b> 121.922°<br>
          <hr>
          <u>Path P2 → P1:</u><br>
          <b>Forward Azimuth at P2 (Az21):</b> 301.922°<br>
          <b>Back Azimuth at P1 (BackAz21):</b> 301.890°<br>
          <hr>
          <b>Filter Reason(s):</b> Dist multiple:1.6180<br>
          <hr>
          <i>Calculation Method: Ellipsoidal (WGS84)</i>
        ]]>                    
        
                </description>
                <styleUrl>#283</styleUrl>
                <LineString id="281">
                    <coordinates>-77.07230698965536,38.93017051598103,0.0 -77.02133073015519,38.90537641569407,0.0</coordinates>
                </LineString>
            </Placemark>
            <Placemark id="394">
                <name>H70b → H40</name>
                <description>
                    
        
<![CDATA[
          <b>P1:</b> H70b<br>
          <b>P2:</b> H40<br>
          <hr>
          <b>Distance:</b> 9.708 miles<br>
          <hr>
          <u>Path P1 → P2:</u><br>
          <b>Forward Azimuth at P1 (Az12):</b> 266.472°<br>
          <b>Back Azimuth at P2 (BackAz12):</b> 266.359°<br>
          <hr>
          <u>Path P2 → P1:</u><br>
          <b>Forward Azimuth at P2 (Az21):</b> 86.359°<br>
          <b>Back Azimuth at P1 (BackAz21):</b> 86.472°<br>
          <hr>
          <b>Filter Reason(s):</b> Dist multiple:1.6180<br>
          <hr>
          <i>Calculation Method: Ellipsoidal (WGS84)</i>
        ]]>                    
        
                </description>
                <styleUrl>#395</styleUrl>
                <LineString id="393">
                    <coordinates>-76.97878782846644,38.91008217241069,0.0 -77.15854915633481,38.90128237275844,0.0</coordinates>
                </LineString>
            </Placemark>
            <Placemark id="566">
                <name>POOthr2c → H19</name>
                <description>
                    
        
<![CDATA[
          <b>P1:</b> POOthr2c<br>
          <b>P2:</b> H19<br>
          <hr>
          <b>Distance:</b> 0.809 miles<br>
          <hr>
          <u>Path P1 → P2:</u><br>
          <b>Forward Azimuth at P1 (Az12):</b> 10.639°<br>
          <b>Back Azimuth at P2 (BackAz12):</b> 10.641°<br>
          <hr>
          <u>Path P2 → P1:</u><br>
          <b>Forward Azimuth at P2 (Az21):</b> 190.641°<br>
          <b>Back Azimuth at P1 (BackAz21):</b> 190.639°<br>
          <hr>
          <b>Filter Reason(s):</b> Dist factor of:1.6180<br>
          <hr>
          <i>Calculation Method: Ellipsoidal (WGS84)</i>
        ]]>                    
        
                </description>
                <styleUrl>#567</styleUrl>
                <LineString id="565">
                    <coordinates>-77.08165575743644,38.9040771959102,0.0 -77.07888357211404,38.91560586754403,0.0</coordinates>
                </LineString>
            </Placemark>
            <Placemark id="586">
                <name>PenB → M</name>
                <description>
                    
        
<![CDATA[
          <b>P1:</b> PenB<br>
          <b>P2:</b> M<br>
          <hr>
          <b>Distance:</b> 1.618 miles<br>
          <hr>
          <u>Path P1 → P2:</u><br>
          <b>Forward Azimuth at P1 (Az12):</b> 44.424°<br>
          <b>Back Azimuth at P2 (BackAz12):</b> 44.438°<br>
          <hr>
          <u>Path P2 → P1:</u><br>
          <b>Forward Azimuth at P2 (Az21):</b> 224.438°<br>
          <b>Back Azimuth at P1 (BackAz21):</b> 224.424°<br>
          <hr>
          <b>Filter Reason(s):</b> Dist factor of:1.6180, Dist multiple:1.6180<br>
          <hr>
          <i>Calculation Method: Ellipsoidal (WGS84)</i>
        ]]>                    
        
                </description>
                <styleUrl>#587</styleUrl>
                <LineString id="585">
                    <coordinates>-77.05628256361138,38.87273680802001,0.0 -77.035278,38.889484,0.0</coordinates>
                </LineString>
            </Placemark>
            <Placemark id="678">
                <name>WHc → Chk63</name>
                <description>
                    
        
<![CDATA[
          <b>P1:</b> WHc<br>
          <b>P2:</b> Chk63<br>
          <hr>
          <b>Distance:</b> 0.231 miles<br>
          <hr>
          <u>Path P1 → P2:</u><br>
          <b>Forward Azimuth at P1 (Az12):</b> 353.948°<br>
          <b>Back Azimuth at P2 (BackAz12):</b> 353.948°<br>
          <hr>
          <u>Path P2 → P1:</u><br>
          <b>Forward Azimuth at P2 (Az21):</b> 173.948°<br>
          <b>Back Azimuth at P1 (BackAz21):</b> 173.948°<br>
          <hr>
          <b>Filter Reason(s):</b> Dist factor of:1.6180<br>
          <hr>
          <i>Calculation Method: Ellipsoidal (WGS84)</i>
        ]]>                    
        
                </description>
                <styleUrl>#679</styleUrl>
                <LineString id="677">
                    <coordinates>-77.03611695727467,38.89666242649749,0.0 -77.036569,38.89999431930673,0.0</coordinates>
                </LineString>
            </Placemark>
            <Placemark id="722">
                <name>WHz → CFd</name>
                <description>
                    
        
<![CDATA[
          <b>P1:</b> WHz<br>
          <b>P2:</b> CFd<br>
          <hr>
          <b>Distance:</b> 1.618 miles<br>
          <hr>
          <u>Path P1 → P2:</u><br>
          <b>Forward Azimuth at P1 (Az12):</b> 108.091°<br>
          <b>Back Azimuth at P2 (BackAz12):</b> 108.108°<br>
          <hr>
          <u>Path P2 → P1:</u><br>
          <b>Forward Azimuth at P2 (Az21):</b> 288.108°<br>
          <b>Back Azimuth at P1 (BackAz21):</b> 288.091°<br>
          <hr>
          <b>Filter Reason(s):</b> Dist factor of:1.6180, Dist multiple:1.6180<br>
          <hr>
          <i>Calculation Method: Ellipsoidal (WGS84)</i>
        ]]>                    
        
                </description>
                <styleUrl>#723</styleUrl>
                <LineString id="721">
                    <coordinates>-77.03431133703796,38.89597663639302,0.0 -77.00578323852076,38.88868978460074,0.0</coordinates>
                </LineString>
            </Placemark>
        </Folder>
        <Folder id="52">
            <Style id="55">
                <LineStyle id="56">
                    <color>FFE0B091</color>
                    <colorMode>normal</colorMode>
                    <width>1.5</width>
                </LineStyle>
            </Style>
            <Style id="108">
                <LineStyle id="109">
                    <color>FFE0B090</color>
                    <colorMode>normal</colorMode>
                    <width>1.5</width>
                </LineStyle>
            </Style>
            <Style id="145">
                <LineStyle id="146">
                    <color>FFE0B090</color>
                    <colorMode>normal</colorMode>
                    <width>1.5</width>
                </LineStyle>
            </Style>
            <Style id="157">
                <LineStyle id="158">
                    <color>FFE0B090</color>
                    <colorMode>normal</colorMode>
                    <width>1.5</width>
                </LineStyle>
            </Style>
            <Style id="226">
                <LineStyle id="227">
                    <color>FFE0B090</color>
                    <colorMode>normal</colorMode>
                    <width>1.5</width>
                </LineStyle>
            </Style>
            <Style id="230">
                <LineStyle id="231">
                    <color>FFE0B090</color>
                    <colorMode>normal</colorMode>
                    <width>1.5</width>
                </LineStyle>
            </Style>
            <Style id="359">
                <LineStyle id="360">
                    <color>FFE0B090</color>
                    <colorMode>normal</colorMode>
                    <width>1.5</width>
                </LineStyle>
            </Style>
            <Style id="371">
                <LineStyle id="372">
                    <color>FFE0B090</color>
                    <colorMode>normal</colorMode>
                    <width>1.5</width>
                </LineStyle>
            </Style>
            <Style id="379">
                <LineStyle id="380">
                    <color>FFE0B090</color>
                    <colorMode>normal</colorMode>
                    <width>1.5</width>
                </LineStyle>
            </Style>
            <Style id="387">
                <LineStyle id="388">
                    <color>FFE0B090</color>
                    <colorMode>normal</colorMode>
                    <width>1.5</width>
                </LineStyle>
            </Style>
            <Style id="403">
                <LineStyle id="404">
                    <color>FFE0B090</color>
                    <colorMode>normal</colorMode>
                    <width>1.5</width>
                </LineStyle>
            </Style>
            <Style id="427">
                <LineStyle id="428">
                    <color>FFE0B090</color>
                    <colorMode>normal</colorMode>
                    <width>1.5</width>
                </LineStyle>
            </Style>
            <Style id="583">
                <LineStyle id="584">
                    <color>FFE0B090</color>
                    <colorMode>normal</colorMode>
                    <width>1.5</width>
                </LineStyle>
            </Style>
            <Style id="635">
                <LineStyle id="636">
                    <color>FFE0B090</color>
                    <colorMode>normal</colorMode>
                    <width>1.5</width>
                </LineStyle>
            </Style>
            <Style id="663">
                <LineStyle id="664">
                    <color>FFE0B090</color>
                    <colorMode>normal</colorMode>
                    <width>1.5</width>
                </LineStyle>
            </Style>
            <Style id="739">
                <LineStyle id="740">
                    <color>FFE0B090</color>
                    <colorMode>normal</colorMode>
                    <width>1.5</width>
                </LineStyle>
            </Style>
            <Style id="747">
                <LineStyle id="748">
                    <color>FFE0B090</color>
                    <colorMode>normal</colorMode>
                    <width>1.5</width>
                </LineStyle>
            </Style>
            <name>FIm</name>
            <Placemark id="54">
                <name>CFd → CptB</name>
                <description>
                    
        
<![CDATA[
          <b>P1:</b> CFd<br>
          <b>P2:</b> CptB<br>
          <hr>
          <b>Distance:</b> 0.309 miles<br>
          <hr>
          <u>Path P1 → P2:</u><br>
          <b>Forward Azimuth at P1 (Az12):</b> 225.721°<br>
          <b>Back Azimuth at P2 (BackAz12):</b> 225.719°<br>
          <hr>
          <u>Path P2 → P1:</u><br>
          <b>Forward Azimuth at P2 (Az21):</b> 45.719°<br>
          <b>Back Azimuth at P1 (BackAz21):</b> 45.721°<br>
          <hr>
          <b>Filter Reason(s):</b> Dist factor of:0.6180<br>
          <hr>
          <i>Calculation Method: Ellipsoidal (WGS84)</i>
        ]]>                    
        
                </description>
                <styleUrl>#55</styleUrl>
                <LineString id="53">
                    <coordinates>-77.00578323852076,38.88868978460074,0.0 -77.00988737303246,38.88556174596554,0.0</coordinates>
                </LineString>
            </Placemark>
            <Placemark id="107">
                <name>Chk02 → H24</name>
                <description>
                    
        
<![CDATA[
          <b>P1:</b> Chk02<br>
          <b>P2:</b> H24<br>
          <hr>
          <b>Distance:</b> 7.416 miles<br>
          <hr>
          <u>Path P1 → P2:</u><br>
          <b>Forward Azimuth at P1 (Az12):</b> 319.295°<br>
          <b>Back Azimuth at P2 (BackAz12):</b> 319.238°<br>
          <hr>
          <u>Path P2 → P1:</u><br>
          <b>Forward Azimuth at P2 (Az21):</b> 139.238°<br>
          <b>Back Azimuth at P1 (BackAz21):</b> 139.295°<br>
          <hr>
          <b>Filter Reason(s):</b> Dist multiple:0.6180<br>
          <hr>
          <i>Calculation Method: Ellipsoidal (WGS84)</i>
        ]]>                    
        
                </description>
                <styleUrl>#108</styleUrl>
                <LineString id="106">
                    <coordinates>-76.98066122302069,38.83591588236636,0.0 -77.0704105785321,38.91738246946505,0.0</coordinates>
                </LineString>
            </Placemark>
            <Placemark id="144">
                <name>Chk12 → RK</name>
                <description>
                    
        
<![CDATA[
          <b>P1:</b> Chk12<br>
          <b>P2:</b> RK<br>
          <hr>
          <b>Distance:</b> 4.944 miles<br>
          <hr>
          <u>Path P1 → P2:</u><br>
          <b>Forward Azimuth at P1 (Az12):</b> 242.109°<br>
          <b>Back Azimuth at P2 (BackAz12):</b> 242.059°<br>
          <hr>
          <u>Path P2 → P1:</u><br>
          <b>Forward Azimuth at P2 (Az21):</b> 62.059°<br>
          <b>Back Azimuth at P1 (BackAz21):</b> 62.109°<br>
          <hr>
          <b>Filter Reason(s):</b> Dist multiple:0.6180<br>
          <hr>
          <i>Calculation Method: Ellipsoidal (WGS84)</i>
        ]]>                    
        
                </description>
                <styleUrl>#145</styleUrl>
                <LineString id="143">
                    <coordinates>-76.9425428132187,38.88869436289873,0.0 -77.02356040000001,38.85513800000002,0.0</coordinates>
                </LineString>
            </Placemark>
            <Placemark id="156">
                <name>Chk14 → AnOthr02</name>
                <description>
                    
        
<![CDATA[
          <b>P1:</b> Chk14<br>
          <b>P2:</b> AnOthr02<br>
          <hr>
          <b>Distance:</b> 4.326 miles<br>
          <hr>
          <u>Path P1 → P2:</u><br>
          <b>Forward Azimuth at P1 (Az12):</b> 103.476°<br>
          <b>Back Azimuth at P2 (BackAz12):</b> 103.525°<br>
          <hr>
          <u>Path P2 → P1:</u><br>
          <b>Forward Azimuth at P2 (Az21):</b> 283.525°<br>
          <b>Back Azimuth at P1 (BackAz21):</b> 283.476°<br>
          <hr>
          <b>Filter Reason(s):</b> Dist multiple:0.6180<br>
          <hr>
          <i>Calculation Method: Ellipsoidal (WGS84)</i>
        ]]>                    
        
                </description>
                <styleUrl>#157</styleUrl>
                <LineString id="155">
                    <coordinates>-77.03571742899706,38.92072480308088,0.0 -76.95766732477911,38.90608413980003,0.0</coordinates>
                </LineString>
            </Placemark>
            <Placemark id="225">
                <name>Chk28 → Chk58</name>
                <description>
                    
        
<![CDATA[
          <b>P1:</b> Chk28<br>
          <b>P2:</b> Chk58<br>
          <hr>
          <b>Distance:</b> 7.416 miles<br>
          <hr>
          <u>Path P1 → P2:</u><br>
          <b>Forward Azimuth at P1 (Az12):</b> 172.519°<br>
          <b>Back Azimuth at P2 (BackAz12):</b> 172.531°<br>
          <hr>
          <u>Path P2 → P1:</u><br>
          <b>Forward Azimuth at P2 (Az21):</b> 352.531°<br>
          <b>Back Azimuth at P1 (BackAz21):</b> 352.519°<br>
          <hr>
          <b>Filter Reason(s):</b> Dist multiple:0.6180<br>
          <hr>
          <i>Calculation Method: Ellipsoidal (WGS84)</i>
        ]]>                    
        
                </description>
                <styleUrl>#226</styleUrl>
                <LineString id="224">
                    <coordinates>-77.0776296316338,38.95399489057218,0.0 -77.05973097339024,38.84739885578784,0.0</coordinates>
                </LineString>
            </Placemark>
            <Placemark id="229">
                <name>Chk28 → RK</name>
                <description>
                    
        
<![CDATA[
          <b>P1:</b> Chk28<br>
          <b>P2:</b> RK<br>
          <hr>
          <b>Distance:</b> 7.416 miles<br>
          <hr>
          <u>Path P1 → P2:</u><br>
          <b>Forward Azimuth at P1 (Az12):</b> 156.843°<br>
          <b>Back Azimuth at P2 (BackAz12):</b> 156.877°<br>
          <hr>
          <u>Path P2 → P1:</u><br>
          <b>Forward Azimuth at P2 (Az21):</b> 336.877°<br>
          <b>Back Azimuth at P1 (BackAz21):</b> 336.843°<br>
          <hr>
          <b>Filter Reason(s):</b> Dist multiple:0.6180<br>
          <hr>
          <i>Calculation Method: Ellipsoidal (WGS84)</i>
        ]]>                    
        
                </description>
                <styleUrl>#230</styleUrl>
                <LineString id="228">
                    <coordinates>-77.0776296316338,38.95399489057218,0.0 -77.02356040000001,38.85513800000002,0.0</coordinates>
                </LineString>
            </Placemark>
            <Placemark id="358">
                <name>H12 → H60</name>
                <description>
                    
        
<![CDATA[
          <b>P1:</b> H12<br>
          <b>P2:</b> H60<br>
          <hr>
          <b>Distance:</b> 1.854 miles<br>
          <hr>
          <u>Path P1 → P2:</u><br>
          <b>Forward Azimuth at P1 (Az12):</b> 65.206°<br>
          <b>Back Azimuth at P2 (BackAz12):</b> 65.226°<br>
          <hr>
          <u>Path P2 → P1:</u><br>
          <b>Forward Azimuth at P2 (Az21):</b> 245.226°<br>
          <b>Back Azimuth at P1 (BackAz21):</b> 245.206°<br>
          <hr>
          <b>Filter Reason(s):</b> Dist multiple:0.6180<br>
          <hr>
          <i>Calculation Method: Ellipsoidal (WGS84)</i>
        ]]>                    
        
                </description>
                <styleUrl>#359</styleUrl>
                <LineString id="357">
                    <coordinates>-76.94844865915428,38.92005589287478,0.0 -76.91720945574568,38.93132296535497,0.0</coordinates>
                </LineString>
            </Placemark>
            <Placemark id="370">
                <name>H22 → SF02</name>
                <description>
                    
        
<![CDATA[
          <b>P1:</b> H22<br>
          <b>P2:</b> SF02<br>
          <hr>
          <b>Distance:</b> 2.472 miles<br>
          <hr>
          <u>Path P1 → P2:</u><br>
          <b>Forward Azimuth at P1 (Az12):</b> 220.974°<br>
          <b>Back Azimuth at P2 (BackAz12):</b> 220.955°<br>
          <hr>
          <u>Path P2 → P1:</u><br>
          <b>Forward Azimuth at P2 (Az21):</b> 40.955°<br>
          <b>Back Azimuth at P1 (BackAz21):</b> 40.974°<br>
          <hr>
          <b>Filter Reason(s):</b> Dist multiple:0.6180<br>
          <hr>
          <i>Calculation Method: Ellipsoidal (WGS84)</i>
        ]]>                    
        
                </description>
                <styleUrl>#371</styleUrl>
                <LineString id="369">
                    <coordinates>-77.06004232078331,38.92823446130691,0.0 -77.0901139945135,38.90117456916591,0.0</coordinates>
                </LineString>
            </Placemark>
            <Placemark id="378">
                <name>H38 → H65</name>
                <description>
                    
        
<![CDATA[
          <b>P1:</b> H38<br>
          <b>P2:</b> H65<br>
          <hr>
          <b>Distance:</b> 16.068 miles<br>
          <hr>
          <u>Path P1 → P2:</u><br>
          <b>Forward Azimuth at P1 (Az12):</b> 90.276°<br>
          <b>Back Azimuth at P2 (BackAz12):</b> 90.463°<br>
          <hr>
          <u>Path P2 → P1:</u><br>
          <b>Forward Azimuth at P2 (Az21):</b> 270.463°<br>
          <b>Back Azimuth at P1 (BackAz21):</b> 270.276°<br>
          <hr>
          <b>Filter Reason(s):</b> Dist multiple:0.6180<br>
          <hr>
          <i>Calculation Method: Ellipsoidal (WGS84)</i>
        ]]>                    
        
                </description>
                <styleUrl>#379</styleUrl>
                <LineString id="377">
                    <coordinates>-77.30556025520397,38.92033648688445,0.0 -77.00739402065348,38.91883509061264,0.0</coordinates>
                </LineString>
            </Placemark>
            <Placemark id="386">
                <name>H66 → H98</name>
                <description>
                    
        
<![CDATA[
          <b>P1:</b> H66<br>
          <b>P2:</b> H98<br>
          <hr>
          <b>Distance:</b> 4.326 miles<br>
          <hr>
          <u>Path P1 → P2:</u><br>
          <b>Forward Azimuth at P1 (Az12):</b> 50.662°<br>
          <b>Back Azimuth at P2 (BackAz12):</b> 50.701°<br>
          <hr>
          <u>Path P2 → P1:</u><br>
          <b>Forward Azimuth at P2 (Az21):</b> 230.701°<br>
          <b>Back Azimuth at P1 (BackAz21):</b> 230.662°<br>
          <hr>
          <b>Filter Reason(s):</b> Dist multiple:0.6180<br>
          <hr>
          <i>Calculation Method: Ellipsoidal (WGS84)</i>
        ]]>                    
        
                </description>
                <styleUrl>#387</styleUrl>
                <LineString id="385">
                    <coordinates>-77.10094955658019,38.90533124793031,0.0 -77.0388345966892,38.9450714821746,0.0</coordinates>
                </LineString>
            </Placemark>
            <Placemark id="402">
                <name>H71 → POOthr3a</name>
                <description>
                    
        
<![CDATA[
          <b>P1:</b> H71<br>
          <b>P2:</b> POOthr3a<br>
          <hr>
          <b>Distance:</b> 7.416 miles<br>
          <hr>
          <u>Path P1 → P2:</u><br>
          <b>Forward Azimuth at P1 (Az12):</b> 193.390°<br>
          <b>Back Azimuth at P2 (BackAz12):</b> 193.370°<br>
          <hr>
          <u>Path P2 → P1:</u><br>
          <b>Forward Azimuth at P2 (Az21):</b> 13.370°<br>
          <b>Back Azimuth at P1 (BackAz21):</b> 13.390°<br>
          <hr>
          <b>Filter Reason(s):</b> Dist multiple:0.6180<br>
          <hr>
          <i>Calculation Method: Ellipsoidal (WGS84)</i>
        ]]>                    
        
                </description>
                <styleUrl>#403</styleUrl>
                <LineString id="401">
                    <coordinates>-77.00844224089784,38.88981684871572,0.0 -77.0402519018478,38.7852261694161,0.0</coordinates>
                </LineString>
            </Placemark>
            <Placemark id="426">
                <name>Hk → H70a</name>
                <description>
                    
        
<![CDATA[
          <b>P1:</b> Hk<br>
          <b>P2:</b> H70a<br>
          <hr>
          <b>Distance:</b> 1.854 miles<br>
          <hr>
          <u>Path P1 → P2:</u><br>
          <b>Forward Azimuth at P1 (Az12):</b> 208.319°<br>
          <b>Back Azimuth at P2 (BackAz12):</b> 208.308°<br>
          <hr>
          <u>Path P2 → P1:</u><br>
          <b>Forward Azimuth at P2 (Az21):</b> 28.308°<br>
          <b>Back Azimuth at P1 (BackAz21):</b> 28.319°<br>
          <hr>
          <b>Filter Reason(s):</b> Dist multiple:0.6180<br>
          <hr>
          <i>Calculation Method: Ellipsoidal (WGS84)</i>
        ]]>                    
        
                </description>
                <styleUrl>#427</styleUrl>
                <LineString id="425">
                    <coordinates>-77.051444,38.8951366,0.0 -77.06775220195667,38.87147694689254,0.0</coordinates>
                </LineString>
            </Placemark>
            <Placemark id="582">
                <name>PenB → H13</name>
                <description>
                    
        
<![CDATA[
          <b>P1:</b> PenB<br>
          <b>P2:</b> H13<br>
          <hr>
          <b>Distance:</b> 5.562 miles<br>
          <hr>
          <u>Path P1 → P2:</u><br>
          <b>Forward Azimuth at P1 (Az12):</b> 24.226°<br>
          <b>Back Azimuth at P2 (BackAz12):</b> 24.253°<br>
          <hr>
          <u>Path P2 → P1:</u><br>
          <b>Forward Azimuth at P2 (Az21):</b> 204.253°<br>
          <b>Back Azimuth at P1 (BackAz21):</b> 204.226°<br>
          <hr>
          <b>Filter Reason(s):</b> Dist multiple:0.6180<br>
          <hr>
          <i>Calculation Method: Ellipsoidal (WGS84)</i>
        ]]>                    
        
                </description>
                <styleUrl>#583</styleUrl>
                <LineString id="581">
                    <coordinates>-77.05628256361138,38.87273680802001,0.0 -77.01391219662139,38.94626278806017,0.0</coordinates>
                </LineString>
            </Placemark>
            <Placemark id="634">
                <name>SCa → H70</name>
                <description>
                    
        
<![CDATA[
          <b>P1:</b> SCa<br>
          <b>P2:</b> H70<br>
          <hr>
          <b>Distance:</b> 3.708 miles<br>
          <hr>
          <u>Path P1 → P2:</u><br>
          <b>Forward Azimuth at P1 (Az12):</b> 251.707°<br>
          <b>Back Azimuth at P2 (BackAz12):</b> 251.666°<br>
          <hr>
          <u>Path P2 → P1:</u><br>
          <b>Forward Azimuth at P2 (Az21):</b> 71.666°<br>
          <b>Back Azimuth at P1 (BackAz21):</b> 71.707°<br>
          <hr>
          <b>Filter Reason(s):</b> Dist multiple:0.6180<br>
          <hr>
          <i>Calculation Method: Ellipsoidal (WGS84)</i>
        ]]>                    
        
                </description>
                <styleUrl>#635</styleUrl>
                <LineString id="633">
                    <coordinates>-77.00510154468833,38.890621,0.0 -77.07038741369139,38.8737311478417,0.0</coordinates>
                </LineString>
            </Placemark>
            <Placemark id="662">
                <name>WHa → SF04</name>
                <description>
                    
        
<![CDATA[
          <b>P1:</b> WHa<br>
          <b>P2:</b> SF04<br>
          <hr>
          <b>Distance:</b> 1.854 miles<br>
          <hr>
          <u>Path P1 → P2:</u><br>
          <b>Forward Azimuth at P1 (Az12):</b> 274.035°<br>
          <b>Back Azimuth at P2 (BackAz12):</b> 274.013°<br>
          <hr>
          <u>Path P2 → P1:</u><br>
          <b>Forward Azimuth at P2 (Az21):</b> 94.013°<br>
          <b>Back Azimuth at P1 (BackAz21):</b> 94.035°<br>
          <hr>
          <b>Filter Reason(s):</b> Dist multiple:0.6180<br>
          <hr>
          <i>Calculation Method: Ellipsoidal (WGS84)</i>
        ]]>                    
        
                </description>
                <styleUrl>#663</styleUrl>
                <LineString id="661">
                    <coordinates>-77.036569,38.89828563763562,0.0 -77.07087604008456,38.90017164390296,0.0</coordinates>
                </LineString>
            </Placemark>
            <Placemark id="738">
                <name>WHz → Pk04</name>
                <description>
                    
        
<![CDATA[
          <b>P1:</b> WHz<br>
          <b>P2:</b> Pk04<br>
          <hr>
          <b>Distance:</b> 63.654 miles<br>
          <hr>
          <u>Path P1 → P2:</u><br>
          <b>Forward Azimuth at P1 (Az12):</b> 262.866°<br>
          <b>Back Azimuth at P2 (BackAz12):</b> 262.132°<br>
          <hr>
          <u>Path P2 → P1:</u><br>
          <b>Forward Azimuth at P2 (Az21):</b> 82.132°<br>
          <b>Back Azimuth at P1 (BackAz21):</b> 82.866°<br>
          <hr>
          <b>Filter Reason(s):</b> Dist multiple:0.6180<br>
          <hr>
          <i>Calculation Method: Ellipsoidal (WGS84)</i>
        ]]>                    
        
                </description>
                <styleUrl>#739</styleUrl>
                <LineString id="737">
                    <coordinates>-77.03431133703796,38.89597663639302,0.0 -78.20406185227269,38.77550687860945,0.0</coordinates>
                </LineString>
            </Placemark>
            <Placemark id="746">
                <name>Wb → Chk06</name>
                <description>
                    
        
<![CDATA[
          <b>P1:</b> Wb<br>
          <b>P2:</b> Chk06<br>
          <hr>
          <b>Distance:</b> 11.742 miles<br>
          <hr>
          <u>Path P1 → P2:</u><br>
          <b>Forward Azimuth at P1 (Az12):</b> 78.805°<br>
          <b>Back Azimuth at P2 (BackAz12):</b> 78.939°<br>
          <hr>
          <u>Path P2 → P1:</u><br>
          <b>Forward Azimuth at P2 (Az21):</b> 258.939°<br>
          <b>Back Azimuth at P1 (BackAz21):</b> 258.805°<br>
          <hr>
          <b>Filter Reason(s):</b> Dist multiple:0.6180<br>
          <hr>
          <i>Calculation Method: Ellipsoidal (WGS84)</i>
        ]]>                    
        
                </description>
                <styleUrl>#747</styleUrl>
                <LineString id="745">
                    <coordinates>-77.17230114000002,38.89324512999998,0.0 -76.95853332476764,38.92609741015503,0.0</coordinates>
                </LineString>
            </Placemark>
        </Folder>
        <Folder id="57">
            <Style id="60">
                <LineStyle id="61">
                    <color>FF00FF72</color>
                    <colorMode>normal</colorMode>
                    <width>1.5</width>
                </LineStyle>
            </Style>
            <Style id="141">
                <LineStyle id="142">
                    <color>FF00FF70</color>
                    <colorMode>normal</colorMode>
                    <width>1.5</width>
                </LineStyle>
            </Style>
            <Style id="391">
                <LineStyle id="392">
                    <color>FF00FF70</color>
                    <colorMode>normal</colorMode>
                    <width>1.5</width>
                </LineStyle>
            </Style>
            <Style id="411">
                <LineStyle id="412">
                    <color>FF00FF70</color>
                    <colorMode>normal</colorMode>
                    <width>1.5</width>
                </LineStyle>
            </Style>
            <Style id="439">
                <LineStyle id="440">
                    <color>FF00FF70</color>
                    <colorMode>normal</colorMode>
                    <width>1.5</width>
                </LineStyle>
            </Style>
            <Style id="451">
                <LineStyle id="452">
                    <color>FF00FF72</color>
                    <colorMode>normal</colorMode>
                    <width>1.5</width>
                </LineStyle>
            </Style>
            <Style id="503">
                <LineStyle id="504">
                    <color>FF00FF70</color>
                    <colorMode>normal</colorMode>
                    <width>1.5</width>
                </LineStyle>
            </Style>
            <Style id="519">
                <LineStyle id="520">
                    <color>FF00FF70</color>
                    <colorMode>normal</colorMode>
                    <width>1.5</width>
                </LineStyle>
            </Style>
            <Style id="599">
                <LineStyle id="600">
                    <color>FF00FF70</color>
                    <colorMode>normal</colorMode>
                    <width>1.5</width>
                </LineStyle>
            </Style>
            <Style id="691">
                <LineStyle id="692">
                    <color>FF00FF72</color>
                    <colorMode>normal</colorMode>
                    <width>1.5</width>
                </LineStyle>
            </Style>
            <Style id="695">
                <LineStyle id="696">
                    <color>FF00FF70</color>
                    <colorMode>normal</colorMode>
                    <width>1.5</width>
                </LineStyle>
            </Style>
            <Style id="783">
                <LineStyle id="784">
                    <color>FF00FF72</color>
                    <colorMode>normal</colorMode>
                    <width>1.5</width>
                </LineStyle>
            </Style>
            <name>r3 FIm</name>
            <Placemark id="59">
                <name>CFd → I069</name>
                <description>
                    
        
<![CDATA[
          <b>P1:</b> CFd<br>
          <b>P2:</b> I069<br>
          <hr>
          <b>Distance:</b> 0.535 miles<br>
          <hr>
          <u>Path P1 → P2:</u><br>
          <b>Forward Azimuth at P1 (Az12):</b> 355.282°<br>
          <b>Back Azimuth at P2 (BackAz12):</b> 355.282°<br>
          <hr>
          <u>Path P2 → P1:</u><br>
          <b>Forward Azimuth at P2 (Az21):</b> 175.282°<br>
          <b>Back Azimuth at P1 (BackAz21):</b> 175.282°<br>
          <hr>
          <b>Filter Reason(s):</b> Dist factor of:1.0705<br>
          <hr>
          <i>Calculation Method: Ellipsoidal (WGS84)</i>
        ]]>                    
        
                </description>
                <styleUrl>#60</styleUrl>
                <LineString id="58">
                    <coordinates>-77.00578323852076,38.88868978460074,0.0 -77.00659984972448,38.89642237002393,0.0</coordinates>
                </LineString>
            </Placemark>
            <Placemark id="140">
                <name>Chk12 → Pk04</name>
                <description>
                    
        
<![CDATA[
          <b>P1:</b> Chk12<br>
          <b>P2:</b> Pk04<br>
          <hr>
          <b>Distance:</b> 68.510 miles<br>
          <hr>
          <u>Path P1 → P2:</u><br>
          <b>Forward Azimuth at P1 (Az12):</b> 263.852°<br>
          <b>Back Azimuth at P2 (BackAz12):</b> 263.061°<br>
          <hr>
          <u>Path P2 → P1:</u><br>
          <b>Forward Azimuth at P2 (Az21):</b> 83.061°<br>
          <b>Back Azimuth at P1 (BackAz21):</b> 83.852°<br>
          <hr>
          <b>Filter Reason(s):</b> Dist multiple:1.0705<br>
          <hr>
          <i>Calculation Method: Ellipsoidal (WGS84)</i>
        ]]>                    
        
                </description>
                <styleUrl>#141</styleUrl>
                <LineString id="139">
                    <coordinates>-76.9425428132187,38.88869436289873,0.0 -78.20406185227269,38.77550687860945,0.0</coordinates>
                </LineString>
            </Placemark>
            <Placemark id="390">
                <name>H67 → H51</name>
                <description>
                    
        
<![CDATA[
          <b>P1:</b> H67<br>
          <b>P2:</b> H51<br>
          <hr>
          <b>Distance:</b> 2.141 miles<br>
          <hr>
          <u>Path P1 → P2:</u><br>
          <b>Forward Azimuth at P1 (Az12):</b> 91.889°<br>
          <b>Back Azimuth at P2 (BackAz12):</b> 91.913°<br>
          <hr>
          <u>Path P2 → P1:</u><br>
          <b>Forward Azimuth at P2 (Az21):</b> 271.913°<br>
          <b>Back Azimuth at P1 (BackAz21):</b> 271.889°<br>
          <hr>
          <b>Filter Reason(s):</b> Dist multiple:1.0705<br>
          <hr>
          <i>Calculation Method: Ellipsoidal (WGS84)</i>
        ]]>                    
        
                </description>
                <styleUrl>#391</styleUrl>
                <LineString id="389">
                    <coordinates>-77.08923640277803,38.91551942120227,0.0 -77.04953191350309,38.91448986470866,0.0</coordinates>
                </LineString>
            </Placemark>
            <Placemark id="410">
                <name>HighWb → Chk43</name>
                <description>
                    
        
<![CDATA[
          <b>P1:</b> HighWb<br>
          <b>P2:</b> Chk43<br>
          <hr>
          <b>Distance:</b> 9.634 miles<br>
          <hr>
          <u>Path P1 → P2:</u><br>
          <b>Forward Azimuth at P1 (Az12):</b> 15.574°<br>
          <b>Back Azimuth at P2 (BackAz12):</b> 15.604°<br>
          <hr>
          <u>Path P2 → P1:</u><br>
          <b>Forward Azimuth at P2 (Az21):</b> 195.604°<br>
          <b>Back Azimuth at P1 (BackAz21):</b> 195.574°<br>
          <hr>
          <b>Filter Reason(s):</b> Dist multiple:1.0705<br>
          <hr>
          <i>Calculation Method: Ellipsoidal (WGS84)</i>
        ]]>                    
        
                </description>
                <styleUrl>#411</styleUrl>
                <LineString id="409">
                    <coordinates>-77.06728222257168,38.80859367009808,0.0 -77.0192667064925,38.94312493001874,0.0</coordinates>
                </LineString>
            </Placemark>
            <Placemark id="438">
                <name>J → H69</name>
                <description>
                    
        
<![CDATA[
          <b>P1:</b> J<br>
          <b>P2:</b> H69<br>
          <hr>
          <b>Distance:</b> 2.141 miles<br>
          <hr>
          <u>Path P1 → P2:</u><br>
          <b>Forward Azimuth at P1 (Az12):</b> 244.299°<br>
          <b>Back Azimuth at P2 (BackAz12):</b> 244.277°<br>
          <hr>
          <u>Path P2 → P1:</u><br>
          <b>Forward Azimuth at P2 (Az21):</b> 64.277°<br>
          <b>Back Azimuth at P1 (BackAz21):</b> 64.299°<br>
          <hr>
          <b>Filter Reason(s):</b> Dist multiple:1.0705<br>
          <hr>
          <i>Calculation Method: Ellipsoidal (WGS84)</i>
        ]]>                    
        
                </description>
                <styleUrl>#439</styleUrl>
                <LineString id="437">
                    <coordinates>-77.03656908080315,38.889801,0.0 -77.07234178427055,38.87633745296441,0.0</coordinates>
                </LineString>
            </Placemark>
            <Placemark id="450">
                <name>J → WHs</name>
                <description>
                    
        
<![CDATA[
          <b>P1:</b> J<br>
          <b>P2:</b> WHs<br>
          <hr>
          <b>Distance:</b> 0.535 miles<br>
          <hr>
          <u>Path P1 → P2:</u><br>
          <b>Forward Azimuth at P1 (Az12):</b> 0.000°<br>
          <b>Back Azimuth at P2 (BackAz12):</b> 0.000°<br>
          <hr>
          <u>Path P2 → P1:</u><br>
          <b>Forward Azimuth at P2 (Az21):</b> 180.000°<br>
          <b>Back Azimuth at P1 (BackAz21):</b> 180.000°<br>
          <hr>
          <b>Filter Reason(s):</b> Dist factor of:1.0705<br>
          <hr>
          <i>Calculation Method: Ellipsoidal (WGS84)</i>
        ]]>                    
        
                </description>
                <styleUrl>#451</styleUrl>
                <LineString id="449">
                    <coordinates>-77.03656908080315,38.889801,0.0 -77.036569,38.897561,0.0</coordinates>
                </LineString>
            </Placemark>
            <Placemark id="502">
                <name>Lz → Chk41</name>
                <description>
                    
        
<![CDATA[
          <b>P1:</b> Lz<br>
          <b>P2:</b> Chk41<br>
          <hr>
          <b>Distance:</b> 5.352 miles<br>
          <hr>
          <u>Path P1 → P2:</u><br>
          <b>Forward Azimuth at P1 (Az12):</b> 72.417°<br>
          <b>Back Azimuth at P2 (BackAz12):</b> 72.476°<br>
          <hr>
          <u>Path P2 → P1:</u><br>
          <b>Forward Azimuth at P2 (Az21):</b> 252.476°<br>
          <b>Back Azimuth at P1 (BackAz21):</b> 252.417°<br>
          <hr>
          <b>Filter Reason(s):</b> Dist multiple:1.0705<br>
          <hr>
          <i>Calculation Method: Ellipsoidal (WGS84)</i>
        ]]>                    
        
                </description>
                <styleUrl>#503</styleUrl>
                <LineString id="501">
                    <coordinates>-77.05220920463091,38.88921687259635,0.0 -76.9575387987198,38.91261730408393,0.0</coordinates>
                </LineString>
            </Placemark>
            <Placemark id="518">
                <name>MV → H33</name>
                <description>
                    
        
<![CDATA[
          <b>P1:</b> MV<br>
          <b>P2:</b> H33<br>
          <hr>
          <b>Distance:</b> 13.916 miles<br>
          <hr>
          <u>Path P1 → P2:</u><br>
          <b>Forward Azimuth at P1 (Az12):</b> 336.799°<br>
          <b>Back Azimuth at P2 (BackAz12):</b> 336.736°<br>
          <hr>
          <u>Path P2 → P1:</u><br>
          <b>Forward Azimuth at P2 (Az21):</b> 156.736°<br>
          <b>Back Azimuth at P1 (BackAz21):</b> 156.799°<br>
          <hr>
          <b>Filter Reason(s):</b> Dist multiple:1.0705<br>
          <hr>
          <i>Calculation Method: Ellipsoidal (WGS84)</i>
        ]]>                    
        
                </description>
                <styleUrl>#519</styleUrl>
                <LineString id="517">
                    <coordinates>-77.01151395666083,38.735159,0.0 -77.11324805943606,38.92053966660955,0.0</coordinates>
                </LineString>
            </Placemark>
            <Placemark id="598">
                <name>PenE → Chk36</name>
                <description>
                    
        
<![CDATA[
          <b>P1:</b> PenE<br>
          <b>P2:</b> Chk36<br>
          <hr>
          <b>Distance:</b> 4.282 miles<br>
          <hr>
          <u>Path P1 → P2:</u><br>
          <b>Forward Azimuth at P1 (Az12):</b> 48.688°<br>
          <b>Back Azimuth at P2 (BackAz12):</b> 48.726°<br>
          <hr>
          <u>Path P2 → P1:</u><br>
          <b>Forward Azimuth at P2 (Az21):</b> 228.726°<br>
          <b>Back Azimuth at P1 (BackAz21):</b> 228.688°<br>
          <hr>
          <b>Filter Reason(s):</b> Dist multiple:1.0705<br>
          <hr>
          <i>Calculation Method: Ellipsoidal (WGS84)</i>
        ]]>                    
        
                </description>
                <styleUrl>#599</styleUrl>
                <LineString id="597">
                    <coordinates>-77.05322825200388,38.87062329503496,0.0 -76.99354755099984,38.91158883943301,0.0</coordinates>
                </LineString>
            </Placemark>
            <Placemark id="690">
                <name>WHc → elSc</name>
                <description>
                    
        
<![CDATA[
          <b>P1:</b> WHc<br>
          <b>P2:</b> elSc<br>
          <hr>
          <b>Distance:</b> 0.357 miles<br>
          <hr>
          <u>Path P1 → P2:</u><br>
          <b>Forward Azimuth at P1 (Az12):</b> 222.480°<br>
          <b>Back Azimuth at P2 (BackAz12):</b> 222.477°<br>
          <hr>
          <u>Path P2 → P1:</u><br>
          <b>Forward Azimuth at P2 (Az21):</b> 42.477°<br>
          <b>Back Azimuth at P1 (BackAz21):</b> 42.480°<br>
          <hr>
          <b>Filter Reason(s):</b> Dist factor of:1.0705<br>
          <hr>
          <i>Calculation Method: Ellipsoidal (WGS84)</i>
        ]]>                    
        
                </description>
                <styleUrl>#691</styleUrl>
                <LineString id="689">
                    <coordinates>-77.03611695727467,38.89666242649749,0.0 -77.04058603,38.89284818820199,0.0</coordinates>
                </LineString>
            </Placemark>
            <Placemark id="694">
                <name>WHe → Chk40</name>
                <description>
                    
        
<![CDATA[
          <b>P1:</b> WHe<br>
          <b>P2:</b> Chk40<br>
          <hr>
          <b>Distance:</b> 7.493 miles<br>
          <hr>
          <u>Path P1 → P2:</u><br>
          <b>Forward Azimuth at P1 (Az12):</b> 94.328°<br>
          <b>Back Azimuth at P2 (BackAz12):</b> 94.415°<br>
          <hr>
          <u>Path P2 → P1:</u><br>
          <b>Forward Azimuth at P2 (Az21):</b> 274.415°<br>
          <b>Back Azimuth at P1 (BackAz21):</b> 274.328°<br>
          <hr>
          <b>Filter Reason(s):</b> Dist multiple:1.0705<br>
          <hr>
          <i>Calculation Method: Ellipsoidal (WGS84)</i>
        ]]>                    
        
                </description>
                <styleUrl>#695</styleUrl>
                <LineString id="693">
                    <coordinates>-77.037723,38.9,0.0 -76.89912135737723,38.89172055971182,0.0</coordinates>
                </LineString>
            </Placemark>
            <Placemark id="782">
                <name>elSc → elWc</name>
                <description>
                    
        
<![CDATA[
          <b>P1:</b> elSc<br>
          <b>P2:</b> elWc<br>
          <hr>
          <b>Distance:</b> 0.037 miles<br>
          <hr>
          <u>Path P1 → P2:</u><br>
          <b>Forward Azimuth at P1 (Az12):</b> 307.154°<br>
          <b>Back Azimuth at P2 (BackAz12):</b> 307.153°<br>
          <hr>
          <u>Path P2 → P1:</u><br>
          <b>Forward Azimuth at P2 (Az21):</b> 127.153°<br>
          <b>Back Azimuth at P1 (BackAz21):</b> 127.154°<br>
          <hr>
          <b>Filter Reason(s):</b> Dist factor of:1.0705<br>
          <hr>
          <i>Calculation Method: Ellipsoidal (WGS84)</i>
        ]]>                    
        
                </description>
                <styleUrl>#783</styleUrl>
                <LineString id="781">
                    <coordinates>-77.04058603,38.89284818820199,0.0 -77.04113191993082,38.89317145702438,0.0</coordinates>
                </LineString>
            </Placemark>
        </Folder>
        <Folder id="62">
            <Style id="65">
                <LineStyle id="66">
                    <color>FFFF0032</color>
                    <colorMode>normal</colorMode>
                    <width>1.5</width>
                </LineStyle>
            </Style>
            <Style id="74">
                <LineStyle id="75">
                    <color>FFFF0031</color>
                    <colorMode>normal</colorMode>
                    <width>1.5</width>
                </LineStyle>
            </Style>
            <Style id="120">
                <LineStyle id="121">
                    <color>FFFF0032</color>
                    <colorMode>normal</colorMode>
                    <width>1.5</width>
                </LineStyle>
            </Style>
            <Style id="169">
                <LineStyle id="170">
                    <color>FFFF0030</color>
                    <colorMode>normal</colorMode>
                    <width>2.5</width>
                </LineStyle>
            </Style>
            <Style id="181">
                <LineStyle id="182">
                    <color>FFFF0032</color>
                    <colorMode>normal</colorMode>
                    <width>1.5</width>
                </LineStyle>
            </Style>
            <Style id="205">
                <LineStyle id="206">
                    <color>FFFF0032</color>
                    <colorMode>normal</colorMode>
                    <width>1.5</width>
                </LineStyle>
            </Style>
            <Style id="214">
                <LineStyle id="215">
                    <color>FFFF0032</color>
                    <colorMode>normal</colorMode>
                    <width>1.5</width>
                </LineStyle>
            </Style>
            <Style id="246">
                <LineStyle id="247">
                    <color>FFFF0032</color>
                    <colorMode>normal</colorMode>
                    <width>1.5</width>
                </LineStyle>
            </Style>
            <Style id="295">
                <LineStyle id="296">
                    <color>FFFF0032</color>
                    <colorMode>normal</colorMode>
                    <width>1.5</width>
                </LineStyle>
            </Style>
            <Style id="327">
                <LineStyle id="328">
                    <color>FFFF0031</color>
                    <colorMode>normal</colorMode>
                    <width>1.5</width>
                </LineStyle>
            </Style>
            <Style id="443">
                <LineStyle id="444">
                    <color>FFFF0032</color>
                    <colorMode>normal</colorMode>
                    <width>1.5</width>
                </LineStyle>
            </Style>
            <Style id="475">
                <LineStyle id="476">
                    <color>FFFF0032</color>
                    <colorMode>normal</colorMode>
                    <width>1.5</width>
                </LineStyle>
            </Style>
            <Style id="539">
                <LineStyle id="540">
                    <color>FFFF0032</color>
                    <colorMode>normal</colorMode>
                    <width>1.5</width>
                </LineStyle>
            </Style>
            <Style id="543">
                <LineStyle id="544">
                    <color>FFFF0032</color>
                    <colorMode>normal</colorMode>
                    <width>1.5</width>
                </LineStyle>
            </Style>
            <Style id="643">
                <LineStyle id="644">
                    <color>FFFF0032</color>
                    <colorMode>normal</colorMode>
                    <width>1.5</width>
                </LineStyle>
            </Style>
            <Style id="671">
                <LineStyle id="672">
                    <color>FFFF0032</color>
                    <colorMode>normal</colorMode>
                    <width>1.5</width>
                </LineStyle>
            </Style>
            <Style id="675">
                <LineStyle id="676">
                    <color>FFFF0031</color>
                    <colorMode>normal</colorMode>
                    <width>1.5</width>
                </LineStyle>
            </Style>
            <Style id="735">
                <LineStyle id="736">
                    <color>FFFF0032</color>
                    <colorMode>normal</colorMode>
                    <width>1.5</width>
                </LineStyle>
            </Style>
            <name>r2 FIm</name>
            <Placemark id="64">
                <name>CFe → Chk36</name>
                <description>
                    
        
<![CDATA[
          <b>P1:</b> CFe<br>
          <b>P2:</b> Chk36<br>
          <hr>
          <b>Distance:</b> 1.748 miles<br>
          <hr>
          <u>Path P1 → P2:</u><br>
          <b>Forward Azimuth at P1 (Az12):</b> 30.733°<br>
          <b>Back Azimuth at P2 (BackAz12):</b> 30.743°<br>
          <hr>
          <u>Path P2 → P1:</u><br>
          <b>Forward Azimuth at P2 (Az21):</b> 210.743°<br>
          <b>Back Azimuth at P1 (BackAz21):</b> 210.733°<br>
          <hr>
          <b>Filter Reason(s):</b> Dist multiple:0.8740<br>
          <hr>
          <i>Calculation Method: Ellipsoidal (WGS84)</i>
        ]]>                    
        
                </description>
                <styleUrl>#65</styleUrl>
                <LineString id="63">
                    <coordinates>-77.01012017665087,38.88981116007428,0.0 -76.99354755099984,38.91158883943301,0.0</coordinates>
                </LineString>
            </Placemark>
            <Placemark id="73">
                <name>CFg → CptA</name>
                <description>
                    
        
<![CDATA[
          <b>P1:</b> CFg<br>
          <b>P2:</b> CptA<br>
          <hr>
          <b>Distance:</b> 0.218 miles<br>
          <hr>
          <u>Path P1 → P2:</u><br>
          <b>Forward Azimuth at P1 (Az12):</b> 153.474°<br>
          <b>Back Azimuth at P2 (BackAz12):</b> 153.475°<br>
          <hr>
          <u>Path P2 → P1:</u><br>
          <b>Forward Azimuth at P2 (Az21):</b> 333.475°<br>
          <b>Back Azimuth at P1 (BackAz21):</b> 333.474°<br>
          <hr>
          <b>Filter Reason(s):</b> Dist factor of:0.8740<br>
          <hr>
          <i>Calculation Method: Ellipsoidal (WGS84)</i>
        ]]>                    
        
                </description>
                <styleUrl>#74</styleUrl>
                <LineString id="72">
                    <coordinates>-77.00907795602103,38.89361386946052,0.0 -77.0072678806584,38.89077979476803,0.0</coordinates>
                </LineString>
            </Placemark>
            <Placemark id="119">
                <name>Chk05 → Chk21</name>
                <description>
                    
        
<![CDATA[
          <b>P1:</b> Chk05<br>
          <b>P2:</b> Chk21<br>
          <hr>
          <b>Distance:</b> 6.118 miles<br>
          <hr>
          <u>Path P1 → P2:</u><br>
          <b>Forward Azimuth at P1 (Az12):</b> 141.394°<br>
          <b>Back Azimuth at P2 (BackAz12):</b> 141.438°<br>
          <hr>
          <u>Path P2 → P1:</u><br>
          <b>Forward Azimuth at P2 (Az21):</b> 321.438°<br>
          <b>Back Azimuth at P1 (BackAz21):</b> 321.394°<br>
          <hr>
          <b>Filter Reason(s):</b> Dist multiple:0.8740<br>
          <hr>
          <i>Calculation Method: Ellipsoidal (WGS84)</i>
        ]]>                    
        
                </description>
                <styleUrl>#120</styleUrl>
                <LineString id="118">
                    <coordinates>-77.01099576844469,38.94213905894748,0.0 -76.94019736733574,38.87280409544193,0.0</coordinates>
                </LineString>
            </Placemark>
            <Placemark id="168">
                <name>Chk16 → Chk17</name>
                <description>
                    
        
<![CDATA[
          <b>P1:</b> Chk16<br>
          <b>P2:</b> Chk17<br>
          <hr>
          <b>Distance:</b> 0.874 miles<br>
          <hr>
          <u>Path P1 → P2:</u><br>
          <b>Forward Azimuth at P1 (Az12):</b> 87.529°<br>
          <b>Back Azimuth at P2 (BackAz12):</b> 87.539°<br>
          <hr>
          <u>Path P2 → P1:</u><br>
          <b>Forward Azimuth at P2 (Az21):</b> 267.539°<br>
          <b>Back Azimuth at P1 (BackAz21):</b> 267.529°<br>
          <hr>
          <b>Filter Reason(s):</b> Dist factor of:0.8740, Dist multiple:0.8740<br>
          <hr>
          <i>Calculation Method: Ellipsoidal (WGS84)</i>
        ]]>                    
        
                </description>
                <styleUrl>#169</styleUrl>
                <LineString id="167">
                    <coordinates>-77.02680651074166,38.95984790558003,0.0 -77.01059198844285,38.96039316959799,0.0</coordinates>
                </LineString>
            </Placemark>
            <Placemark id="180">
                <name>Chk18 → Chk30</name>
                <description>
                    
        
<![CDATA[
          <b>P1:</b> Chk18<br>
          <b>P2:</b> Chk30<br>
          <hr>
          <b>Distance:</b> 1.748 miles<br>
          <hr>
          <u>Path P1 → P2:</u><br>
          <b>Forward Azimuth at P1 (Az12):</b> 257.841°<br>
          <b>Back Azimuth at P2 (BackAz12):</b> 257.821°<br>
          <hr>
          <u>Path P2 → P1:</u><br>
          <b>Forward Azimuth at P2 (Az21):</b> 77.821°<br>
          <b>Back Azimuth at P1 (BackAz21):</b> 77.841°<br>
          <hr>
          <b>Filter Reason(s):</b> Dist multiple:0.8740<br>
          <hr>
          <i>Calculation Method: Ellipsoidal (WGS84)</i>
        ]]>                    
        
                </description>
                <styleUrl>#181</styleUrl>
                <LineString id="179">
                    <coordinates>-77.11265634246809,38.87614213026904,0.0 -77.14434316078132,38.87080074981925,0.0</coordinates>
                </LineString>
            </Placemark>
            <Placemark id="204">
                <name>Chk25 → AnOthr02</name>
                <description>
                    
        
<![CDATA[
          <b>P1:</b> Chk25<br>
          <b>P2:</b> AnOthr02<br>
          <hr>
          <b>Distance:</b> 4.370 miles<br>
          <hr>
          <u>Path P1 → P2:</u><br>
          <b>Forward Azimuth at P1 (Az12):</b> 105.376°<br>
          <b>Back Azimuth at P2 (BackAz12):</b> 105.425°<br>
          <hr>
          <u>Path P2 → P1:</u><br>
          <b>Forward Azimuth at P2 (Az21):</b> 285.425°<br>
          <b>Back Azimuth at P1 (BackAz21):</b> 285.376°<br>
          <hr>
          <b>Filter Reason(s):</b> Dist multiple:0.8740<br>
          <hr>
          <i>Calculation Method: Ellipsoidal (WGS84)</i>
        ]]>                    
        
                </description>
                <styleUrl>#205</styleUrl>
                <LineString id="203">
                    <coordinates>-77.03584297932892,38.9229071947,0.0 -76.95766732477911,38.90608413980003,0.0</coordinates>
                </LineString>
            </Placemark>
            <Placemark id="213">
                <name>Chk25 → H47</name>
                <description>
                    
        
<![CDATA[
          <b>P1:</b> Chk25<br>
          <b>P2:</b> H47<br>
          <hr>
          <b>Distance:</b> 1.748 miles<br>
          <hr>
          <u>Path P1 → P2:</u><br>
          <b>Forward Azimuth at P1 (Az12):</b> 52.256°<br>
          <b>Back Azimuth at P2 (BackAz12):</b> 52.272°<br>
          <hr>
          <u>Path P2 → P1:</u><br>
          <b>Forward Azimuth at P2 (Az21):</b> 232.272°<br>
          <b>Back Azimuth at P1 (BackAz21):</b> 232.256°<br>
          <hr>
          <b>Filter Reason(s):</b> Dist multiple:0.8740<br>
          <hr>
          <i>Calculation Method: Ellipsoidal (WGS84)</i>
        ]]>                    
        
                </description>
                <styleUrl>#214</styleUrl>
                <LineString id="212">
                    <coordinates>-77.03584297932892,38.9229071947,0.0 -77.01018660152103,38.93841562644008,0.0</coordinates>
                </LineString>
            </Placemark>
            <Placemark id="245">
                <name>Chk35 → H31</name>
                <description>
                    
        
<![CDATA[
          <b>P1:</b> Chk35<br>
          <b>P2:</b> H31<br>
          <hr>
          <b>Distance:</b> 3.496 miles<br>
          <hr>
          <u>Path P1 → P2:</u><br>
          <b>Forward Azimuth at P1 (Az12):</b> 318.508°<br>
          <b>Back Azimuth at P2 (BackAz12):</b> 318.481°<br>
          <hr>
          <u>Path P2 → P1:</u><br>
          <b>Forward Azimuth at P2 (Az21):</b> 138.481°<br>
          <b>Back Azimuth at P1 (BackAz21):</b> 138.508°<br>
          <hr>
          <b>Filter Reason(s):</b> Dist multiple:0.8740<br>
          <hr>
          <i>Calculation Method: Ellipsoidal (WGS84)</i>
        ]]>                    
        
                </description>
                <styleUrl>#246</styleUrl>
                <LineString id="244">
                    <coordinates>-77.05068501975197,38.89407905799511,0.0 -77.09367738494352,38.93203756982007,0.0</coordinates>
                </LineString>
            </Placemark>
            <Placemark id="294">
                <name>Chk58 → H31</name>
                <description>
                    
        
<![CDATA[
          <b>P1:</b> Chk58<br>
          <b>P2:</b> H31<br>
          <hr>
          <b>Distance:</b> 6.119 miles<br>
          <hr>
          <u>Path P1 → P2:</u><br>
          <b>Forward Azimuth at P1 (Az12):</b> 342.607°<br>
          <b>Back Azimuth at P2 (BackAz12):</b> 342.586°<br>
          <hr>
          <u>Path P2 → P1:</u><br>
          <b>Forward Azimuth at P2 (Az21):</b> 162.586°<br>
          <b>Back Azimuth at P1 (BackAz21):</b> 162.607°<br>
          <hr>
          <b>Filter Reason(s):</b> Dist multiple:0.8740<br>
          <hr>
          <i>Calculation Method: Ellipsoidal (WGS84)</i>
        ]]>                    
        
                </description>
                <styleUrl>#295</styleUrl>
                <LineString id="293">
                    <coordinates>-77.05973097339024,38.84739885578784,0.0 -77.09367738494352,38.93203756982007,0.0</coordinates>
                </LineString>
            </Placemark>
            <Placemark id="326">
                <name>Gs1 → PO</name>
                <description>
                    
        
<![CDATA[
          <b>P1:</b> Gs1<br>
          <b>P2:</b> PO<br>
          <hr>
          <b>Distance:</b> 0.087 miles<br>
          <hr>
          <u>Path P1 → P2:</u><br>
          <b>Forward Azimuth at P1 (Az12):</b> 224.890°<br>
          <b>Back Azimuth at P2 (BackAz12):</b> 224.889°<br>
          <hr>
          <u>Path P2 → P1:</u><br>
          <b>Forward Azimuth at P2 (Az21):</b> 44.889°<br>
          <b>Back Azimuth at P1 (BackAz21):</b> 44.890°<br>
          <hr>
          <b>Filter Reason(s):</b> Dist factor of:0.8740<br>
          <hr>
          <i>Calculation Method: Ellipsoidal (WGS84)</i>
        ]]>                    
        
                </description>
                <styleUrl>#327</styleUrl>
                <LineString id="325">
                    <coordinates>-77.11877083238855,38.93539090046842,0.0 -77.1199159,38.93449309999998,0.0</coordinates>
                </LineString>
            </Placemark>
            <Placemark id="442">
                <name>J → POOthr2c</name>
                <description>
                    
        
<![CDATA[
          <b>P1:</b> J<br>
          <b>P2:</b> POOthr2c<br>
          <hr>
          <b>Distance:</b> 2.622 miles<br>
          <hr>
          <u>Path P1 → P2:</u><br>
          <b>Forward Azimuth at P1 (Az12):</b> 292.072°<br>
          <b>Back Azimuth at P2 (BackAz12):</b> 292.043°<br>
          <hr>
          <u>Path P2 → P1:</u><br>
          <b>Forward Azimuth at P2 (Az21):</b> 112.043°<br>
          <b>Back Azimuth at P1 (BackAz21):</b> 112.072°<br>
          <hr>
          <b>Filter Reason(s):</b> Dist multiple:0.8740<br>
          <hr>
          <i>Calculation Method: Ellipsoidal (WGS84)</i>
        ]]>                    
        
                </description>
                <styleUrl>#443</styleUrl>
                <LineString id="441">
                    <coordinates>-77.03656908080315,38.889801,0.0 -77.08165575743644,38.9040771959102,0.0</coordinates>
                </LineString>
            </Placemark>
            <Placemark id="474">
                <name>KS → H56</name>
                <description>
                    
        
<![CDATA[
          <b>P1:</b> KS<br>
          <b>P2:</b> H56<br>
          <hr>
          <b>Distance:</b> 8.740 miles<br>
          <hr>
          <u>Path P1 → P2:</u><br>
          <b>Forward Azimuth at P1 (Az12):</b> 356.551°<br>
          <b>Back Azimuth at P2 (BackAz12):</b> 356.545°<br>
          <hr>
          <u>Path P2 → P1:</u><br>
          <b>Forward Azimuth at P2 (Az21):</b> 176.545°<br>
          <b>Back Azimuth at P1 (BackAz21):</b> 176.551°<br>
          <hr>
          <b>Filter Reason(s):</b> Dist multiple:0.8740<br>
          <hr>
          <i>Calculation Method: Ellipsoidal (WGS84)</i>
        ]]>                    
        
                </description>
                <styleUrl>#475</styleUrl>
                <LineString id="473">
                    <coordinates>-77.051444,38.790339,0.0 -77.06120140091524,38.91681538320637,0.0</coordinates>
                </LineString>
            </Placemark>
            <Placemark id="538">
                <name>OtrB → H60</name>
                <description>
                    
        
<![CDATA[
          <b>P1:</b> OtrB<br>
          <b>P2:</b> H60<br>
          <hr>
          <b>Distance:</b> 4.370 miles<br>
          <hr>
          <u>Path P1 → P2:</u><br>
          <b>Forward Azimuth at P1 (Az12):</b> 113.933°<br>
          <b>Back Azimuth at P2 (BackAz12):</b> 113.980°<br>
          <hr>
          <u>Path P2 → P1:</u><br>
          <b>Forward Azimuth at P2 (Az21):</b> 293.980°<br>
          <b>Back Azimuth at P1 (BackAz21):</b> 293.933°<br>
          <hr>
          <b>Filter Reason(s):</b> Dist multiple:0.8740<br>
          <hr>
          <i>Calculation Method: Ellipsoidal (WGS84)</i>
        ]]>                    
        
                </description>
                <styleUrl>#539</styleUrl>
                <LineString id="537">
                    <coordinates>-76.99134485249716,38.95704643888089,0.0 -76.91720945574568,38.93132296535497,0.0</coordinates>
                </LineString>
            </Placemark>
            <Placemark id="542">
                <name>OtrC → H22</name>
                <description>
                    
        
<![CDATA[
          <b>P1:</b> OtrC<br>
          <b>P2:</b> H22<br>
          <hr>
          <b>Distance:</b> 4.370 miles<br>
          <hr>
          <u>Path P1 → P2:</u><br>
          <b>Forward Azimuth at P1 (Az12):</b> 248.214°<br>
          <b>Back Azimuth at P2 (BackAz12):</b> 248.167°<br>
          <hr>
          <u>Path P2 → P1:</u><br>
          <b>Forward Azimuth at P2 (Az21):</b> 68.167°<br>
          <b>Back Azimuth at P1 (BackAz21):</b> 68.214°<br>
          <hr>
          <b>Filter Reason(s):</b> Dist multiple:0.8740<br>
          <hr>
          <i>Calculation Method: Ellipsoidal (WGS84)</i>
        ]]>                    
        
                </description>
                <styleUrl>#543</styleUrl>
                <LineString id="541">
                    <coordinates>-76.98472940704961,38.95177142459147,0.0 -77.06004232078331,38.92823446130691,0.0</coordinates>
                </LineString>
            </Placemark>
            <Placemark id="642">
                <name>Sb → Chk36</name>
                <description>
                    
        
<![CDATA[
          <b>P1:</b> Sb<br>
          <b>P2:</b> Chk36<br>
          <hr>
          <b>Distance:</b> 8.740 miles<br>
          <hr>
          <u>Path P1 → P2:</u><br>
          <b>Forward Azimuth at P1 (Az12):</b> 16.861°<br>
          <b>Back Azimuth at P2 (BackAz12):</b> 16.890°<br>
          <hr>
          <u>Path P2 → P1:</u><br>
          <b>Forward Azimuth at P2 (Az21):</b> 196.890°<br>
          <b>Back Azimuth at P1 (BackAz21):</b> 196.861°<br>
          <hr>
          <b>Filter Reason(s):</b> Dist multiple:0.8740<br>
          <hr>
          <i>Calculation Method: Ellipsoidal (WGS84)</i>
        ]]>                    
        
                </description>
                <styleUrl>#643</styleUrl>
                <LineString id="641">
                    <coordinates>-77.04058603,38.79033915000001,0.0 -76.99354755099984,38.91158883943301,0.0</coordinates>
                </LineString>
            </Placemark>
            <Placemark id="670">
                <name>WHb → Chk59</name>
                <description>
                    
        
<![CDATA[
          <b>P1:</b> WHb<br>
          <b>P2:</b> Chk59<br>
          <hr>
          <b>Distance:</b> 7.867 miles<br>
          <hr>
          <u>Path P1 → P2:</u><br>
          <b>Forward Azimuth at P1 (Az12):</b> 357.698°<br>
          <b>Back Azimuth at P2 (BackAz12):</b> 357.694°<br>
          <hr>
          <u>Path P2 → P1:</u><br>
          <b>Forward Azimuth at P2 (Az21):</b> 177.694°<br>
          <b>Back Azimuth at P1 (BackAz21):</b> 177.698°<br>
          <hr>
          <b>Filter Reason(s):</b> Dist multiple:0.8740<br>
          <hr>
          <i>Calculation Method: Ellipsoidal (WGS84)</i>
        ]]>                    
        
                </description>
                <styleUrl>#671</styleUrl>
                <LineString id="669">
                    <coordinates>-77.03656881060775,38.89609664728791,0.0 -77.04244035387981,39.01004268273348,0.0</coordinates>
                </LineString>
            </Placemark>
            <Placemark id="674">
                <name>WHb → WHc</name>
                <description>
                    
        
<![CDATA[
          <b>P1:</b> WHb<br>
          <b>P2:</b> WHc<br>
          <hr>
          <b>Distance:</b> 0.046 miles<br>
          <hr>
          <u>Path P1 → P2:</u><br>
          <b>Forward Azimuth at P1 (Az12):</b> 31.968°<br>
          <b>Back Azimuth at P2 (BackAz12):</b> 31.969°<br>
          <hr>
          <u>Path P2 → P1:</u><br>
          <b>Forward Azimuth at P2 (Az21):</b> 211.969°<br>
          <b>Back Azimuth at P1 (BackAz21):</b> 211.968°<br>
          <hr>
          <b>Filter Reason(s):</b> Dist factor of:0.8740<br>
          <hr>
          <i>Calculation Method: Ellipsoidal (WGS84)</i>
        ]]>                    
        
                </description>
                <styleUrl>#675</styleUrl>
                <LineString id="673">
                    <coordinates>-77.03656881060775,38.89609664728791,0.0 -77.03611695727467,38.89666242649749,0.0</coordinates>
                </LineString>
            </Placemark>
            <Placemark id="734">
                <name>WHz → H22</name>
                <description>
                    
        
<![CDATA[
          <b>P1:</b> WHz<br>
          <b>P2:</b> H22<br>
          <hr>
          <b>Distance:</b> 2.622 miles<br>
          <hr>
          <u>Path P1 → P2:</u><br>
          <b>Forward Azimuth at P1 (Az12):</b> 328.077°<br>
          <b>Back Azimuth at P2 (BackAz12):</b> 328.061°<br>
          <hr>
          <u>Path P2 → P1:</u><br>
          <b>Forward Azimuth at P2 (Az21):</b> 148.061°<br>
          <b>Back Azimuth at P1 (BackAz21):</b> 148.077°<br>
          <hr>
          <b>Filter Reason(s):</b> Dist multiple:0.8740<br>
          <hr>
          <i>Calculation Method: Ellipsoidal (WGS84)</i>
        ]]>                    
        
                </description>
                <styleUrl>#735</styleUrl>
                <LineString id="733">
                    <coordinates>-77.03431133703796,38.89597663639302,0.0 -77.06004232078331,38.92823446130691,0.0</coordinates>
                </LineString>
            </Placemark>
        </Folder>
        <Folder id="67">
            <Style id="70">
                <LineStyle id="71">
                    <color>FF00FF42</color>
                    <colorMode>normal</colorMode>
                    <width>1.5</width>
                </LineStyle>
            </Style>
            <Style id="124">
                <LineStyle id="125">
                    <color>FF00FF41</color>
                    <colorMode>normal</colorMode>
                    <width>1.5</width>
                </LineStyle>
            </Style>
            <Style id="367">
                <LineStyle id="368">
                    <color>FF00FF41</color>
                    <colorMode>normal</colorMode>
                    <width>1.5</width>
                </LineStyle>
            </Style>
            <Style id="495">
                <LineStyle id="496">
                    <color>FF00FF40</color>
                    <colorMode>normal</colorMode>
                    <width>2.5</width>
                </LineStyle>
            </Style>
            <Style id="595">
                <LineStyle id="596">
                    <color>FF00FF40</color>
                    <colorMode>normal</colorMode>
                    <width>2.5</width>
                </LineStyle>
            </Style>
            <Style id="743">
                <LineStyle id="744">
                    <color>FF00FF40</color>
                    <colorMode>normal</colorMode>
                    <width>2.5</width>
                </LineStyle>
            </Style>
            <name>r3 FIp</name>
            <Placemark id="69">
                <name>CFe → H44</name>
                <description>
                    
        
<![CDATA[
          <b>P1:</b> CFe<br>
          <b>P2:</b> H44<br>
          <hr>
          <b>Distance:</b> 5.605 miles<br>
          <hr>
          <u>Path P1 → P2:</u><br>
          <b>Forward Azimuth at P1 (Az12):</b> 279.813°<br>
          <b>Back Azimuth at P2 (BackAz12):</b> 279.748°<br>
          <hr>
          <u>Path P2 → P1:</u><br>
          <b>Forward Azimuth at P2 (Az21):</b> 99.748°<br>
          <b>Back Azimuth at P1 (BackAz21):</b> 99.813°<br>
          <hr>
          <b>Filter Reason(s):</b> Dist multiple:2.8025<br>
          <hr>
          <i>Calculation Method: Ellipsoidal (WGS84)</i>
        ]]>                    
        
                </description>
                <styleUrl>#70</styleUrl>
                <LineString id="68">
                    <coordinates>-77.01012017665087,38.88981116007428,0.0 -77.11259304457337,38.90361498656535,0.0</coordinates>
                </LineString>
            </Placemark>
            <Placemark id="123">
                <name>Chk06 → Chk23b</name>
                <description>
                    
        
<![CDATA[
          <b>P1:</b> Chk06<br>
          <b>P2:</b> Chk23b<br>
          <hr>
          <b>Distance:</b> 1.401 miles<br>
          <hr>
          <u>Path P1 → P2:</u><br>
          <b>Forward Azimuth at P1 (Az12):</b> 216.153°<br>
          <b>Back Azimuth at P2 (BackAz12):</b> 216.144°<br>
          <hr>
          <u>Path P2 → P1:</u><br>
          <b>Forward Azimuth at P2 (Az21):</b> 36.144°<br>
          <b>Back Azimuth at P1 (BackAz21):</b> 36.153°<br>
          <hr>
          <b>Filter Reason(s):</b> Dist factor of:2.8025<br>
          <hr>
          <i>Calculation Method: Ellipsoidal (WGS84)</i>
        ]]>                    
        
                </description>
                <styleUrl>#124</styleUrl>
                <LineString id="122">
                    <coordinates>-76.95853332476764,38.92609741015503,0.0 -76.97387114815113,38.90969480185885,0.0</coordinates>
                </LineString>
            </Placemark>
            <Placemark id="366">
                <name>H22 → H24</name>
                <description>
                    
        
<![CDATA[
          <b>P1:</b> H22<br>
          <b>P2:</b> H24<br>
          <hr>
          <b>Distance:</b> 0.934 miles<br>
          <hr>
          <u>Path P1 → P2:</u><br>
          <b>Forward Azimuth at P1 (Az12):</b> 216.739°<br>
          <b>Back Azimuth at P2 (BackAz12):</b> 216.732°<br>
          <hr>
          <u>Path P2 → P1:</u><br>
          <b>Forward Azimuth at P2 (Az21):</b> 36.732°<br>
          <b>Back Azimuth at P1 (BackAz21):</b> 36.739°<br>
          <hr>
          <b>Filter Reason(s):</b> Dist factor of:2.8025<br>
          <hr>
          <i>Calculation Method: Ellipsoidal (WGS84)</i>
        ]]>                    
        
                </description>
                <styleUrl>#367</styleUrl>
                <LineString id="365">
                    <coordinates>-77.06004232078331,38.92823446130691,0.0 -77.0704105785321,38.91738246946505,0.0</coordinates>
                </LineString>
            </Placemark>
            <Placemark id="494">
                <name>La → H22</name>
                <description>
                    
        
<![CDATA[
          <b>P1:</b> La<br>
          <b>P2:</b> H22<br>
          <hr>
          <b>Distance:</b> 2.802 miles<br>
          <hr>
          <u>Path P1 → P2:</u><br>
          <b>Forward Azimuth at P1 (Az12):</b> 350.492°<br>
          <b>Back Azimuth at P2 (BackAz12):</b> 350.487°<br>
          <hr>
          <u>Path P2 → P1:</u><br>
          <b>Forward Azimuth at P2 (Az21):</b> 170.487°<br>
          <b>Back Azimuth at P1 (BackAz21):</b> 170.492°<br>
          <hr>
          <b>Filter Reason(s):</b> Dist factor of:2.8025, Dist multiple:2.8025<br>
          <hr>
          <i>Calculation Method: Ellipsoidal (WGS84)</i>
        ]]>                    
        
                </description>
                <styleUrl>#495</styleUrl>
                <LineString id="493">
                    <coordinates>-77.05145152722608,38.88816903625909,0.0 -77.06004232078331,38.92823446130691,0.0</coordinates>
                </LineString>
            </Placemark>
            <Placemark id="594">
                <name>PenC → H56</name>
                <description>
                    
        
<![CDATA[
          <b>P1:</b> PenC<br>
          <b>P2:</b> H56<br>
          <hr>
          <b>Distance:</b> 2.802 miles<br>
          <hr>
          <u>Path P1 → P2:</u><br>
          <b>Forward Azimuth at P1 (Az12):</b> 355.395°<br>
          <b>Back Azimuth at P2 (BackAz12):</b> 355.393°<br>
          <hr>
          <u>Path P2 → P1:</u><br>
          <b>Forward Azimuth at P2 (Az21):</b> 175.393°<br>
          <b>Back Azimuth at P1 (BackAz21):</b> 175.395°<br>
          <hr>
          <b>Filter Reason(s):</b> Dist factor of:2.8025, Dist multiple:2.8025<br>
          <hr>
          <i>Calculation Method: Ellipsoidal (WGS84)</i>
        ]]>                    
        
                </description>
                <styleUrl>#595</styleUrl>
                <LineString id="593">
                    <coordinates>-77.05702684244545,38.87632204707956,0.0 -77.06120140091524,38.91681538320637,0.0</coordinates>
                </LineString>
            </Placemark>
            <Placemark id="742">
                <name>WHz → SF01</name>
                <description>
                    
        
<![CDATA[
          <b>P1:</b> WHz<br>
          <b>P2:</b> SF01<br>
          <hr>
          <b>Distance:</b> 2.802 miles<br>
          <hr>
          <u>Path P1 → P2:</u><br>
          <b>Forward Azimuth at P1 (Az12):</b> 277.463°<br>
          <b>Back Azimuth at P2 (BackAz12):</b> 277.430°<br>
          <hr>
          <u>Path P2 → P1:</u><br>
          <b>Forward Azimuth at P2 (Az21):</b> 97.430°<br>
          <b>Back Azimuth at P1 (BackAz21):</b> 97.463°<br>
          <hr>
          <b>Filter Reason(s):</b> Dist factor of:2.8025, Dist multiple:2.8025<br>
          <hr>
          <i>Calculation Method: Ellipsoidal (WGS84)</i>
        ]]>                    
        
                </description>
                <styleUrl>#743</styleUrl>
                <LineString id="741">
                    <coordinates>-77.03431133703796,38.89597663639302,0.0 -77.08586335465753,38.90124200833564,0.0</coordinates>
                </LineString>
            </Placemark>
        </Folder>
        <Folder id="80">
            <Style id="83">
                <LineStyle id="84">
                    <color>FFFFF004</color>
                    <colorMode>normal</colorMode>
                    <width>2.5</width>
                </LineStyle>
            </Style>
            <Style id="92">
                <LineStyle id="93">
                    <color>FFFFF006</color>
                    <colorMode>normal</colorMode>
                    <width>1.5</width>
                </LineStyle>
            </Style>
            <Style id="116">
                <LineStyle id="117">
                    <color>FFFFF005</color>
                    <colorMode>normal</colorMode>
                    <width>1.5</width>
                </LineStyle>
            </Style>
            <Style id="242">
                <LineStyle id="243">
                    <color>FFFFF005</color>
                    <colorMode>normal</colorMode>
                    <width>1.5</width>
                </LineStyle>
            </Style>
            <Style id="263">
                <LineStyle id="264">
                    <color>FFFFF005</color>
                    <colorMode>normal</colorMode>
                    <width>1.5</width>
                </LineStyle>
            </Style>
            <Style id="339">
                <LineStyle id="340">
                    <color>FFFFF006</color>
                    <colorMode>normal</colorMode>
                    <width>1.5</width>
                </LineStyle>
            </Style>
            <Style id="419">
                <LineStyle id="420">
                    <color>FFFFF005</color>
                    <colorMode>normal</colorMode>
                    <width>1.5</width>
                </LineStyle>
            </Style>
            <Style id="615">
                <LineStyle id="616">
                    <color>FFFFF004</color>
                    <colorMode>normal</colorMode>
                    <width>2.5</width>
                </LineStyle>
            </Style>
            <Style id="707">
                <LineStyle id="708">
                    <color>FFFFF005</color>
                    <colorMode>normal</colorMode>
                    <width>1.5</width>
                </LineStyle>
            </Style>
            <name>r5</name>
            <Placemark id="82">
                <name>Cap → Chk23a</name>
                <description>
                    
        
<![CDATA[
          <b>P1:</b> Cap<br>
          <b>P2:</b> Chk23a<br>
          <hr>
          <b>Distance:</b> 2.236 miles<br>
          <hr>
          <u>Path P1 → P2:</u><br>
          <b>Forward Azimuth at P1 (Az12):</b> 54.458°<br>
          <b>Back Azimuth at P2 (BackAz12):</b> 54.479°<br>
          <hr>
          <u>Path P2 → P1:</u><br>
          <b>Forward Azimuth at P2 (Az21):</b> 234.479°<br>
          <b>Back Azimuth at P1 (BackAz21):</b> 234.458°<br>
          <hr>
          <b>Filter Reason(s):</b> Dist factor of:2.2361, Dist multiple:2.2361<br>
          <hr>
          <i>Calculation Method: Ellipsoidal (WGS84)</i>
        ]]>                    
        
                </description>
                <styleUrl>#83</styleUrl>
                <LineString id="81">
                    <coordinates>-77.009227,38.889801,0.0 -76.97546834269932,38.90863930872903,0.0</coordinates>
                </LineString>
            </Placemark>
            <Placemark id="91">
                <name>CapK → B</name>
                <description>
                    
        
<![CDATA[
          <b>P1:</b> CapK<br>
          <b>P2:</b> B<br>
          <hr>
          <b>Distance:</b> 0.203 miles<br>
          <hr>
          <u>Path P1 → P2:</u><br>
          <b>Forward Azimuth at P1 (Az12):</b> 0.888°<br>
          <b>Back Azimuth at P2 (BackAz12):</b> 0.888°<br>
          <hr>
          <u>Path P2 → P1:</u><br>
          <b>Forward Azimuth at P2 (Az21):</b> 180.888°<br>
          <b>Back Azimuth at P1 (BackAz21):</b> 180.888°<br>
          <hr>
          <b>Filter Reason(s):</b> Dist factor of:2.2361<br>
          <hr>
          <i>Calculation Method: Ellipsoidal (WGS84)</i>
        ]]>                    
        
                </description>
                <styleUrl>#92</styleUrl>
                <LineString id="90">
                    <coordinates>-77.00904745,38.889801,0.0 -77.008989,38.892747285,0.0</coordinates>
                </LineString>
            </Placemark>
            <Placemark id="115">
                <name>Chk04 → SF03</name>
                <description>
                    
        
<![CDATA[
          <b>P1:</b> Chk04<br>
          <b>P2:</b> SF03<br>
          <hr>
          <b>Distance:</b> 11.180 miles<br>
          <hr>
          <u>Path P1 → P2:</u><br>
          <b>Forward Azimuth at P1 (Az12):</b> 175.486°<br>
          <b>Back Azimuth at P2 (BackAz12):</b> 175.497°<br>
          <hr>
          <u>Path P2 → P1:</u><br>
          <b>Forward Azimuth at P2 (Az21):</b> 355.497°<br>
          <b>Back Azimuth at P1 (BackAz21):</b> 355.486°<br>
          <hr>
          <b>Filter Reason(s):</b> Dist multiple:2.2361<br>
          <hr>
          <i>Calculation Method: Ellipsoidal (WGS84)</i>
        ]]>                    
        
                </description>
                <styleUrl>#116</styleUrl>
                <LineString id="114">
                    <coordinates>-76.9884528433251,38.93525554614944,0.0 -76.97215841432278,38.77367519361357,0.0</coordinates>
                </LineString>
            </Placemark>
            <Placemark id="241">
                <name>Chk35 → Chk47</name>
                <description>
                    
        
<![CDATA[
          <b>P1:</b> Chk35<br>
          <b>P2:</b> Chk47<br>
          <hr>
          <b>Distance:</b> 4.472 miles<br>
          <hr>
          <u>Path P1 → P2:</u><br>
          <b>Forward Azimuth at P1 (Az12):</b> 33.514°<br>
          <b>Back Azimuth at P2 (BackAz12):</b> 33.542°<br>
          <hr>
          <u>Path P2 → P1:</u><br>
          <b>Forward Azimuth at P2 (Az21):</b> 213.542°<br>
          <b>Back Azimuth at P1 (BackAz21):</b> 213.514°<br>
          <hr>
          <b>Filter Reason(s):</b> Dist multiple:2.2361<br>
          <hr>
          <i>Calculation Method: Ellipsoidal (WGS84)</i>
        ]]>                    
        
                </description>
                <styleUrl>#242</styleUrl>
                <LineString id="240">
                    <coordinates>-77.05068501975197,38.89407905799511,0.0 -77.00484480332231,38.94812410619182,0.0</coordinates>
                </LineString>
            </Placemark>
            <Placemark id="262">
                <name>Chk40 → OtrB</name>
                <description>
                    
        
<![CDATA[
          <b>P1:</b> Chk40<br>
          <b>P2:</b> OtrB<br>
          <hr>
          <b>Distance:</b> 6.708 miles<br>
          <hr>
          <u>Path P1 → P2:</u><br>
          <b>Forward Azimuth at P1 (Az12):</b> 312.231°<br>
          <b>Back Azimuth at P2 (BackAz12):</b> 312.173°<br>
          <hr>
          <u>Path P2 → P1:</u><br>
          <b>Forward Azimuth at P2 (Az21):</b> 132.173°<br>
          <b>Back Azimuth at P1 (BackAz21):</b> 132.231°<br>
          <hr>
          <b>Filter Reason(s):</b> Dist multiple:2.2361<br>
          <hr>
          <i>Calculation Method: Ellipsoidal (WGS84)</i>
        ]]>                    
        
                </description>
                <styleUrl>#263</styleUrl>
                <LineString id="261">
                    <coordinates>-76.89912135737723,38.89172055971182,0.0 -76.99134485249716,38.95704643888089,0.0</coordinates>
                </LineString>
            </Placemark>
            <Placemark id="338">
                <name>Gs6 → PO</name>
                <description>
                    
        
<![CDATA[
          <b>P1:</b> Gs6<br>
          <b>P2:</b> PO<br>
          <hr>
          <b>Distance:</b> 0.745 miles<br>
          <hr>
          <u>Path P1 → P2:</u><br>
          <b>Forward Azimuth at P1 (Az12):</b> 221.942°<br>
          <b>Back Azimuth at P2 (BackAz12):</b> 221.936°<br>
          <hr>
          <u>Path P2 → P1:</u><br>
          <b>Forward Azimuth at P2 (Az21):</b> 41.936°<br>
          <b>Back Azimuth at P1 (BackAz21):</b> 41.942°<br>
          <hr>
          <b>Filter Reason(s):</b> Dist factor of:2.2361<br>
          <hr>
          <i>Calculation Method: Ellipsoidal (WGS84)</i>
        ]]>                    
        
                </description>
                <styleUrl>#339</styleUrl>
                <LineString id="337">
                    <coordinates>-77.11066858924072,38.94253116241286,0.0 -77.1199159,38.93449309999998,0.0</coordinates>
                </LineString>
            </Placemark>
            <Placemark id="418">
                <name>Hk → Chk31</name>
                <description>
                    
        
<![CDATA[
          <b>P1:</b> Hk<br>
          <b>P2:</b> Chk31<br>
          <hr>
          <b>Distance:</b> 4.472 miles<br>
          <hr>
          <u>Path P1 → P2:</u><br>
          <b>Forward Azimuth at P1 (Az12):</b> 220.088°<br>
          <b>Back Azimuth at P2 (BackAz12):</b> 220.054°<br>
          <hr>
          <u>Path P2 → P1:</u><br>
          <b>Forward Azimuth at P2 (Az21):</b> 40.054°<br>
          <b>Back Azimuth at P1 (BackAz21):</b> 40.088°<br>
          <hr>
          <b>Filter Reason(s):</b> Dist multiple:2.2361<br>
          <hr>
          <i>Calculation Method: Ellipsoidal (WGS84)</i>
        ]]>                    
        
                </description>
                <styleUrl>#419</styleUrl>
                <LineString id="417">
                    <coordinates>-77.051444,38.8951366,0.0 -77.10483209910393,38.84552270708302,0.0</coordinates>
                </LineString>
            </Placemark>
            <Placemark id="614">
                <name>PenF → WH SEcnr</name>
                <description>
                    
        
<![CDATA[
          <b>P1:</b> PenF<br>
          <b>P2:</b> WH SEcnr<br>
          <hr>
          <b>Distance:</b> 2.236 miles<br>
          <hr>
          <u>Path P1 → P2:</u><br>
          <b>Forward Azimuth at P1 (Az12):</b> 27.755°<br>
          <b>Back Azimuth at P2 (BackAz12):</b> 27.768°<br>
          <hr>
          <u>Path P2 → P1:</u><br>
          <b>Forward Azimuth at P2 (Az21):</b> 207.768°<br>
          <b>Back Azimuth at P1 (BackAz21):</b> 207.755°<br>
          <hr>
          <b>Filter Reason(s):</b> Dist factor of:2.2361, Dist multiple:2.2361<br>
          <hr>
          <i>Calculation Method: Ellipsoidal (WGS84)</i>
        ]]>                    
        
                </description>
                <styleUrl>#615</styleUrl>
                <LineString id="613">
                    <coordinates>-77.0555808299749,38.86885510940446,0.0 -77.03626431326734,38.89753757777559,0.0</coordinates>
                </LineString>
            </Placemark>
            <Placemark id="706">
                <name>WHs → Chk01</name>
                <description>
                    
        
<![CDATA[
          <b>P1:</b> WHs<br>
          <b>P2:</b> Chk01<br>
          <hr>
          <b>Distance:</b> 6.708 miles<br>
          <hr>
          <u>Path P1 → P2:</u><br>
          <b>Forward Azimuth at P1 (Az12):</b> 165.080°<br>
          <b>Back Azimuth at P2 (BackAz12):</b> 165.100°<br>
          <hr>
          <u>Path P2 → P1:</u><br>
          <b>Forward Azimuth at P2 (Az21):</b> 345.100°<br>
          <b>Back Azimuth at P1 (BackAz21):</b> 345.080°<br>
          <hr>
          <b>Filter Reason(s):</b> Dist multiple:2.2361<br>
          <hr>
          <i>Calculation Method: Ellipsoidal (WGS84)</i>
        ]]>                    
        
                </description>
                <styleUrl>#707</styleUrl>
                <LineString id="705">
                    <coordinates>-77.036569,38.897561,0.0 -77.0045692366363,38.80358701301893,0.0</coordinates>
                </LineString>
            </Placemark>
        </Folder>
        <Folder id="85">
            <Style id="88">
                <LineStyle id="89">
                    <color>FFFF0099</color>
                    <colorMode>normal</colorMode>
                    <width>1.5</width>
                </LineStyle>
            </Style>
            <Style id="112">
                <LineStyle id="113">
                    <color>FFFF0099</color>
                    <colorMode>normal</colorMode>
                    <width>1.5</width>
                </LineStyle>
            </Style>
            <Style id="128">
                <LineStyle id="129">
                    <color>FFFF0099</color>
                    <colorMode>normal</colorMode>
                    <width>1.5</width>
                </LineStyle>
            </Style>
            <Style id="173">
                <LineStyle id="174">
                    <color>FFFF0099</color>
                    <colorMode>normal</colorMode>
                    <width>1.5</width>
                </LineStyle>
            </Style>
            <Style id="238">
                <LineStyle id="239">
                    <color>FFFF0099</color>
                    <colorMode>normal</colorMode>
                    <width>1.5</width>
                </LineStyle>
            </Style>
            <Style id="254">
                <LineStyle id="255">
                    <color>FFFF0099</color>
                    <colorMode>normal</colorMode>
                    <width>1.5</width>
                </LineStyle>
            </Style>
            <Style id="279">
                <LineStyle id="280">
                    <color>FFFF0099</color>
                    <colorMode>normal</colorMode>
                    <width>1.5</width>
                </LineStyle>
            </Style>
            <Style id="311">
                <LineStyle id="312">
                    <color>FFFF0099</color>
                    <colorMode>normal</colorMode>
                    <width>1.5</width>
                </LineStyle>
            </Style>
            <Style id="331">
                <LineStyle id="332">
                    <color>FFFF0099</color>
                    <colorMode>normal</colorMode>
                    <width>1.5</width>
                </LineStyle>
            </Style>
            <Style id="343">
                <LineStyle id="344">
                    <color>FFFF0099</color>
                    <colorMode>normal</colorMode>
                    <width>2.5</width>
                </LineStyle>
            </Style>
            <Style id="511">
                <LineStyle id="512">
                    <color>FFFF0099</color>
                    <colorMode>normal</colorMode>
                    <width>2.5</width>
                </LineStyle>
            </Style>
            <Style id="623">
                <LineStyle id="624">
                    <color>FFFF0099</color>
                    <colorMode>normal</colorMode>
                    <width>2.5</width>
                </LineStyle>
            </Style>
            <Style id="655">
                <LineStyle id="656">
                    <color>FFFF0099</color>
                    <colorMode>normal</colorMode>
                    <width>1.5</width>
                </LineStyle>
            </Style>
            <Style id="715">
                <LineStyle id="716">
                    <color>FFFF0099</color>
                    <colorMode>normal</colorMode>
                    <width>1.5</width>
                </LineStyle>
            </Style>
            <Style id="719">
                <LineStyle id="720">
                    <color>FFFF0099</color>
                    <colorMode>normal</colorMode>
                    <width>1.5</width>
                </LineStyle>
            </Style>
            <Style id="751">
                <LineStyle id="752">
                    <color>FFFF0099</color>
                    <colorMode>normal</colorMode>
                    <width>1.5</width>
                </LineStyle>
            </Style>
            <Style id="763">
                <LineStyle id="764">
                    <color>FFFF0099</color>
                    <colorMode>normal</colorMode>
                    <width>1.5</width>
                </LineStyle>
            </Style>
            <Style id="779">
                <LineStyle id="780">
                    <color>FFFF0099</color>
                    <colorMode>normal</colorMode>
                    <width>1.5</width>
                </LineStyle>
            </Style>
            <Style id="795">
                <LineStyle id="796">
                    <color>FFFF0099</color>
                    <colorMode>normal</colorMode>
                    <width>1.5</width>
                </LineStyle>
            </Style>
            <name>r2</name>
            <Placemark id="87">
                <name>Cap → Chk59</name>
                <description>
                    
        
<![CDATA[
          <b>P1:</b> Cap<br>
          <b>P2:</b> Chk59<br>
          <hr>
          <b>Distance:</b> 8.485 miles<br>
          <hr>
          <u>Path P1 → P2:</u><br>
          <b>Forward Azimuth at P1 (Az12):</b> 347.839°<br>
          <b>Back Azimuth at P2 (BackAz12):</b> 347.818°<br>
          <hr>
          <u>Path P2 → P1:</u><br>
          <b>Forward Azimuth at P2 (Az21):</b> 167.818°<br>
          <b>Back Azimuth at P1 (BackAz21):</b> 167.839°<br>
          <hr>
          <b>Filter Reason(s):</b> Dist multiple:1.4142<br>
          <hr>
          <i>Calculation Method: Ellipsoidal (WGS84)</i>
        ]]>                    
        
                </description>
                <styleUrl>#88</styleUrl>
                <LineString id="86">
                    <coordinates>-77.009227,38.889801,0.0 -77.04244035387981,39.01004268273348,0.0</coordinates>
                </LineString>
            </Placemark>
            <Placemark id="111">
                <name>Chk02 → H56</name>
                <description>
                    
        
<![CDATA[
          <b>P1:</b> Chk02<br>
          <b>P2:</b> H56<br>
          <hr>
          <b>Distance:</b> 7.071 miles<br>
          <hr>
          <u>Path P1 → P2:</u><br>
          <b>Forward Azimuth at P1 (Az12):</b> 322.135°<br>
          <b>Back Azimuth at P2 (BackAz12):</b> 322.084°<br>
          <hr>
          <u>Path P2 → P1:</u><br>
          <b>Forward Azimuth at P2 (Az21):</b> 142.084°<br>
          <b>Back Azimuth at P1 (BackAz21):</b> 142.135°<br>
          <hr>
          <b>Filter Reason(s):</b> Dist multiple:1.4142<br>
          <hr>
          <i>Calculation Method: Ellipsoidal (WGS84)</i>
        ]]>                    
        
                </description>
                <styleUrl>#112</styleUrl>
                <LineString id="110">
                    <coordinates>-76.98066122302069,38.83591588236636,0.0 -77.06120140091524,38.91681538320637,0.0</coordinates>
                </LineString>
            </Placemark>
            <Placemark id="127">
                <name>Chk06 → Chk54</name>
                <description>
                    
        
<![CDATA[
          <b>P1:</b> Chk06<br>
          <b>P2:</b> Chk54<br>
          <hr>
          <b>Distance:</b> 16.971 miles<br>
          <hr>
          <u>Path P1 → P2:</u><br>
          <b>Forward Azimuth at P1 (Az12):</b> 195.708°<br>
          <b>Back Azimuth at P2 (BackAz12):</b> 195.654°<br>
          <hr>
          <u>Path P2 → P1:</u><br>
          <b>Forward Azimuth at P2 (Az21):</b> 15.654°<br>
          <b>Back Azimuth at P1 (BackAz21):</b> 15.708°<br>
          <hr>
          <b>Filter Reason(s):</b> Dist multiple:1.4142<br>
          <hr>
          <i>Calculation Method: Ellipsoidal (WGS84)</i>
        ]]>                    
        
                </description>
                <styleUrl>#128</styleUrl>
                <LineString id="126">
                    <coordinates>-76.95853332476764,38.92609741015503,0.0 -77.04351796976675,38.68922831692476,0.0</coordinates>
                </LineString>
            </Placemark>
            <Placemark id="172">
                <name>Chk16 → Pk02</name>
                <description>
                    
        
<![CDATA[
          <b>P1:</b> Chk16<br>
          <b>P2:</b> Pk02<br>
          <hr>
          <b>Distance:</b> 46.668 miles<br>
          <hr>
          <u>Path P1 → P2:</u><br>
          <b>Forward Azimuth at P1 (Az12):</b> 316.483°<br>
          <b>Back Azimuth at P2 (BackAz12):</b> 316.103°<br>
          <hr>
          <u>Path P2 → P1:</u><br>
          <b>Forward Azimuth at P2 (Az21):</b> 136.103°<br>
          <b>Back Azimuth at P1 (BackAz21):</b> 136.483°<br>
          <hr>
          <b>Filter Reason(s):</b> Dist multiple:1.4142<br>
          <hr>
          <i>Calculation Method: Ellipsoidal (WGS84)</i>
        ]]>                    
        
                </description>
                <styleUrl>#173</styleUrl>
                <LineString id="171">
                    <coordinates>-77.02680651074166,38.95984790558003,0.0 -77.627618,39.448887,0.0</coordinates>
                </LineString>
            </Placemark>
            <Placemark id="237">
                <name>Chk34 → H56</name>
                <description>
                    
        
<![CDATA[
          <b>P1:</b> Chk34<br>
          <b>P2:</b> H56<br>
          <hr>
          <b>Distance:</b> 2.828 miles<br>
          <hr>
          <u>Path P1 → P2:</u><br>
          <b>Forward Azimuth at P1 (Az12):</b> 243.123°<br>
          <b>Back Azimuth at P2 (BackAz12):</b> 243.094°<br>
          <hr>
          <u>Path P2 → P1:</u><br>
          <b>Forward Azimuth at P2 (Az21):</b> 63.094°<br>
          <b>Back Azimuth at P1 (BackAz21):</b> 63.123°<br>
          <hr>
          <b>Filter Reason(s):</b> Dist multiple:1.4142<br>
          <hr>
          <i>Calculation Method: Ellipsoidal (WGS84)</i>
        ]]>                    
        
                </description>
                <styleUrl>#238</styleUrl>
                <LineString id="236">
                    <coordinates>-77.01438697638629,38.93536052674429,0.0 -77.06120140091524,38.91681538320637,0.0</coordinates>
                </LineString>
            </Placemark>
            <Placemark id="253">
                <name>Chk36 → H29</name>
                <description>
                    
        
<![CDATA[
          <b>P1:</b> Chk36<br>
          <b>P2:</b> H29<br>
          <hr>
          <b>Distance:</b> 7.071 miles<br>
          <hr>
          <u>Path P1 → P2:</u><br>
          <b>Forward Azimuth at P1 (Az12):</b> 270.421°<br>
          <b>Back Azimuth at P2 (BackAz12):</b> 270.339°<br>
          <hr>
          <u>Path P2 → P1:</u><br>
          <b>Forward Azimuth at P2 (Az21):</b> 90.339°<br>
          <b>Back Azimuth at P1 (BackAz21):</b> 90.421°<br>
          <hr>
          <b>Filter Reason(s):</b> Dist multiple:1.4142<br>
          <hr>
          <i>Calculation Method: Ellipsoidal (WGS84)</i>
        ]]>                    
        
                </description>
                <styleUrl>#254</styleUrl>
                <LineString id="252">
                    <coordinates>-76.99354755099984,38.91158883943301,0.0 -77.12474875900264,38.91226863882422,0.0</coordinates>
                </LineString>
            </Placemark>
            <Placemark id="278">
                <name>Chk42 → AN</name>
                <description>
                    
        
<![CDATA[
          <b>P1:</b> Chk42<br>
          <b>P2:</b> AN<br>
          <hr>
          <b>Distance:</b> 7.071 miles<br>
          <hr>
          <u>Path P1 → P2:</u><br>
          <b>Forward Azimuth at P1 (Az12):</b> 96.450°<br>
          <b>Back Azimuth at P2 (BackAz12):</b> 96.532°<br>
          <hr>
          <u>Path P2 → P1:</u><br>
          <b>Forward Azimuth at P2 (Az21):</b> 276.532°<br>
          <b>Back Azimuth at P1 (BackAz21):</b> 276.450°<br>
          <hr>
          <b>Filter Reason(s):</b> Dist multiple:1.4142<br>
          <hr>
          <i>Calculation Method: Ellipsoidal (WGS84)</i>
        ]]>                    
        
                </description>
                <styleUrl>#279</styleUrl>
                <LineString id="277">
                    <coordinates>-77.07230698965536,38.93017051598103,0.0 -76.94192180000002,38.91858289999999,0.0</coordinates>
                </LineString>
            </Placemark>
            <Placemark id="310">
                <name>CptA → Pk02</name>
                <description>
                    
        
<![CDATA[
          <b>P1:</b> CptA<br>
          <b>P2:</b> Pk02<br>
          <hr>
          <b>Distance:</b> 50.911 miles<br>
          <hr>
          <u>Path P1 → P2:</u><br>
          <b>Forward Azimuth at P1 (Az12):</b> 319.328°<br>
          <b>Back Azimuth at P2 (BackAz12):</b> 318.936°<br>
          <hr>
          <u>Path P2 → P1:</u><br>
          <b>Forward Azimuth at P2 (Az21):</b> 138.936°<br>
          <b>Back Azimuth at P1 (BackAz21):</b> 139.328°<br>
          <hr>
          <b>Filter Reason(s):</b> Dist multiple:1.4142<br>
          <hr>
          <i>Calculation Method: Ellipsoidal (WGS84)</i>
        ]]>                    
        
                </description>
                <styleUrl>#311</styleUrl>
                <LineString id="309">
                    <coordinates>-77.0072678806584,38.89077979476803,0.0 -77.627618,39.448887,0.0</coordinates>
                </LineString>
            </Placemark>
            <Placemark id="330">
                <name>Gs3 → H65</name>
                <description>
                    
        
<![CDATA[
          <b>P1:</b> Gs3<br>
          <b>P2:</b> H65<br>
          <hr>
          <b>Distance:</b> 0.707 miles<br>
          <hr>
          <u>Path P1 → P2:</u><br>
          <b>Forward Azimuth at P1 (Az12):</b> 126.068°<br>
          <b>Back Azimuth at P2 (BackAz12):</b> 126.074°<br>
          <hr>
          <u>Path P2 → P1:</u><br>
          <b>Forward Azimuth at P2 (Az21):</b> 306.074°<br>
          <b>Back Azimuth at P1 (BackAz21):</b> 306.068°<br>
          <hr>
          <b>Filter Reason(s):</b> Dist factor of:1.4142<br>
          <hr>
          <i>Calculation Method: Ellipsoidal (WGS84)</i>
        ]]>                    
        
                </description>
                <styleUrl>#331</styleUrl>
                <LineString id="329">
                    <coordinates>-77.0180027100891,38.92487183560202,0.0 -77.00739402065348,38.91883509061264,0.0</coordinates>
                </LineString>
            </Placemark>
            <Placemark id="342">
                <name>Gs7 → Chk37</name>
                <description>
                    
        
<![CDATA[
          <b>P1:</b> Gs7<br>
          <b>P2:</b> Chk37<br>
          <hr>
          <b>Distance:</b> 1.415 miles<br>
          <hr>
          <u>Path P1 → P2:</u><br>
          <b>Forward Azimuth at P1 (Az12):</b> 338.454°<br>
          <b>Back Azimuth at P2 (BackAz12):</b> 338.448°<br>
          <hr>
          <u>Path P2 → P1:</u><br>
          <b>Forward Azimuth at P2 (Az21):</b> 158.448°<br>
          <b>Back Azimuth at P1 (BackAz21):</b> 158.454°<br>
          <hr>
          <b>Filter Reason(s):</b> Dist factor of:1.4142, Dist multiple:1.4142<br>
          <hr>
          <i>Calculation Method: Ellipsoidal (WGS84)</i>
        ]]>                    
        
                </description>
                <styleUrl>#343</styleUrl>
                <LineString id="341">
                    <coordinates>-77.11677799130699,38.91601482291505,0.0 -77.12641979728585,38.93508740486395,0.0</coordinates>
                </LineString>
            </Placemark>
            <Placemark id="510">
                <name>M → CapK</name>
                <description>
                    
        
<![CDATA[
          <b>P1:</b> M<br>
          <b>P2:</b> CapK<br>
          <hr>
          <b>Distance:</b> 1.414 miles<br>
          <hr>
          <u>Path P1 → P2:</u><br>
          <b>Forward Azimuth at P1 (Az12):</b> 89.106°<br>
          <b>Back Azimuth at P2 (BackAz12):</b> 89.122°<br>
          <hr>
          <u>Path P2 → P1:</u><br>
          <b>Forward Azimuth at P2 (Az21):</b> 269.122°<br>
          <b>Back Azimuth at P1 (BackAz21):</b> 269.106°<br>
          <hr>
          <b>Filter Reason(s):</b> Dist factor of:1.4142, Dist multiple:1.4142<br>
          <hr>
          <i>Calculation Method: Ellipsoidal (WGS84)</i>
        ]]>                    
        
                </description>
                <styleUrl>#511</styleUrl>
                <LineString id="509">
                    <coordinates>-77.035278,38.889484,0.0 -77.00904745,38.889801,0.0</coordinates>
                </LineString>
            </Placemark>
            <Placemark id="622">
                <name>RCrkA → H24</name>
                <description>
                    
        
<![CDATA[
          <b>P1:</b> RCrkA<br>
          <b>P2:</b> H24<br>
          <hr>
          <b>Distance:</b> 1.414 miles<br>
          <hr>
          <u>Path P1 → P2:</u><br>
          <b>Forward Azimuth at P1 (Az12):</b> 330.666°<br>
          <b>Back Azimuth at P2 (BackAz12):</b> 330.658°<br>
          <hr>
          <u>Path P2 → P1:</u><br>
          <b>Forward Azimuth at P2 (Az21):</b> 150.658°<br>
          <b>Back Azimuth at P1 (BackAz21):</b> 150.666°<br>
          <hr>
          <b>Filter Reason(s):</b> Dist factor of:1.4142, Dist multiple:1.4142<br>
          <hr>
          <i>Calculation Method: Ellipsoidal (WGS84)</i>
        ]]>                    
        
                </description>
                <styleUrl>#623</styleUrl>
                <LineString id="621">
                    <coordinates>-77.05755337263248,38.89950909563222,0.0 -77.0704105785321,38.91738246946505,0.0</coordinates>
                </LineString>
            </Placemark>
            <Placemark id="654">
                <name>WHa → Chk63</name>
                <description>
                    
        
<![CDATA[
          <b>P1:</b> WHa<br>
          <b>P2:</b> Chk63<br>
          <hr>
          <b>Distance:</b> 0.118 miles<br>
          <hr>
          <u>Path P1 → P2:</u><br>
          <b>Forward Azimuth at P1 (Az12):</b> 0.000°<br>
          <b>Back Azimuth at P2 (BackAz12):</b> 0.000°<br>
          <hr>
          <u>Path P2 → P1:</u><br>
          <b>Forward Azimuth at P2 (Az21):</b> 180.000°<br>
          <b>Back Azimuth at P1 (BackAz21):</b> 180.000°<br>
          <hr>
          <b>Filter Reason(s):</b> Dist factor of:1.4142<br>
          <hr>
          <i>Calculation Method: Ellipsoidal (WGS84)</i>
        ]]>                    
        
                </description>
                <styleUrl>#655</styleUrl>
                <LineString id="653">
                    <coordinates>-77.036569,38.89828563763562,0.0 -77.036569,38.89999431930673,0.0</coordinates>
                </LineString>
            </Placemark>
            <Placemark id="714">
                <name>WHs → H20</name>
                <description>
                    
        
<![CDATA[
          <b>P1:</b> WHs<br>
          <b>P2:</b> H20<br>
          <hr>
          <b>Distance:</b> 2.828 miles<br>
          <hr>
          <u>Path P1 → P2:</u><br>
          <b>Forward Azimuth at P1 (Az12):</b> 308.520°<br>
          <b>Back Azimuth at P2 (BackAz12):</b> 308.494°<br>
          <hr>
          <u>Path P2 → P1:</u><br>
          <b>Forward Azimuth at P2 (Az21):</b> 128.494°<br>
          <b>Back Azimuth at P1 (BackAz21):</b> 128.520°<br>
          <hr>
          <b>Filter Reason(s):</b> Dist multiple:1.4142<br>
          <hr>
          <i>Calculation Method: Ellipsoidal (WGS84)</i>
        ]]>                    
        
                </description>
                <styleUrl>#715</styleUrl>
                <LineString id="713">
                    <coordinates>-77.036569,38.897561,0.0 -77.07763287849671,38.9230873705844,0.0</coordinates>
                </LineString>
            </Placemark>
            <Placemark id="718">
                <name>WHs → WHb</name>
                <description>
                    
        
<![CDATA[
          <b>P1:</b> WHs<br>
          <b>P2:</b> WHb<br>
          <hr>
          <b>Distance:</b> 0.101 miles<br>
          <hr>
          <u>Path P1 → P2:</u><br>
          <b>Forward Azimuth at P1 (Az12):</b> 179.994°<br>
          <b>Back Azimuth at P2 (BackAz12):</b> 179.994°<br>
          <hr>
          <u>Path P2 → P1:</u><br>
          <b>Forward Azimuth at P2 (Az21):</b> 359.994°<br>
          <b>Back Azimuth at P1 (BackAz21):</b> 359.994°<br>
          <hr>
          <b>Filter Reason(s):</b> Dist factor of:1.4142<br>
          <hr>
          <i>Calculation Method: Ellipsoidal (WGS84)</i>
        ]]>                    
        
                </description>
                <styleUrl>#719</styleUrl>
                <LineString id="717">
                    <coordinates>-77.036569,38.897561,0.0 -77.03656881060775,38.89609664728791,0.0</coordinates>
                </LineString>
            </Placemark>
            <Placemark id="750">
                <name>elEc → Eb</name>
                <description>
                    
        
<![CDATA[
          <b>P1:</b> elEc<br>
          <b>P2:</b> Eb<br>
          <hr>
          <b>Distance:</b> 7.071 miles<br>
          <hr>
          <u>Path P1 → P2:</u><br>
          <b>Forward Azimuth at P1 (Az12):</b> 89.918°<br>
          <b>Back Azimuth at P2 (BackAz12):</b> 90.000°<br>
          <hr>
          <u>Path P2 → P1:</u><br>
          <b>Forward Azimuth at P2 (Az21):</b> 270.000°<br>
          <b>Back Azimuth at P1 (BackAz21):</b> 269.918°<br>
          <hr>
          <b>Filter Reason(s):</b> Dist multiple:1.4142<br>
          <hr>
          <i>Calculation Method: Ellipsoidal (WGS84)</i>
        ]]>                    
        
                </description>
                <styleUrl>#751</styleUrl>
                <LineString id="749">
                    <coordinates>-77.04033404260801,38.89278681802996,0.0 -76.90916553,38.89286049999997,0.0</coordinates>
                </LineString>
            </Placemark>
            <Placemark id="762">
                <name>elNc → Nb</name>
                <description>
                    
        
<![CDATA[
          <b>P1:</b> elNc<br>
          <b>P2:</b> Nb<br>
          <hr>
          <b>Distance:</b> 7.071 miles<br>
          <hr>
          <u>Path P1 → P2:</u><br>
          <b>Forward Azimuth at P1 (Az12):</b> 0.000°<br>
          <b>Back Azimuth at P2 (BackAz12):</b> 0.000°<br>
          <hr>
          <u>Path P2 → P1:</u><br>
          <b>Forward Azimuth at P2 (Az21):</b> 180.000°<br>
          <b>Back Azimuth at P1 (BackAz21):</b> 180.000°<br>
          <hr>
          <b>Filter Reason(s):</b> Dist multiple:1.4142<br>
          <hr>
          <i>Calculation Method: Ellipsoidal (WGS84)</i>
        ]]>                    
        
                </description>
                <styleUrl>#763</styleUrl>
                <LineString id="761">
                    <coordinates>-77.04098558,38.89344928705847,0.0 -77.04098558,38.99595650999999,0.0</coordinates>
                </LineString>
            </Placemark>
            <Placemark id="778">
                <name>elSc → Sb</name>
                <description>
                    
        
<![CDATA[
          <b>P1:</b> elSc<br>
          <b>P2:</b> Sb<br>
          <hr>
          <b>Distance:</b> 7.071 miles<br>
          <hr>
          <u>Path P1 → P2:</u><br>
          <b>Forward Azimuth at P1 (Az12):</b> 180.000°<br>
          <b>Back Azimuth at P2 (BackAz12):</b> 180.000°<br>
          <hr>
          <u>Path P2 → P1:</u><br>
          <b>Forward Azimuth at P2 (Az21):</b> 0.000°<br>
          <b>Back Azimuth at P1 (BackAz21):</b> 0.000°<br>
          <hr>
          <b>Filter Reason(s):</b> Dist multiple:1.4142<br>
          <hr>
          <i>Calculation Method: Ellipsoidal (WGS84)</i>
        ]]>                    
        
                </description>
                <styleUrl>#779</styleUrl>
                <LineString id="777">
                    <coordinates>-77.04058603,38.89284818820199,0.0 -77.04058603,38.79033915000001,0.0</coordinates>
                </LineString>
            </Placemark>
            <Placemark id="794">
                <name>elWc → Wb</name>
                <description>
                    
        
<![CDATA[
          <b>P1:</b> elWc<br>
          <b>P2:</b> Wb<br>
          <hr>
          <b>Distance:</b> 7.071 miles<br>
          <hr>
          <u>Path P1 → P2:</u><br>
          <b>Forward Azimuth at P1 (Az12):</b> 270.082°<br>
          <b>Back Azimuth at P2 (BackAz12):</b> 270.000°<br>
          <hr>
          <u>Path P2 → P1:</u><br>
          <b>Forward Azimuth at P2 (Az21):</b> 90.000°<br>
          <b>Back Azimuth at P1 (BackAz21):</b> 90.082°<br>
          <hr>
          <b>Filter Reason(s):</b> Dist multiple:1.4142<br>
          <hr>
          <i>Calculation Method: Ellipsoidal (WGS84)</i>
        ]]>                    
        
                </description>
                <styleUrl>#795</styleUrl>
                <LineString id="793">
                    <coordinates>-77.04113191993082,38.89317145702438,0.0 -77.17230114000002,38.89324512999998,0.0</coordinates>
                </LineString>
            </Placemark>
        </Folder>
        <Folder id="130">
            <Style id="133">
                <LineStyle id="134">
                    <color>FFFF10C1</color>
                    <colorMode>normal</colorMode>
                    <width>1.5</width>
                </LineStyle>
            </Style>
            <Style id="177">
                <LineStyle id="178">
                    <color>FFFF10C1</color>
                    <colorMode>normal</colorMode>
                    <width>1.5</width>
                </LineStyle>
            </Style>
            <Style id="218">
                <LineStyle id="219">
                    <color>FFFF10C1</color>
                    <colorMode>normal</colorMode>
                    <width>1.5</width>
                </LineStyle>
            </Style>
            <Style id="234">
                <LineStyle id="235">
                    <color>FFFF10C1</color>
                    <colorMode>normal</colorMode>
                    <width>1.5</width>
                </LineStyle>
            </Style>
            <Style id="250">
                <LineStyle id="251">
                    <color>FFFF10C1</color>
                    <colorMode>normal</colorMode>
                    <width>1.5</width>
                </LineStyle>
            </Style>
            <Style id="267">
                <LineStyle id="268">
                    <color>FFFF10C1</color>
                    <colorMode>normal</colorMode>
                    <width>1.5</width>
                </LineStyle>
            </Style>
            <Style id="271">
                <LineStyle id="272">
                    <color>FFFF10C1</color>
                    <colorMode>normal</colorMode>
                    <width>1.5</width>
                </LineStyle>
            </Style>
            <Style id="355">
                <LineStyle id="356">
                    <color>FFFF10C1</color>
                    <colorMode>normal</colorMode>
                    <width>1.5</width>
                </LineStyle>
            </Style>
            <Style id="375">
                <LineStyle id="376">
                    <color>FFFF10C1</color>
                    <colorMode>normal</colorMode>
                    <width>1.5</width>
                </LineStyle>
            </Style>
            <Style id="447">
                <LineStyle id="448">
                    <color>FFFF10C2</color>
                    <colorMode>normal</colorMode>
                    <width>2.5</width>
                </LineStyle>
            </Style>
            <Style id="463">
                <LineStyle id="464">
                    <color>FFFF10C0</color>
                    <colorMode>normal</colorMode>
                    <width>1.5</width>
                </LineStyle>
            </Style>
            <Style id="507">
                <LineStyle id="508">
                    <color>FFFF10C1</color>
                    <colorMode>normal</colorMode>
                    <width>1.5</width>
                </LineStyle>
            </Style>
            <Style id="727">
                <LineStyle id="728">
                    <color>FFFF10C1</color>
                    <colorMode>normal</colorMode>
                    <width>1.5</width>
                </LineStyle>
            </Style>
            <name>36 - 54 - 90</name>
            <Placemark id="132">
                <name>Chk08 → Chk19</name>
                <description>
                    
        
<![CDATA[
          <b>P1:</b> Chk08<br>
          <b>P2:</b> Chk19<br>
          <hr>
          <b>Distance:</b> 9.200 miles<br>
          <hr>
          <u>Path P1 → P2:</u><br>
          <b>Forward Azimuth at P1 (Az12):</b> 10.688°<br>
          <b>Back Azimuth at P2 (BackAz12):</b> 10.708°<br>
          <hr>
          <u>Path P2 → P1:</u><br>
          <b>Forward Azimuth at P2 (Az21):</b> 190.708°<br>
          <b>Back Azimuth at P1 (BackAz21):</b> 190.688°<br>
          <hr>
          <b>Filter Reason(s):</b> Dist multiple:1.3143<br>
          <hr>
          <i>Calculation Method: Ellipsoidal (WGS84)</i>
        ]]>                    
        
                </description>
                <styleUrl>#133</styleUrl>
                <LineString id="131">
                    <coordinates>-77.07846439947777,38.8580454440363,0.0 -77.04677082443145,38.98909790584569,0.0</coordinates>
                </LineString>
            </Placemark>
            <Placemark id="176">
                <name>Chk17 → OtrA</name>
                <description>
                    
        
<![CDATA[
          <b>P1:</b> Chk17<br>
          <b>P2:</b> OtrA<br>
          <hr>
          <b>Distance:</b> 3.943 miles<br>
          <hr>
          <u>Path P1 → P2:</u><br>
          <b>Forward Azimuth at P1 (Az12):</b> 126.662°<br>
          <b>Back Azimuth at P2 (BackAz12):</b> 126.699°<br>
          <hr>
          <u>Path P2 → P1:</u><br>
          <b>Forward Azimuth at P2 (Az21):</b> 306.699°<br>
          <b>Back Azimuth at P1 (BackAz21):</b> 306.662°<br>
          <hr>
          <b>Filter Reason(s):</b> Dist multiple:1.3143<br>
          <hr>
          <i>Calculation Method: Ellipsoidal (WGS84)</i>
        ]]>                    
        
                </description>
                <styleUrl>#177</styleUrl>
                <LineString id="175">
                    <coordinates>-77.01059198844285,38.96039316959799,0.0 -76.95188801292042,38.92624596949343,0.0</coordinates>
                </LineString>
            </Placemark>
            <Placemark id="217">
                <name>Chk25 → H70a</name>
                <description>
                    
        
<![CDATA[
          <b>P1:</b> Chk25<br>
          <b>P2:</b> H70a<br>
          <hr>
          <b>Distance:</b> 3.943 miles<br>
          <hr>
          <u>Path P1 → P2:</u><br>
          <b>Forward Azimuth at P1 (Az12):</b> 205.876°<br>
          <b>Back Azimuth at P2 (BackAz12):</b> 205.856°<br>
          <hr>
          <u>Path P2 → P1:</u><br>
          <b>Forward Azimuth at P2 (Az21):</b> 25.856°<br>
          <b>Back Azimuth at P1 (BackAz21):</b> 25.876°<br>
          <hr>
          <b>Filter Reason(s):</b> Dist multiple:1.3143<br>
          <hr>
          <i>Calculation Method: Ellipsoidal (WGS84)</i>
        ]]>                    
        
                </description>
                <styleUrl>#218</styleUrl>
                <LineString id="216">
                    <coordinates>-77.03584297932892,38.9229071947,0.0 -77.06775220195667,38.87147694689254,0.0</coordinates>
                </LineString>
            </Placemark>
            <Placemark id="233">
                <name>Chk32 → H47</name>
                <description>
                    
        
<![CDATA[
          <b>P1:</b> Chk32<br>
          <b>P2:</b> H47<br>
          <hr>
          <b>Distance:</b> 2.628 miles<br>
          <hr>
          <u>Path P1 → P2:</u><br>
          <b>Forward Azimuth at P1 (Az12):</b> 122.307°<br>
          <b>Back Azimuth at P2 (BackAz12):</b> 122.333°<br>
          <hr>
          <u>Path P2 → P1:</u><br>
          <b>Forward Azimuth at P2 (Az21):</b> 302.333°<br>
          <b>Back Azimuth at P1 (BackAz21):</b> 302.307°<br>
          <hr>
          <b>Filter Reason(s):</b> Dist multiple:1.3143<br>
          <hr>
          <i>Calculation Method: Ellipsoidal (WGS84)</i>
        ]]>                    
        
                </description>
                <styleUrl>#234</styleUrl>
                <LineString id="232">
                    <coordinates>-77.05142116747349,38.95878698101598,0.0 -77.01018660152103,38.93841562644008,0.0</coordinates>
                </LineString>
            </Placemark>
            <Placemark id="249">
                <name>Chk35 → H88</name>
                <description>
                    
        
<![CDATA[
          <b>P1:</b> Chk35<br>
          <b>P2:</b> H88<br>
          <hr>
          <b>Distance:</b> 3.943 miles<br>
          <hr>
          <u>Path P1 → P2:</u><br>
          <b>Forward Azimuth at P1 (Az12):</b> 141.239°<br>
          <b>Back Azimuth at P2 (BackAz12):</b> 141.267°<br>
          <hr>
          <u>Path P2 → P1:</u><br>
          <b>Forward Azimuth at P2 (Az21):</b> 321.267°<br>
          <b>Back Azimuth at P1 (BackAz21):</b> 321.239°<br>
          <hr>
          <b>Filter Reason(s):</b> Dist multiple:1.3143<br>
          <hr>
          <i>Calculation Method: Ellipsoidal (WGS84)</i>
        ]]>                    
        
                </description>
                <styleUrl>#250</styleUrl>
                <LineString id="248">
                    <coordinates>-77.05068501975197,38.89407905799511,0.0 -77.00492179089107,38.84950002068123,0.0</coordinates>
                </LineString>
            </Placemark>
            <Placemark id="266">
                <name>Chk41 → H17</name>
                <description>
                    
        
<![CDATA[
          <b>P1:</b> Chk41<br>
          <b>P2:</b> H17<br>
          <hr>
          <b>Distance:</b> 6.572 miles<br>
          <hr>
          <u>Path P1 → P2:</u><br>
          <b>Forward Azimuth at P1 (Az12):</b> 250.782°<br>
          <b>Back Azimuth at P2 (BackAz12):</b> 250.709°<br>
          <hr>
          <u>Path P2 → P1:</u><br>
          <b>Forward Azimuth at P2 (Az21):</b> 70.709°<br>
          <b>Back Azimuth at P1 (BackAz21):</b> 70.782°<br>
          <hr>
          <b>Filter Reason(s):</b> Dist multiple:1.3143<br>
          <hr>
          <i>Calculation Method: Ellipsoidal (WGS84)</i>
        ]]>                    
        
                </description>
                <styleUrl>#267</styleUrl>
                <LineString id="265">
                    <coordinates>-76.9575387987198,38.91261730408393,0.0 -77.07263105649967,38.88120136333437,0.0</coordinates>
                </LineString>
            </Placemark>
            <Placemark id="270">
                <name>Chk41 → H43</name>
                <description>
                    
        
<![CDATA[
          <b>P1:</b> Chk41<br>
          <b>P2:</b> H43<br>
          <hr>
          <b>Distance:</b> 10.514 miles<br>
          <hr>
          <u>Path P1 → P2:</u><br>
          <b>Forward Azimuth at P1 (Az12):</b> 255.584°<br>
          <b>Back Azimuth at P2 (BackAz12):</b> 255.465°<br>
          <hr>
          <u>Path P2 → P1:</u><br>
          <b>Forward Azimuth at P2 (Az21):</b> 75.465°<br>
          <b>Back Azimuth at P1 (BackAz21):</b> 75.584°<br>
          <hr>
          <b>Filter Reason(s):</b> Dist multiple:1.3143<br>
          <hr>
          <i>Calculation Method: Ellipsoidal (WGS84)</i>
        ]]>                    
        
                </description>
                <styleUrl>#271</styleUrl>
                <LineString id="269">
                    <coordinates>-76.9575387987198,38.91261730408393,0.0 -77.146392815978,38.87451597139456,0.0</coordinates>
                </LineString>
            </Placemark>
            <Placemark id="354">
                <name>Gs8 → Chk60</name>
                <description>
                    
        
<![CDATA[
          <b>P1:</b> Gs8<br>
          <b>P2:</b> Chk60<br>
          <hr>
          <b>Distance:</b> 7.886 miles<br>
          <hr>
          <u>Path P1 → P2:</u><br>
          <b>Forward Azimuth at P1 (Az12):</b> 1.887°<br>
          <b>Back Azimuth at P2 (BackAz12):</b> 1.890°<br>
          <hr>
          <u>Path P2 → P1:</u><br>
          <b>Forward Azimuth at P2 (Az21):</b> 181.890°<br>
          <b>Back Azimuth at P1 (BackAz21):</b> 181.887°<br>
          <hr>
          <b>Filter Reason(s):</b> Dist multiple:1.3143<br>
          <hr>
          <i>Calculation Method: Ellipsoidal (WGS84)</i>
        ]]>                    
        
                </description>
                <styleUrl>#355</styleUrl>
                <LineString id="353">
                    <coordinates>-77.04288644534626,38.89107936946611,0.0 -77.03806204873727,39.00533947251964,0.0</coordinates>
                </LineString>
            </Placemark>
            <Placemark id="374">
                <name>H35 → H47</name>
                <description>
                    
        
<![CDATA[
          <b>P1:</b> H35<br>
          <b>P2:</b> H47<br>
          <hr>
          <b>Distance:</b> 3.943 miles<br>
          <hr>
          <u>Path P1 → P2:</u><br>
          <b>Forward Azimuth at P1 (Az12):</b> 71.883°<br>
          <b>Back Azimuth at P2 (BackAz12):</b> 71.927°<br>
          <hr>
          <u>Path P2 → P1:</u><br>
          <b>Forward Azimuth at P2 (Az21):</b> 251.927°<br>
          <b>Back Azimuth at P1 (BackAz21):</b> 251.883°<br>
          <hr>
          <b>Filter Reason(s):</b> Dist multiple:1.3143<br>
          <hr>
          <i>Calculation Method: Ellipsoidal (WGS84)</i>
        ]]>                    
        
                </description>
                <styleUrl>#375</styleUrl>
                <LineString id="373">
                    <coordinates>-77.07975099520537,38.92066077312896,0.0 -77.01018660152103,38.93841562644008,0.0</coordinates>
                </LineString>
            </Placemark>
            <Placemark id="446">
                <name>J → RCrkA</name>
                <description>
                    
        
<![CDATA[
          <b>P1:</b> J<br>
          <b>P2:</b> RCrkA<br>
          <hr>
          <b>Distance:</b> 1.315 miles<br>
          <hr>
          <u>Path P1 → P2:</u><br>
          <b>Forward Azimuth at P1 (Az12):</b> 300.632°<br>
          <b>Back Azimuth at P2 (BackAz12):</b> 300.619°<br>
          <hr>
          <u>Path P2 → P1:</u><br>
          <b>Forward Azimuth at P2 (Az21):</b> 120.619°<br>
          <b>Back Azimuth at P1 (BackAz21):</b> 120.632°<br>
          <hr>
          <b>Filter Reason(s):</b> Dist factor of:1.3143, Dist multiple:1.3143<br>
          <hr>
          <i>Calculation Method: Ellipsoidal (WGS84)</i>
        ]]>                    
        
                </description>
                <styleUrl>#447</styleUrl>
                <LineString id="445">
                    <coordinates>-77.03656908080315,38.889801,0.0 -77.05755337263248,38.89950909563222,0.0</coordinates>
                </LineString>
            </Placemark>
            <Placemark id="462">
                <name>K → Hk</name>
                <description>
                    
        
<![CDATA[
          <b>P1:</b> K<br>
          <b>P2:</b> Hk<br>
          <hr>
          <b>Distance:</b> 0.164 miles<br>
          <hr>
          <u>Path P1 → P2:</u><br>
          <b>Forward Azimuth at P1 (Az12):</b> 359.831°<br>
          <b>Back Azimuth at P2 (BackAz12):</b> 359.831°<br>
          <hr>
          <u>Path P2 → P1:</u><br>
          <b>Forward Azimuth at P2 (Az21):</b> 179.831°<br>
          <b>Back Azimuth at P1 (BackAz21):</b> 179.831°<br>
          <hr>
          <b>Filter Reason(s):</b> Dist factor of:1.3143<br>
          <hr>
          <i>Calculation Method: Ellipsoidal (WGS84)</i>
        ]]>                    
        
                </description>
                <styleUrl>#463</styleUrl>
                <LineString id="461">
                    <coordinates>-77.051435,38.892755,0.0 -77.051444,38.8951366,0.0</coordinates>
                </LineString>
            </Placemark>
            <Placemark id="506">
                <name>Lz → H35</name>
                <description>
                    
        
<![CDATA[
          <b>P1:</b> Lz<br>
          <b>P2:</b> H35<br>
          <hr>
          <b>Distance:</b> 2.628 miles<br>
          <hr>
          <u>Path P1 → P2:</u><br>
          <b>Forward Azimuth at P1 (Az12):</b> 325.621°<br>
          <b>Back Azimuth at P2 (BackAz12):</b> 325.604°<br>
          <hr>
          <u>Path P2 → P1:</u><br>
          <b>Forward Azimuth at P2 (Az21):</b> 145.604°<br>
          <b>Back Azimuth at P1 (BackAz21):</b> 145.621°<br>
          <hr>
          <b>Filter Reason(s):</b> Dist multiple:1.3143<br>
          <hr>
          <i>Calculation Method: Ellipsoidal (WGS84)</i>
        ]]>                    
        
                </description>
                <styleUrl>#507</styleUrl>
                <LineString id="505">
                    <coordinates>-77.05220920463091,38.88921687259635,0.0 -77.07975099520537,38.92066077312896,0.0</coordinates>
                </LineString>
            </Placemark>
            <Placemark id="726">
                <name>WHz → Chk01</name>
                <description>
                    
        
<![CDATA[
          <b>P1:</b> WHz<br>
          <b>P2:</b> Chk01<br>
          <hr>
          <b>Distance:</b> 6.572 miles<br>
          <hr>
          <u>Path P1 → P2:</u><br>
          <b>Forward Azimuth at P1 (Az12):</b> 165.861°<br>
          <b>Back Azimuth at P2 (BackAz12):</b> 165.880°<br>
          <hr>
          <u>Path P2 → P1:</u><br>
          <b>Forward Azimuth at P2 (Az21):</b> 345.880°<br>
          <b>Back Azimuth at P1 (BackAz21):</b> 345.861°<br>
          <hr>
          <b>Filter Reason(s):</b> Dist multiple:1.3143<br>
          <hr>
          <i>Calculation Method: Ellipsoidal (WGS84)</i>
        ]]>                    
        
                </description>
                <styleUrl>#727</styleUrl>
                <LineString id="725">
                    <coordinates>-77.03431133703796,38.89597663639302,0.0 -77.0045692366363,38.80358701301893,0.0</coordinates>
                </LineString>
            </Placemark>
        </Folder>
        <Folder id="207">
            <Style id="210">
                <LineStyle id="211">
                    <color>FFFF0068</color>
                    <colorMode>normal</colorMode>
                    <width>1.5</width>
                </LineStyle>
            </Style>
            <Style id="291">
                <LineStyle id="292">
                    <color>FFFF0068</color>
                    <colorMode>normal</colorMode>
                    <width>1.5</width>
                </LineStyle>
            </Style>
            <Style id="435">
                <LineStyle id="436">
                    <color>FFFF0066</color>
                    <colorMode>normal</colorMode>
                    <width>2.5</width>
                </LineStyle>
            </Style>
            <Style id="459">
                <LineStyle id="460">
                    <color>FFFF0066</color>
                    <colorMode>normal</colorMode>
                    <width>2.5</width>
                </LineStyle>
            </Style>
            <Style id="487">
                <LineStyle id="488">
                    <color>FFFF0068</color>
                    <colorMode>normal</colorMode>
                    <width>1.5</width>
                </LineStyle>
            </Style>
            <Style id="491">
                <LineStyle id="492">
                    <color>FFFF0067</color>
                    <colorMode>normal</colorMode>
                    <width>1.5</width>
                </LineStyle>
            </Style>
            <Style id="563">
                <LineStyle id="564">
                    <color>FFFF0068</color>
                    <colorMode>normal</colorMode>
                    <width>1.5</width>
                </LineStyle>
            </Style>
            <Style id="775">
                <LineStyle id="776">
                    <color>FFFF0067</color>
                    <colorMode>normal</colorMode>
                    <width>1.5</width>
                </LineStyle>
            </Style>
            <Style id="791">
                <LineStyle id="792">
                    <color>FFFF0067</color>
                    <colorMode>normal</colorMode>
                    <width>1.5</width>
                </LineStyle>
            </Style>
            <name>r2 FIp</name>
            <Placemark id="209">
                <name>Chk25 → Chk30</name>
                <description>
                    
        
<![CDATA[
          <b>P1:</b> Chk25<br>
          <b>P2:</b> Chk30<br>
          <hr>
          <b>Distance:</b> 6.865 miles<br>
          <hr>
          <u>Path P1 → P2:</u><br>
          <b>Forward Azimuth at P1 (Az12):</b> 238.461°<br>
          <b>Back Azimuth at P2 (BackAz12):</b> 238.393°<br>
          <hr>
          <u>Path P2 → P1:</u><br>
          <b>Forward Azimuth at P2 (Az21):</b> 58.393°<br>
          <b>Back Azimuth at P1 (BackAz21):</b> 58.461°<br>
          <hr>
          <b>Filter Reason(s):</b> Dist multiple:2.2883<br>
          <hr>
          <i>Calculation Method: Ellipsoidal (WGS84)</i>
        ]]>                    
        
                </description>
                <styleUrl>#210</styleUrl>
                <LineString id="208">
                    <coordinates>-77.03584297932892,38.9229071947,0.0 -77.14434316078132,38.87080074981925,0.0</coordinates>
                </LineString>
            </Placemark>
            <Placemark id="290">
                <name>Chk47 → H19</name>
                <description>
                    
        
<![CDATA[
          <b>P1:</b> Chk47<br>
          <b>P2:</b> H19<br>
          <hr>
          <b>Distance:</b> 4.577 miles<br>
          <hr>
          <u>Path P1 → P2:</u><br>
          <b>Forward Azimuth at P1 (Az12):</b> 240.674°<br>
          <b>Back Azimuth at P2 (BackAz12):</b> 240.627°<br>
          <hr>
          <u>Path P2 → P1:</u><br>
          <b>Forward Azimuth at P2 (Az21):</b> 60.627°<br>
          <b>Back Azimuth at P1 (BackAz21):</b> 60.674°<br>
          <hr>
          <b>Filter Reason(s):</b> Dist multiple:2.2883<br>
          <hr>
          <i>Calculation Method: Ellipsoidal (WGS84)</i>
        ]]>                    
        
                </description>
                <styleUrl>#291</styleUrl>
                <LineString id="289">
                    <coordinates>-77.00484480332231,38.94812410619182,0.0 -77.07888357211404,38.91560586754403,0.0</coordinates>
                </LineString>
            </Placemark>
            <Placemark id="434">
                <name>J → H56</name>
                <description>
                    
        
<![CDATA[
          <b>P1:</b> J<br>
          <b>P2:</b> H56<br>
          <hr>
          <b>Distance:</b> 2.288 miles<br>
          <hr>
          <u>Path P1 → P2:</u><br>
          <b>Forward Azimuth at P1 (Az12):</b> 324.539°<br>
          <b>Back Azimuth at P2 (BackAz12):</b> 324.523°<br>
          <hr>
          <u>Path P2 → P1:</u><br>
          <b>Forward Azimuth at P2 (Az21):</b> 144.523°<br>
          <b>Back Azimuth at P1 (BackAz21):</b> 144.539°<br>
          <hr>
          <b>Filter Reason(s):</b> Dist factor of:2.2883, Dist multiple:2.2883<br>
          <hr>
          <i>Calculation Method: Ellipsoidal (WGS84)</i>
        ]]>                    
        
                </description>
                <styleUrl>#435</styleUrl>
                <LineString id="433">
                    <coordinates>-77.03656908080315,38.889801,0.0 -77.06120140091524,38.91681538320637,0.0</coordinates>
                </LineString>
            </Placemark>
            <Placemark id="458">
                <name>K → B</name>
                <description>
                    
        
<![CDATA[
          <b>P1:</b> K<br>
          <b>P2:</b> B<br>
          <hr>
          <b>Distance:</b> 2.288 miles<br>
          <hr>
          <u>Path P1 → P2:</u><br>
          <b>Forward Azimuth at P1 (Az12):</b> 90.000°<br>
          <b>Back Azimuth at P2 (BackAz12):</b> 90.027°<br>
          <hr>
          <u>Path P2 → P1:</u><br>
          <b>Forward Azimuth at P2 (Az21):</b> 270.027°<br>
          <b>Back Azimuth at P1 (BackAz21):</b> 270.000°<br>
          <hr>
          <b>Filter Reason(s):</b> Dist factor of:2.2883, Dist multiple:2.2883<br>
          <hr>
          <i>Calculation Method: Ellipsoidal (WGS84)</i>
        ]]>                    
        
                </description>
                <styleUrl>#459</styleUrl>
                <LineString id="457">
                    <coordinates>-77.051435,38.892755,0.0 -77.008989,38.892747285,0.0</coordinates>
                </LineString>
            </Placemark>
            <Placemark id="486">
                <name>La → Chk54</name>
                <description>
                    
        
<![CDATA[
          <b>P1:</b> La<br>
          <b>P2:</b> Chk54<br>
          <hr>
          <b>Distance:</b> 13.729 miles<br>
          <hr>
          <u>Path P1 → P2:</u><br>
          <b>Forward Azimuth at P1 (Az12):</b> 178.210°<br>
          <b>Back Azimuth at P2 (BackAz12):</b> 178.215°<br>
          <hr>
          <u>Path P2 → P1:</u><br>
          <b>Forward Azimuth at P2 (Az21):</b> 358.215°<br>
          <b>Back Azimuth at P1 (BackAz21):</b> 358.210°<br>
          <hr>
          <b>Filter Reason(s):</b> Dist multiple:2.2883<br>
          <hr>
          <i>Calculation Method: Ellipsoidal (WGS84)</i>
        ]]>                    
        
                </description>
                <styleUrl>#487</styleUrl>
                <LineString id="485">
                    <coordinates>-77.05145152722608,38.88816903625909,0.0 -77.04351796976675,38.68922831692476,0.0</coordinates>
                </LineString>
            </Placemark>
            <Placemark id="490">
                <name>La → Chk63</name>
                <description>
                    
        
<![CDATA[
          <b>P1:</b> La<br>
          <b>P2:</b> Chk63<br>
          <hr>
          <b>Distance:</b> 1.144 miles<br>
          <hr>
          <u>Path P1 → P2:</u><br>
          <b>Forward Azimuth at P1 (Az12):</b> 44.519°<br>
          <b>Back Azimuth at P2 (BackAz12):</b> 44.529°<br>
          <hr>
          <u>Path P2 → P1:</u><br>
          <b>Forward Azimuth at P2 (Az21):</b> 224.529°<br>
          <b>Back Azimuth at P1 (BackAz21):</b> 224.519°<br>
          <hr>
          <b>Filter Reason(s):</b> Dist factor of:2.2883<br>
          <hr>
          <i>Calculation Method: Ellipsoidal (WGS84)</i>
        ]]>                    
        
                </description>
                <styleUrl>#491</styleUrl>
                <LineString id="489">
                    <coordinates>-77.05145152722608,38.88816903625909,0.0 -77.036569,38.89999431930673,0.0</coordinates>
                </LineString>
            </Placemark>
            <Placemark id="562">
                <name>PO → Pk04</name>
                <description>
                    
        
<![CDATA[
          <b>P1:</b> PO<br>
          <b>P2:</b> Pk04<br>
          <hr>
          <b>Distance:</b> 59.495 miles<br>
          <hr>
          <u>Path P1 → P2:</u><br>
          <b>Forward Azimuth at P1 (Az12):</b> 259.718°<br>
          <b>Back Azimuth at P2 (BackAz12):</b> 259.038°<br>
          <hr>
          <u>Path P2 → P1:</u><br>
          <b>Forward Azimuth at P2 (Az21):</b> 79.038°<br>
          <b>Back Azimuth at P1 (BackAz21):</b> 79.718°<br>
          <hr>
          <b>Filter Reason(s):</b> Dist multiple:2.2883<br>
          <hr>
          <i>Calculation Method: Ellipsoidal (WGS84)</i>
        ]]>                    
        
                </description>
                <styleUrl>#563</styleUrl>
                <LineString id="561">
                    <coordinates>-77.1199159,38.93449309999998,0.0 -78.20406185227269,38.77550687860945,0.0</coordinates>
                </LineString>
            </Placemark>
            <Placemark id="774">
                <name>elSc → L</name>
                <description>
                    
        
<![CDATA[
          <b>P1:</b> elSc<br>
          <b>P2:</b> L<br>
          <hr>
          <b>Distance:</b> 0.572 miles<br>
          <hr>
          <u>Path P1 → P2:</u><br>
          <b>Forward Azimuth at P1 (Az12):</b> 244.286°<br>
          <b>Back Azimuth at P2 (BackAz12):</b> 244.280°<br>
          <hr>
          <u>Path P2 → P1:</u><br>
          <b>Forward Azimuth at P2 (Az21):</b> 64.280°<br>
          <b>Back Azimuth at P1 (BackAz21):</b> 64.286°<br>
          <hr>
          <b>Filter Reason(s):</b> Dist factor of:2.2883<br>
          <hr>
          <i>Calculation Method: Ellipsoidal (WGS84)</i>
        ]]>                    
        
                </description>
                <styleUrl>#775</styleUrl>
                <LineString id="773">
                    <coordinates>-77.04058603,38.89284818820199,0.0 -77.0501466575182,38.88924949780046,0.0</coordinates>
                </LineString>
            </Placemark>
            <Placemark id="790">
                <name>elWc → H77</name>
                <description>
                    
        
<![CDATA[
          <b>P1:</b> elWc<br>
          <b>P2:</b> H77<br>
          <hr>
          <b>Distance:</b> 0.327 miles<br>
          <hr>
          <u>Path P1 → P2:</u><br>
          <b>Forward Azimuth at P1 (Az12):</b> 35.300°<br>
          <b>Back Azimuth at P2 (BackAz12):</b> 35.302°<br>
          <hr>
          <u>Path P2 → P1:</u><br>
          <b>Forward Azimuth at P2 (Az21):</b> 215.302°<br>
          <b>Back Azimuth at P1 (BackAz21):</b> 215.300°<br>
          <hr>
          <b>Filter Reason(s):</b> Dist factor of:2.2883<br>
          <hr>
          <i>Calculation Method: Ellipsoidal (WGS84)</i>
        ]]>                    
        
                </description>
                <styleUrl>#791</styleUrl>
                <LineString id="789">
                    <coordinates>-77.04113191993082,38.89317145702438,0.0 -77.03762786655247,38.89703882730361,0.0</coordinates>
                </LineString>
            </Placemark>
        </Folder>
        <Folder id="256">
            <Style id="259">
                <LineStyle id="260">
                    <color>FFFDD008</color>
                    <colorMode>normal</colorMode>
                    <width>2.5</width>
                </LineStyle>
            </Style>
            <Style id="627">
                <LineStyle id="628">
                    <color>FFFDD008</color>
                    <colorMode>normal</colorMode>
                    <width>2.5</width>
                </LineStyle>
            </Style>
            <Style id="755">
                <LineStyle id="756">
                    <color>FFFDD009</color>
                    <colorMode>normal</colorMode>
                    <width>1.5</width>
                </LineStyle>
            </Style>
            <Style id="759">
                <LineStyle id="760">
                    <color>FFFDD009</color>
                    <colorMode>normal</colorMode>
                    <width>1.5</width>
                </LineStyle>
            </Style>
            <name>r5 FIp</name>
            <Placemark id="258">
                <name>Chk37 → H47</name>
                <description>
                    
        
<![CDATA[
          <b>P1:</b> Chk37<br>
          <b>P2:</b> H47<br>
          <hr>
          <b>Distance:</b> 6.266 miles<br>
          <hr>
          <u>Path P1 → P2:</u><br>
          <b>Forward Azimuth at P1 (Az12):</b> 87.864°<br>
          <b>Back Azimuth at P2 (BackAz12):</b> 87.937°<br>
          <hr>
          <u>Path P2 → P1:</u><br>
          <b>Forward Azimuth at P2 (Az21):</b> 267.937°<br>
          <b>Back Azimuth at P1 (BackAz21):</b> 267.864°<br>
          <hr>
          <b>Filter Reason(s):</b> Dist factor of:6.2666, Dist multiple:6.2666<br>
          <hr>
          <i>Calculation Method: Ellipsoidal (WGS84)</i>
        ]]>                    
        
                </description>
                <styleUrl>#259</styleUrl>
                <LineString id="257">
                    <coordinates>-77.12641979728585,38.93508740486395,0.0 -77.01018660152103,38.93841562644008,0.0</coordinates>
                </LineString>
            </Placemark>
            <Placemark id="626">
                <name>RK → SF03</name>
                <description>
                    
        
<![CDATA[
          <b>P1:</b> RK<br>
          <b>P2:</b> SF03<br>
          <hr>
          <b>Distance:</b> 6.267 miles<br>
          <hr>
          <u>Path P1 → P2:</u><br>
          <b>Forward Azimuth at P1 (Az12):</b> 153.710°<br>
          <b>Back Azimuth at P2 (BackAz12):</b> 153.742°<br>
          <hr>
          <u>Path P2 → P1:</u><br>
          <b>Forward Azimuth at P2 (Az21):</b> 333.742°<br>
          <b>Back Azimuth at P1 (BackAz21):</b> 333.710°<br>
          <hr>
          <b>Filter Reason(s):</b> Dist factor of:6.2666, Dist multiple:6.2666<br>
          <hr>
          <i>Calculation Method: Ellipsoidal (WGS84)</i>
        ]]>                    
        
                </description>
                <styleUrl>#627</styleUrl>
                <LineString id="625">
                    <coordinates>-77.02356040000001,38.85513800000002,0.0 -76.97215841432278,38.77367519361357,0.0</coordinates>
                </LineString>
            </Placemark>
            <Placemark id="754">
                <name>elEc → elWc</name>
                <description>
                    
        
<![CDATA[
          <b>P1:</b> elEc<br>
          <b>P2:</b> elWc<br>
          <hr>
          <b>Distance:</b> 0.051 miles<br>
          <hr>
          <u>Path P1 → P2:</u><br>
          <b>Forward Azimuth at P1 (Az12):</b> 301.669°<br>
          <b>Back Azimuth at P2 (BackAz12):</b> 301.669°<br>
          <hr>
          <u>Path P2 → P1:</u><br>
          <b>Forward Azimuth at P2 (Az21):</b> 121.669°<br>
          <b>Back Azimuth at P1 (BackAz21):</b> 121.669°<br>
          <hr>
          <b>Filter Reason(s):</b> Dist factor of:6.2666<br>
          <hr>
          <i>Calculation Method: Ellipsoidal (WGS84)</i>
        ]]>                    
        
                </description>
                <styleUrl>#755</styleUrl>
                <LineString id="753">
                    <coordinates>-77.04033404260801,38.89278681802996,0.0 -77.04113191993082,38.89317145702438,0.0</coordinates>
                </LineString>
            </Placemark>
            <Placemark id="758">
                <name>elNc → H70</name>
                <description>
                    
        
<![CDATA[
          <b>P1:</b> elNc<br>
          <b>P2:</b> H70<br>
          <hr>
          <b>Distance:</b> 2.089 miles<br>
          <hr>
          <u>Path P1 → P2:</u><br>
          <b>Forward Azimuth at P1 (Az12):</b> 229.378°<br>
          <b>Back Azimuth at P2 (BackAz12):</b> 229.360°<br>
          <hr>
          <u>Path P2 → P1:</u><br>
          <b>Forward Azimuth at P2 (Az21):</b> 49.360°<br>
          <b>Back Azimuth at P1 (BackAz21):</b> 49.378°<br>
          <hr>
          <b>Filter Reason(s):</b> Dist factor of:6.2666<br>
          <hr>
          <i>Calculation Method: Ellipsoidal (WGS84)</i>
        ]]>                    
        
                </description>
                <styleUrl>#759</styleUrl>
                <LineString id="757">
                    <coordinates>-77.04098558,38.89344928705847,0.0 -77.07038741369139,38.8737311478417,0.0</coordinates>
                </LineString>
            </Placemark>
        </Folder>
    </Document>
</kml>
