<?xml version="1.0" encoding="UTF-8"?>
<kml xmlns="http://www.opengis.net/kml/2.2" xmlns:gx="http://www.google.com/kml/ext/2.2">
    <Document id="1">
        <name>Filtered Lines</name>
        <description>&lt;b&gt;Folder Summary:&lt;/b&gt;&lt;br/&gt;&lt;ul&gt;&lt;li&gt;AN: 2 lines&lt;/li&gt;&lt;li&gt;B: 1 lines&lt;/li&gt;&lt;li&gt;CFc: 2 lines&lt;/li&gt;&lt;li&gt;CFg: 1 lines&lt;/li&gt;&lt;li&gt;Cap: 2 lines&lt;/li&gt;&lt;li&gt;CapK: 1 lines&lt;/li&gt;&lt;li&gt;Chk03: 1 lines&lt;/li&gt;&lt;li&gt;Chk04: 1 lines&lt;/li&gt;&lt;li&gt;Chk05: 1 lines&lt;/li&gt;&lt;li&gt;Chk18: 1 lines&lt;/li&gt;&lt;li&gt;Chk19: 1 lines&lt;/li&gt;&lt;li&gt;Chk20: 1 lines&lt;/li&gt;&lt;li&gt;Chk21: 1 lines&lt;/li&gt;&lt;li&gt;Chk22: 1 lines&lt;/li&gt;&lt;li&gt;Chk23c: 2 lines&lt;/li&gt;&lt;li&gt;Chk28: 1 lines&lt;/li&gt;&lt;li&gt;Chk34: 1 lines&lt;/li&gt;&lt;li&gt;Chk42: 1 lines&lt;/li&gt;&lt;li&gt;Chk44: 1 lines&lt;/li&gt;&lt;li&gt;Chk45: 1 lines&lt;/li&gt;&lt;li&gt;Chk46: 1 lines&lt;/li&gt;&lt;li&gt;Chk47: 1 lines&lt;/li&gt;&lt;li&gt;Chk49: 1 lines&lt;/li&gt;&lt;li&gt;Chk51: 1 lines&lt;/li&gt;&lt;li&gt;Chk52: 1 lines&lt;/li&gt;&lt;li&gt;Chk53: 1 lines&lt;/li&gt;&lt;li&gt;Chk54: 1 lines&lt;/li&gt;&lt;li&gt;Chk55: 1 lines&lt;/li&gt;&lt;li&gt;Chk60: 2 lines&lt;/li&gt;&lt;li&gt;CptB: 1 lines&lt;/li&gt;&lt;li&gt;Eb: 2 lines&lt;/li&gt;&lt;li&gt;Gs3: 1 lines&lt;/li&gt;&lt;li&gt;Gs4: 2 lines&lt;/li&gt;&lt;li&gt;Gs9: 1 lines&lt;/li&gt;&lt;li&gt;H24: 1 lines&lt;/li&gt;&lt;li&gt;H31: 2 lines&lt;/li&gt;&lt;li&gt;H66: 1 lines&lt;/li&gt;&lt;li&gt;HighWb: 1 lines&lt;/li&gt;&lt;li&gt;Hk: 1 lines&lt;/li&gt;&lt;li&gt;J: 6 lines&lt;/li&gt;&lt;li&gt;K: 2 lines&lt;/li&gt;&lt;li&gt;Lcnr: 1 lines&lt;/li&gt;&lt;li&gt;Lz: 1 lines&lt;/li&gt;&lt;li&gt;NOa: 1 lines&lt;/li&gt;&lt;li&gt;OtrA: 1 lines&lt;/li&gt;&lt;li&gt;P: 1 lines&lt;/li&gt;&lt;li&gt;POOthr3b: 2 lines&lt;/li&gt;&lt;li&gt;PenA: 1 lines&lt;/li&gt;&lt;li&gt;PenB: 3 lines&lt;/li&gt;&lt;li&gt;PenD: 1 lines&lt;/li&gt;&lt;li&gt;PenE: 1 lines&lt;/li&gt;&lt;li&gt;PenG: 1 lines&lt;/li&gt;&lt;li&gt;RCrkA: 1 lines&lt;/li&gt;&lt;li&gt;SCa: 1 lines&lt;/li&gt;&lt;li&gt;Sb: 2 lines&lt;/li&gt;&lt;li&gt;WH SEcnr: 2 lines&lt;/li&gt;&lt;li&gt;WHa: 3 lines&lt;/li&gt;&lt;li&gt;WHb: 2 lines&lt;/li&gt;&lt;li&gt;WHc: 1 lines&lt;/li&gt;&lt;li&gt;WHe: 1 lines&lt;/li&gt;&lt;li&gt;WHn: 3 lines&lt;/li&gt;&lt;li&gt;WHs: 3 lines&lt;/li&gt;&lt;li&gt;Wb: 1 lines&lt;/li&gt;&lt;li&gt;elEc: 1 lines&lt;/li&gt;&lt;li&gt;elNc: 1 lines&lt;/li&gt;&lt;li&gt;elSc: 2 lines&lt;/li&gt;&lt;li&gt;elWc: 1 lines&lt;/li&gt;&lt;/ul&gt;&lt;hr&gt;Lines generated using Ellipsoidal (WGS84) calculations.</description>
        <Folder id="2">
            <Style id="5">
                <LineStyle id="6">
                    <color>FFFF33FF</color>
                    <colorMode>normal</colorMode>
                    <width>2.5</width>
                </LineStyle>
            </Style>
            <Style id="9">
                <LineStyle id="10">
                    <color>FFFF33FF</color>
                    <colorMode>normal</colorMode>
                    <width>1.5</width>
                </LineStyle>
            </Style>
            <name>AN</name>
            <Placemark id="4">
                <name>AN → H39</name>
                <description>
                    
        
<![CDATA[
          <b>P1:</b> AN<br>
          <b>P2:</b> H39<br>
          <hr>
          <b>Distance:</b> 16.190 miles<br>
          <hr>
          <u>Path P1 → P2:</u><br>
          <b>Forward Azimuth at P1 (Az12):</b> 270.188°<br>
          <b>Back Azimuth at P2 (BackAz12):</b> 269.999°<br>
          <hr>
          <u>Path P2 → P1:</u><br>
          <b>Forward Azimuth at P2 (Az21):</b> 89.999°<br>
          <b>Back Azimuth at P1 (BackAz21):</b> 90.188°<br>
          <hr>
          <b>Filter Reason(s):</b> Az21 multiple:15.00, Az21 multiple:18.00<br>
          <hr>
          <i>Calculation Method: Ellipsoidal (WGS84)</i>
        ]]>                    
        
                </description>
                <styleUrl>#5</styleUrl>
                <LineString id="3">
                    <coordinates>-76.94192180000002,38.91858289999999,0.0 -77.24236058241425,38.9189665077175,0.0</coordinates>
                </LineString>
            </Placemark>
            <Placemark id="8">
                <name>AN → POOthr3a</name>
                <description>
                    
        
<![CDATA[
          <b>P1:</b> AN<br>
          <b>P2:</b> POOthr3a<br>
          <hr>
          <b>Distance:</b> 10.618 miles<br>
          <hr>
          <u>Path P1 → P2:</u><br>
          <b>Forward Azimuth at P1 (Az12):</b> 209.997°<br>
          <b>Back Azimuth at P2 (BackAz12):</b> 209.936°<br>
          <hr>
          <u>Path P2 → P1:</u><br>
          <b>Forward Azimuth at P2 (Az21):</b> 29.936°<br>
          <b>Back Azimuth at P1 (BackAz21):</b> 29.997°<br>
          <hr>
          <b>Filter Reason(s):</b> Az12 multiple:15.00<br>
          <hr>
          <i>Calculation Method: Ellipsoidal (WGS84)</i>
        ]]>                    
        
                </description>
                <styleUrl>#9</styleUrl>
                <LineString id="7">
                    <coordinates>-76.94192180000002,38.91858289999999,0.0 -77.0402519018478,38.7852261694161,0.0</coordinates>
                </LineString>
            </Placemark>
        </Folder>
        <Folder id="11">
            <Style id="14">
                <LineStyle id="15">
                    <color>FF00FFFF</color>
                    <colorMode>normal</colorMode>
                    <width>1.5</width>
                </LineStyle>
            </Style>
            <name>B</name>
            <Placemark id="13">
                <name>B → Chk61</name>
                <description>
                    
        
<![CDATA[
          <b>P1:</b> B<br>
          <b>P2:</b> Chk61<br>
          <hr>
          <b>Distance:</b> 1.020 miles<br>
          <hr>
          <u>Path P1 → P2:</u><br>
          <b>Forward Azimuth at P1 (Az12):</b> 312.507°<br>
          <b>Back Azimuth at P2 (BackAz12):</b> 312.498°<br>
          <hr>
          <u>Path P2 → P1:</u><br>
          <b>Forward Azimuth at P2 (Az21):</b> 132.498°<br>
          <b>Back Azimuth at P1 (BackAz21):</b> 132.507°<br>
          <hr>
          <b>Filter Reason(s):</b> Az21 target:132.50<br>
          <hr>
          <i>Calculation Method: Ellipsoidal (WGS84)</i>
        ]]>                    
        
                </description>
                <styleUrl>#14</styleUrl>
                <LineString id="12">
                    <coordinates>-77.008989,38.892747285,0.0 -77.02294473847918,38.9027413920959,0.0</coordinates>
                </LineString>
            </Placemark>
        </Folder>
        <Folder id="16">
            <Style id="19">
                <LineStyle id="20">
                    <color>FF00FFFF</color>
                    <colorMode>normal</colorMode>
                    <width>1.5</width>
                </LineStyle>
            </Style>
            <Style id="23">
                <LineStyle id="24">
                    <color>FF9955FF</color>
                    <colorMode>normal</colorMode>
                    <width>1.5</width>
                </LineStyle>
            </Style>
            <name>CFc</name>
            <Placemark id="18">
                <name>CFc → CFg</name>
                <description>
                    
        
<![CDATA[
          <b>P1:</b> CFc<br>
          <b>P2:</b> CFg<br>
          <hr>
          <b>Distance:</b> 0.362 miles<br>
          <hr>
          <u>Path P1 → P2:</u><br>
          <b>Forward Azimuth at P1 (Az12):</b> 42.502°<br>
          <b>Back Azimuth at P2 (BackAz12):</b> 42.505°<br>
          <hr>
          <u>Path P2 → P1:</u><br>
          <b>Forward Azimuth at P2 (Az21):</b> 222.505°<br>
          <b>Back Azimuth at P1 (BackAz21):</b> 222.502°<br>
          <hr>
          <b>Filter Reason(s):</b> Az12 target:42.50<br>
          <hr>
          <i>Calculation Method: Ellipsoidal (WGS84)</i>
        ]]>                    
        
                </description>
                <styleUrl>#19</styleUrl>
                <LineString id="17">
                    <coordinates>-77.01360995348632,38.88974917890155,0.0 -77.00907795602103,38.89361386946052,0.0</coordinates>
                </LineString>
            </Placemark>
            <Placemark id="22">
                <name>CFc → Lz</name>
                <description>
                    
        
<![CDATA[
          <b>P1:</b> CFc<br>
          <b>P2:</b> Lz<br>
          <hr>
          <b>Distance:</b> 2.081 miles<br>
          <hr>
          <u>Path P1 → P2:</u><br>
          <b>Forward Azimuth at P1 (Az12):</b> 269.001°<br>
          <b>Back Azimuth at P2 (BackAz12):</b> 268.977°<br>
          <hr>
          <u>Path P2 → P1:</u><br>
          <b>Forward Azimuth at P2 (Az21):</b> 88.977°<br>
          <b>Back Azimuth at P1 (BackAz21):</b> 89.001°<br>
          <hr>
          <b>Filter Reason(s):</b> Az12 target:269.00<br>
          <hr>
          <i>Calculation Method: Ellipsoidal (WGS84)</i>
        ]]>                    
        
                </description>
                <styleUrl>#23</styleUrl>
                <LineString id="21">
                    <coordinates>-77.01360995348632,38.88974917890155,0.0 -77.05220920463091,38.88921687259635,0.0</coordinates>
                </LineString>
            </Placemark>
        </Folder>
        <Folder id="25">
            <Style id="28">
                <LineStyle id="29">
                    <color>FF9955FF</color>
                    <colorMode>normal</colorMode>
                    <width>1.5</width>
                </LineStyle>
            </Style>
            <name>CFg</name>
            <Placemark id="27">
                <name>CFg → elWc</name>
                <description>
                    
        
<![CDATA[
          <b>P1:</b> CFg<br>
          <b>P2:</b> elWc<br>
          <hr>
          <b>Distance:</b> 1.728 miles<br>
          <hr>
          <u>Path P1 → P2:</u><br>
          <b>Forward Azimuth at P1 (Az12):</b> 268.998°<br>
          <b>Back Azimuth at P2 (BackAz12):</b> 268.978°<br>
          <hr>
          <u>Path P2 → P1:</u><br>
          <b>Forward Azimuth at P2 (Az21):</b> 88.978°<br>
          <b>Back Azimuth at P1 (BackAz21):</b> 88.998°<br>
          <hr>
          <b>Filter Reason(s):</b> Az12 target:269.00<br>
          <hr>
          <i>Calculation Method: Ellipsoidal (WGS84)</i>
        ]]>                    
        
                </description>
                <styleUrl>#28</styleUrl>
                <LineString id="26">
                    <coordinates>-77.00907795602103,38.89361386946052,0.0 -77.04113191993082,38.89317145702438,0.0</coordinates>
                </LineString>
            </Placemark>
        </Folder>
        <Folder id="30">
            <Style id="33">
                <LineStyle id="34">
                    <color>FFFF33FF</color>
                    <colorMode>normal</colorMode>
                    <width>2.5</width>
                </LineStyle>
            </Style>
            <Style id="37">
                <LineStyle id="38">
                    <color>FFFF33FF</color>
                    <colorMode>normal</colorMode>
                    <width>1.5</width>
                </LineStyle>
            </Style>
            <name>Cap</name>
            <Placemark id="32">
                <name>Cap → CapK</name>
                <description>
                    
        
<![CDATA[
          <b>P1:</b> Cap<br>
          <b>P2:</b> CapK<br>
          <hr>
          <b>Distance:</b> 0.010 miles<br>
          <hr>
          <u>Path P1 → P2:</u><br>
          <b>Forward Azimuth at P1 (Az12):</b> 90.000°<br>
          <b>Back Azimuth at P2 (BackAz12):</b> 90.000°<br>
          <hr>
          <u>Path P2 → P1:</u><br>
          <b>Forward Azimuth at P2 (Az21):</b> 270.000°<br>
          <b>Back Azimuth at P1 (BackAz21):</b> 270.000°<br>
          <hr>
          <b>Filter Reason(s):</b> Az12 multiple:15.00, Az12 multiple:18.00, Az21 multiple:15.00, Az21 multiple:18.00<br>
          <hr>
          <i>Calculation Method: Ellipsoidal (WGS84)</i>
        ]]>                    
        
                </description>
                <styleUrl>#33</styleUrl>
                <LineString id="31">
                    <coordinates>-77.009227,38.889801,0.0 -77.00904745,38.889801,0.0</coordinates>
                </LineString>
            </Placemark>
            <Placemark id="36">
                <name>Cap → H24</name>
                <description>
                    
        
<![CDATA[
          <b>P1:</b> Cap<br>
          <b>P2:</b> H24<br>
          <hr>
          <b>Distance:</b> 3.807 miles<br>
          <hr>
          <u>Path P1 → P2:</u><br>
          <b>Forward Azimuth at P1 (Az12):</b> 300.001°<br>
          <b>Back Azimuth at P2 (BackAz12):</b> 299.963°<br>
          <hr>
          <u>Path P2 → P1:</u><br>
          <b>Forward Azimuth at P2 (Az21):</b> 119.963°<br>
          <b>Back Azimuth at P1 (BackAz21):</b> 120.001°<br>
          <hr>
          <b>Filter Reason(s):</b> Az12 multiple:15.00<br>
          <hr>
          <i>Calculation Method: Ellipsoidal (WGS84)</i>
        ]]>                    
        
                </description>
                <styleUrl>#37</styleUrl>
                <LineString id="35">
                    <coordinates>-77.009227,38.889801,0.0 -77.0704105785321,38.91738246946505,0.0</coordinates>
                </LineString>
            </Placemark>
        </Folder>
        <Folder id="39">
            <Style id="42">
                <LineStyle id="43">
                    <color>FF0055FF</color>
                    <colorMode>normal</colorMode>
                    <width>1.5</width>
                </LineStyle>
            </Style>
            <name>CapK</name>
            <Placemark id="41">
                <name>CapK → OtrA</name>
                <description>
                    
        
<![CDATA[
          <b>P1:</b> CapK<br>
          <b>P2:</b> OtrA<br>
          <hr>
          <b>Distance:</b> 3.976 miles<br>
          <hr>
          <u>Path P1 → P2:</u><br>
          <b>Forward Azimuth at P1 (Az12):</b> 50.766°<br>
          <b>Back Azimuth at P2 (BackAz12):</b> 50.802°<br>
          <hr>
          <u>Path P2 → P1:</u><br>
          <b>Forward Azimuth at P2 (Az21):</b> 230.802°<br>
          <b>Back Azimuth at P1 (BackAz21):</b> 230.766°<br>
          <hr>
          <b>Filter Reason(s):</b> Az12 target:50.77<br>
          <hr>
          <i>Calculation Method: Ellipsoidal (WGS84)</i>
        ]]>                    
        
                </description>
                <styleUrl>#42</styleUrl>
                <LineString id="40">
                    <coordinates>-77.00904745,38.889801,0.0 -76.95188801292042,38.92624596949343,0.0</coordinates>
                </LineString>
            </Placemark>
        </Folder>
        <Folder id="44">
            <Style id="47">
                <LineStyle id="48">
                    <color>FF9955FF</color>
                    <colorMode>normal</colorMode>
                    <width>1.5</width>
                </LineStyle>
            </Style>
            <name>Chk03</name>
            <Placemark id="46">
                <name>Chk03 → OtrD</name>
                <description>
                    
        
<![CDATA[
          <b>P1:</b> Chk03<br>
          <b>P2:</b> OtrD<br>
          <hr>
          <b>Distance:</b> 7.757 miles<br>
          <hr>
          <u>Path P1 → P2:</u><br>
          <b>Forward Azimuth at P1 (Az12):</b> 44.000°<br>
          <b>Back Azimuth at P2 (BackAz12):</b> 44.063°<br>
          <hr>
          <u>Path P2 → P1:</u><br>
          <b>Forward Azimuth at P2 (Az21):</b> 224.063°<br>
          <b>Back Azimuth at P1 (BackAz21):</b> 224.000°<br>
          <hr>
          <b>Filter Reason(s):</b> Az12 target:44.00<br>
          <hr>
          <i>Calculation Method: Ellipsoidal (WGS84)</i>
        ]]>                    
        
                </description>
                <styleUrl>#47</styleUrl>
                <LineString id="45">
                    <coordinates>-77.01339590231409,38.80887860350852,0.0 -76.91344596466341,38.88972524047381,0.0</coordinates>
                </LineString>
            </Placemark>
        </Folder>
        <Folder id="49">
            <Style id="52">
                <LineStyle id="53">
                    <color>FF99FFFF</color>
                    <colorMode>normal</colorMode>
                    <width>1.5</width>
                </LineStyle>
            </Style>
            <name>Chk04</name>
            <Placemark id="51">
                <name>Chk04 → H56</name>
                <description>
                    
        
<![CDATA[
          <b>P1:</b> Chk04<br>
          <b>P2:</b> H56<br>
          <hr>
          <b>Distance:</b> 4.121 miles<br>
          <hr>
          <u>Path P1 → P2:</u><br>
          <b>Forward Azimuth at P1 (Az12):</b> 252.045°<br>
          <b>Back Azimuth at P2 (BackAz12):</b> 251.999°<br>
          <hr>
          <u>Path P2 → P1:</u><br>
          <b>Forward Azimuth at P2 (Az21):</b> 71.999°<br>
          <b>Back Azimuth at P1 (BackAz21):</b> 72.045°<br>
          <hr>
          <b>Filter Reason(s):</b> Az21 multiple:18.00<br>
          <hr>
          <i>Calculation Method: Ellipsoidal (WGS84)</i>
        ]]>                    
        
                </description>
                <styleUrl>#52</styleUrl>
                <LineString id="50">
                    <coordinates>-76.9884528433251,38.93525554614944,0.0 -77.06120140091524,38.91681538320637,0.0</coordinates>
                </LineString>
            </Placemark>
        </Folder>
        <Folder id="54">
            <Style id="57">
                <LineStyle id="58">
                    <color>FFFF33FF</color>
                    <colorMode>normal</colorMode>
                    <width>1.5</width>
                </LineStyle>
            </Style>
            <name>Chk05</name>
            <Placemark id="56">
                <name>Chk05 → Chk12</name>
                <description>
                    
        
<![CDATA[
          <b>P1:</b> Chk05<br>
          <b>P2:</b> Chk12<br>
          <hr>
          <b>Distance:</b> 5.215 miles<br>
          <hr>
          <u>Path P1 → P2:</u><br>
          <b>Forward Azimuth at P1 (Az12):</b> 134.960°<br>
          <b>Back Azimuth at P2 (BackAz12):</b> 135.003°<br>
          <hr>
          <u>Path P2 → P1:</u><br>
          <b>Forward Azimuth at P2 (Az21):</b> 315.003°<br>
          <b>Back Azimuth at P1 (BackAz21):</b> 314.960°<br>
          <hr>
          <b>Filter Reason(s):</b> Az21 multiple:15.00<br>
          <hr>
          <i>Calculation Method: Ellipsoidal (WGS84)</i>
        ]]>                    
        
                </description>
                <styleUrl>#57</styleUrl>
                <LineString id="55">
                    <coordinates>-77.01099576844469,38.94213905894748,0.0 -76.9425428132187,38.88869436289873,0.0</coordinates>
                </LineString>
            </Placemark>
        </Folder>
        <Folder id="59">
            <Style id="62">
                <LineStyle id="63">
                    <color>FFFF33FF</color>
                    <colorMode>normal</colorMode>
                    <width>1.5</width>
                </LineStyle>
            </Style>
            <name>Chk18</name>
            <Placemark id="61">
                <name>Chk18 → H35</name>
                <description>
                    
        
<![CDATA[
          <b>P1:</b> Chk18<br>
          <b>P2:</b> H35<br>
          <hr>
          <b>Distance:</b> 3.546 miles<br>
          <hr>
          <u>Path P1 → P2:</u><br>
          <b>Forward Azimuth at P1 (Az12):</b> 30.000°<br>
          <b>Back Azimuth at P2 (BackAz12):</b> 30.021°<br>
          <hr>
          <u>Path P2 → P1:</u><br>
          <b>Forward Azimuth at P2 (Az21):</b> 210.021°<br>
          <b>Back Azimuth at P1 (BackAz21):</b> 210.000°<br>
          <hr>
          <b>Filter Reason(s):</b> Az12 multiple:15.00<br>
          <hr>
          <i>Calculation Method: Ellipsoidal (WGS84)</i>
        ]]>                    
        
                </description>
                <styleUrl>#62</styleUrl>
                <LineString id="60">
                    <coordinates>-77.11265634246809,38.87614213026904,0.0 -77.07975099520537,38.92066077312896,0.0</coordinates>
                </LineString>
            </Placemark>
        </Folder>
        <Folder id="64">
            <Style id="67">
                <LineStyle id="68">
                    <color>FFFF00FF</color>
                    <colorMode>normal</colorMode>
                    <width>1.5</width>
                </LineStyle>
            </Style>
            <name>Chk19</name>
            <Placemark id="66">
                <name>Chk19 → H44</name>
                <description>
                    
        
<![CDATA[
          <b>P1:</b> Chk19<br>
          <b>P2:</b> H44<br>
          <hr>
          <b>Distance:</b> 6.881 miles<br>
          <hr>
          <u>Path P1 → P2:</u><br>
          <b>Forward Azimuth at P1 (Az12):</b> 211.039°<br>
          <b>Back Azimuth at P2 (BackAz12):</b> 210.998°<br>
          <hr>
          <u>Path P2 → P1:</u><br>
          <b>Forward Azimuth at P2 (Az21):</b> 30.998°<br>
          <b>Back Azimuth at P1 (BackAz21):</b> 31.039°<br>
          <hr>
          <b>Filter Reason(s):</b> Az21 target:31.00<br>
          <hr>
          <i>Calculation Method: Ellipsoidal (WGS84)</i>
        ]]>                    
        
                </description>
                <styleUrl>#67</styleUrl>
                <LineString id="65">
                    <coordinates>-77.04677082443145,38.98909790584569,0.0 -77.11259304457337,38.90361498656535,0.0</coordinates>
                </LineString>
            </Placemark>
        </Folder>
        <Folder id="69">
            <Style id="72">
                <LineStyle id="73">
                    <color>FF99FFFF</color>
                    <colorMode>normal</colorMode>
                    <width>1.5</width>
                </LineStyle>
            </Style>
            <name>Chk20</name>
            <Placemark id="71">
                <name>Chk20 → H67</name>
                <description>
                    
        
<![CDATA[
          <b>P1:</b> Chk20<br>
          <b>P2:</b> H67<br>
          <hr>
          <b>Distance:</b> 8.057 miles<br>
          <hr>
          <u>Path P1 → P2:</u><br>
          <b>Forward Azimuth at P1 (Az12):</b> 323.997°<br>
          <b>Back Azimuth at P2 (BackAz12):</b> 323.942°<br>
          <hr>
          <u>Path P2 → P1:</u><br>
          <b>Forward Azimuth at P2 (Az21):</b> 143.942°<br>
          <b>Back Azimuth at P1 (BackAz21):</b> 143.997°<br>
          <hr>
          <b>Filter Reason(s):</b> Az12 multiple:18.00<br>
          <hr>
          <i>Calculation Method: Ellipsoidal (WGS84)</i>
        ]]>                    
        
                </description>
                <styleUrl>#72</styleUrl>
                <LineString id="70">
                    <coordinates>-77.00135736591604,38.82106536665973,0.0 -77.08923640277803,38.91551942120227,0.0</coordinates>
                </LineString>
            </Placemark>
        </Folder>
        <Folder id="74">
            <Style id="77">
                <LineStyle id="78">
                    <color>FFFF33FF</color>
                    <colorMode>normal</colorMode>
                    <width>1.5</width>
                </LineStyle>
            </Style>
            <name>Chk21</name>
            <Placemark id="76">
                <name>Chk21 → Chk60</name>
                <description>
                    
        
<![CDATA[
          <b>P1:</b> Chk21<br>
          <b>P2:</b> Chk60<br>
          <hr>
          <b>Distance:</b> 10.554 miles<br>
          <hr>
          <u>Path P1 → P2:</u><br>
          <b>Forward Azimuth at P1 (Az12):</b> 330.059°<br>
          <b>Back Azimuth at P2 (BackAz12):</b> 329.998°<br>
          <hr>
          <u>Path P2 → P1:</u><br>
          <b>Forward Azimuth at P2 (Az21):</b> 149.998°<br>
          <b>Back Azimuth at P1 (BackAz21):</b> 150.059°<br>
          <hr>
          <b>Filter Reason(s):</b> Az21 multiple:15.00<br>
          <hr>
          <i>Calculation Method: Ellipsoidal (WGS84)</i>
        ]]>                    
        
                </description>
                <styleUrl>#77</styleUrl>
                <LineString id="75">
                    <coordinates>-76.94019736733574,38.87280409544193,0.0 -77.03806204873727,39.00533947251964,0.0</coordinates>
                </LineString>
            </Placemark>
        </Folder>
        <Folder id="79">
            <Style id="82">
                <LineStyle id="83">
                    <color>FFFF33FF</color>
                    <colorMode>normal</colorMode>
                    <width>2.5</width>
                </LineStyle>
            </Style>
            <name>Chk22</name>
            <Placemark id="81">
                <name>Chk22 → SF01</name>
                <description>
                    
        
<![CDATA[
          <b>P1:</b> Chk22<br>
          <b>P2:</b> SF01<br>
          <hr>
          <b>Distance:</b> 2.529 miles<br>
          <hr>
          <u>Path P1 → P2:</u><br>
          <b>Forward Azimuth at P1 (Az12):</b> 179.998°<br>
          <b>Back Azimuth at P2 (BackAz12):</b> 179.998°<br>
          <hr>
          <u>Path P2 → P1:</u><br>
          <b>Forward Azimuth at P2 (Az21):</b> 359.998°<br>
          <b>Back Azimuth at P1 (BackAz21):</b> 359.998°<br>
          <hr>
          <b>Filter Reason(s):</b> Az12 multiple:15.00, Az12 multiple:18.00, Az21 multiple:15.00, Az21 multiple:18.00<br>
          <hr>
          <i>Calculation Method: Ellipsoidal (WGS84)</i>
        ]]>                    
        
                </description>
                <styleUrl>#82</styleUrl>
                <LineString id="80">
                    <coordinates>-77.0858650836171,38.93790243521637,0.0 -77.08586335465753,38.90124200833564,0.0</coordinates>
                </LineString>
            </Placemark>
        </Folder>
        <Folder id="84">
            <Style id="87">
                <LineStyle id="88">
                    <color>FFFF33FF</color>
                    <colorMode>normal</colorMode>
                    <width>1.5</width>
                </LineStyle>
            </Style>
            <Style id="91">
                <LineStyle id="92">
                    <color>FFFF33FF</color>
                    <colorMode>normal</colorMode>
                    <width>2.5</width>
                </LineStyle>
            </Style>
            <name>Chk23c</name>
            <Placemark id="86">
                <name>Chk23c → Chk25</name>
                <description>
                    
        
<![CDATA[
          <b>P1:</b> Chk23c<br>
          <b>P2:</b> Chk25<br>
          <hr>
          <b>Distance:</b> 3.540 miles<br>
          <hr>
          <u>Path P1 → P2:</u><br>
          <b>Forward Azimuth at P1 (Az12):</b> 284.999°<br>
          <b>Back Azimuth at P2 (BackAz12):</b> 284.959°<br>
          <hr>
          <u>Path P2 → P1:</u><br>
          <b>Forward Azimuth at P2 (Az21):</b> 104.959°<br>
          <b>Back Azimuth at P1 (BackAz21):</b> 104.999°<br>
          <hr>
          <b>Filter Reason(s):</b> Az12 multiple:15.00<br>
          <hr>
          <i>Calculation Method: Ellipsoidal (WGS84)</i>
        ]]>                    
        
                </description>
                <styleUrl>#87</styleUrl>
                <LineString id="85">
                    <coordinates>-76.97239108771012,38.90964452291605,0.0 -77.03584297932892,38.9229071947,0.0</coordinates>
                </LineString>
            </Placemark>
            <Placemark id="90">
                <name>Chk23c → Chk49</name>
                <description>
                    
        
<![CDATA[
          <b>P1:</b> Chk23c<br>
          <b>P2:</b> Chk49<br>
          <hr>
          <b>Distance:</b> 3.082 miles<br>
          <hr>
          <u>Path P1 → P2:</u><br>
          <b>Forward Azimuth at P1 (Az12):</b> 270.002°<br>
          <b>Back Azimuth at P2 (BackAz12):</b> 269.966°<br>
          <hr>
          <u>Path P2 → P1:</u><br>
          <b>Forward Azimuth at P2 (Az21):</b> 89.966°<br>
          <b>Back Azimuth at P1 (BackAz21):</b> 90.002°<br>
          <hr>
          <b>Filter Reason(s):</b> Az12 multiple:15.00, Az12 multiple:18.00<br>
          <hr>
          <i>Calculation Method: Ellipsoidal (WGS84)</i>
        ]]>                    
        
                </description>
                <styleUrl>#91</styleUrl>
                <LineString id="89">
                    <coordinates>-76.97239108771012,38.90964452291605,0.0 -77.02956862943489,38.90963170613946,0.0</coordinates>
                </LineString>
            </Placemark>
        </Folder>
        <Folder id="93">
            <Style id="96">
                <LineStyle id="97">
                    <color>FF5599FF</color>
                    <colorMode>normal</colorMode>
                    <width>1.5</width>
                </LineStyle>
            </Style>
            <name>Chk28</name>
            <Placemark id="95">
                <name>Chk28 → OtrD</name>
                <description>
                    
        
<![CDATA[
          <b>P1:</b> Chk28<br>
          <b>P2:</b> OtrD<br>
          <hr>
          <b>Distance:</b> 9.896 miles<br>
          <hr>
          <u>Path P1 → P2:</u><br>
          <b>Forward Azimuth at P1 (Az12):</b> 116.564°<br>
          <b>Back Azimuth at P2 (BackAz12):</b> 116.667°<br>
          <hr>
          <u>Path P2 → P1:</u><br>
          <b>Forward Azimuth at P2 (Az21):</b> 296.667°<br>
          <b>Back Azimuth at P1 (BackAz21):</b> 296.564°<br>
          <hr>
          <b>Filter Reason(s):</b> Az12 target:116.57<br>
          <hr>
          <i>Calculation Method: Ellipsoidal (WGS84)</i>
        ]]>                    
        
                </description>
                <styleUrl>#96</styleUrl>
                <LineString id="94">
                    <coordinates>-77.0776296316338,38.95399489057218,0.0 -76.91344596466341,38.88972524047381,0.0</coordinates>
                </LineString>
            </Placemark>
        </Folder>
        <Folder id="98">
            <Style id="101">
                <LineStyle id="102">
                    <color>FFFF33FF</color>
                    <colorMode>normal</colorMode>
                    <width>1.5</width>
                </LineStyle>
            </Style>
            <name>Chk34</name>
            <Placemark id="100">
                <name>Chk34 → SF02</name>
                <description>
                    
        
<![CDATA[
          <b>P1:</b> Chk34<br>
          <b>P2:</b> SF02<br>
          <hr>
          <b>Distance:</b> 4.713 miles<br>
          <hr>
          <u>Path P1 → P2:</u><br>
          <b>Forward Azimuth at P1 (Az12):</b> 240.002°<br>
          <b>Back Azimuth at P2 (BackAz12):</b> 239.954°<br>
          <hr>
          <u>Path P2 → P1:</u><br>
          <b>Forward Azimuth at P2 (Az21):</b> 59.954°<br>
          <b>Back Azimuth at P1 (BackAz21):</b> 60.002°<br>
          <hr>
          <b>Filter Reason(s):</b> Az12 multiple:15.00<br>
          <hr>
          <i>Calculation Method: Ellipsoidal (WGS84)</i>
        ]]>                    
        
                </description>
                <styleUrl>#101</styleUrl>
                <LineString id="99">
                    <coordinates>-77.01438697638629,38.93536052674429,0.0 -77.0901139945135,38.90117456916591,0.0</coordinates>
                </LineString>
            </Placemark>
        </Folder>
        <Folder id="103">
            <Style id="106">
                <LineStyle id="107">
                    <color>FF99FFFF</color>
                    <colorMode>normal</colorMode>
                    <width>1.5</width>
                </LineStyle>
            </Style>
            <name>Chk42</name>
            <Placemark id="105">
                <name>Chk42 → OtrD</name>
                <description>
                    
        
<![CDATA[
          <b>P1:</b> Chk42<br>
          <b>P2:</b> OtrD<br>
          <hr>
          <b>Distance:</b> 9.005 miles<br>
          <hr>
          <u>Path P1 → P2:</u><br>
          <b>Forward Azimuth at P1 (Az12):</b> 107.999°<br>
          <b>Back Azimuth at P2 (BackAz12):</b> 108.098°<br>
          <hr>
          <u>Path P2 → P1:</u><br>
          <b>Forward Azimuth at P2 (Az21):</b> 288.098°<br>
          <b>Back Azimuth at P1 (BackAz21):</b> 287.999°<br>
          <hr>
          <b>Filter Reason(s):</b> Az12 multiple:18.00<br>
          <hr>
          <i>Calculation Method: Ellipsoidal (WGS84)</i>
        ]]>                    
        
                </description>
                <styleUrl>#106</styleUrl>
                <LineString id="104">
                    <coordinates>-77.07230698965536,38.93017051598103,0.0 -76.91344596466341,38.88972524047381,0.0</coordinates>
                </LineString>
            </Placemark>
        </Folder>
        <Folder id="108">
            <Style id="111">
                <LineStyle id="112">
                    <color>FFFF33FF</color>
                    <colorMode>normal</colorMode>
                    <width>2.5</width>
                </LineStyle>
            </Style>
            <name>Chk44</name>
            <Placemark id="110">
                <name>Chk44 → Chk49</name>
                <description>
                    
        
<![CDATA[
          <b>P1:</b> Chk44<br>
          <b>P2:</b> Chk49<br>
          <hr>
          <b>Distance:</b> 0.748 miles<br>
          <hr>
          <u>Path P1 → P2:</u><br>
          <b>Forward Azimuth at P1 (Az12):</b> 89.997°<br>
          <b>Back Azimuth at P2 (BackAz12):</b> 90.006°<br>
          <hr>
          <u>Path P2 → P1:</u><br>
          <b>Forward Azimuth at P2 (Az21):</b> 270.006°<br>
          <b>Back Azimuth at P1 (BackAz21):</b> 269.997°<br>
          <hr>
          <b>Filter Reason(s):</b> Az12 multiple:15.00, Az12 multiple:18.00<br>
          <hr>
          <i>Calculation Method: Ellipsoidal (WGS84)</i>
        ]]>                    
        
                </description>
                <styleUrl>#111</styleUrl>
                <LineString id="109">
                    <coordinates>-77.04345033773585,38.9096320124952,0.0 -77.02956862943489,38.90963170613946,0.0</coordinates>
                </LineString>
            </Placemark>
        </Folder>
        <Folder id="113">
            <Style id="116">
                <LineStyle id="117">
                    <color>FF99FFFF</color>
                    <colorMode>normal</colorMode>
                    <width>1.5</width>
                </LineStyle>
            </Style>
            <name>Chk45</name>
            <Placemark id="115">
                <name>Chk45 → Chk52</name>
                <description>
                    
        
<![CDATA[
          <b>P1:</b> Chk45<br>
          <b>P2:</b> Chk52<br>
          <hr>
          <b>Distance:</b> 3.898 miles<br>
          <hr>
          <u>Path P1 → P2:</u><br>
          <b>Forward Azimuth at P1 (Az12):</b> 161.987°<br>
          <b>Back Azimuth at P2 (BackAz12):</b> 162.001°<br>
          <hr>
          <u>Path P2 → P1:</u><br>
          <b>Forward Azimuth at P2 (Az21):</b> 342.001°<br>
          <b>Back Azimuth at P1 (BackAz21):</b> 341.987°<br>
          <hr>
          <b>Filter Reason(s):</b> Az21 multiple:18.00<br>
          <hr>
          <i>Calculation Method: Ellipsoidal (WGS84)</i>
        ]]>                    
        
                </description>
                <styleUrl>#116</styleUrl>
                <LineString id="114">
                    <coordinates>-77.02188334594942,38.94732510830963,0.0 -76.99952509051057,38.89358765171932,0.0</coordinates>
                </LineString>
            </Placemark>
        </Folder>
        <Folder id="118">
            <Style id="121">
                <LineStyle id="122">
                    <color>FF00FFFF</color>
                    <colorMode>normal</colorMode>
                    <width>1.5</width>
                </LineStyle>
            </Style>
            <name>Chk46</name>
            <Placemark id="120">
                <name>Chk46 → H13</name>
                <description>
                    
        
<![CDATA[
          <b>P1:</b> Chk46<br>
          <b>P2:</b> H13<br>
          <hr>
          <b>Distance:</b> 5.822 miles<br>
          <hr>
          <u>Path P1 → P2:</u><br>
          <b>Forward Azimuth at P1 (Az12):</b> 34.247°<br>
          <b>Back Azimuth at P2 (BackAz12):</b> 34.285°<br>
          <hr>
          <u>Path P2 → P1:</u><br>
          <b>Forward Azimuth at P2 (Az21):</b> 214.285°<br>
          <b>Back Azimuth at P1 (BackAz21):</b> 214.247°<br>
          <hr>
          <b>Filter Reason(s):</b> Az12 target:34.25<br>
          <hr>
          <i>Calculation Method: Ellipsoidal (WGS84)</i>
        ]]>                    
        
                </description>
                <styleUrl>#121</styleUrl>
                <LineString id="119">
                    <coordinates>-77.07473802861425,38.87650889195688,0.0 -77.01391219662139,38.94626278806017,0.0</coordinates>
                </LineString>
            </Placemark>
        </Folder>
        <Folder id="123">
            <Style id="126">
                <LineStyle id="127">
                    <color>FFFF00FF</color>
                    <colorMode>normal</colorMode>
                    <width>1.5</width>
                </LineStyle>
            </Style>
            <name>Chk47</name>
            <Placemark id="125">
                <name>Chk47 → H24</name>
                <description>
                    
        
<![CDATA[
          <b>P1:</b> Chk47<br>
          <b>P2:</b> H24<br>
          <hr>
          <b>Distance:</b> 4.120 miles<br>
          <hr>
          <u>Path P1 → P2:</u><br>
          <b>Forward Azimuth at P1 (Az12):</b> 239.044°<br>
          <b>Back Azimuth at P2 (BackAz12):</b> 239.003°<br>
          <hr>
          <u>Path P2 → P1:</u><br>
          <b>Forward Azimuth at P2 (Az21):</b> 59.003°<br>
          <b>Back Azimuth at P1 (BackAz21):</b> 59.044°<br>
          <hr>
          <b>Filter Reason(s):</b> Az21 target:59.00<br>
          <hr>
          <i>Calculation Method: Ellipsoidal (WGS84)</i>
        ]]>                    
        
                </description>
                <styleUrl>#126</styleUrl>
                <LineString id="124">
                    <coordinates>-77.00484480332231,38.94812410619182,0.0 -77.0704105785321,38.91738246946505,0.0</coordinates>
                </LineString>
            </Placemark>
        </Folder>
        <Folder id="128">
            <Style id="131">
                <LineStyle id="132">
                    <color>FF5599FF</color>
                    <colorMode>normal</colorMode>
                    <width>1.5</width>
                </LineStyle>
            </Style>
            <name>Chk49</name>
            <Placemark id="130">
                <name>Chk49 → H77</name>
                <description>
                    
        
<![CDATA[
          <b>P1:</b> Chk49<br>
          <b>P2:</b> H77<br>
          <hr>
          <b>Distance:</b> 0.971 miles<br>
          <hr>
          <u>Path P1 → P2:</u><br>
          <b>Forward Azimuth at P1 (Az12):</b> 206.571°<br>
          <b>Back Azimuth at P2 (BackAz12):</b> 206.566°<br>
          <hr>
          <u>Path P2 → P1:</u><br>
          <b>Forward Azimuth at P2 (Az21):</b> 26.566°<br>
          <b>Back Azimuth at P1 (BackAz21):</b> 26.571°<br>
          <hr>
          <b>Filter Reason(s):</b> Az21 target:26.57<br>
          <hr>
          <i>Calculation Method: Ellipsoidal (WGS84)</i>
        ]]>                    
        
                </description>
                <styleUrl>#131</styleUrl>
                <LineString id="129">
                    <coordinates>-77.02956862943489,38.90963170613946,0.0 -77.03762786655247,38.89703882730361,0.0</coordinates>
                </LineString>
            </Placemark>
        </Folder>
        <Folder id="133">
            <Style id="136">
                <LineStyle id="137">
                    <color>FF0099FF</color>
                    <colorMode>normal</colorMode>
                    <width>1.5</width>
                </LineStyle>
            </Style>
            <name>Chk51</name>
            <Placemark id="135">
                <name>Chk51 → RC</name>
                <description>
                    
        
<![CDATA[
          <b>P1:</b> Chk51<br>
          <b>P2:</b> RC<br>
          <hr>
          <b>Distance:</b> 7.482 miles<br>
          <hr>
          <u>Path P1 → P2:</u><br>
          <b>Forward Azimuth at P1 (Az12):</b> 333.475°<br>
          <b>Back Azimuth at P2 (BackAz12):</b> 333.436°<br>
          <hr>
          <u>Path P2 → P1:</u><br>
          <b>Forward Azimuth at P2 (Az21):</b> 153.436°<br>
          <b>Back Azimuth at P1 (BackAz21):</b> 153.475°<br>
          <hr>
          <b>Filter Reason(s):</b> Az21 target:153.44<br>
          <hr>
          <i>Calculation Method: Ellipsoidal (WGS84)</i>
        ]]>                    
        
                </description>
                <styleUrl>#136</styleUrl>
                <LineString id="134">
                    <coordinates>-76.99025683060958,38.88979572156659,0.0 -77.05231894611552,38.98682226543504,0.0</coordinates>
                </LineString>
            </Placemark>
        </Folder>
        <Folder id="138">
            <Style id="141">
                <LineStyle id="142">
                    <color>FF5599FF</color>
                    <colorMode>normal</colorMode>
                    <width>1.5</width>
                </LineStyle>
            </Style>
            <name>Chk52</name>
            <Placemark id="140">
                <name>Chk52 → Chk61</name>
                <description>
                    
        
<![CDATA[
          <b>P1:</b> Chk52<br>
          <b>P2:</b> Chk61<br>
          <hr>
          <b>Distance:</b> 1.412 miles<br>
          <hr>
          <u>Path P1 → P2:</u><br>
          <b>Forward Azimuth at P1 (Az12):</b> 296.580°<br>
          <b>Back Azimuth at P2 (BackAz12):</b> 296.566°<br>
          <hr>
          <u>Path P2 → P1:</u><br>
          <b>Forward Azimuth at P2 (Az21):</b> 116.566°<br>
          <b>Back Azimuth at P1 (BackAz21):</b> 116.580°<br>
          <hr>
          <b>Filter Reason(s):</b> Az21 target:116.57<br>
          <hr>
          <i>Calculation Method: Ellipsoidal (WGS84)</i>
        ]]>                    
        
                </description>
                <styleUrl>#141</styleUrl>
                <LineString id="139">
                    <coordinates>-76.99952509051057,38.89358765171932,0.0 -77.02294473847918,38.9027413920959,0.0</coordinates>
                </LineString>
            </Placemark>
        </Folder>
        <Folder id="143">
            <Style id="146">
                <LineStyle id="147">
                    <color>FF0000FF</color>
                    <colorMode>normal</colorMode>
                    <width>1.5</width>
                </LineStyle>
            </Style>
            <name>Chk53</name>
            <Placemark id="145">
                <name>Chk53 → H27</name>
                <description>
                    
        
<![CDATA[
          <b>P1:</b> Chk53<br>
          <b>P2:</b> H27<br>
          <hr>
          <b>Distance:</b> 9.376 miles<br>
          <hr>
          <u>Path P1 → P2:</u><br>
          <b>Forward Azimuth at P1 (Az12):</b> 254.105°<br>
          <b>Back Azimuth at P2 (BackAz12):</b> 254.000°<br>
          <hr>
          <u>Path P2 → P1:</u><br>
          <b>Forward Azimuth at P2 (Az21):</b> 74.000°<br>
          <b>Back Azimuth at P1 (BackAz21):</b> 74.105°<br>
          <hr>
          <b>Filter Reason(s):</b> Az21 target:74.00<br>
          <hr>
          <i>Calculation Method: Ellipsoidal (WGS84)</i>
        ]]>                    
        
                </description>
                <styleUrl>#146</styleUrl>
                <LineString id="144">
                    <coordinates>-77.00907388669604,38.8706887702613,0.0 -77.17620182600818,38.83334538875507,0.0</coordinates>
                </LineString>
            </Placemark>
        </Folder>
        <Folder id="148">
            <Style id="151">
                <LineStyle id="152">
                    <color>FF5500FF</color>
                    <colorMode>normal</colorMode>
                    <width>1.5</width>
                </LineStyle>
            </Style>
            <name>Chk54</name>
            <Placemark id="150">
                <name>Chk54 → H23</name>
                <description>
                    
        
<![CDATA[
          <b>P1:</b> Chk54<br>
          <b>P2:</b> H23<br>
          <hr>
          <b>Distance:</b> 17.414 miles<br>
          <hr>
          <u>Path P1 → P2:</u><br>
          <b>Forward Azimuth at P1 (Az12):</b> 352.029°<br>
          <b>Back Azimuth at P2 (BackAz12):</b> 352.001°<br>
          <hr>
          <u>Path P2 → P1:</u><br>
          <b>Forward Azimuth at P2 (Az21):</b> 172.001°<br>
          <b>Back Azimuth at P1 (BackAz21):</b> 172.029°<br>
          <hr>
          <b>Filter Reason(s):</b> Az21 target:172.00<br>
          <hr>
          <i>Calculation Method: Ellipsoidal (WGS84)</i>
        ]]>                    
        
                </description>
                <styleUrl>#151</styleUrl>
                <LineString id="149">
                    <coordinates>-77.04351796976675,38.68922831692476,0.0 -77.08834070412745,38.93923731423045,0.0</coordinates>
                </LineString>
            </Placemark>
        </Folder>
        <Folder id="153">
            <Style id="156">
                <LineStyle id="157">
                    <color>FF99FFFF</color>
                    <colorMode>normal</colorMode>
                    <width>2.5</width>
                </LineStyle>
            </Style>
            <name>Chk55</name>
            <Placemark id="155">
                <name>Chk55 → H12</name>
                <description>
                    
        
<![CDATA[
          <b>P1:</b> Chk55<br>
          <b>P2:</b> H12<br>
          <hr>
          <b>Distance:</b> 15.175 miles<br>
          <hr>
          <u>Path P1 → P2:</u><br>
          <b>Forward Azimuth at P1 (Az12):</b> 17.944°<br>
          <b>Back Azimuth at P2 (BackAz12):</b> 17.998°<br>
          <hr>
          <u>Path P2 → P1:</u><br>
          <b>Forward Azimuth at P2 (Az21):</b> 197.998°<br>
          <b>Back Azimuth at P1 (BackAz21):</b> 197.944°<br>
          <hr>
          <b>Filter Reason(s):</b> Az21 multiple:18.00, Az21 target:198.00<br>
          <hr>
          <i>Calculation Method: Ellipsoidal (WGS84)</i>
        ]]>                    
        
                </description>
                <styleUrl>#156</styleUrl>
                <LineString id="154">
                    <coordinates>-77.0352088314432,38.71079049783587,0.0 -76.94844865915428,38.92005589287478,0.0</coordinates>
                </LineString>
            </Placemark>
        </Folder>
        <Folder id="158">
            <Style id="161">
                <LineStyle id="162">
                    <color>FF99FFFF</color>
                    <colorMode>normal</colorMode>
                    <width>1.5</width>
                </LineStyle>
            </Style>
            <Style id="165">
                <LineStyle id="166">
                    <color>FF99FFFF</color>
                    <colorMode>normal</colorMode>
                    <width>1.5</width>
                </LineStyle>
            </Style>
            <name>Chk60</name>
            <Placemark id="160">
                <name>Chk60 → H29</name>
                <description>
                    
        
<![CDATA[
          <b>P1:</b> Chk60<br>
          <b>P2:</b> H29<br>
          <hr>
          <b>Distance:</b> 7.938 miles<br>
          <hr>
          <u>Path P1 → P2:</u><br>
          <b>Forward Azimuth at P1 (Az12):</b> 216.052°<br>
          <b>Back Azimuth at P2 (BackAz12):</b> 215.998°<br>
          <hr>
          <u>Path P2 → P1:</u><br>
          <b>Forward Azimuth at P2 (Az21):</b> 35.998°<br>
          <b>Back Azimuth at P1 (BackAz21):</b> 36.052°<br>
          <hr>
          <b>Filter Reason(s):</b> Az21 multiple:18.00<br>
          <hr>
          <i>Calculation Method: Ellipsoidal (WGS84)</i>
        ]]>                    
        
                </description>
                <styleUrl>#161</styleUrl>
                <LineString id="159">
                    <coordinates>-77.03806204873727,39.00533947251964,0.0 -77.12474875900264,38.91226863882422,0.0</coordinates>
                </LineString>
            </Placemark>
            <Placemark id="164">
                <name>Chk60 → H47</name>
                <description>
                    
        
<![CDATA[
          <b>P1:</b> Chk60<br>
          <b>P2:</b> H47<br>
          <hr>
          <b>Distance:</b> 4.854 miles<br>
          <hr>
          <u>Path P1 → P2:</u><br>
          <b>Forward Azimuth at P1 (Az12):</b> 161.979°<br>
          <b>Back Azimuth at P2 (BackAz12):</b> 161.997°<br>
          <hr>
          <u>Path P2 → P1:</u><br>
          <b>Forward Azimuth at P2 (Az21):</b> 341.997°<br>
          <b>Back Azimuth at P1 (BackAz21):</b> 341.979°<br>
          <hr>
          <b>Filter Reason(s):</b> Az21 multiple:18.00<br>
          <hr>
          <i>Calculation Method: Ellipsoidal (WGS84)</i>
        ]]>                    
        
                </description>
                <styleUrl>#165</styleUrl>
                <LineString id="163">
                    <coordinates>-77.03806204873727,39.00533947251964,0.0 -77.01018660152103,38.93841562644008,0.0</coordinates>
                </LineString>
            </Placemark>
        </Folder>
        <Folder id="167">
            <Style id="170">
                <LineStyle id="171">
                    <color>FF9955FF</color>
                    <colorMode>normal</colorMode>
                    <width>1.5</width>
                </LineStyle>
            </Style>
            <name>CptB</name>
            <Placemark id="169">
                <name>CptB → Chk26</name>
                <description>
                    
        
<![CDATA[
          <b>P1:</b> CptB<br>
          <b>P2:</b> Chk26<br>
          <hr>
          <b>Distance:</b> 5.027 miles<br>
          <hr>
          <u>Path P1 → P2:</u><br>
          <b>Forward Azimuth at P1 (Az12):</b> 88.944°<br>
          <b>Back Azimuth at P2 (BackAz12):</b> 89.003°<br>
          <hr>
          <u>Path P2 → P1:</u><br>
          <b>Forward Azimuth at P2 (Az21):</b> 269.003°<br>
          <b>Back Azimuth at P1 (BackAz21):</b> 268.944°<br>
          <hr>
          <b>Filter Reason(s):</b> Az21 target:269.00<br>
          <hr>
          <i>Calculation Method: Ellipsoidal (WGS84)</i>
        ]]>                    
        
                </description>
                <styleUrl>#170</styleUrl>
                <LineString id="168">
                    <coordinates>-77.00988737303246,38.88556174596554,0.0 -76.91666542015503,38.88686719010732,0.0</coordinates>
                </LineString>
            </Placemark>
        </Folder>
        <Folder id="172">
            <Style id="175">
                <LineStyle id="176">
                    <color>FFFF33FF</color>
                    <colorMode>normal</colorMode>
                    <width>1.5</width>
                </LineStyle>
            </Style>
            <Style id="179">
                <LineStyle id="180">
                    <color>FFFF33FF</color>
                    <colorMode>normal</colorMode>
                    <width>1.5</width>
                </LineStyle>
            </Style>
            <name>Eb</name>
            <Placemark id="174">
                <name>Eb → Nb</name>
                <description>
                    
        
<![CDATA[
          <b>P1:</b> Eb<br>
          <b>P2:</b> Nb<br>
          <hr>
          <b>Distance:</b> 10.050 miles<br>
          <hr>
          <u>Path P1 → P2:</u><br>
          <b>Forward Azimuth at P1 (Az12):</b> 315.084°<br>
          <b>Back Azimuth at P2 (BackAz12):</b> 315.001°<br>
          <hr>
          <u>Path P2 → P1:</u><br>
          <b>Forward Azimuth at P2 (Az21):</b> 135.001°<br>
          <b>Back Azimuth at P1 (BackAz21):</b> 135.084°<br>
          <hr>
          <b>Filter Reason(s):</b> Az21 multiple:15.00<br>
          <hr>
          <i>Calculation Method: Ellipsoidal (WGS84)</i>
        ]]>                    
        
                </description>
                <styleUrl>#175</styleUrl>
                <LineString id="173">
                    <coordinates>-76.90916553,38.89286049999997,0.0 -77.04098558,38.99595650999999,0.0</coordinates>
                </LineString>
            </Placemark>
            <Placemark id="178">
                <name>Eb → RCOthr3a</name>
                <description>
                    
        
<![CDATA[
          <b>P1:</b> Eb<br>
          <b>P2:</b> RCOthr3a<br>
          <hr>
          <b>Distance:</b> 9.817 miles<br>
          <hr>
          <u>Path P1 → P2:</u><br>
          <b>Forward Azimuth at P1 (Az12):</b> 315.080°<br>
          <b>Back Azimuth at P2 (BackAz12):</b> 314.999°<br>
          <hr>
          <u>Path P2 → P1:</u><br>
          <b>Forward Azimuth at P2 (Az21):</b> 134.999°<br>
          <b>Back Azimuth at P1 (BackAz21):</b> 135.080°<br>
          <hr>
          <b>Filter Reason(s):</b> Az21 multiple:15.00<br>
          <hr>
          <i>Calculation Method: Ellipsoidal (WGS84)</i>
        ]]>                    
        
                </description>
                <styleUrl>#179</styleUrl>
                <LineString id="177">
                    <coordinates>-76.90916553,38.89286049999997,0.0 -77.03793092768112,38.99355611820573,0.0</coordinates>
                </LineString>
            </Placemark>
        </Folder>
        <Folder id="181">
            <Style id="184">
                <LineStyle id="185">
                    <color>FF9955FF</color>
                    <colorMode>normal</colorMode>
                    <width>1.5</width>
                </LineStyle>
            </Style>
            <name>Gs3</name>
            <Placemark id="183">
                <name>Gs3 → OtrC</name>
                <description>
                    
        
<![CDATA[
          <b>P1:</b> Gs3<br>
          <b>P2:</b> OtrC<br>
          <hr>
          <b>Distance:</b> 2.580 miles<br>
          <hr>
          <u>Path P1 → P2:</u><br>
          <b>Forward Azimuth at P1 (Az12):</b> 44.000°<br>
          <b>Back Azimuth at P2 (BackAz12):</b> 44.021°<br>
          <hr>
          <u>Path P2 → P1:</u><br>
          <b>Forward Azimuth at P2 (Az21):</b> 224.021°<br>
          <b>Back Azimuth at P1 (BackAz21):</b> 224.000°<br>
          <hr>
          <b>Filter Reason(s):</b> Az12 target:44.00<br>
          <hr>
          <i>Calculation Method: Ellipsoidal (WGS84)</i>
        ]]>                    
        
                </description>
                <styleUrl>#184</styleUrl>
                <LineString id="182">
                    <coordinates>-77.0180027100891,38.92487183560202,0.0 -76.98472940704961,38.95177142459147,0.0</coordinates>
                </LineString>
            </Placemark>
        </Folder>
        <Folder id="186">
            <Style id="189">
                <LineStyle id="190">
                    <color>FFFF33FF</color>
                    <colorMode>normal</colorMode>
                    <width>1.5</width>
                </LineStyle>
            </Style>
            <Style id="193">
                <LineStyle id="194">
                    <color>FFFF33FF</color>
                    <colorMode>normal</colorMode>
                    <width>1.5</width>
                </LineStyle>
            </Style>
            <name>Gs4</name>
            <Placemark id="188">
                <name>Gs4 → Chk11</name>
                <description>
                    
        
<![CDATA[
          <b>P1:</b> Gs4<br>
          <b>P2:</b> Chk11<br>
          <hr>
          <b>Distance:</b> 2.615 miles<br>
          <hr>
          <u>Path P1 → P2:</u><br>
          <b>Forward Azimuth at P1 (Az12):</b> 240.000°<br>
          <b>Back Azimuth at P2 (BackAz12):</b> 239.973°<br>
          <hr>
          <u>Path P2 → P1:</u><br>
          <b>Forward Azimuth at P2 (Az21):</b> 59.973°<br>
          <b>Back Azimuth at P1 (BackAz21):</b> 60.000°<br>
          <hr>
          <b>Filter Reason(s):</b> Az12 multiple:15.00<br>
          <hr>
          <i>Calculation Method: Ellipsoidal (WGS84)</i>
        ]]>                    
        
                </description>
                <styleUrl>#189</styleUrl>
                <LineString id="187">
                    <coordinates>-77.09353884670664,38.9132912447494,0.0 -77.13554467903445,38.89433083867851,0.0</coordinates>
                </LineString>
            </Placemark>
            <Placemark id="192">
                <name>Gs4 → KS</name>
                <description>
                    
        
<![CDATA[
          <b>P1:</b> Gs4<br>
          <b>P2:</b> KS<br>
          <hr>
          <b>Distance:</b> 8.780 miles<br>
          <hr>
          <u>Path P1 → P2:</u><br>
          <b>Forward Azimuth at P1 (Az12):</b> 164.999°<br>
          <b>Back Azimuth at P2 (BackAz12):</b> 165.026°<br>
          <hr>
          <u>Path P2 → P1:</u><br>
          <b>Forward Azimuth at P2 (Az21):</b> 345.026°<br>
          <b>Back Azimuth at P1 (BackAz21):</b> 344.999°<br>
          <hr>
          <b>Filter Reason(s):</b> Az12 multiple:15.00<br>
          <hr>
          <i>Calculation Method: Ellipsoidal (WGS84)</i>
        ]]>                    
        
                </description>
                <styleUrl>#193</styleUrl>
                <LineString id="191">
                    <coordinates>-77.09353884670664,38.9132912447494,0.0 -77.051444,38.790339,0.0</coordinates>
                </LineString>
            </Placemark>
        </Folder>
        <Folder id="195">
            <Style id="198">
                <LineStyle id="199">
                    <color>FFFF33FF</color>
                    <colorMode>normal</colorMode>
                    <width>2.5</width>
                </LineStyle>
            </Style>
            <name>Gs9</name>
            <Placemark id="197">
                <name>Gs9 → I014</name>
                <description>
                    
        
<![CDATA[
          <b>P1:</b> Gs9<br>
          <b>P2:</b> I014<br>
          <hr>
          <b>Distance:</b> 7.777 miles<br>
          <hr>
          <u>Path P1 → P2:</u><br>
          <b>Forward Azimuth at P1 (Az12):</b> 359.999°<br>
          <b>Back Azimuth at P2 (BackAz12):</b> 359.999°<br>
          <hr>
          <u>Path P2 → P1:</u><br>
          <b>Forward Azimuth at P2 (Az21):</b> 179.999°<br>
          <b>Back Azimuth at P1 (BackAz21):</b> 179.999°<br>
          <hr>
          <b>Filter Reason(s):</b> Az12 multiple:15.00, Az12 multiple:18.00, Az21 multiple:15.00, Az21 multiple:18.00<br>
          <hr>
          <i>Calculation Method: Ellipsoidal (WGS84)</i>
        ]]>                    
        
                </description>
                <styleUrl>#198</styleUrl>
                <LineString id="196">
                    <coordinates>-77.03197308076226,38.79290977473043,0.0 -77.03197530601018,38.90564871624386,0.0</coordinates>
                </LineString>
            </Placemark>
        </Folder>
        <Folder id="200">
            <Style id="203">
                <LineStyle id="204">
                    <color>FF99FFFF</color>
                    <colorMode>normal</colorMode>
                    <width>1.5</width>
                </LineStyle>
            </Style>
            <name>H24</name>
            <Placemark id="202">
                <name>H24 → Pk01</name>
                <description>
                    
        
<![CDATA[
          <b>P1:</b> H24<br>
          <b>P2:</b> Pk01<br>
          <hr>
          <b>Distance:</b> 29.459 miles<br>
          <hr>
          <u>Path P1 → P2:</u><br>
          <b>Forward Azimuth at P1 (Az12):</b> 323.999°<br>
          <b>Back Azimuth at P2 (BackAz12):</b> 323.796°<br>
          <hr>
          <u>Path P2 → P1:</u><br>
          <b>Forward Azimuth at P2 (Az21):</b> 143.796°<br>
          <b>Back Azimuth at P1 (BackAz21):</b> 143.999°<br>
          <hr>
          <b>Filter Reason(s):</b> Az12 multiple:18.00<br>
          <hr>
          <i>Calculation Method: Ellipsoidal (WGS84)</i>
        ]]>                    
        
                </description>
                <styleUrl>#203</styleUrl>
                <LineString id="201">
                    <coordinates>-77.0704105785321,38.91738246946505,0.0 -77.39330127153266,39.26242301794514,0.0</coordinates>
                </LineString>
            </Placemark>
        </Folder>
        <Folder id="205">
            <Style id="208">
                <LineStyle id="209">
                    <color>FFFF00FF</color>
                    <colorMode>normal</colorMode>
                    <width>1.5</width>
                </LineStyle>
            </Style>
            <Style id="212">
                <LineStyle id="213">
                    <color>FFFF33FF</color>
                    <colorMode>normal</colorMode>
                    <width>2.5</width>
                </LineStyle>
            </Style>
            <name>H31</name>
            <Placemark id="207">
                <name>H31 → H52</name>
                <description>
                    
        
<![CDATA[
          <b>P1:</b> H31<br>
          <b>P2:</b> H52<br>
          <hr>
          <b>Distance:</b> 1.194 miles<br>
          <hr>
          <u>Path P1 → P2:</u><br>
          <b>Forward Azimuth at P1 (Az12):</b> 120.998°<br>
          <b>Back Azimuth at P2 (BackAz12):</b> 121.010°<br>
          <hr>
          <u>Path P2 → P1:</u><br>
          <b>Forward Azimuth at P2 (Az21):</b> 301.010°<br>
          <b>Back Azimuth at P1 (BackAz21):</b> 300.998°<br>
          <hr>
          <b>Filter Reason(s):</b> Az12 target:121.00<br>
          <hr>
          <i>Calculation Method: Ellipsoidal (WGS84)</i>
        ]]>                    
        
                </description>
                <styleUrl>#208</styleUrl>
                <LineString id="206">
                    <coordinates>-77.09367738494352,38.93203756982007,0.0 -77.0746835467705,38.92312150962155,0.0</coordinates>
                </LineString>
            </Placemark>
            <Placemark id="211">
                <name>H31 → Pk05</name>
                <description>
                    
        
<![CDATA[
          <b>P1:</b> H31<br>
          <b>P2:</b> Pk05<br>
          <hr>
          <b>Distance:</b> 65.542 miles<br>
          <hr>
          <u>Path P1 → P2:</u><br>
          <b>Forward Azimuth at P1 (Az12):</b> 270.003°<br>
          <b>Back Azimuth at P2 (BackAz12):</b> 269.239°<br>
          <hr>
          <u>Path P2 → P1:</u><br>
          <b>Forward Azimuth at P2 (Az21):</b> 89.239°<br>
          <b>Back Azimuth at P1 (BackAz21):</b> 90.003°<br>
          <hr>
          <b>Filter Reason(s):</b> Az12 multiple:15.00, Az12 multiple:18.00<br>
          <hr>
          <i>Calculation Method: Ellipsoidal (WGS84)</i>
        ]]>                    
        
                </description>
                <styleUrl>#212</styleUrl>
                <LineString id="210">
                    <coordinates>-77.09367738494352,38.93203756982007,0.0 -78.31007370765774,38.92574773485303,0.0</coordinates>
                </LineString>
            </Placemark>
        </Folder>
        <Folder id="214">
            <Style id="217">
                <LineStyle id="218">
                    <color>FF9999FF</color>
                    <colorMode>normal</colorMode>
                    <width>1.5</width>
                </LineStyle>
            </Style>
            <name>H66</name>
            <Placemark id="216">
                <name>H66 → H27</name>
                <description>
                    
        
<![CDATA[
          <b>P1:</b> H66<br>
          <b>P2:</b> H27<br>
          <hr>
          <b>Distance:</b> 6.413 miles<br>
          <hr>
          <u>Path P1 → P2:</u><br>
          <b>Forward Azimuth at P1 (Az12):</b> 219.280°<br>
          <b>Back Azimuth at P2 (BackAz12):</b> 219.233°<br>
          <hr>
          <u>Path P2 → P1:</u><br>
          <b>Forward Azimuth at P2 (Az21):</b> 39.233°<br>
          <b>Back Azimuth at P1 (BackAz21):</b> 39.280°<br>
          <hr>
          <b>Filter Reason(s):</b> Az21 target:39.23<br>
          <hr>
          <i>Calculation Method: Ellipsoidal (WGS84)</i>
        ]]>                    
        
                </description>
                <styleUrl>#217</styleUrl>
                <LineString id="215">
                    <coordinates>-77.10094955658019,38.90533124793031,0.0 -77.17620182600818,38.83334538875507,0.0</coordinates>
                </LineString>
            </Placemark>
        </Folder>
        <Folder id="219">
            <Style id="222">
                <LineStyle id="223">
                    <color>FFFF33FF</color>
                    <colorMode>normal</colorMode>
                    <width>1.5</width>
                </LineStyle>
            </Style>
            <name>HighWb</name>
            <Placemark id="221">
                <name>HighWb → WHa</name>
                <description>
                    
        
<![CDATA[
          <b>P1:</b> HighWb<br>
          <b>P2:</b> WHa<br>
          <hr>
          <b>Distance:</b> 6.405 miles<br>
          <hr>
          <u>Path P1 → P2:</u><br>
          <b>Forward Azimuth at P1 (Az12):</b> 14.980°<br>
          <b>Back Azimuth at P2 (BackAz12):</b> 14.999°<br>
          <hr>
          <u>Path P2 → P1:</u><br>
          <b>Forward Azimuth at P2 (Az21):</b> 194.999°<br>
          <b>Back Azimuth at P1 (BackAz21):</b> 194.980°<br>
          <hr>
          <b>Filter Reason(s):</b> Az21 multiple:15.00<br>
          <hr>
          <i>Calculation Method: Ellipsoidal (WGS84)</i>
        ]]>                    
        
                </description>
                <styleUrl>#222</styleUrl>
                <LineString id="220">
                    <coordinates>-77.06728222257168,38.80859367009808,0.0 -77.036569,38.89828563763562,0.0</coordinates>
                </LineString>
            </Placemark>
        </Folder>
        <Folder id="224">
            <Style id="227">
                <LineStyle id="228">
                    <color>FFFF33FF</color>
                    <colorMode>normal</colorMode>
                    <width>2.5</width>
                </LineStyle>
            </Style>
            <name>Hk</name>
            <Placemark id="226">
                <name>Hk → KS</name>
                <description>
                    
        
<![CDATA[
          <b>P1:</b> Hk<br>
          <b>P2:</b> KS<br>
          <hr>
          <b>Distance:</b> 7.229 miles<br>
          <hr>
          <u>Path P1 → P2:</u><br>
          <b>Forward Azimuth at P1 (Az12):</b> 180.000°<br>
          <b>Back Azimuth at P2 (BackAz12):</b> 180.000°<br>
          <hr>
          <u>Path P2 → P1:</u><br>
          <b>Forward Azimuth at P2 (Az21):</b> 0.000°<br>
          <b>Back Azimuth at P1 (BackAz21):</b> 0.000°<br>
          <hr>
          <b>Filter Reason(s):</b> Az12 multiple:15.00, Az12 multiple:18.00, Az21 multiple:15.00, Az21 multiple:18.00<br>
          <hr>
          <i>Calculation Method: Ellipsoidal (WGS84)</i>
        ]]>                    
        
                </description>
                <styleUrl>#227</styleUrl>
                <LineString id="225">
                    <coordinates>-77.051444,38.8951366,0.0 -77.051444,38.790339,0.0</coordinates>
                </LineString>
            </Placemark>
        </Folder>
        <Folder id="229">
            <Style id="232">
                <LineStyle id="233">
                    <color>FF0099FF</color>
                    <colorMode>normal</colorMode>
                    <width>1.5</width>
                </LineStyle>
            </Style>
            <Style id="236">
                <LineStyle id="237">
                    <color>FFFF33FF</color>
                    <colorMode>normal</colorMode>
                    <width>2.5</width>
                </LineStyle>
            </Style>
            <Style id="240">
                <LineStyle id="241">
                    <color>FFFF33FF</color>
                    <colorMode>normal</colorMode>
                    <width>2.5</width>
                </LineStyle>
            </Style>
            <Style id="244">
                <LineStyle id="245">
                    <color>FFFF33FF</color>
                    <colorMode>normal</colorMode>
                    <width>2.5</width>
                </LineStyle>
            </Style>
            <Style id="248">
                <LineStyle id="249">
                    <color>FFFF33FF</color>
                    <colorMode>normal</colorMode>
                    <width>2.5</width>
                </LineStyle>
            </Style>
            <Style id="252">
                <LineStyle id="253">
                    <color>FFFF33FF</color>
                    <colorMode>normal</colorMode>
                    <width>2.5</width>
                </LineStyle>
            </Style>
            <name>J</name>
            <Placemark id="231">
                <name>J → Chk28</name>
                <description>
                    
        
<![CDATA[
          <b>P1:</b> J<br>
          <b>P2:</b> Chk28<br>
          <hr>
          <b>Distance:</b> 4.950 miles<br>
          <hr>
          <u>Path P1 → P2:</u><br>
          <b>Forward Azimuth at P1 (Az12):</b> 333.463°<br>
          <b>Back Azimuth at P2 (BackAz12):</b> 333.437°<br>
          <hr>
          <u>Path P2 → P1:</u><br>
          <b>Forward Azimuth at P2 (Az21):</b> 153.437°<br>
          <b>Back Azimuth at P1 (BackAz21):</b> 153.463°<br>
          <hr>
          <b>Filter Reason(s):</b> Az21 target:153.44<br>
          <hr>
          <i>Calculation Method: Ellipsoidal (WGS84)</i>
        ]]>                    
        
                </description>
                <styleUrl>#232</styleUrl>
                <LineString id="230">
                    <coordinates>-77.03656908080315,38.889801,0.0 -77.0776296316338,38.95399489057218,0.0</coordinates>
                </LineString>
            </Placemark>
            <Placemark id="235">
                <name>J → Chk63</name>
                <description>
                    
        
<![CDATA[
          <b>P1:</b> J<br>
          <b>P2:</b> Chk63<br>
          <hr>
          <b>Distance:</b> 0.703 miles<br>
          <hr>
          <u>Path P1 → P2:</u><br>
          <b>Forward Azimuth at P1 (Az12):</b> 0.000°<br>
          <b>Back Azimuth at P2 (BackAz12):</b> 0.000°<br>
          <hr>
          <u>Path P2 → P1:</u><br>
          <b>Forward Azimuth at P2 (Az21):</b> 180.000°<br>
          <b>Back Azimuth at P1 (BackAz21):</b> 180.000°<br>
          <hr>
          <b>Filter Reason(s):</b> Az12 multiple:15.00, Az12 multiple:18.00, Az21 multiple:15.00, Az21 multiple:18.00<br>
          <hr>
          <i>Calculation Method: Ellipsoidal (WGS84)</i>
        ]]>                    
        
                </description>
                <styleUrl>#236</styleUrl>
                <LineString id="234">
                    <coordinates>-77.03656908080315,38.889801,0.0 -77.036569,38.89999431930673,0.0</coordinates>
                </LineString>
            </Placemark>
            <Placemark id="239">
                <name>J → WHa</name>
                <description>
                    
        
<![CDATA[
          <b>P1:</b> J<br>
          <b>P2:</b> WHa<br>
          <hr>
          <b>Distance:</b> 0.585 miles<br>
          <hr>
          <u>Path P1 → P2:</u><br>
          <b>Forward Azimuth at P1 (Az12):</b> 0.000°<br>
          <b>Back Azimuth at P2 (BackAz12):</b> 0.000°<br>
          <hr>
          <u>Path P2 → P1:</u><br>
          <b>Forward Azimuth at P2 (Az21):</b> 180.000°<br>
          <b>Back Azimuth at P1 (BackAz21):</b> 180.000°<br>
          <hr>
          <b>Filter Reason(s):</b> Az12 multiple:15.00, Az12 multiple:18.00, Az21 multiple:15.00, Az21 multiple:18.00<br>
          <hr>
          <i>Calculation Method: Ellipsoidal (WGS84)</i>
        ]]>                    
        
                </description>
                <styleUrl>#240</styleUrl>
                <LineString id="238">
                    <coordinates>-77.03656908080315,38.889801,0.0 -77.036569,38.89828563763562,0.0</coordinates>
                </LineString>
            </Placemark>
            <Placemark id="243">
                <name>J → WHb</name>
                <description>
                    
        
<![CDATA[
          <b>P1:</b> J<br>
          <b>P2:</b> WHb<br>
          <hr>
          <b>Distance:</b> 0.434 miles<br>
          <hr>
          <u>Path P1 → P2:</u><br>
          <b>Forward Azimuth at P1 (Az12):</b> 0.002°<br>
          <b>Back Azimuth at P2 (BackAz12):</b> 0.002°<br>
          <hr>
          <u>Path P2 → P1:</u><br>
          <b>Forward Azimuth at P2 (Az21):</b> 180.002°<br>
          <b>Back Azimuth at P1 (BackAz21):</b> 180.002°<br>
          <hr>
          <b>Filter Reason(s):</b> Az12 multiple:15.00, Az12 multiple:18.00, Az21 multiple:15.00, Az21 multiple:18.00<br>
          <hr>
          <i>Calculation Method: Ellipsoidal (WGS84)</i>
        ]]>                    
        
                </description>
                <styleUrl>#244</styleUrl>
                <LineString id="242">
                    <coordinates>-77.03656908080315,38.889801,0.0 -77.03656881060775,38.89609664728791,0.0</coordinates>
                </LineString>
            </Placemark>
            <Placemark id="247">
                <name>J → WHn</name>
                <description>
                    
        
<![CDATA[
          <b>P1:</b> J<br>
          <b>P2:</b> WHn<br>
          <hr>
          <b>Distance:</b> 0.557 miles<br>
          <hr>
          <u>Path P1 → P2:</u><br>
          <b>Forward Azimuth at P1 (Az12):</b> 0.000°<br>
          <b>Back Azimuth at P2 (BackAz12):</b> 0.000°<br>
          <hr>
          <u>Path P2 → P1:</u><br>
          <b>Forward Azimuth at P2 (Az21):</b> 180.000°<br>
          <b>Back Azimuth at P1 (BackAz21):</b> 180.000°<br>
          <hr>
          <b>Filter Reason(s):</b> Az12 multiple:15.00, Az12 multiple:18.00, Az21 multiple:15.00, Az21 multiple:18.00<br>
          <hr>
          <i>Calculation Method: Ellipsoidal (WGS84)</i>
        ]]>                    
        
                </description>
                <styleUrl>#248</styleUrl>
                <LineString id="246">
                    <coordinates>-77.03656908080315,38.889801,0.0 -77.036569,38.89787121557463,0.0</coordinates>
                </LineString>
            </Placemark>
            <Placemark id="251">
                <name>J → WHs</name>
                <description>
                    
        
<![CDATA[
          <b>P1:</b> J<br>
          <b>P2:</b> WHs<br>
          <hr>
          <b>Distance:</b> 0.535 miles<br>
          <hr>
          <u>Path P1 → P2:</u><br>
          <b>Forward Azimuth at P1 (Az12):</b> 0.000°<br>
          <b>Back Azimuth at P2 (BackAz12):</b> 0.000°<br>
          <hr>
          <u>Path P2 → P1:</u><br>
          <b>Forward Azimuth at P2 (Az21):</b> 180.000°<br>
          <b>Back Azimuth at P1 (BackAz21):</b> 180.000°<br>
          <hr>
          <b>Filter Reason(s):</b> Az12 multiple:15.00, Az12 multiple:18.00, Az21 multiple:15.00, Az21 multiple:18.00<br>
          <hr>
          <i>Calculation Method: Ellipsoidal (WGS84)</i>
        ]]>                    
        
                </description>
                <styleUrl>#252</styleUrl>
                <LineString id="250">
                    <coordinates>-77.03656908080315,38.889801,0.0 -77.036569,38.897561,0.0</coordinates>
                </LineString>
            </Placemark>
        </Folder>
        <Folder id="254">
            <Style id="257">
                <LineStyle id="258">
                    <color>FFFF33FF</color>
                    <colorMode>normal</colorMode>
                    <width>2.5</width>
                </LineStyle>
            </Style>
            <Style id="261">
                <LineStyle id="262">
                    <color>FF0000FF</color>
                    <colorMode>normal</colorMode>
                    <width>1.5</width>
                </LineStyle>
            </Style>
            <name>K</name>
            <Placemark id="256">
                <name>K → B</name>
                <description>
                    
        
<![CDATA[
          <b>P1:</b> K<br>
          <b>P2:</b> B<br>
          <hr>
          <b>Distance:</b> 2.288 miles<br>
          <hr>
          <u>Path P1 → P2:</u><br>
          <b>Forward Azimuth at P1 (Az12):</b> 90.000°<br>
          <b>Back Azimuth at P2 (BackAz12):</b> 90.027°<br>
          <hr>
          <u>Path P2 → P1:</u><br>
          <b>Forward Azimuth at P2 (Az21):</b> 270.027°<br>
          <b>Back Azimuth at P1 (BackAz21):</b> 270.000°<br>
          <hr>
          <b>Filter Reason(s):</b> Az12 multiple:15.00, Az12 multiple:18.00<br>
          <hr>
          <i>Calculation Method: Ellipsoidal (WGS84)</i>
        ]]>                    
        
                </description>
                <styleUrl>#257</styleUrl>
                <LineString id="255">
                    <coordinates>-77.051435,38.892755,0.0 -77.008989,38.892747285,0.0</coordinates>
                </LineString>
            </Placemark>
            <Placemark id="260">
                <name>K → H70b</name>
                <description>
                    
        
<![CDATA[
          <b>P1:</b> K<br>
          <b>P2:</b> H70b<br>
          <hr>
          <b>Distance:</b> 4.094 miles<br>
          <hr>
          <u>Path P1 → P2:</u><br>
          <b>Forward Azimuth at P1 (Az12):</b> 73.003°<br>
          <b>Back Azimuth at P2 (BackAz12):</b> 73.049°<br>
          <hr>
          <u>Path P2 → P1:</u><br>
          <b>Forward Azimuth at P2 (Az21):</b> 253.049°<br>
          <b>Back Azimuth at P1 (BackAz21):</b> 253.003°<br>
          <hr>
          <b>Filter Reason(s):</b> Az12 target:73.00<br>
          <hr>
          <i>Calculation Method: Ellipsoidal (WGS84)</i>
        ]]>                    
        
                </description>
                <styleUrl>#261</styleUrl>
                <LineString id="259">
                    <coordinates>-77.051435,38.892755,0.0 -76.97878782846644,38.91008217241069,0.0</coordinates>
                </LineString>
            </Placemark>
        </Folder>
        <Folder id="263">
            <Style id="266">
                <LineStyle id="267">
                    <color>FF99FFFF</color>
                    <colorMode>normal</colorMode>
                    <width>1.5</width>
                </LineStyle>
            </Style>
            <name>Lcnr</name>
            <Placemark id="265">
                <name>Lcnr → H69</name>
                <description>
                    
        
<![CDATA[
          <b>P1:</b> Lcnr<br>
          <b>P2:</b> H69<br>
          <hr>
          <b>Distance:</b> 1.493 miles<br>
          <hr>
          <u>Path P1 → P2:</u><br>
          <b>Forward Azimuth at P1 (Az12):</b> 234.000°<br>
          <b>Back Azimuth at P2 (BackAz12):</b> 233.986°<br>
          <hr>
          <u>Path P2 → P1:</u><br>
          <b>Forward Azimuth at P2 (Az21):</b> 53.986°<br>
          <b>Back Azimuth at P1 (BackAz21):</b> 54.000°<br>
          <hr>
          <b>Filter Reason(s):</b> Az12 multiple:18.00<br>
          <hr>
          <i>Calculation Method: Ellipsoidal (WGS84)</i>
        ]]>                    
        
                </description>
                <styleUrl>#266</styleUrl>
                <LineString id="264">
                    <coordinates>-77.04994269848781,38.88906071490013,0.0 -77.07234178427055,38.87633745296441,0.0</coordinates>
                </LineString>
            </Placemark>
        </Folder>
        <Folder id="268">
            <Style id="271">
                <LineStyle id="272">
                    <color>FF00FFFF</color>
                    <colorMode>normal</colorMode>
                    <width>1.5</width>
                </LineStyle>
            </Style>
            <name>Lz</name>
            <Placemark id="270">
                <name>Lz → Chk48</name>
                <description>
                    
        
<![CDATA[
          <b>P1:</b> Lz<br>
          <b>P2:</b> Chk48<br>
          <hr>
          <b>Distance:</b> 1.502 miles<br>
          <hr>
          <u>Path P1 → P2:</u><br>
          <b>Forward Azimuth at P1 (Az12):</b> 34.252°<br>
          <b>Back Azimuth at P2 (BackAz12):</b> 34.262°<br>
          <hr>
          <u>Path P2 → P1:</u><br>
          <b>Forward Azimuth at P2 (Az21):</b> 214.262°<br>
          <b>Back Azimuth at P1 (BackAz21):</b> 214.252°<br>
          <hr>
          <b>Filter Reason(s):</b> Az12 target:34.25<br>
          <hr>
          <i>Calculation Method: Ellipsoidal (WGS84)</i>
        ]]>                    
        
                </description>
                <styleUrl>#271</styleUrl>
                <LineString id="269">
                    <coordinates>-77.05220920463091,38.88921687259635,0.0 -77.0365266731042,38.90721119681356,0.0</coordinates>
                </LineString>
            </Placemark>
        </Folder>
        <Folder id="273">
            <Style id="276">
                <LineStyle id="277">
                    <color>FFFF00FF</color>
                    <colorMode>normal</colorMode>
                    <width>1.5</width>
                </LineStyle>
            </Style>
            <name>NOa</name>
            <Placemark id="275">
                <name>NOa → Chk48</name>
                <description>
                    
        
<![CDATA[
          <b>P1:</b> NOa<br>
          <b>P2:</b> Chk48<br>
          <hr>
          <b>Distance:</b> 1.919 miles<br>
          <hr>
          <u>Path P1 → P2:</u><br>
          <b>Forward Azimuth at P1 (Az12):</b> 120.998°<br>
          <b>Back Azimuth at P2 (BackAz12):</b> 121.017°<br>
          <hr>
          <u>Path P2 → P1:</u><br>
          <b>Forward Azimuth at P2 (Az21):</b> 301.017°<br>
          <b>Back Azimuth at P1 (BackAz21):</b> 300.998°<br>
          <hr>
          <b>Filter Reason(s):</b> Az12 target:121.00<br>
          <hr>
          <i>Calculation Method: Ellipsoidal (WGS84)</i>
        ]]>                    
        
                </description>
                <styleUrl>#276</styleUrl>
                <LineString id="274">
                    <coordinates>-77.06705128052432,38.92154464050518,0.0 -77.0365266731042,38.90721119681356,0.0</coordinates>
                </LineString>
            </Placemark>
        </Folder>
        <Folder id="278">
            <Style id="281">
                <LineStyle id="282">
                    <color>FFFF33FF</color>
                    <colorMode>normal</colorMode>
                    <width>1.5</width>
                </LineStyle>
            </Style>
            <name>OtrA</name>
            <Placemark id="280">
                <name>OtrA → OtrB</name>
                <description>
                    
        
<![CDATA[
          <b>P1:</b> OtrA<br>
          <b>P2:</b> OtrB<br>
          <hr>
          <b>Distance:</b> 3.005 miles<br>
          <hr>
          <u>Path P1 → P2:</u><br>
          <b>Forward Azimuth at P1 (Az12):</b> 315.000°<br>
          <b>Back Azimuth at P2 (BackAz12):</b> 314.975°<br>
          <hr>
          <u>Path P2 → P1:</u><br>
          <b>Forward Azimuth at P2 (Az21):</b> 134.975°<br>
          <b>Back Azimuth at P1 (BackAz21):</b> 135.000°<br>
          <hr>
          <b>Filter Reason(s):</b> Az12 multiple:15.00<br>
          <hr>
          <i>Calculation Method: Ellipsoidal (WGS84)</i>
        ]]>                    
        
                </description>
                <styleUrl>#281</styleUrl>
                <LineString id="279">
                    <coordinates>-76.95188801292042,38.92624596949343,0.0 -76.99134485249716,38.95704643888089,0.0</coordinates>
                </LineString>
            </Placemark>
        </Folder>
        <Folder id="283">
            <Style id="286">
                <LineStyle id="287">
                    <color>FF99FFFF</color>
                    <colorMode>normal</colorMode>
                    <width>1.5</width>
                </LineStyle>
            </Style>
            <name>P</name>
            <Placemark id="285">
                <name>P → H20</name>
                <description>
                    
        
<![CDATA[
          <b>P1:</b> P<br>
          <b>P2:</b> H20<br>
          <hr>
          <b>Distance:</b> 3.778 miles<br>
          <hr>
          <u>Path P1 → P2:</u><br>
          <b>Forward Azimuth at P1 (Az12):</b> 342.000°<br>
          <b>Back Azimuth at P2 (BackAz12):</b> 341.987°<br>
          <hr>
          <u>Path P2 → P1:</u><br>
          <b>Forward Azimuth at P2 (Az21):</b> 161.987°<br>
          <b>Back Azimuth at P1 (BackAz21):</b> 162.000°<br>
          <hr>
          <b>Filter Reason(s):</b> Az12 multiple:18.00<br>
          <hr>
          <i>Calculation Method: Ellipsoidal (WGS84)</i>
        ]]>                    
        
                </description>
                <styleUrl>#286</styleUrl>
                <LineString id="284">
                    <coordinates>-77.05596854698287,38.87100323118176,0.0 -77.07763287849671,38.9230873705844,0.0</coordinates>
                </LineString>
            </Placemark>
        </Folder>
        <Folder id="288">
            <Style id="291">
                <LineStyle id="292">
                    <color>FF00FFFF</color>
                    <colorMode>normal</colorMode>
                    <width>1.5</width>
                </LineStyle>
            </Style>
            <Style id="295">
                <LineStyle id="296">
                    <color>FFFF33FF</color>
                    <colorMode>normal</colorMode>
                    <width>1.5</width>
                </LineStyle>
            </Style>
            <name>POOthr3b</name>
            <Placemark id="290">
                <name>POOthr3b → H60</name>
                <description>
                    
        
<![CDATA[
          <b>P1:</b> POOthr3b<br>
          <b>P2:</b> H60<br>
          <hr>
          <b>Distance:</b> 11.662 miles<br>
          <hr>
          <u>Path P1 → P2:</u><br>
          <b>Forward Azimuth at P1 (Az12):</b> 34.251°<br>
          <b>Back Azimuth at P2 (BackAz12):</b> 34.327°<br>
          <hr>
          <u>Path P2 → P1:</u><br>
          <b>Forward Azimuth at P2 (Az21):</b> 214.327°<br>
          <b>Back Azimuth at P1 (BackAz21):</b> 214.251°<br>
          <hr>
          <b>Filter Reason(s):</b> Az12 target:34.25<br>
          <hr>
          <i>Calculation Method: Ellipsoidal (WGS84)</i>
        ]]>                    
        
                </description>
                <styleUrl>#291</styleUrl>
                <LineString id="289">
                    <coordinates>-77.03902815721085,38.79164360258566,0.0 -76.91720945574568,38.93132296535497,0.0</coordinates>
                </LineString>
            </Placemark>
            <Placemark id="294">
                <name>POOthr3b → OtrD</name>
                <description>
                    
        
<![CDATA[
          <b>P1:</b> POOthr3b<br>
          <b>P2:</b> OtrD<br>
          <hr>
          <b>Distance:</b> 9.575 miles<br>
          <hr>
          <u>Path P1 → P2:</u><br>
          <b>Forward Azimuth at P1 (Az12):</b> 45.000°<br>
          <b>Back Azimuth at P2 (BackAz12):</b> 45.078°<br>
          <hr>
          <u>Path P2 → P1:</u><br>
          <b>Forward Azimuth at P2 (Az21):</b> 225.078°<br>
          <b>Back Azimuth at P1 (BackAz21):</b> 225.000°<br>
          <hr>
          <b>Filter Reason(s):</b> Az12 multiple:15.00<br>
          <hr>
          <i>Calculation Method: Ellipsoidal (WGS84)</i>
        ]]>                    
        
                </description>
                <styleUrl>#295</styleUrl>
                <LineString id="293">
                    <coordinates>-77.03902815721085,38.79164360258566,0.0 -76.91344596466341,38.88972524047381,0.0</coordinates>
                </LineString>
            </Placemark>
        </Folder>
        <Folder id="297">
            <Style id="300">
                <LineStyle id="301">
                    <color>FFFF99FF</color>
                    <colorMode>normal</colorMode>
                    <width>1.5</width>
                </LineStyle>
            </Style>
            <name>PenA</name>
            <Placemark id="299">
                <name>PenA → Chk13</name>
                <description>
                    
        
<![CDATA[
          <b>P1:</b> PenA<br>
          <b>P2:</b> Chk13<br>
          <hr>
          <b>Distance:</b> 7.387 miles<br>
          <hr>
          <u>Path P1 → P2:</u><br>
          <b>Forward Azimuth at P1 (Az12):</b> 10.003°<br>
          <b>Back Azimuth at P2 (BackAz12):</b> 10.018°<br>
          <hr>
          <u>Path P2 → P1:</u><br>
          <b>Forward Azimuth at P2 (Az21):</b> 190.018°<br>
          <b>Back Azimuth at P1 (BackAz21):</b> 190.003°<br>
          <hr>
          <b>Filter Reason(s):</b> Az12 target:10.00<br>
          <hr>
          <i>Calculation Method: Ellipsoidal (WGS84)</i>
        ]]>                    
        
                </description>
                <styleUrl>#300</styleUrl>
                <LineString id="298">
                    <coordinates>-77.05790028667388,38.872552231854,0.0 -77.0340714747954,38.97800673083694,0.0</coordinates>
                </LineString>
            </Placemark>
        </Folder>
        <Folder id="302">
            <Style id="305">
                <LineStyle id="306">
                    <color>FF9900FF</color>
                    <colorMode>normal</colorMode>
                    <width>1.5</width>
                </LineStyle>
            </Style>
            <Style id="309">
                <LineStyle id="310">
                    <color>FFFF33FF</color>
                    <colorMode>normal</colorMode>
                    <width>1.5</width>
                </LineStyle>
            </Style>
            <Style id="313">
                <LineStyle id="314">
                    <color>FFFF33FF</color>
                    <colorMode>normal</colorMode>
                    <width>1.5</width>
                </LineStyle>
            </Style>
            <name>PenB</name>
            <Placemark id="304">
                <name>PenB → H70a</name>
                <description>
                    
        
<![CDATA[
          <b>P1:</b> PenB<br>
          <b>P2:</b> H70a<br>
          <hr>
          <b>Distance:</b> 0.625 miles<br>
          <hr>
          <u>Path P1 → P2:</u><br>
          <b>Forward Azimuth at P1 (Az12):</b> 262.005°<br>
          <b>Back Azimuth at P2 (BackAz12):</b> 261.998°<br>
          <hr>
          <u>Path P2 → P1:</u><br>
          <b>Forward Azimuth at P2 (Az21):</b> 81.998°<br>
          <b>Back Azimuth at P1 (BackAz21):</b> 82.005°<br>
          <hr>
          <b>Filter Reason(s):</b> Az21 target:82.00<br>
          <hr>
          <i>Calculation Method: Ellipsoidal (WGS84)</i>
        ]]>                    
        
                </description>
                <styleUrl>#305</styleUrl>
                <LineString id="303">
                    <coordinates>-77.05628256361138,38.87273680802001,0.0 -77.06775220195667,38.87147694689254,0.0</coordinates>
                </LineString>
            </Placemark>
            <Placemark id="308">
                <name>PenB → I014</name>
                <description>
                    
        
<![CDATA[
          <b>P1:</b> PenB<br>
          <b>P2:</b> I014<br>
          <hr>
          <b>Distance:</b> 2.621 miles<br>
          <hr>
          <u>Path P1 → P2:</u><br>
          <b>Forward Azimuth at P1 (Az12):</b> 29.986°<br>
          <b>Back Azimuth at P2 (BackAz12):</b> 30.002°<br>
          <hr>
          <u>Path P2 → P1:</u><br>
          <b>Forward Azimuth at P2 (Az21):</b> 210.002°<br>
          <b>Back Azimuth at P1 (BackAz21):</b> 209.986°<br>
          <hr>
          <b>Filter Reason(s):</b> Az21 multiple:15.00<br>
          <hr>
          <i>Calculation Method: Ellipsoidal (WGS84)</i>
        ]]>                    
        
                </description>
                <styleUrl>#309</styleUrl>
                <LineString id="307">
                    <coordinates>-77.05628256361138,38.87273680802001,0.0 -77.03197530601018,38.90564871624386,0.0</coordinates>
                </LineString>
            </Placemark>
            <Placemark id="312">
                <name>PenB → elNc</name>
                <description>
                    
        
<![CDATA[
          <b>P1:</b> PenB<br>
          <b>P2:</b> elNc<br>
          <hr>
          <b>Distance:</b> 1.650 miles<br>
          <hr>
          <u>Path P1 → P2:</u><br>
          <b>Forward Azimuth at P1 (Az12):</b> 29.991°<br>
          <b>Back Azimuth at P2 (BackAz12):</b> 30.000°<br>
          <hr>
          <u>Path P2 → P1:</u><br>
          <b>Forward Azimuth at P2 (Az21):</b> 210.000°<br>
          <b>Back Azimuth at P1 (BackAz21):</b> 209.991°<br>
          <hr>
          <b>Filter Reason(s):</b> Az21 multiple:15.00<br>
          <hr>
          <i>Calculation Method: Ellipsoidal (WGS84)</i>
        ]]>                    
        
                </description>
                <styleUrl>#313</styleUrl>
                <LineString id="311">
                    <coordinates>-77.05628256361138,38.87273680802001,0.0 -77.04098558,38.89344928705847,0.0</coordinates>
                </LineString>
            </Placemark>
        </Folder>
        <Folder id="315">
            <Style id="318">
                <LineStyle id="319">
                    <color>FFFF99FF</color>
                    <colorMode>normal</colorMode>
                    <width>1.5</width>
                </LineStyle>
            </Style>
            <name>PenD</name>
            <Placemark id="317">
                <name>PenD → Chk13</name>
                <description>
                    
        
<![CDATA[
          <b>P1:</b> PenD<br>
          <b>P2:</b> Chk13<br>
          <hr>
          <b>Distance:</b> 7.562 miles<br>
          <hr>
          <u>Path P1 → P2:</u><br>
          <b>Forward Azimuth at P1 (Az12):</b> 10.001°<br>
          <b>Back Azimuth at P2 (BackAz12):</b> 10.017°<br>
          <hr>
          <u>Path P2 → P1:</u><br>
          <b>Forward Azimuth at P2 (Az21):</b> 190.017°<br>
          <b>Back Azimuth at P1 (BackAz21):</b> 190.001°<br>
          <hr>
          <b>Filter Reason(s):</b> Az12 target:10.00<br>
          <hr>
          <i>Calculation Method: Ellipsoidal (WGS84)</i>
        ]]>                    
        
                </description>
                <styleUrl>#318</styleUrl>
                <LineString id="316">
                    <coordinates>-77.05846414671291,38.87004437347602,0.0 -77.0340714747954,38.97800673083694,0.0</coordinates>
                </LineString>
            </Placemark>
        </Folder>
        <Folder id="320">
            <Style id="323">
                <LineStyle id="324">
                    <color>FF0055FF</color>
                    <colorMode>normal</colorMode>
                    <width>1.5</width>
                </LineStyle>
            </Style>
            <name>PenE</name>
            <Placemark id="322">
                <name>PenE → PO</name>
                <description>
                    
        
<![CDATA[
          <b>P1:</b> PenE<br>
          <b>P2:</b> PO<br>
          <hr>
          <b>Distance:</b> 5.686 miles<br>
          <hr>
          <u>Path P1 → P2:</u><br>
          <b>Forward Azimuth at P1 (Az12):</b> 320.811°<br>
          <b>Back Azimuth at P2 (BackAz12):</b> 320.769°<br>
          <hr>
          <u>Path P2 → P1:</u><br>
          <b>Forward Azimuth at P2 (Az21):</b> 140.769°<br>
          <b>Back Azimuth at P1 (BackAz21):</b> 140.811°<br>
          <hr>
          <b>Filter Reason(s):</b> Az21 target:140.77<br>
          <hr>
          <i>Calculation Method: Ellipsoidal (WGS84)</i>
        ]]>                    
        
                </description>
                <styleUrl>#323</styleUrl>
                <LineString id="321">
                    <coordinates>-77.05322825200388,38.87062329503496,0.0 -77.1199159,38.93449309999998,0.0</coordinates>
                </LineString>
            </Placemark>
        </Folder>
        <Folder id="325">
            <Style id="328">
                <LineStyle id="329">
                    <color>FFFF00FF</color>
                    <colorMode>normal</colorMode>
                    <width>1.5</width>
                </LineStyle>
            </Style>
            <name>PenG</name>
            <Placemark id="327">
                <name>PenG → Bs</name>
                <description>
                    
        
<![CDATA[
          <b>P1:</b> PenG<br>
          <b>P2:</b> Bs<br>
          <hr>
          <b>Distance:</b> 2.822 miles<br>
          <hr>
          <u>Path P1 → P2:</u><br>
          <b>Forward Azimuth at P1 (Az12):</b> 61.003°<br>
          <b>Back Azimuth at P2 (BackAz12):</b> 61.032°<br>
          <hr>
          <u>Path P2 → P1:</u><br>
          <b>Forward Azimuth at P2 (Az21):</b> 241.032°<br>
          <b>Back Azimuth at P1 (BackAz21):</b> 241.003°<br>
          <hr>
          <b>Filter Reason(s):</b> Az12 target:61.00<br>
          <hr>
          <i>Calculation Method: Ellipsoidal (WGS84)</i>
        ]]>                    
        
                </description>
                <styleUrl>#328</styleUrl>
                <LineString id="326">
                    <coordinates>-77.05467449297677,38.87292974342279,0.0 -77.00889,38.892752,0.0</coordinates>
                </LineString>
            </Placemark>
        </Folder>
        <Folder id="330">
            <Style id="333">
                <LineStyle id="334">
                    <color>FF9955FF</color>
                    <colorMode>normal</colorMode>
                    <width>1.5</width>
                </LineStyle>
            </Style>
            <name>RCrkA</name>
            <Placemark id="332">
                <name>RCrkA → H19</name>
                <description>
                    
        
<![CDATA[
          <b>P1:</b> RCrkA<br>
          <b>P2:</b> H19<br>
          <hr>
          <b>Distance:</b> 1.598 miles<br>
          <hr>
          <u>Path P1 → P2:</u><br>
          <b>Forward Azimuth at P1 (Az12):</b> 314.011°<br>
          <b>Back Azimuth at P2 (BackAz12):</b> 313.998°<br>
          <hr>
          <u>Path P2 → P1:</u><br>
          <b>Forward Azimuth at P2 (Az21):</b> 133.998°<br>
          <b>Back Azimuth at P1 (BackAz21):</b> 134.011°<br>
          <hr>
          <b>Filter Reason(s):</b> Az21 target:134.00<br>
          <hr>
          <i>Calculation Method: Ellipsoidal (WGS84)</i>
        ]]>                    
        
                </description>
                <styleUrl>#333</styleUrl>
                <LineString id="331">
                    <coordinates>-77.05755337263248,38.89950909563222,0.0 -77.07888357211404,38.91560586754403,0.0</coordinates>
                </LineString>
            </Placemark>
        </Folder>
        <Folder id="335">
            <Style id="338">
                <LineStyle id="339">
                    <color>FFFF33FF</color>
                    <colorMode>normal</colorMode>
                    <width>2.5</width>
                </LineStyle>
            </Style>
            <name>SCa</name>
            <Placemark id="337">
                <name>SCa → SCb</name>
                <description>
                    
        
<![CDATA[
          <b>P1:</b> SCa<br>
          <b>P2:</b> SCb<br>
          <hr>
          <b>Distance:</b> 0.037 miles<br>
          <hr>
          <u>Path P1 → P2:</u><br>
          <b>Forward Azimuth at P1 (Az12):</b> 90.000°<br>
          <b>Back Azimuth at P2 (BackAz12):</b> 90.000°<br>
          <hr>
          <u>Path P2 → P1:</u><br>
          <b>Forward Azimuth at P2 (Az21):</b> 270.000°<br>
          <b>Back Azimuth at P1 (BackAz21):</b> 270.000°<br>
          <hr>
          <b>Filter Reason(s):</b> Az12 multiple:15.00, Az12 multiple:18.00, Az21 multiple:15.00, Az21 multiple:18.00<br>
          <hr>
          <i>Calculation Method: Ellipsoidal (WGS84)</i>
        ]]>                    
        
                </description>
                <styleUrl>#338</styleUrl>
                <LineString id="336">
                    <coordinates>-77.00510154468833,38.890621,0.0 -77.00442188577618,38.890621,0.0</coordinates>
                </LineString>
            </Placemark>
        </Folder>
        <Folder id="340">
            <Style id="343">
                <LineStyle id="344">
                    <color>FFFF00FF</color>
                    <colorMode>normal</colorMode>
                    <width>1.5</width>
                </LineStyle>
            </Style>
            <Style id="347">
                <LineStyle id="348">
                    <color>FFFF33FF</color>
                    <colorMode>normal</colorMode>
                    <width>2.5</width>
                </LineStyle>
            </Style>
            <name>Sb</name>
            <Placemark id="342">
                <name>Sb → AN</name>
                <description>
                    
        
<![CDATA[
          <b>P1:</b> Sb<br>
          <b>P2:</b> AN<br>
          <hr>
          <b>Distance:</b> 10.324 miles<br>
          <hr>
          <u>Path P1 → P2:</u><br>
          <b>Forward Azimuth at P1 (Az12):</b> 30.999°<br>
          <b>Back Azimuth at P2 (BackAz12):</b> 31.061°<br>
          <hr>
          <u>Path P2 → P1:</u><br>
          <b>Forward Azimuth at P2 (Az21):</b> 211.061°<br>
          <b>Back Azimuth at P1 (BackAz21):</b> 210.999°<br>
          <hr>
          <b>Filter Reason(s):</b> Az12 target:31.00<br>
          <hr>
          <i>Calculation Method: Ellipsoidal (WGS84)</i>
        ]]>                    
        
                </description>
                <styleUrl>#343</styleUrl>
                <LineString id="341">
                    <coordinates>-77.04058603,38.79033915000001,0.0 -76.94192180000002,38.91858289999999,0.0</coordinates>
                </LineString>
            </Placemark>
            <Placemark id="346">
                <name>Sb → KS</name>
                <description>
                    
        
<![CDATA[
          <b>P1:</b> Sb<br>
          <b>P2:</b> KS<br>
          <hr>
          <b>Distance:</b> 0.586 miles<br>
          <hr>
          <u>Path P1 → P2:</u><br>
          <b>Forward Azimuth at P1 (Az12):</b> 270.002°<br>
          <b>Back Azimuth at P2 (BackAz12):</b> 269.996°<br>
          <hr>
          <u>Path P2 → P1:</u><br>
          <b>Forward Azimuth at P2 (Az21):</b> 89.996°<br>
          <b>Back Azimuth at P1 (BackAz21):</b> 90.002°<br>
          <hr>
          <b>Filter Reason(s):</b> Az12 multiple:15.00, Az12 multiple:18.00<br>
          <hr>
          <i>Calculation Method: Ellipsoidal (WGS84)</i>
        ]]>                    
        
                </description>
                <styleUrl>#347</styleUrl>
                <LineString id="345">
                    <coordinates>-77.04058603,38.79033915000001,0.0 -77.051444,38.790339,0.0</coordinates>
                </LineString>
            </Placemark>
        </Folder>
        <Folder id="349">
            <Style id="352">
                <LineStyle id="353">
                    <color>FF0099FF</color>
                    <colorMode>normal</colorMode>
                    <width>1.5</width>
                </LineStyle>
            </Style>
            <Style id="356">
                <LineStyle id="357">
                    <color>FF5500FF</color>
                    <colorMode>normal</colorMode>
                    <width>1.5</width>
                </LineStyle>
            </Style>
            <name>WH SEcnr</name>
            <Placemark id="351">
                <name>WH SEcnr → Chk61</name>
                <description>
                    
        
<![CDATA[
          <b>P1:</b> WH SEcnr<br>
          <b>P2:</b> Chk61<br>
          <hr>
          <b>Distance:</b> 0.803 miles<br>
          <hr>
          <u>Path P1 → P2:</u><br>
          <b>Forward Azimuth at P1 (Az12):</b> 63.432°<br>
          <b>Back Azimuth at P2 (BackAz12):</b> 63.440°<br>
          <hr>
          <u>Path P2 → P1:</u><br>
          <b>Forward Azimuth at P2 (Az21):</b> 243.440°<br>
          <b>Back Azimuth at P1 (BackAz21):</b> 243.432°<br>
          <hr>
          <b>Filter Reason(s):</b> Az12 target:63.44<br>
          <hr>
          <i>Calculation Method: Ellipsoidal (WGS84)</i>
        ]]>                    
        
                </description>
                <styleUrl>#352</styleUrl>
                <LineString id="350">
                    <coordinates>-77.03626431326734,38.89753757777559,0.0 -77.02294473847918,38.9027413920959,0.0</coordinates>
                </LineString>
            </Placemark>
            <Placemark id="355">
                <name>WH SEcnr → RC</name>
                <description>
                    
        
<![CDATA[
          <b>P1:</b> WH SEcnr<br>
          <b>P2:</b> RC<br>
          <hr>
          <b>Distance:</b> 6.219 miles<br>
          <hr>
          <u>Path P1 → P2:</u><br>
          <b>Forward Azimuth at P1 (Az12):</b> 352.011°<br>
          <b>Back Azimuth at P2 (BackAz12):</b> 352.001°<br>
          <hr>
          <u>Path P2 → P1:</u><br>
          <b>Forward Azimuth at P2 (Az21):</b> 172.001°<br>
          <b>Back Azimuth at P1 (BackAz21):</b> 172.011°<br>
          <hr>
          <b>Filter Reason(s):</b> Az21 target:172.00<br>
          <hr>
          <i>Calculation Method: Ellipsoidal (WGS84)</i>
        ]]>                    
        
                </description>
                <styleUrl>#356</styleUrl>
                <LineString id="354">
                    <coordinates>-77.03626431326734,38.89753757777559,0.0 -77.05231894611552,38.98682226543504,0.0</coordinates>
                </LineString>
            </Placemark>
        </Folder>
        <Folder id="358">
            <Style id="361">
                <LineStyle id="362">
                    <color>FFFF33FF</color>
                    <colorMode>normal</colorMode>
                    <width>2.5</width>
                </LineStyle>
            </Style>
            <Style id="365">
                <LineStyle id="366">
                    <color>FFFF00FF</color>
                    <colorMode>normal</colorMode>
                    <width>1.5</width>
                </LineStyle>
            </Style>
            <Style id="369">
                <LineStyle id="370">
                    <color>FFFF33FF</color>
                    <colorMode>normal</colorMode>
                    <width>2.5</width>
                </LineStyle>
            </Style>
            <name>WHa</name>
            <Placemark id="360">
                <name>WHa → Chk63</name>
                <description>
                    
        
<![CDATA[
          <b>P1:</b> WHa<br>
          <b>P2:</b> Chk63<br>
          <hr>
          <b>Distance:</b> 0.118 miles<br>
          <hr>
          <u>Path P1 → P2:</u><br>
          <b>Forward Azimuth at P1 (Az12):</b> 0.000°<br>
          <b>Back Azimuth at P2 (BackAz12):</b> 0.000°<br>
          <hr>
          <u>Path P2 → P1:</u><br>
          <b>Forward Azimuth at P2 (Az21):</b> 180.000°<br>
          <b>Back Azimuth at P1 (BackAz21):</b> 180.000°<br>
          <hr>
          <b>Filter Reason(s):</b> Az12 multiple:15.00, Az12 multiple:18.00, Az21 multiple:15.00, Az21 multiple:18.00<br>
          <hr>
          <i>Calculation Method: Ellipsoidal (WGS84)</i>
        ]]>                    
        
                </description>
                <styleUrl>#361</styleUrl>
                <LineString id="359">
                    <coordinates>-77.036569,38.89828563763562,0.0 -77.036569,38.89999431930673,0.0</coordinates>
                </LineString>
            </Placemark>
            <Placemark id="364">
                <name>WHa → OtrB</name>
                <description>
                    
        
<![CDATA[
          <b>P1:</b> WHa<br>
          <b>P2:</b> OtrB<br>
          <hr>
          <b>Distance:</b> 4.729 miles<br>
          <hr>
          <u>Path P1 → P2:</u><br>
          <b>Forward Azimuth at P1 (Az12):</b> 30.999°<br>
          <b>Back Azimuth at P2 (BackAz12):</b> 31.027°<br>
          <hr>
          <u>Path P2 → P1:</u><br>
          <b>Forward Azimuth at P2 (Az21):</b> 211.027°<br>
          <b>Back Azimuth at P1 (BackAz21):</b> 210.999°<br>
          <hr>
          <b>Filter Reason(s):</b> Az12 target:31.00<br>
          <hr>
          <i>Calculation Method: Ellipsoidal (WGS84)</i>
        ]]>                    
        
                </description>
                <styleUrl>#365</styleUrl>
                <LineString id="363">
                    <coordinates>-77.036569,38.89828563763562,0.0 -76.99134485249716,38.95704643888089,0.0</coordinates>
                </LineString>
            </Placemark>
            <Placemark id="368">
                <name>WHa → elSc</name>
                <description>
                    
        
<![CDATA[
          <b>P1:</b> WHa<br>
          <b>P2:</b> elSc<br>
          <hr>
          <b>Distance:</b> 0.433 miles<br>
          <hr>
          <u>Path P1 → P2:</u><br>
          <b>Forward Azimuth at P1 (Az12):</b> 210.000°<br>
          <b>Back Azimuth at P2 (BackAz12):</b> 209.998°<br>
          <hr>
          <u>Path P2 → P1:</u><br>
          <b>Forward Azimuth at P2 (Az21):</b> 29.998°<br>
          <b>Back Azimuth at P1 (BackAz21):</b> 30.000°<br>
          <hr>
          <b>Filter Reason(s):</b> Az12 multiple:15.00, Az21 multiple:15.00<br>
          <hr>
          <i>Calculation Method: Ellipsoidal (WGS84)</i>
        ]]>                    
        
                </description>
                <styleUrl>#369</styleUrl>
                <LineString id="367">
                    <coordinates>-77.036569,38.89828563763562,0.0 -77.04058603,38.89284818820199,0.0</coordinates>
                </LineString>
            </Placemark>
        </Folder>
        <Folder id="371">
            <Style id="374">
                <LineStyle id="375">
                    <color>FFFF33FF</color>
                    <colorMode>normal</colorMode>
                    <width>1.5</width>
                </LineStyle>
            </Style>
            <Style id="378">
                <LineStyle id="379">
                    <color>FFFF33FF</color>
                    <colorMode>normal</colorMode>
                    <width>2.5</width>
                </LineStyle>
            </Style>
            <name>WHb</name>
            <Placemark id="373">
                <name>WHb → Chk41</name>
                <description>
                    
        
<![CDATA[
          <b>P1:</b> WHb<br>
          <b>P2:</b> Chk41<br>
          <hr>
          <b>Distance:</b> 4.409 miles<br>
          <hr>
          <u>Path P1 → P2:</u><br>
          <b>Forward Azimuth at P1 (Az12):</b> 74.997°<br>
          <b>Back Azimuth at P2 (BackAz12):</b> 75.047°<br>
          <hr>
          <u>Path P2 → P1:</u><br>
          <b>Forward Azimuth at P2 (Az21):</b> 255.047°<br>
          <b>Back Azimuth at P1 (BackAz21):</b> 254.997°<br>
          <hr>
          <b>Filter Reason(s):</b> Az12 multiple:15.00<br>
          <hr>
          <i>Calculation Method: Ellipsoidal (WGS84)</i>
        ]]>                    
        
                </description>
                <styleUrl>#374</styleUrl>
                <LineString id="372">
                    <coordinates>-77.03656881060775,38.89609664728791,0.0 -76.9575387987198,38.91261730408393,0.0</coordinates>
                </LineString>
            </Placemark>
            <Placemark id="377">
                <name>WHb → Chk63</name>
                <description>
                    
        
<![CDATA[
          <b>P1:</b> WHb<br>
          <b>P2:</b> Chk63<br>
          <hr>
          <b>Distance:</b> 0.269 miles<br>
          <hr>
          <u>Path P1 → P2:</u><br>
          <b>Forward Azimuth at P1 (Az12):</b> 359.998°<br>
          <b>Back Azimuth at P2 (BackAz12):</b> 359.998°<br>
          <hr>
          <u>Path P2 → P1:</u><br>
          <b>Forward Azimuth at P2 (Az21):</b> 179.998°<br>
          <b>Back Azimuth at P1 (BackAz21):</b> 179.998°<br>
          <hr>
          <b>Filter Reason(s):</b> Az12 multiple:15.00, Az12 multiple:18.00, Az21 multiple:15.00, Az21 multiple:18.00<br>
          <hr>
          <i>Calculation Method: Ellipsoidal (WGS84)</i>
        ]]>                    
        
                </description>
                <styleUrl>#378</styleUrl>
                <LineString id="376">
                    <coordinates>-77.03656881060775,38.89609664728791,0.0 -77.036569,38.89999431930673,0.0</coordinates>
                </LineString>
            </Placemark>
        </Folder>
        <Folder id="380">
            <Style id="383">
                <LineStyle id="384">
                    <color>FF55FFFF</color>
                    <colorMode>normal</colorMode>
                    <width>1.5</width>
                </LineStyle>
            </Style>
            <name>WHc</name>
            <Placemark id="382">
                <name>WHc → H31</name>
                <description>
                    
        
<![CDATA[
          <b>P1:</b> WHc<br>
          <b>P2:</b> H31<br>
          <hr>
          <b>Distance:</b> 3.947 miles<br>
          <hr>
          <u>Path P1 → P2:</u><br>
          <b>Forward Azimuth at P1 (Az12):</b> 308.208°<br>
          <b>Back Azimuth at P2 (BackAz12):</b> 308.172°<br>
          <hr>
          <u>Path P2 → P1:</u><br>
          <b>Forward Azimuth at P2 (Az21):</b> 128.172°<br>
          <b>Back Azimuth at P1 (BackAz21):</b> 128.208°<br>
          <hr>
          <b>Filter Reason(s):</b> Az21 target:128.17<br>
          <hr>
          <i>Calculation Method: Ellipsoidal (WGS84)</i>
        ]]>                    
        
                </description>
                <styleUrl>#383</styleUrl>
                <LineString id="381">
                    <coordinates>-77.03611695727467,38.89666242649749,0.0 -77.09367738494352,38.93203756982007,0.0</coordinates>
                </LineString>
            </Placemark>
        </Folder>
        <Folder id="385">
            <Style id="388">
                <LineStyle id="389">
                    <color>FF00FFFF</color>
                    <colorMode>normal</colorMode>
                    <width>1.5</width>
                </LineStyle>
            </Style>
            <name>WHe</name>
            <Placemark id="387">
                <name>WHe → H56</name>
                <description>
                    
        
<![CDATA[
          <b>P1:</b> WHe<br>
          <b>P2:</b> H56<br>
          <hr>
          <b>Distance:</b> 1.717 miles<br>
          <hr>
          <u>Path P1 → P2:</u><br>
          <b>Forward Azimuth at P1 (Az12):</b> 312.517°<br>
          <b>Back Azimuth at P2 (BackAz12):</b> 312.503°<br>
          <hr>
          <u>Path P2 → P1:</u><br>
          <b>Forward Azimuth at P2 (Az21):</b> 132.503°<br>
          <b>Back Azimuth at P1 (BackAz21):</b> 132.517°<br>
          <hr>
          <b>Filter Reason(s):</b> Az21 target:132.50<br>
          <hr>
          <i>Calculation Method: Ellipsoidal (WGS84)</i>
        ]]>                    
        
                </description>
                <styleUrl>#388</styleUrl>
                <LineString id="386">
                    <coordinates>-77.037723,38.9,0.0 -77.06120140091524,38.91681538320637,0.0</coordinates>
                </LineString>
            </Placemark>
        </Folder>
        <Folder id="390">
            <Style id="393">
                <LineStyle id="394">
                    <color>FFFF33FF</color>
                    <colorMode>normal</colorMode>
                    <width>2.5</width>
                </LineStyle>
            </Style>
            <Style id="397">
                <LineStyle id="398">
                    <color>FF9900FF</color>
                    <colorMode>normal</colorMode>
                    <width>1.5</width>
                </LineStyle>
            </Style>
            <Style id="401">
                <LineStyle id="402">
                    <color>FFFF33FF</color>
                    <colorMode>normal</colorMode>
                    <width>2.5</width>
                </LineStyle>
            </Style>
            <name>WHn</name>
            <Placemark id="392">
                <name>WHn → Chk63</name>
                <description>
                    
        
<![CDATA[
          <b>P1:</b> WHn<br>
          <b>P2:</b> Chk63<br>
          <hr>
          <b>Distance:</b> 0.146 miles<br>
          <hr>
          <u>Path P1 → P2:</u><br>
          <b>Forward Azimuth at P1 (Az12):</b> 0.000°<br>
          <b>Back Azimuth at P2 (BackAz12):</b> 0.000°<br>
          <hr>
          <u>Path P2 → P1:</u><br>
          <b>Forward Azimuth at P2 (Az21):</b> 180.000°<br>
          <b>Back Azimuth at P1 (BackAz21):</b> 180.000°<br>
          <hr>
          <b>Filter Reason(s):</b> Az12 multiple:15.00, Az12 multiple:18.00, Az21 multiple:15.00, Az21 multiple:18.00<br>
          <hr>
          <i>Calculation Method: Ellipsoidal (WGS84)</i>
        ]]>                    
        
                </description>
                <styleUrl>#393</styleUrl>
                <LineString id="391">
                    <coordinates>-77.036569,38.89787121557463,0.0 -77.036569,38.89999431930673,0.0</coordinates>
                </LineString>
            </Placemark>
            <Placemark id="396">
                <name>WHn → Pk04</name>
                <description>
                    
        
<![CDATA[
          <b>P1:</b> WHn<br>
          <b>P2:</b> Pk04<br>
          <hr>
          <b>Distance:</b> 63.550 miles<br>
          <hr>
          <u>Path P1 → P2:</u><br>
          <b>Forward Azimuth at P1 (Az12):</b> 262.734°<br>
          <b>Back Azimuth at P2 (BackAz12):</b> 262.002°<br>
          <hr>
          <u>Path P2 → P1:</u><br>
          <b>Forward Azimuth at P2 (Az21):</b> 82.002°<br>
          <b>Back Azimuth at P1 (BackAz21):</b> 82.734°<br>
          <hr>
          <b>Filter Reason(s):</b> Az21 target:82.00<br>
          <hr>
          <i>Calculation Method: Ellipsoidal (WGS84)</i>
        ]]>                    
        
                </description>
                <styleUrl>#397</styleUrl>
                <LineString id="395">
                    <coordinates>-77.036569,38.89787121557463,0.0 -78.20406185227269,38.77550687860945,0.0</coordinates>
                </LineString>
            </Placemark>
            <Placemark id="400">
                <name>WHn → WHa</name>
                <description>
                    
        
<![CDATA[
          <b>P1:</b> WHn<br>
          <b>P2:</b> WHa<br>
          <hr>
          <b>Distance:</b> 0.029 miles<br>
          <hr>
          <u>Path P1 → P2:</u><br>
          <b>Forward Azimuth at P1 (Az12):</b> 0.000°<br>
          <b>Back Azimuth at P2 (BackAz12):</b> 0.000°<br>
          <hr>
          <u>Path P2 → P1:</u><br>
          <b>Forward Azimuth at P2 (Az21):</b> 180.000°<br>
          <b>Back Azimuth at P1 (BackAz21):</b> 180.000°<br>
          <hr>
          <b>Filter Reason(s):</b> Az12 multiple:15.00, Az12 multiple:18.00, Az21 multiple:15.00, Az21 multiple:18.00<br>
          <hr>
          <i>Calculation Method: Ellipsoidal (WGS84)</i>
        ]]>                    
        
                </description>
                <styleUrl>#401</styleUrl>
                <LineString id="399">
                    <coordinates>-77.036569,38.89787121557463,0.0 -77.036569,38.89828563763562,0.0</coordinates>
                </LineString>
            </Placemark>
        </Folder>
        <Folder id="403">
            <Style id="406">
                <LineStyle id="407">
                    <color>FFFF33FF</color>
                    <colorMode>normal</colorMode>
                    <width>2.5</width>
                </LineStyle>
            </Style>
            <Style id="410">
                <LineStyle id="411">
                    <color>FFFF33FF</color>
                    <colorMode>normal</colorMode>
                    <width>2.5</width>
                </LineStyle>
            </Style>
            <Style id="414">
                <LineStyle id="415">
                    <color>FFFF33FF</color>
                    <colorMode>normal</colorMode>
                    <width>2.5</width>
                </LineStyle>
            </Style>
            <name>WHs</name>
            <Placemark id="405">
                <name>WHs → Chk63</name>
                <description>
                    
        
<![CDATA[
          <b>P1:</b> WHs<br>
          <b>P2:</b> Chk63<br>
          <hr>
          <b>Distance:</b> 0.168 miles<br>
          <hr>
          <u>Path P1 → P2:</u><br>
          <b>Forward Azimuth at P1 (Az12):</b> 0.000°<br>
          <b>Back Azimuth at P2 (BackAz12):</b> 0.000°<br>
          <hr>
          <u>Path P2 → P1:</u><br>
          <b>Forward Azimuth at P2 (Az21):</b> 180.000°<br>
          <b>Back Azimuth at P1 (BackAz21):</b> 180.000°<br>
          <hr>
          <b>Filter Reason(s):</b> Az12 multiple:15.00, Az12 multiple:18.00, Az21 multiple:15.00, Az21 multiple:18.00<br>
          <hr>
          <i>Calculation Method: Ellipsoidal (WGS84)</i>
        ]]>                    
        
                </description>
                <styleUrl>#406</styleUrl>
                <LineString id="404">
                    <coordinates>-77.036569,38.897561,0.0 -77.036569,38.89999431930673,0.0</coordinates>
                </LineString>
            </Placemark>
            <Placemark id="409">
                <name>WHs → WHa</name>
                <description>
                    
        
<![CDATA[
          <b>P1:</b> WHs<br>
          <b>P2:</b> WHa<br>
          <hr>
          <b>Distance:</b> 0.050 miles<br>
          <hr>
          <u>Path P1 → P2:</u><br>
          <b>Forward Azimuth at P1 (Az12):</b> 0.000°<br>
          <b>Back Azimuth at P2 (BackAz12):</b> 0.000°<br>
          <hr>
          <u>Path P2 → P1:</u><br>
          <b>Forward Azimuth at P2 (Az21):</b> 180.000°<br>
          <b>Back Azimuth at P1 (BackAz21):</b> 180.000°<br>
          <hr>
          <b>Filter Reason(s):</b> Az12 multiple:15.00, Az12 multiple:18.00, Az21 multiple:15.00, Az21 multiple:18.00<br>
          <hr>
          <i>Calculation Method: Ellipsoidal (WGS84)</i>
        ]]>                    
        
                </description>
                <styleUrl>#410</styleUrl>
                <LineString id="408">
                    <coordinates>-77.036569,38.897561,0.0 -77.036569,38.89828563763562,0.0</coordinates>
                </LineString>
            </Placemark>
            <Placemark id="413">
                <name>WHs → WHn</name>
                <description>
                    
        
<![CDATA[
          <b>P1:</b> WHs<br>
          <b>P2:</b> WHn<br>
          <hr>
          <b>Distance:</b> 0.021 miles<br>
          <hr>
          <u>Path P1 → P2:</u><br>
          <b>Forward Azimuth at P1 (Az12):</b> 0.000°<br>
          <b>Back Azimuth at P2 (BackAz12):</b> 0.000°<br>
          <hr>
          <u>Path P2 → P1:</u><br>
          <b>Forward Azimuth at P2 (Az21):</b> 180.000°<br>
          <b>Back Azimuth at P1 (BackAz21):</b> 180.000°<br>
          <hr>
          <b>Filter Reason(s):</b> Az12 multiple:15.00, Az12 multiple:18.00, Az21 multiple:15.00, Az21 multiple:18.00<br>
          <hr>
          <i>Calculation Method: Ellipsoidal (WGS84)</i>
        ]]>                    
        
                </description>
                <styleUrl>#414</styleUrl>
                <LineString id="412">
                    <coordinates>-77.036569,38.897561,0.0 -77.036569,38.89787121557463,0.0</coordinates>
                </LineString>
            </Placemark>
        </Folder>
        <Folder id="416">
            <Style id="419">
                <LineStyle id="420">
                    <color>FFFF33FF</color>
                    <colorMode>normal</colorMode>
                    <width>1.5</width>
                </LineStyle>
            </Style>
            <name>Wb</name>
            <Placemark id="418">
                <name>Wb → RC</name>
                <description>
                    
        
<![CDATA[
          <b>P1:</b> Wb<br>
          <b>P2:</b> RC<br>
          <hr>
          <b>Distance:</b> 9.135 miles<br>
          <hr>
          <u>Path P1 → P2:</u><br>
          <b>Forward Azimuth at P1 (Az12):</b> 45.001°<br>
          <b>Back Azimuth at P2 (BackAz12):</b> 45.076°<br>
          <hr>
          <u>Path P2 → P1:</u><br>
          <b>Forward Azimuth at P2 (Az21):</b> 225.076°<br>
          <b>Back Azimuth at P1 (BackAz21):</b> 225.001°<br>
          <hr>
          <b>Filter Reason(s):</b> Az12 multiple:15.00<br>
          <hr>
          <i>Calculation Method: Ellipsoidal (WGS84)</i>
        ]]>                    
        
                </description>
                <styleUrl>#419</styleUrl>
                <LineString id="417">
                    <coordinates>-77.17230114000002,38.89324512999998,0.0 -77.05231894611552,38.98682226543504,0.0</coordinates>
                </LineString>
            </Placemark>
        </Folder>
        <Folder id="421">
            <Style id="424">
                <LineStyle id="425">
                    <color>FFFF33FF</color>
                    <colorMode>normal</colorMode>
                    <width>2.5</width>
                </LineStyle>
            </Style>
            <name>elEc</name>
            <Placemark id="423">
                <name>elEc → Eb</name>
                <description>
                    
        
<![CDATA[
          <b>P1:</b> elEc<br>
          <b>P2:</b> Eb<br>
          <hr>
          <b>Distance:</b> 7.071 miles<br>
          <hr>
          <u>Path P1 → P2:</u><br>
          <b>Forward Azimuth at P1 (Az12):</b> 89.918°<br>
          <b>Back Azimuth at P2 (BackAz12):</b> 90.000°<br>
          <hr>
          <u>Path P2 → P1:</u><br>
          <b>Forward Azimuth at P2 (Az21):</b> 270.000°<br>
          <b>Back Azimuth at P1 (BackAz21):</b> 269.918°<br>
          <hr>
          <b>Filter Reason(s):</b> Az21 multiple:15.00, Az21 multiple:18.00<br>
          <hr>
          <i>Calculation Method: Ellipsoidal (WGS84)</i>
        ]]>                    
        
                </description>
                <styleUrl>#424</styleUrl>
                <LineString id="422">
                    <coordinates>-77.04033404260801,38.89278681802996,0.0 -76.90916553,38.89286049999997,0.0</coordinates>
                </LineString>
            </Placemark>
        </Folder>
        <Folder id="426">
            <Style id="429">
                <LineStyle id="430">
                    <color>FFFF33FF</color>
                    <colorMode>normal</colorMode>
                    <width>2.5</width>
                </LineStyle>
            </Style>
            <name>elNc</name>
            <Placemark id="428">
                <name>elNc → Nb</name>
                <description>
                    
        
<![CDATA[
          <b>P1:</b> elNc<br>
          <b>P2:</b> Nb<br>
          <hr>
          <b>Distance:</b> 7.071 miles<br>
          <hr>
          <u>Path P1 → P2:</u><br>
          <b>Forward Azimuth at P1 (Az12):</b> 0.000°<br>
          <b>Back Azimuth at P2 (BackAz12):</b> 0.000°<br>
          <hr>
          <u>Path P2 → P1:</u><br>
          <b>Forward Azimuth at P2 (Az21):</b> 180.000°<br>
          <b>Back Azimuth at P1 (BackAz21):</b> 180.000°<br>
          <hr>
          <b>Filter Reason(s):</b> Az12 multiple:15.00, Az12 multiple:18.00, Az21 multiple:15.00, Az21 multiple:18.00<br>
          <hr>
          <i>Calculation Method: Ellipsoidal (WGS84)</i>
        ]]>                    
        
                </description>
                <styleUrl>#429</styleUrl>
                <LineString id="427">
                    <coordinates>-77.04098558,38.89344928705847,0.0 -77.04098558,38.99595650999999,0.0</coordinates>
                </LineString>
            </Placemark>
        </Folder>
        <Folder id="431">
            <Style id="434">
                <LineStyle id="435">
                    <color>FF99FFFF</color>
                    <colorMode>normal</colorMode>
                    <width>1.5</width>
                </LineStyle>
            </Style>
            <Style id="438">
                <LineStyle id="439">
                    <color>FFFF33FF</color>
                    <colorMode>normal</colorMode>
                    <width>2.5</width>
                </LineStyle>
            </Style>
            <name>elSc</name>
            <Placemark id="433">
                <name>elSc → Chk60</name>
                <description>
                    
        
<![CDATA[
          <b>P1:</b> elSc<br>
          <b>P2:</b> Chk60<br>
          <hr>
          <b>Distance:</b> 7.761 miles<br>
          <hr>
          <u>Path P1 → P2:</u><br>
          <b>Forward Azimuth at P1 (Az12):</b> 1.003°<br>
          <b>Back Azimuth at P2 (BackAz12):</b> 1.005°<br>
          <hr>
          <u>Path P2 → P1:</u><br>
          <b>Forward Azimuth at P2 (Az21):</b> 181.005°<br>
          <b>Back Azimuth at P1 (BackAz21):</b> 181.003°<br>
          <hr>
          <b>Filter Reason(s):</b> Az12 target:1.00<br>
          <hr>
          <i>Calculation Method: Ellipsoidal (WGS84)</i>
        ]]>                    
        
                </description>
                <styleUrl>#434</styleUrl>
                <LineString id="432">
                    <coordinates>-77.04058603,38.89284818820199,0.0 -77.03806204873727,39.00533947251964,0.0</coordinates>
                </LineString>
            </Placemark>
            <Placemark id="437">
                <name>elSc → Sb</name>
                <description>
                    
        
<![CDATA[
          <b>P1:</b> elSc<br>
          <b>P2:</b> Sb<br>
          <hr>
          <b>Distance:</b> 7.071 miles<br>
          <hr>
          <u>Path P1 → P2:</u><br>
          <b>Forward Azimuth at P1 (Az12):</b> 180.000°<br>
          <b>Back Azimuth at P2 (BackAz12):</b> 180.000°<br>
          <hr>
          <u>Path P2 → P1:</u><br>
          <b>Forward Azimuth at P2 (Az21):</b> 0.000°<br>
          <b>Back Azimuth at P1 (BackAz21):</b> 0.000°<br>
          <hr>
          <b>Filter Reason(s):</b> Az12 multiple:15.00, Az12 multiple:18.00, Az21 multiple:15.00, Az21 multiple:18.00<br>
          <hr>
          <i>Calculation Method: Ellipsoidal (WGS84)</i>
        ]]>                    
        
                </description>
                <styleUrl>#438</styleUrl>
                <LineString id="436">
                    <coordinates>-77.04058603,38.89284818820199,0.0 -77.04058603,38.79033915000001,0.0</coordinates>
                </LineString>
            </Placemark>
        </Folder>
        <Folder id="440">
            <Style id="443">
                <LineStyle id="444">
                    <color>FFFF33FF</color>
                    <colorMode>normal</colorMode>
                    <width>2.5</width>
                </LineStyle>
            </Style>
            <name>elWc</name>
            <Placemark id="442">
                <name>elWc → Wb</name>
                <description>
                    
        
<![CDATA[
          <b>P1:</b> elWc<br>
          <b>P2:</b> Wb<br>
          <hr>
          <b>Distance:</b> 7.071 miles<br>
          <hr>
          <u>Path P1 → P2:</u><br>
          <b>Forward Azimuth at P1 (Az12):</b> 270.082°<br>
          <b>Back Azimuth at P2 (BackAz12):</b> 270.000°<br>
          <hr>
          <u>Path P2 → P1:</u><br>
          <b>Forward Azimuth at P2 (Az21):</b> 90.000°<br>
          <b>Back Azimuth at P1 (BackAz21):</b> 90.082°<br>
          <hr>
          <b>Filter Reason(s):</b> Az21 multiple:15.00, Az21 multiple:18.00<br>
          <hr>
          <i>Calculation Method: Ellipsoidal (WGS84)</i>
        ]]>                    
        
                </description>
                <styleUrl>#443</styleUrl>
                <LineString id="441">
                    <coordinates>-77.04113191993082,38.89317145702438,0.0 -77.17230114000002,38.89324512999998,0.0</coordinates>
                </LineString>
            </Placemark>
        </Folder>
    </Document>
</kml>
