<?xml version="1.0" encoding="UTF-8"?>
<kml xmlns="http://www.opengis.net/kml/2.2" xmlns:gx="http://www.google.com/kml/ext/2.2">
    <Document id="1">
        <Style id="4">
            <LineStyle id="5">
                <color>FFECF7FF</color>
                <colorMode>normal</colorMode>
                <width>2.5</width>
            </LineStyle>
        </Style>
        <Style id="8">
            <LineStyle id="9">
                <color>FFE7F5FE</color>
                <colorMode>normal</colorMode>
                <width>2.5</width>
            </LineStyle>
        </Style>
        <Style id="12">
            <LineStyle id="13">
                <color>FFE2F3FE</color>
                <colorMode>normal</colorMode>
                <width>1.5</width>
            </LineStyle>
        </Style>
        <Style id="16">
            <LineStyle id="17">
                <color>FFE2F3FE</color>
                <colorMode>normal</colorMode>
                <width>1.5</width>
            </LineStyle>
        </Style>
        <Style id="20">
            <LineStyle id="21">
                <color>FFE2F3FE</color>
                <colorMode>normal</colorMode>
                <width>1.5</width>
            </LineStyle>
        </Style>
        <Style id="24">
            <LineStyle id="25">
                <color>FFE2F3FE</color>
                <colorMode>normal</colorMode>
                <width>1.5</width>
            </LineStyle>
        </Style>
        <Style id="28">
            <LineStyle id="29">
                <color>FFE2F3FE</color>
                <colorMode>normal</colorMode>
                <width>1.5</width>
            </LineStyle>
        </Style>
        <Style id="32">
            <LineStyle id="33">
                <color>FFDEF1FE</color>
                <colorMode>normal</colorMode>
                <width>1.5</width>
            </LineStyle>
        </Style>
        <Style id="36">
            <LineStyle id="37">
                <color>FFECF7FF</color>
                <colorMode>normal</colorMode>
                <width>2.5</width>
            </LineStyle>
        </Style>
        <Style id="40">
            <LineStyle id="41">
                <color>FFE2F3FE</color>
                <colorMode>normal</colorMode>
                <width>1.5</width>
            </LineStyle>
        </Style>
        <Style id="44">
            <LineStyle id="45">
                <color>FFE2F3FE</color>
                <colorMode>normal</colorMode>
                <width>1.5</width>
            </LineStyle>
        </Style>
        <Style id="48">
            <LineStyle id="49">
                <color>FFDEF1FE</color>
                <colorMode>normal</colorMode>
                <width>1.5</width>
            </LineStyle>
        </Style>
        <Style id="52">
            <LineStyle id="53">
                <color>FFD9EFFE</color>
                <colorMode>normal</colorMode>
                <width>1.5</width>
            </LineStyle>
        </Style>
        <Style id="56">
            <LineStyle id="57">
                <color>FFD5EDFE</color>
                <colorMode>normal</colorMode>
                <width>1.5</width>
            </LineStyle>
        </Style>
        <Style id="60">
            <LineStyle id="61">
                <color>FFD0EBFE</color>
                <colorMode>normal</colorMode>
                <width>2.5</width>
            </LineStyle>
        </Style>
        <Style id="64">
            <LineStyle id="65">
                <color>FFE2F3FE</color>
                <colorMode>normal</colorMode>
                <width>1.5</width>
            </LineStyle>
        </Style>
        <Style id="68">
            <LineStyle id="69">
                <color>FFECF7FF</color>
                <colorMode>normal</colorMode>
                <width>2.5</width>
            </LineStyle>
        </Style>
        <Style id="72">
            <LineStyle id="73">
                <color>FFE2F3FE</color>
                <colorMode>normal</colorMode>
                <width>1.5</width>
            </LineStyle>
        </Style>
        <Style id="76">
            <LineStyle id="77">
                <color>FFCCE9FE</color>
                <colorMode>normal</colorMode>
                <width>1.5</width>
            </LineStyle>
        </Style>
        <Style id="80">
            <LineStyle id="81">
                <color>FFE2F3FE</color>
                <colorMode>normal</colorMode>
                <width>1.5</width>
            </LineStyle>
        </Style>
        <Style id="84">
            <LineStyle id="85">
                <color>FFDEF1FE</color>
                <colorMode>normal</colorMode>
                <width>1.5</width>
            </LineStyle>
        </Style>
        <Style id="88">
            <LineStyle id="89">
                <color>FFDEF1FE</color>
                <colorMode>normal</colorMode>
                <width>1.5</width>
            </LineStyle>
        </Style>
        <Style id="92">
            <LineStyle id="93">
                <color>FFE2F3FE</color>
                <colorMode>normal</colorMode>
                <width>1.5</width>
            </LineStyle>
        </Style>
        <Style id="96">
            <LineStyle id="97">
                <color>FFDEF1FE</color>
                <colorMode>normal</colorMode>
                <width>1.5</width>
            </LineStyle>
        </Style>
        <Style id="100">
            <LineStyle id="101">
                <color>FFE2F3FE</color>
                <colorMode>normal</colorMode>
                <width>1.5</width>
            </LineStyle>
        </Style>
        <Style id="104">
            <LineStyle id="105">
                <color>FFDEF1FE</color>
                <colorMode>normal</colorMode>
                <width>1.5</width>
            </LineStyle>
        </Style>
        <Style id="108">
            <LineStyle id="109">
                <color>FFC7E7FD</color>
                <colorMode>normal</colorMode>
                <width>2.5</width>
            </LineStyle>
        </Style>
        <Style id="112">
            <LineStyle id="113">
                <color>FFDEF1FE</color>
                <colorMode>normal</colorMode>
                <width>1.5</width>
            </LineStyle>
        </Style>
        <Style id="116">
            <LineStyle id="117">
                <color>FFE2F3FE</color>
                <colorMode>normal</colorMode>
                <width>1.5</width>
            </LineStyle>
        </Style>
        <Style id="120">
            <LineStyle id="121">
                <color>FFC2E5FD</color>
                <colorMode>normal</colorMode>
                <width>2.5</width>
            </LineStyle>
        </Style>
        <Style id="124">
            <LineStyle id="125">
                <color>FFE2F3FE</color>
                <colorMode>normal</colorMode>
                <width>1.5</width>
            </LineStyle>
        </Style>
        <Style id="128">
            <LineStyle id="129">
                <color>FFBDE2FD</color>
                <colorMode>normal</colorMode>
                <width>2.5</width>
            </LineStyle>
        </Style>
        <Style id="132">
            <LineStyle id="133">
                <color>FFD0EBFE</color>
                <colorMode>normal</colorMode>
                <width>2.5</width>
            </LineStyle>
        </Style>
        <Style id="136">
            <LineStyle id="137">
                <color>FFB8E0FD</color>
                <colorMode>normal</colorMode>
                <width>1.5</width>
            </LineStyle>
        </Style>
        <Style id="140">
            <LineStyle id="141">
                <color>FFB2DDFD</color>
                <colorMode>normal</colorMode>
                <width>1.5</width>
            </LineStyle>
        </Style>
        <Style id="144">
            <LineStyle id="145">
                <color>FFADDBFD</color>
                <colorMode>normal</colorMode>
                <width>1.5</width>
            </LineStyle>
        </Style>
        <Style id="148">
            <LineStyle id="149">
                <color>FFA8D8FD</color>
                <colorMode>normal</colorMode>
                <width>2.5</width>
            </LineStyle>
        </Style>
        <Style id="152">
            <LineStyle id="153">
                <color>FFECF7FF</color>
                <colorMode>normal</colorMode>
                <width>2.5</width>
            </LineStyle>
        </Style>
        <Style id="156">
            <LineStyle id="157">
                <color>FFDEF1FE</color>
                <colorMode>normal</colorMode>
                <width>1.5</width>
            </LineStyle>
        </Style>
        <Style id="160">
            <LineStyle id="161">
                <color>FFDEF1FE</color>
                <colorMode>normal</colorMode>
                <width>1.5</width>
            </LineStyle>
        </Style>
        <Style id="164">
            <LineStyle id="165">
                <color>FFDEF1FE</color>
                <colorMode>normal</colorMode>
                <width>1.5</width>
            </LineStyle>
        </Style>
        <Style id="168">
            <LineStyle id="169">
                <color>FFE2F3FE</color>
                <colorMode>normal</colorMode>
                <width>1.5</width>
            </LineStyle>
        </Style>
        <Style id="172">
            <LineStyle id="173">
                <color>FFDEF1FE</color>
                <colorMode>normal</colorMode>
                <width>1.5</width>
            </LineStyle>
        </Style>
        <Style id="176">
            <LineStyle id="177">
                <color>FFE2F3FE</color>
                <colorMode>normal</colorMode>
                <width>1.5</width>
            </LineStyle>
        </Style>
        <Style id="180">
            <LineStyle id="181">
                <color>FFA2D6FD</color>
                <colorMode>normal</colorMode>
                <width>1.5</width>
            </LineStyle>
        </Style>
        <Style id="184">
            <LineStyle id="185">
                <color>FFE2F3FE</color>
                <colorMode>normal</colorMode>
                <width>1.5</width>
            </LineStyle>
        </Style>
        <Style id="188">
            <LineStyle id="189">
                <color>FFDEF1FE</color>
                <colorMode>normal</colorMode>
                <width>1.5</width>
            </LineStyle>
        </Style>
        <Style id="192">
            <LineStyle id="193">
                <color>FFC7E7FD</color>
                <colorMode>normal</colorMode>
                <width>2.5</width>
            </LineStyle>
        </Style>
        <Style id="196">
            <LineStyle id="197">
                <color>FF9CD3FD</color>
                <colorMode>normal</colorMode>
                <width>1.5</width>
            </LineStyle>
        </Style>
        <Style id="200">
            <LineStyle id="201">
                <color>FFC7E7FD</color>
                <colorMode>normal</colorMode>
                <width>2.5</width>
            </LineStyle>
        </Style>
        <Style id="204">
            <LineStyle id="205">
                <color>FFDEF1FE</color>
                <colorMode>normal</colorMode>
                <width>1.5</width>
            </LineStyle>
        </Style>
        <Style id="208">
            <LineStyle id="209">
                <color>FFE2F3FE</color>
                <colorMode>normal</colorMode>
                <width>1.5</width>
            </LineStyle>
        </Style>
        <Style id="212">
            <LineStyle id="213">
                <color>FFE2F3FE</color>
                <colorMode>normal</colorMode>
                <width>1.5</width>
            </LineStyle>
        </Style>
        <Style id="216">
            <LineStyle id="217">
                <color>FFE2F3FE</color>
                <colorMode>normal</colorMode>
                <width>1.5</width>
            </LineStyle>
        </Style>
        <Style id="220">
            <LineStyle id="221">
                <color>FFE2F3FE</color>
                <colorMode>normal</colorMode>
                <width>1.5</width>
            </LineStyle>
        </Style>
        <Style id="224">
            <LineStyle id="225">
                <color>FFE2F3FE</color>
                <colorMode>normal</colorMode>
                <width>1.5</width>
            </LineStyle>
        </Style>
        <Style id="228">
            <LineStyle id="229">
                <color>FFE2F3FE</color>
                <colorMode>normal</colorMode>
                <width>1.5</width>
            </LineStyle>
        </Style>
        <Style id="232">
            <LineStyle id="233">
                <color>FFE2F3FE</color>
                <colorMode>normal</colorMode>
                <width>1.5</width>
            </LineStyle>
        </Style>
        <Style id="236">
            <LineStyle id="237">
                <color>FFDEF1FE</color>
                <colorMode>normal</colorMode>
                <width>1.5</width>
            </LineStyle>
        </Style>
        <Style id="240">
            <LineStyle id="241">
                <color>FF9CD3FD</color>
                <colorMode>normal</colorMode>
                <width>1.5</width>
            </LineStyle>
        </Style>
        <Style id="244">
            <LineStyle id="245">
                <color>FFE2F3FE</color>
                <colorMode>normal</colorMode>
                <width>1.5</width>
            </LineStyle>
        </Style>
        <Style id="248">
            <LineStyle id="249">
                <color>FF99CFFD</color>
                <colorMode>normal</colorMode>
                <width>1.5</width>
            </LineStyle>
        </Style>
        <Style id="252">
            <LineStyle id="253">
                <color>FF96CCFD</color>
                <colorMode>normal</colorMode>
                <width>1.5</width>
            </LineStyle>
        </Style>
        <Style id="256">
            <LineStyle id="257">
                <color>FFDEF1FE</color>
                <colorMode>normal</colorMode>
                <width>1.5</width>
            </LineStyle>
        </Style>
        <Style id="260">
            <LineStyle id="261">
                <color>FFE2F3FE</color>
                <colorMode>normal</colorMode>
                <width>1.5</width>
            </LineStyle>
        </Style>
        <Style id="264">
            <LineStyle id="265">
                <color>FFECF7FF</color>
                <colorMode>normal</colorMode>
                <width>2.5</width>
            </LineStyle>
        </Style>
        <Style id="268">
            <LineStyle id="269">
                <color>FFDEF1FE</color>
                <colorMode>normal</colorMode>
                <width>1.5</width>
            </LineStyle>
        </Style>
        <Style id="272">
            <LineStyle id="273">
                <color>FFE2F3FE</color>
                <colorMode>normal</colorMode>
                <width>1.5</width>
            </LineStyle>
        </Style>
        <Style id="276">
            <LineStyle id="277">
                <color>FFD0EBFE</color>
                <colorMode>normal</colorMode>
                <width>2.5</width>
            </LineStyle>
        </Style>
        <Style id="280">
            <LineStyle id="281">
                <color>FF93C9FD</color>
                <colorMode>normal</colorMode>
                <width>1.5</width>
            </LineStyle>
        </Style>
        <Style id="284">
            <LineStyle id="285">
                <color>FFDEF1FE</color>
                <colorMode>normal</colorMode>
                <width>1.5</width>
            </LineStyle>
        </Style>
        <Style id="288">
            <LineStyle id="289">
                <color>FFE2F3FE</color>
                <colorMode>normal</colorMode>
                <width>1.5</width>
            </LineStyle>
        </Style>
        <Style id="292">
            <LineStyle id="293">
                <color>FFDEF1FE</color>
                <colorMode>normal</colorMode>
                <width>1.5</width>
            </LineStyle>
        </Style>
        <Style id="296">
            <LineStyle id="297">
                <color>FFE2F3FE</color>
                <colorMode>normal</colorMode>
                <width>1.5</width>
            </LineStyle>
        </Style>
        <Style id="300">
            <LineStyle id="301">
                <color>FFD9EFFE</color>
                <colorMode>normal</colorMode>
                <width>1.5</width>
            </LineStyle>
        </Style>
        <Style id="304">
            <LineStyle id="305">
                <color>FF93C9FD</color>
                <colorMode>normal</colorMode>
                <width>1.5</width>
            </LineStyle>
        </Style>
        <Style id="308">
            <LineStyle id="309">
                <color>FF8FC6FD</color>
                <colorMode>normal</colorMode>
                <width>2.5</width>
            </LineStyle>
        </Style>
        <Style id="312">
            <LineStyle id="313">
                <color>FFDEF1FE</color>
                <colorMode>normal</colorMode>
                <width>1.5</width>
            </LineStyle>
        </Style>
        <Style id="316">
            <LineStyle id="317">
                <color>FFC7E7FD</color>
                <colorMode>normal</colorMode>
                <width>2.5</width>
            </LineStyle>
        </Style>
        <Style id="320">
            <LineStyle id="321">
                <color>FFDEF1FE</color>
                <colorMode>normal</colorMode>
                <width>1.5</width>
            </LineStyle>
        </Style>
        <Style id="324">
            <LineStyle id="325">
                <color>FF8CC3FD</color>
                <colorMode>normal</colorMode>
                <width>2.5</width>
            </LineStyle>
        </Style>
        <Style id="328">
            <LineStyle id="329">
                <color>FFDEF1FE</color>
                <colorMode>normal</colorMode>
                <width>1.5</width>
            </LineStyle>
        </Style>
        <Style id="332">
            <LineStyle id="333">
                <color>FFE2F3FE</color>
                <colorMode>normal</colorMode>
                <width>1.5</width>
            </LineStyle>
        </Style>
        <Style id="336">
            <LineStyle id="337">
                <color>FFDEF1FE</color>
                <colorMode>normal</colorMode>
                <width>1.5</width>
            </LineStyle>
        </Style>
        <Style id="340">
            <LineStyle id="341">
                <color>FFB2DDFD</color>
                <colorMode>normal</colorMode>
                <width>1.5</width>
            </LineStyle>
        </Style>
        <Style id="344">
            <LineStyle id="345">
                <color>FFD9EFFE</color>
                <colorMode>normal</colorMode>
                <width>1.5</width>
            </LineStyle>
        </Style>
        <Style id="348">
            <LineStyle id="349">
                <color>FFE2F3FE</color>
                <colorMode>normal</colorMode>
                <width>1.5</width>
            </LineStyle>
        </Style>
        <Style id="352">
            <LineStyle id="353">
                <color>FFE2F3FE</color>
                <colorMode>normal</colorMode>
                <width>1.5</width>
            </LineStyle>
        </Style>
        <Style id="356">
            <LineStyle id="357">
                <color>FFDEF1FE</color>
                <colorMode>normal</colorMode>
                <width>1.5</width>
            </LineStyle>
        </Style>
        <Style id="360">
            <LineStyle id="361">
                <color>FFE2F3FE</color>
                <colorMode>normal</colorMode>
                <width>1.5</width>
            </LineStyle>
        </Style>
        <Style id="364">
            <LineStyle id="365">
                <color>FFE2F3FE</color>
                <colorMode>normal</colorMode>
                <width>1.5</width>
            </LineStyle>
        </Style>
        <Style id="368">
            <LineStyle id="369">
                <color>FFE2F3FE</color>
                <colorMode>normal</colorMode>
                <width>1.5</width>
            </LineStyle>
        </Style>
        <Style id="372">
            <LineStyle id="373">
                <color>FF89C0FD</color>
                <colorMode>normal</colorMode>
                <width>2.5</width>
            </LineStyle>
        </Style>
        <Style id="376">
            <LineStyle id="377">
                <color>FFD9EFFE</color>
                <colorMode>normal</colorMode>
                <width>1.5</width>
            </LineStyle>
        </Style>
        <Style id="380">
            <LineStyle id="381">
                <color>FF93C9FD</color>
                <colorMode>normal</colorMode>
                <width>1.5</width>
            </LineStyle>
        </Style>
        <Style id="384">
            <LineStyle id="385">
                <color>FFC7E7FD</color>
                <colorMode>normal</colorMode>
                <width>2.5</width>
            </LineStyle>
        </Style>
        <Style id="388">
            <LineStyle id="389">
                <color>FFDEF1FE</color>
                <colorMode>normal</colorMode>
                <width>1.5</width>
            </LineStyle>
        </Style>
        <Style id="392">
            <LineStyle id="393">
                <color>FFDEF1FE</color>
                <colorMode>normal</colorMode>
                <width>1.5</width>
            </LineStyle>
        </Style>
        <Style id="396">
            <LineStyle id="397">
                <color>FFDEF1FE</color>
                <colorMode>normal</colorMode>
                <width>1.5</width>
            </LineStyle>
        </Style>
        <Style id="400">
            <LineStyle id="401">
                <color>FF93C9FD</color>
                <colorMode>normal</colorMode>
                <width>1.5</width>
            </LineStyle>
        </Style>
        <Style id="404">
            <LineStyle id="405">
                <color>FFE2F3FE</color>
                <colorMode>normal</colorMode>
                <width>1.5</width>
            </LineStyle>
        </Style>
        <Style id="408">
            <LineStyle id="409">
                <color>FFDEF1FE</color>
                <colorMode>normal</colorMode>
                <width>1.5</width>
            </LineStyle>
        </Style>
        <Style id="412">
            <LineStyle id="413">
                <color>FFE2F3FE</color>
                <colorMode>normal</colorMode>
                <width>1.5</width>
            </LineStyle>
        </Style>
        <Style id="416">
            <LineStyle id="417">
                <color>FFDEF1FE</color>
                <colorMode>normal</colorMode>
                <width>1.5</width>
            </LineStyle>
        </Style>
        <Style id="420">
            <LineStyle id="421">
                <color>FFD9EFFE</color>
                <colorMode>normal</colorMode>
                <width>1.5</width>
            </LineStyle>
        </Style>
        <Style id="424">
            <LineStyle id="425">
                <color>FFE2F3FE</color>
                <colorMode>normal</colorMode>
                <width>1.5</width>
            </LineStyle>
        </Style>
        <Style id="428">
            <LineStyle id="429">
                <color>FF86BDFD</color>
                <colorMode>normal</colorMode>
                <width>1.5</width>
            </LineStyle>
        </Style>
        <Style id="432">
            <LineStyle id="433">
                <color>FFE2F3FE</color>
                <colorMode>normal</colorMode>
                <width>1.5</width>
            </LineStyle>
        </Style>
        <Style id="436">
            <LineStyle id="437">
                <color>FFB2DDFD</color>
                <colorMode>normal</colorMode>
                <width>1.5</width>
            </LineStyle>
        </Style>
        <Style id="440">
            <LineStyle id="441">
                <color>FFDEF1FE</color>
                <colorMode>normal</colorMode>
                <width>1.5</width>
            </LineStyle>
        </Style>
        <Style id="444">
            <LineStyle id="445">
                <color>FFDEF1FE</color>
                <colorMode>normal</colorMode>
                <width>1.5</width>
            </LineStyle>
        </Style>
        <Style id="448">
            <LineStyle id="449">
                <color>FFDEF1FE</color>
                <colorMode>normal</colorMode>
                <width>1.5</width>
            </LineStyle>
        </Style>
        <Style id="452">
            <LineStyle id="453">
                <color>FFA8D8FD</color>
                <colorMode>normal</colorMode>
                <width>2.5</width>
            </LineStyle>
        </Style>
        <Style id="456">
            <LineStyle id="457">
                <color>FFDEF1FE</color>
                <colorMode>normal</colorMode>
                <width>1.5</width>
            </LineStyle>
        </Style>
        <Style id="460">
            <LineStyle id="461">
                <color>FFE2F3FE</color>
                <colorMode>normal</colorMode>
                <width>1.5</width>
            </LineStyle>
        </Style>
        <Style id="464">
            <LineStyle id="465">
                <color>FFB2DDFD</color>
                <colorMode>normal</colorMode>
                <width>1.5</width>
            </LineStyle>
        </Style>
        <Style id="468">
            <LineStyle id="469">
                <color>FFE2F3FE</color>
                <colorMode>normal</colorMode>
                <width>1.5</width>
            </LineStyle>
        </Style>
        <Style id="472">
            <LineStyle id="473">
                <color>FFE2F3FE</color>
                <colorMode>normal</colorMode>
                <width>1.5</width>
            </LineStyle>
        </Style>
        <Style id="476">
            <LineStyle id="477">
                <color>FF82B9FC</color>
                <colorMode>normal</colorMode>
                <width>2.5</width>
            </LineStyle>
        </Style>
        <Style id="480">
            <LineStyle id="481">
                <color>FF82B9FC</color>
                <colorMode>normal</colorMode>
                <width>2.5</width>
            </LineStyle>
        </Style>
        <Style id="484">
            <LineStyle id="485">
                <color>FFDEF1FE</color>
                <colorMode>normal</colorMode>
                <width>1.5</width>
            </LineStyle>
        </Style>
        <Style id="488">
            <LineStyle id="489">
                <color>FFE2F3FE</color>
                <colorMode>normal</colorMode>
                <width>1.5</width>
            </LineStyle>
        </Style>
        <Style id="492">
            <LineStyle id="493">
                <color>FFDEF1FE</color>
                <colorMode>normal</colorMode>
                <width>1.5</width>
            </LineStyle>
        </Style>
        <Style id="496">
            <LineStyle id="497">
                <color>FF89C0FD</color>
                <colorMode>normal</colorMode>
                <width>2.5</width>
            </LineStyle>
        </Style>
        <Style id="500">
            <LineStyle id="501">
                <color>FFC7E7FD</color>
                <colorMode>normal</colorMode>
                <width>2.5</width>
            </LineStyle>
        </Style>
        <Style id="504">
            <LineStyle id="505">
                <color>FFE2F3FE</color>
                <colorMode>normal</colorMode>
                <width>1.5</width>
            </LineStyle>
        </Style>
        <Style id="508">
            <LineStyle id="509">
                <color>FFDEF1FE</color>
                <colorMode>normal</colorMode>
                <width>1.5</width>
            </LineStyle>
        </Style>
        <Style id="512">
            <LineStyle id="513">
                <color>FFB2DDFD</color>
                <colorMode>normal</colorMode>
                <width>1.5</width>
            </LineStyle>
        </Style>
        <Style id="516">
            <LineStyle id="517">
                <color>FF89C0FD</color>
                <colorMode>normal</colorMode>
                <width>2.5</width>
            </LineStyle>
        </Style>
        <Style id="520">
            <LineStyle id="521">
                <color>FFD0EBFE</color>
                <colorMode>normal</colorMode>
                <width>2.5</width>
            </LineStyle>
        </Style>
        <Style id="524">
            <LineStyle id="525">
                <color>FFDEF1FE</color>
                <colorMode>normal</colorMode>
                <width>1.5</width>
            </LineStyle>
        </Style>
        <Style id="528">
            <LineStyle id="529">
                <color>FFDEF1FE</color>
                <colorMode>normal</colorMode>
                <width>1.5</width>
            </LineStyle>
        </Style>
        <Style id="532">
            <LineStyle id="533">
                <color>FFE2F3FE</color>
                <colorMode>normal</colorMode>
                <width>1.5</width>
            </LineStyle>
        </Style>
        <Style id="536">
            <LineStyle id="537">
                <color>FFDEF1FE</color>
                <colorMode>normal</colorMode>
                <width>1.5</width>
            </LineStyle>
        </Style>
        <Style id="540">
            <LineStyle id="541">
                <color>FF7CB3FC</color>
                <colorMode>normal</colorMode>
                <width>2.5</width>
            </LineStyle>
        </Style>
        <Style id="544">
            <LineStyle id="545">
                <color>FFDEF1FE</color>
                <colorMode>normal</colorMode>
                <width>1.5</width>
            </LineStyle>
        </Style>
        <Style id="548">
            <LineStyle id="549">
                <color>FFDEF1FE</color>
                <colorMode>normal</colorMode>
                <width>1.5</width>
            </LineStyle>
        </Style>
        <Style id="552">
            <LineStyle id="553">
                <color>FFDEF1FE</color>
                <colorMode>normal</colorMode>
                <width>1.5</width>
            </LineStyle>
        </Style>
        <Style id="556">
            <LineStyle id="557">
                <color>FF77ADFC</color>
                <colorMode>normal</colorMode>
                <width>1.5</width>
            </LineStyle>
        </Style>
        <Style id="560">
            <LineStyle id="561">
                <color>FFE2F3FE</color>
                <colorMode>normal</colorMode>
                <width>1.5</width>
            </LineStyle>
        </Style>
        <Style id="564">
            <LineStyle id="565">
                <color>FFDEF1FE</color>
                <colorMode>normal</colorMode>
                <width>1.5</width>
            </LineStyle>
        </Style>
        <Style id="568">
            <LineStyle id="569">
                <color>FFD0EBFE</color>
                <colorMode>normal</colorMode>
                <width>2.5</width>
            </LineStyle>
        </Style>
        <Style id="572">
            <LineStyle id="573">
                <color>FFDEF1FE</color>
                <colorMode>normal</colorMode>
                <width>1.5</width>
            </LineStyle>
        </Style>
        <Style id="576">
            <LineStyle id="577">
                <color>FFDEF1FE</color>
                <colorMode>normal</colorMode>
                <width>1.5</width>
            </LineStyle>
        </Style>
        <Style id="580">
            <LineStyle id="581">
                <color>FFDEF1FE</color>
                <colorMode>normal</colorMode>
                <width>1.5</width>
            </LineStyle>
        </Style>
        <Style id="584">
            <LineStyle id="585">
                <color>FFDEF1FE</color>
                <colorMode>normal</colorMode>
                <width>1.5</width>
            </LineStyle>
        </Style>
        <Style id="588">
            <LineStyle id="589">
                <color>FFDEF1FE</color>
                <colorMode>normal</colorMode>
                <width>1.5</width>
            </LineStyle>
        </Style>
        <Style id="592">
            <LineStyle id="593">
                <color>FFDEF1FE</color>
                <colorMode>normal</colorMode>
                <width>1.5</width>
            </LineStyle>
        </Style>
        <Style id="596">
            <LineStyle id="597">
                <color>FFDEF1FE</color>
                <colorMode>normal</colorMode>
                <width>1.5</width>
            </LineStyle>
        </Style>
        <Style id="600">
            <LineStyle id="601">
                <color>FFDEF1FE</color>
                <colorMode>normal</colorMode>
                <width>1.5</width>
            </LineStyle>
        </Style>
        <Style id="604">
            <LineStyle id="605">
                <color>FF71A7FC</color>
                <colorMode>normal</colorMode>
                <width>1.5</width>
            </LineStyle>
        </Style>
        <Style id="608">
            <LineStyle id="609">
                <color>FFDEF1FE</color>
                <colorMode>normal</colorMode>
                <width>1.5</width>
            </LineStyle>
        </Style>
        <Style id="612">
            <LineStyle id="613">
                <color>FFDEF1FE</color>
                <colorMode>normal</colorMode>
                <width>1.5</width>
            </LineStyle>
        </Style>
        <Style id="616">
            <LineStyle id="617">
                <color>FF93C9FD</color>
                <colorMode>normal</colorMode>
                <width>1.5</width>
            </LineStyle>
        </Style>
        <Style id="620">
            <LineStyle id="621">
                <color>FFDEF1FE</color>
                <colorMode>normal</colorMode>
                <width>1.5</width>
            </LineStyle>
        </Style>
        <Style id="624">
            <LineStyle id="625">
                <color>FFD0EBFE</color>
                <colorMode>normal</colorMode>
                <width>2.5</width>
            </LineStyle>
        </Style>
        <Style id="628">
            <LineStyle id="629">
                <color>FF6CA1FC</color>
                <colorMode>normal</colorMode>
                <width>1.5</width>
            </LineStyle>
        </Style>
        <Style id="632">
            <LineStyle id="633">
                <color>FF679CFC</color>
                <colorMode>normal</colorMode>
                <width>2.5</width>
            </LineStyle>
        </Style>
        <Style id="636">
            <LineStyle id="637">
                <color>FFD0EBFE</color>
                <colorMode>normal</colorMode>
                <width>2.5</width>
            </LineStyle>
        </Style>
        <Style id="640">
            <LineStyle id="641">
                <color>FFDEF1FE</color>
                <colorMode>normal</colorMode>
                <width>1.5</width>
            </LineStyle>
        </Style>
        <Style id="644">
            <LineStyle id="645">
                <color>FFDEF1FE</color>
                <colorMode>normal</colorMode>
                <width>1.5</width>
            </LineStyle>
        </Style>
        <Style id="648">
            <LineStyle id="649">
                <color>FFE2F3FE</color>
                <colorMode>normal</colorMode>
                <width>1.5</width>
            </LineStyle>
        </Style>
        <Style id="652">
            <LineStyle id="653">
                <color>FFE2F3FE</color>
                <colorMode>normal</colorMode>
                <width>1.5</width>
            </LineStyle>
        </Style>
        <Style id="656">
            <LineStyle id="657">
                <color>FFE2F3FE</color>
                <colorMode>normal</colorMode>
                <width>1.5</width>
            </LineStyle>
        </Style>
        <Style id="660">
            <LineStyle id="661">
                <color>FFB8E0FD</color>
                <colorMode>normal</colorMode>
                <width>1.5</width>
            </LineStyle>
        </Style>
        <Style id="664">
            <LineStyle id="665">
                <color>FFC7E7FD</color>
                <colorMode>normal</colorMode>
                <width>2.5</width>
            </LineStyle>
        </Style>
        <Style id="668">
            <LineStyle id="669">
                <color>FFDEF1FE</color>
                <colorMode>normal</colorMode>
                <width>1.5</width>
            </LineStyle>
        </Style>
        <Style id="672">
            <LineStyle id="673">
                <color>FF6196FC</color>
                <colorMode>normal</colorMode>
                <width>2.5</width>
            </LineStyle>
        </Style>
        <Style id="676">
            <LineStyle id="677">
                <color>FFDEF1FE</color>
                <colorMode>normal</colorMode>
                <width>1.5</width>
            </LineStyle>
        </Style>
        <Style id="680">
            <LineStyle id="681">
                <color>FF5C90FC</color>
                <colorMode>normal</colorMode>
                <width>2.5</width>
            </LineStyle>
        </Style>
        <Style id="684">
            <LineStyle id="685">
                <color>FFDEF1FE</color>
                <colorMode>normal</colorMode>
                <width>1.5</width>
            </LineStyle>
        </Style>
        <Style id="688">
            <LineStyle id="689">
                <color>FFDEF1FE</color>
                <colorMode>normal</colorMode>
                <width>1.5</width>
            </LineStyle>
        </Style>
        <Style id="692">
            <LineStyle id="693">
                <color>FFE2F3FE</color>
                <colorMode>normal</colorMode>
                <width>1.5</width>
            </LineStyle>
        </Style>
        <Style id="696">
            <LineStyle id="697">
                <color>FFE2F3FE</color>
                <colorMode>normal</colorMode>
                <width>1.5</width>
            </LineStyle>
        </Style>
        <Style id="700">
            <LineStyle id="701">
                <color>FFDEF1FE</color>
                <colorMode>normal</colorMode>
                <width>1.5</width>
            </LineStyle>
        </Style>
        <Style id="704">
            <LineStyle id="705">
                <color>FFE2F3FE</color>
                <colorMode>normal</colorMode>
                <width>1.5</width>
            </LineStyle>
        </Style>
        <Style id="708">
            <LineStyle id="709">
                <color>FFDEF1FE</color>
                <colorMode>normal</colorMode>
                <width>1.5</width>
            </LineStyle>
        </Style>
        <Style id="712">
            <LineStyle id="713">
                <color>FFDEF1FE</color>
                <colorMode>normal</colorMode>
                <width>1.5</width>
            </LineStyle>
        </Style>
        <Style id="716">
            <LineStyle id="717">
                <color>FFDEF1FE</color>
                <colorMode>normal</colorMode>
                <width>1.5</width>
            </LineStyle>
        </Style>
        <Style id="720">
            <LineStyle id="721">
                <color>FFB2DDFD</color>
                <colorMode>normal</colorMode>
                <width>1.5</width>
            </LineStyle>
        </Style>
        <Style id="724">
            <LineStyle id="725">
                <color>FFE2F3FE</color>
                <colorMode>normal</colorMode>
                <width>1.5</width>
            </LineStyle>
        </Style>
        <Style id="728">
            <LineStyle id="729">
                <color>FFE2F3FE</color>
                <colorMode>normal</colorMode>
                <width>1.5</width>
            </LineStyle>
        </Style>
        <Style id="732">
            <LineStyle id="733">
                <color>FFE2F3FE</color>
                <colorMode>normal</colorMode>
                <width>1.5</width>
            </LineStyle>
        </Style>
        <Style id="736">
            <LineStyle id="737">
                <color>FFDEF1FE</color>
                <colorMode>normal</colorMode>
                <width>1.5</width>
            </LineStyle>
        </Style>
        <Style id="740">
            <LineStyle id="741">
                <color>FFDEF1FE</color>
                <colorMode>normal</colorMode>
                <width>1.5</width>
            </LineStyle>
        </Style>
        <Style id="744">
            <LineStyle id="745">
                <color>FFDEF1FE</color>
                <colorMode>normal</colorMode>
                <width>1.5</width>
            </LineStyle>
        </Style>
        <Style id="748">
            <LineStyle id="749">
                <color>FFD9EFFE</color>
                <colorMode>normal</colorMode>
                <width>1.5</width>
            </LineStyle>
        </Style>
        <Style id="752">
            <LineStyle id="753">
                <color>FFE2F3FE</color>
                <colorMode>normal</colorMode>
                <width>1.5</width>
            </LineStyle>
        </Style>
        <Style id="756">
            <LineStyle id="757">
                <color>FFD9EFFE</color>
                <colorMode>normal</colorMode>
                <width>1.5</width>
            </LineStyle>
        </Style>
        <Style id="760">
            <LineStyle id="761">
                <color>FF5789FA</color>
                <colorMode>normal</colorMode>
                <width>1.5</width>
            </LineStyle>
        </Style>
        <Style id="764">
            <LineStyle id="765">
                <color>FFE2F3FE</color>
                <colorMode>normal</colorMode>
                <width>1.5</width>
            </LineStyle>
        </Style>
        <Style id="768">
            <LineStyle id="769">
                <color>FFDEF1FE</color>
                <colorMode>normal</colorMode>
                <width>1.5</width>
            </LineStyle>
        </Style>
        <Style id="772">
            <LineStyle id="773">
                <color>FFDEF1FE</color>
                <colorMode>normal</colorMode>
                <width>1.5</width>
            </LineStyle>
        </Style>
        <Style id="776">
            <LineStyle id="777">
                <color>FFDEF1FE</color>
                <colorMode>normal</colorMode>
                <width>1.5</width>
            </LineStyle>
        </Style>
        <Style id="780">
            <LineStyle id="781">
                <color>FF5584F9</color>
                <colorMode>normal</colorMode>
                <width>1.5</width>
            </LineStyle>
        </Style>
        <Style id="784">
            <LineStyle id="785">
                <color>FF537FF7</color>
                <colorMode>normal</colorMode>
                <width>2.5</width>
            </LineStyle>
        </Style>
        <Style id="788">
            <LineStyle id="789">
                <color>FFE2F3FE</color>
                <colorMode>normal</colorMode>
                <width>1.5</width>
            </LineStyle>
        </Style>
        <Style id="792">
            <LineStyle id="793">
                <color>FFE2F3FE</color>
                <colorMode>normal</colorMode>
                <width>1.5</width>
            </LineStyle>
        </Style>
        <Style id="796">
            <LineStyle id="797">
                <color>FFDEF1FE</color>
                <colorMode>normal</colorMode>
                <width>1.5</width>
            </LineStyle>
        </Style>
        <Style id="800">
            <LineStyle id="801">
                <color>FFDEF1FE</color>
                <colorMode>normal</colorMode>
                <width>1.5</width>
            </LineStyle>
        </Style>
        <Style id="804">
            <LineStyle id="805">
                <color>FFDEF1FE</color>
                <colorMode>normal</colorMode>
                <width>1.5</width>
            </LineStyle>
        </Style>
        <Style id="808">
            <LineStyle id="809">
                <color>FFDEF1FE</color>
                <colorMode>normal</colorMode>
                <width>1.5</width>
            </LineStyle>
        </Style>
        <Style id="812">
            <LineStyle id="813">
                <color>FFC7E7FD</color>
                <colorMode>normal</colorMode>
                <width>2.5</width>
            </LineStyle>
        </Style>
        <Style id="816">
            <LineStyle id="817">
                <color>FF9CD3FD</color>
                <colorMode>normal</colorMode>
                <width>1.5</width>
            </LineStyle>
        </Style>
        <Style id="820">
            <LineStyle id="821">
                <color>FFDEF1FE</color>
                <colorMode>normal</colorMode>
                <width>1.5</width>
            </LineStyle>
        </Style>
        <Style id="824">
            <LineStyle id="825">
                <color>FF517AF6</color>
                <colorMode>normal</colorMode>
                <width>1.5</width>
            </LineStyle>
        </Style>
        <Style id="828">
            <LineStyle id="829">
                <color>FFECF7FF</color>
                <colorMode>normal</colorMode>
                <width>2.5</width>
            </LineStyle>
        </Style>
        <Style id="832">
            <LineStyle id="833">
                <color>FFE2F3FE</color>
                <colorMode>normal</colorMode>
                <width>1.5</width>
            </LineStyle>
        </Style>
        <Style id="836">
            <LineStyle id="837">
                <color>FFE2F3FE</color>
                <colorMode>normal</colorMode>
                <width>1.5</width>
            </LineStyle>
        </Style>
        <Style id="840">
            <LineStyle id="841">
                <color>FFDEF1FE</color>
                <colorMode>normal</colorMode>
                <width>1.5</width>
            </LineStyle>
        </Style>
        <Style id="844">
            <LineStyle id="845">
                <color>FF4F75F4</color>
                <colorMode>normal</colorMode>
                <width>1.5</width>
            </LineStyle>
        </Style>
        <Style id="848">
            <LineStyle id="849">
                <color>FFE2F3FE</color>
                <colorMode>normal</colorMode>
                <width>1.5</width>
            </LineStyle>
        </Style>
        <Style id="852">
            <LineStyle id="853">
                <color>FFE2F3FE</color>
                <colorMode>normal</colorMode>
                <width>1.5</width>
            </LineStyle>
        </Style>
        <Style id="856">
            <LineStyle id="857">
                <color>FFDEF1FE</color>
                <colorMode>normal</colorMode>
                <width>1.5</width>
            </LineStyle>
        </Style>
        <Style id="860">
            <LineStyle id="861">
                <color>FFDEF1FE</color>
                <colorMode>normal</colorMode>
                <width>1.5</width>
            </LineStyle>
        </Style>
        <Style id="864">
            <LineStyle id="865">
                <color>FFE7F5FE</color>
                <colorMode>normal</colorMode>
                <width>2.5</width>
            </LineStyle>
        </Style>
        <Style id="868">
            <LineStyle id="869">
                <color>FF4D70F2</color>
                <colorMode>normal</colorMode>
                <width>2.5</width>
            </LineStyle>
        </Style>
        <Style id="872">
            <LineStyle id="873">
                <color>FFDEF1FE</color>
                <colorMode>normal</colorMode>
                <width>1.5</width>
            </LineStyle>
        </Style>
        <Style id="876">
            <LineStyle id="877">
                <color>FFD0EBFE</color>
                <colorMode>normal</colorMode>
                <width>2.5</width>
            </LineStyle>
        </Style>
        <Style id="880">
            <LineStyle id="881">
                <color>FFB2DDFD</color>
                <colorMode>normal</colorMode>
                <width>1.5</width>
            </LineStyle>
        </Style>
        <Style id="884">
            <LineStyle id="885">
                <color>FF4A6BF1</color>
                <colorMode>normal</colorMode>
                <width>1.5</width>
            </LineStyle>
        </Style>
        <Style id="888">
            <LineStyle id="889">
                <color>FF4866EF</color>
                <colorMode>normal</colorMode>
                <width>1.5</width>
            </LineStyle>
        </Style>
        <Style id="892">
            <LineStyle id="893">
                <color>FFE2F3FE</color>
                <colorMode>normal</colorMode>
                <width>1.5</width>
            </LineStyle>
        </Style>
        <Style id="896">
            <LineStyle id="897">
                <color>FF5584F9</color>
                <colorMode>normal</colorMode>
                <width>1.5</width>
            </LineStyle>
        </Style>
        <Style id="900">
            <LineStyle id="901">
                <color>FFE2F3FE</color>
                <colorMode>normal</colorMode>
                <width>1.5</width>
            </LineStyle>
        </Style>
        <Style id="904">
            <LineStyle id="905">
                <color>FFDEF1FE</color>
                <colorMode>normal</colorMode>
                <width>1.5</width>
            </LineStyle>
        </Style>
        <Style id="908">
            <LineStyle id="909">
                <color>FFE2F3FE</color>
                <colorMode>normal</colorMode>
                <width>1.5</width>
            </LineStyle>
        </Style>
        <Style id="912">
            <LineStyle id="913">
                <color>FF4460ED</color>
                <colorMode>normal</colorMode>
                <width>1.5</width>
            </LineStyle>
        </Style>
        <Style id="916">
            <LineStyle id="917">
                <color>FFE2F3FE</color>
                <colorMode>normal</colorMode>
                <width>1.5</width>
            </LineStyle>
        </Style>
        <Style id="920">
            <LineStyle id="921">
                <color>FF3F59EA</color>
                <colorMode>normal</colorMode>
                <width>2.5</width>
            </LineStyle>
        </Style>
        <Style id="924">
            <LineStyle id="925">
                <color>FF93C9FD</color>
                <colorMode>normal</colorMode>
                <width>1.5</width>
            </LineStyle>
        </Style>
        <Style id="928">
            <LineStyle id="929">
                <color>FFE2F3FE</color>
                <colorMode>normal</colorMode>
                <width>1.5</width>
            </LineStyle>
        </Style>
        <Style id="932">
            <LineStyle id="933">
                <color>FFE2F3FE</color>
                <colorMode>normal</colorMode>
                <width>1.5</width>
            </LineStyle>
        </Style>
        <Style id="936">
            <LineStyle id="937">
                <color>FFDEF1FE</color>
                <colorMode>normal</colorMode>
                <width>1.5</width>
            </LineStyle>
        </Style>
        <Style id="940">
            <LineStyle id="941">
                <color>FFDEF1FE</color>
                <colorMode>normal</colorMode>
                <width>1.5</width>
            </LineStyle>
        </Style>
        <Style id="944">
            <LineStyle id="945">
                <color>FFE2F3FE</color>
                <colorMode>normal</colorMode>
                <width>1.5</width>
            </LineStyle>
        </Style>
        <Style id="948">
            <LineStyle id="949">
                <color>FFE2F3FE</color>
                <colorMode>normal</colorMode>
                <width>1.5</width>
            </LineStyle>
        </Style>
        <Style id="952">
            <LineStyle id="953">
                <color>FFDEF1FE</color>
                <colorMode>normal</colorMode>
                <width>1.5</width>
            </LineStyle>
        </Style>
        <Style id="956">
            <LineStyle id="957">
                <color>FFD9EFFE</color>
                <colorMode>normal</colorMode>
                <width>1.5</width>
            </LineStyle>
        </Style>
        <Style id="960">
            <LineStyle id="961">
                <color>FF89C0FD</color>
                <colorMode>normal</colorMode>
                <width>2.5</width>
            </LineStyle>
        </Style>
        <Style id="964">
            <LineStyle id="965">
                <color>FF3A53E7</color>
                <colorMode>normal</colorMode>
                <width>2.5</width>
            </LineStyle>
        </Style>
        <Style id="968">
            <LineStyle id="969">
                <color>FFA8D8FD</color>
                <colorMode>normal</colorMode>
                <width>2.5</width>
            </LineStyle>
        </Style>
        <Style id="972">
            <LineStyle id="973">
                <color>FF6CA1FC</color>
                <colorMode>normal</colorMode>
                <width>1.5</width>
            </LineStyle>
        </Style>
        <Style id="976">
            <LineStyle id="977">
                <color>FFE2F3FE</color>
                <colorMode>normal</colorMode>
                <width>1.5</width>
            </LineStyle>
        </Style>
        <Style id="980">
            <LineStyle id="981">
                <color>FFE2F3FE</color>
                <colorMode>normal</colorMode>
                <width>1.5</width>
            </LineStyle>
        </Style>
        <Style id="984">
            <LineStyle id="985">
                <color>FFE2F3FE</color>
                <colorMode>normal</colorMode>
                <width>1.5</width>
            </LineStyle>
        </Style>
        <Style id="988">
            <LineStyle id="989">
                <color>FF6CA1FC</color>
                <colorMode>normal</colorMode>
                <width>1.5</width>
            </LineStyle>
        </Style>
        <Style id="992">
            <LineStyle id="993">
                <color>FFE2F3FE</color>
                <colorMode>normal</colorMode>
                <width>1.5</width>
            </LineStyle>
        </Style>
        <Style id="996">
            <LineStyle id="997">
                <color>FFE2F3FE</color>
                <colorMode>normal</colorMode>
                <width>1.5</width>
            </LineStyle>
        </Style>
        <Style id="1000">
            <LineStyle id="1001">
                <color>FFDEF1FE</color>
                <colorMode>normal</colorMode>
                <width>1.5</width>
            </LineStyle>
        </Style>
        <Style id="1004">
            <LineStyle id="1005">
                <color>FF354CE3</color>
                <colorMode>normal</colorMode>
                <width>2.5</width>
            </LineStyle>
        </Style>
        <Style id="1008">
            <LineStyle id="1009">
                <color>FFE2F3FE</color>
                <colorMode>normal</colorMode>
                <width>1.5</width>
            </LineStyle>
        </Style>
        <Style id="1012">
            <LineStyle id="1013">
                <color>FFE2F3FE</color>
                <colorMode>normal</colorMode>
                <width>1.5</width>
            </LineStyle>
        </Style>
        <Style id="1016">
            <LineStyle id="1017">
                <color>FFE2F3FE</color>
                <colorMode>normal</colorMode>
                <width>1.5</width>
            </LineStyle>
        </Style>
        <Style id="1020">
            <LineStyle id="1021">
                <color>FFE2F3FE</color>
                <colorMode>normal</colorMode>
                <width>1.5</width>
            </LineStyle>
        </Style>
        <Style id="1024">
            <LineStyle id="1025">
                <color>FFDEF1FE</color>
                <colorMode>normal</colorMode>
                <width>1.5</width>
            </LineStyle>
        </Style>
        <Style id="1028">
            <LineStyle id="1029">
                <color>FFE2F3FE</color>
                <colorMode>normal</colorMode>
                <width>1.5</width>
            </LineStyle>
        </Style>
        <Style id="1032">
            <LineStyle id="1033">
                <color>FF89C0FD</color>
                <colorMode>normal</colorMode>
                <width>2.5</width>
            </LineStyle>
        </Style>
        <Style id="1036">
            <LineStyle id="1037">
                <color>FFE2F3FE</color>
                <colorMode>normal</colorMode>
                <width>1.5</width>
            </LineStyle>
        </Style>
        <Style id="1040">
            <LineStyle id="1041">
                <color>FFE2F3FE</color>
                <colorMode>normal</colorMode>
                <width>1.5</width>
            </LineStyle>
        </Style>
        <Style id="1044">
            <LineStyle id="1045">
                <color>FF82B9FC</color>
                <colorMode>normal</colorMode>
                <width>2.5</width>
            </LineStyle>
        </Style>
        <Style id="1048">
            <LineStyle id="1049">
                <color>FF3046E0</color>
                <colorMode>normal</colorMode>
                <width>2.5</width>
            </LineStyle>
        </Style>
        <Style id="1052">
            <LineStyle id="1053">
                <color>FFE2F3FE</color>
                <colorMode>normal</colorMode>
                <width>1.5</width>
            </LineStyle>
        </Style>
        <Style id="1056">
            <LineStyle id="1057">
                <color>FFE2F3FE</color>
                <colorMode>normal</colorMode>
                <width>1.5</width>
            </LineStyle>
        </Style>
        <Style id="1060">
            <LineStyle id="1061">
                <color>FFE2F3FE</color>
                <colorMode>normal</colorMode>
                <width>1.5</width>
            </LineStyle>
        </Style>
        <Style id="1064">
            <LineStyle id="1065">
                <color>FF2A3FDD</color>
                <colorMode>normal</colorMode>
                <width>2.5</width>
            </LineStyle>
        </Style>
        <Style id="1068">
            <LineStyle id="1069">
                <color>FFDEF1FE</color>
                <colorMode>normal</colorMode>
                <width>1.5</width>
            </LineStyle>
        </Style>
        <Style id="1072">
            <LineStyle id="1073">
                <color>FFDEF1FE</color>
                <colorMode>normal</colorMode>
                <width>1.5</width>
            </LineStyle>
        </Style>
        <Style id="1076">
            <LineStyle id="1077">
                <color>FFC7E7FD</color>
                <colorMode>normal</colorMode>
                <width>2.5</width>
            </LineStyle>
        </Style>
        <Style id="1080">
            <LineStyle id="1081">
                <color>FFE2F3FE</color>
                <colorMode>normal</colorMode>
                <width>1.5</width>
            </LineStyle>
        </Style>
        <Style id="1084">
            <LineStyle id="1085">
                <color>FFDEF1FE</color>
                <colorMode>normal</colorMode>
                <width>1.5</width>
            </LineStyle>
        </Style>
        <Style id="1088">
            <LineStyle id="1089">
                <color>FFDEF1FE</color>
                <colorMode>normal</colorMode>
                <width>1.5</width>
            </LineStyle>
        </Style>
        <Style id="1092">
            <LineStyle id="1093">
                <color>FFE2F3FE</color>
                <colorMode>normal</colorMode>
                <width>1.5</width>
            </LineStyle>
        </Style>
        <Style id="1096">
            <LineStyle id="1097">
                <color>FF71A7FC</color>
                <colorMode>normal</colorMode>
                <width>1.5</width>
            </LineStyle>
        </Style>
        <Style id="1100">
            <LineStyle id="1101">
                <color>FF4A6BF1</color>
                <colorMode>normal</colorMode>
                <width>1.5</width>
            </LineStyle>
        </Style>
        <Style id="1104">
            <LineStyle id="1105">
                <color>FFE2F3FE</color>
                <colorMode>normal</colorMode>
                <width>1.5</width>
            </LineStyle>
        </Style>
        <Style id="1108">
            <LineStyle id="1109">
                <color>FFDEF1FE</color>
                <colorMode>normal</colorMode>
                <width>1.5</width>
            </LineStyle>
        </Style>
        <Style id="1112">
            <LineStyle id="1113">
                <color>FF2538DA</color>
                <colorMode>normal</colorMode>
                <width>1.5</width>
            </LineStyle>
        </Style>
        <Style id="1116">
            <LineStyle id="1117">
                <color>FFD0EBFE</color>
                <colorMode>normal</colorMode>
                <width>2.5</width>
            </LineStyle>
        </Style>
        <Style id="1120">
            <LineStyle id="1121">
                <color>FFDEF1FE</color>
                <colorMode>normal</colorMode>
                <width>1.5</width>
            </LineStyle>
        </Style>
        <Style id="1124">
            <LineStyle id="1125">
                <color>FFE2F3FE</color>
                <colorMode>normal</colorMode>
                <width>1.5</width>
            </LineStyle>
        </Style>
        <Style id="1128">
            <LineStyle id="1129">
                <color>FFE2F3FE</color>
                <colorMode>normal</colorMode>
                <width>1.5</width>
            </LineStyle>
        </Style>
        <Style id="1132">
            <LineStyle id="1133">
                <color>FFE2F3FE</color>
                <colorMode>normal</colorMode>
                <width>1.5</width>
            </LineStyle>
        </Style>
        <Style id="1136">
            <LineStyle id="1137">
                <color>FF3A53E7</color>
                <colorMode>normal</colorMode>
                <width>2.5</width>
            </LineStyle>
        </Style>
        <Style id="1140">
            <LineStyle id="1141">
                <color>FF6CA1FC</color>
                <colorMode>normal</colorMode>
                <width>1.5</width>
            </LineStyle>
        </Style>
        <Style id="1144">
            <LineStyle id="1145">
                <color>FFDEF1FE</color>
                <colorMode>normal</colorMode>
                <width>1.5</width>
            </LineStyle>
        </Style>
        <Style id="1148">
            <LineStyle id="1149">
                <color>FFD0EBFE</color>
                <colorMode>normal</colorMode>
                <width>2.5</width>
            </LineStyle>
        </Style>
        <Style id="1152">
            <LineStyle id="1153">
                <color>FFE2F3FE</color>
                <colorMode>normal</colorMode>
                <width>1.5</width>
            </LineStyle>
        </Style>
        <Style id="1156">
            <LineStyle id="1157">
                <color>FF2032D7</color>
                <colorMode>normal</colorMode>
                <width>2.5</width>
            </LineStyle>
        </Style>
        <Style id="1160">
            <LineStyle id="1161">
                <color>FFDEF1FE</color>
                <colorMode>normal</colorMode>
                <width>1.5</width>
            </LineStyle>
        </Style>
        <Style id="1164">
            <LineStyle id="1165">
                <color>FF1B2AD2</color>
                <colorMode>normal</colorMode>
                <width>1.5</width>
            </LineStyle>
        </Style>
        <Style id="1168">
            <LineStyle id="1169">
                <color>FFE2F3FE</color>
                <colorMode>normal</colorMode>
                <width>1.5</width>
            </LineStyle>
        </Style>
        <Style id="1172">
            <LineStyle id="1173">
                <color>FFDEF1FE</color>
                <colorMode>normal</colorMode>
                <width>1.5</width>
            </LineStyle>
        </Style>
        <Style id="1176">
            <LineStyle id="1177">
                <color>FFDEF1FE</color>
                <colorMode>normal</colorMode>
                <width>1.5</width>
            </LineStyle>
        </Style>
        <Style id="1180">
            <LineStyle id="1181">
                <color>FFE2F3FE</color>
                <colorMode>normal</colorMode>
                <width>1.5</width>
            </LineStyle>
        </Style>
        <Style id="1184">
            <LineStyle id="1185">
                <color>FFE2F3FE</color>
                <colorMode>normal</colorMode>
                <width>1.5</width>
            </LineStyle>
        </Style>
        <Style id="1188">
            <LineStyle id="1189">
                <color>FF7CB3FC</color>
                <colorMode>normal</colorMode>
                <width>2.5</width>
            </LineStyle>
        </Style>
        <Style id="1192">
            <LineStyle id="1193">
                <color>FFDEF1FE</color>
                <colorMode>normal</colorMode>
                <width>1.5</width>
            </LineStyle>
        </Style>
        <Style id="1196">
            <LineStyle id="1197">
                <color>FFD0EBFE</color>
                <colorMode>normal</colorMode>
                <width>2.5</width>
            </LineStyle>
        </Style>
        <Style id="1200">
            <LineStyle id="1201">
                <color>FFDEF1FE</color>
                <colorMode>normal</colorMode>
                <width>1.5</width>
            </LineStyle>
        </Style>
        <Style id="1204">
            <LineStyle id="1205">
                <color>FFE2F3FE</color>
                <colorMode>normal</colorMode>
                <width>1.5</width>
            </LineStyle>
        </Style>
        <Style id="1208">
            <LineStyle id="1209">
                <color>FFE2F3FE</color>
                <colorMode>normal</colorMode>
                <width>1.5</width>
            </LineStyle>
        </Style>
        <Style id="1212">
            <LineStyle id="1213">
                <color>FFE2F3FE</color>
                <colorMode>normal</colorMode>
                <width>1.5</width>
            </LineStyle>
        </Style>
        <Style id="1216">
            <LineStyle id="1217">
                <color>FFE2F3FE</color>
                <colorMode>normal</colorMode>
                <width>1.5</width>
            </LineStyle>
        </Style>
        <Style id="1220">
            <LineStyle id="1221">
                <color>FFDEF1FE</color>
                <colorMode>normal</colorMode>
                <width>1.5</width>
            </LineStyle>
        </Style>
        <Style id="1224">
            <LineStyle id="1225">
                <color>FFDEF1FE</color>
                <colorMode>normal</colorMode>
                <width>1.5</width>
            </LineStyle>
        </Style>
        <Style id="1228">
            <LineStyle id="1229">
                <color>FF1724CE</color>
                <colorMode>normal</colorMode>
                <width>2.5</width>
            </LineStyle>
        </Style>
        <Style id="1232">
            <LineStyle id="1233">
                <color>FFE2F3FE</color>
                <colorMode>normal</colorMode>
                <width>1.5</width>
            </LineStyle>
        </Style>
        <Style id="1236">
            <LineStyle id="1237">
                <color>FF7CB3FC</color>
                <colorMode>normal</colorMode>
                <width>2.5</width>
            </LineStyle>
        </Style>
        <Style id="1240">
            <LineStyle id="1241">
                <color>FF5C90FC</color>
                <colorMode>normal</colorMode>
                <width>2.5</width>
            </LineStyle>
        </Style>
        <Style id="1244">
            <LineStyle id="1245">
                <color>FFA8D8FD</color>
                <colorMode>normal</colorMode>
                <width>2.5</width>
            </LineStyle>
        </Style>
        <Style id="1248">
            <LineStyle id="1249">
                <color>FF131EC9</color>
                <colorMode>normal</colorMode>
                <width>2.5</width>
            </LineStyle>
        </Style>
        <Style id="1252">
            <LineStyle id="1253">
                <color>FF7CB3FC</color>
                <colorMode>normal</colorMode>
                <width>2.5</width>
            </LineStyle>
        </Style>
        <Style id="1256">
            <LineStyle id="1257">
                <color>FF82B9FC</color>
                <colorMode>normal</colorMode>
                <width>2.5</width>
            </LineStyle>
        </Style>
        <Style id="1260">
            <LineStyle id="1261">
                <color>FFECF7FF</color>
                <colorMode>normal</colorMode>
                <width>2.5</width>
            </LineStyle>
        </Style>
        <Style id="1264">
            <LineStyle id="1265">
                <color>FF82B9FC</color>
                <colorMode>normal</colorMode>
                <width>2.5</width>
            </LineStyle>
        </Style>
        <Style id="1268">
            <LineStyle id="1269">
                <color>FFE2F3FE</color>
                <colorMode>normal</colorMode>
                <width>1.5</width>
            </LineStyle>
        </Style>
        <Style id="1272">
            <LineStyle id="1273">
                <color>FFE7F5FE</color>
                <colorMode>normal</colorMode>
                <width>2.5</width>
            </LineStyle>
        </Style>
        <Style id="1276">
            <LineStyle id="1277">
                <color>FF7CB3FC</color>
                <colorMode>normal</colorMode>
                <width>2.5</width>
            </LineStyle>
        </Style>
        <Style id="1280">
            <LineStyle id="1281">
                <color>FFDEF1FE</color>
                <colorMode>normal</colorMode>
                <width>1.5</width>
            </LineStyle>
        </Style>
        <Style id="1284">
            <LineStyle id="1285">
                <color>FFDEF1FE</color>
                <colorMode>normal</colorMode>
                <width>1.5</width>
            </LineStyle>
        </Style>
        <Style id="1288">
            <LineStyle id="1289">
                <color>FF7CB3FC</color>
                <colorMode>normal</colorMode>
                <width>2.5</width>
            </LineStyle>
        </Style>
        <Style id="1292">
            <LineStyle id="1293">
                <color>FF89C0FD</color>
                <colorMode>normal</colorMode>
                <width>2.5</width>
            </LineStyle>
        </Style>
        <Style id="1296">
            <LineStyle id="1297">
                <color>FF93C9FD</color>
                <colorMode>normal</colorMode>
                <width>1.5</width>
            </LineStyle>
        </Style>
        <Style id="1300">
            <LineStyle id="1301">
                <color>FFE2F3FE</color>
                <colorMode>normal</colorMode>
                <width>1.5</width>
            </LineStyle>
        </Style>
        <Style id="1304">
            <LineStyle id="1305">
                <color>FF3A53E7</color>
                <colorMode>normal</colorMode>
                <width>2.5</width>
            </LineStyle>
        </Style>
        <Style id="1308">
            <LineStyle id="1309">
                <color>FFDEF1FE</color>
                <colorMode>normal</colorMode>
                <width>1.5</width>
            </LineStyle>
        </Style>
        <Style id="1312">
            <LineStyle id="1313">
                <color>FFE2F3FE</color>
                <colorMode>normal</colorMode>
                <width>1.5</width>
            </LineStyle>
        </Style>
        <Style id="1316">
            <LineStyle id="1317">
                <color>FF7CB3FC</color>
                <colorMode>normal</colorMode>
                <width>2.5</width>
            </LineStyle>
        </Style>
        <Style id="1320">
            <LineStyle id="1321">
                <color>FF0F18C5</color>
                <colorMode>normal</colorMode>
                <width>1.5</width>
            </LineStyle>
        </Style>
        <Style id="1324">
            <LineStyle id="1325">
                <color>FFE2F3FE</color>
                <colorMode>normal</colorMode>
                <width>1.5</width>
            </LineStyle>
        </Style>
        <Style id="1328">
            <LineStyle id="1329">
                <color>FF99CFFD</color>
                <colorMode>normal</colorMode>
                <width>1.5</width>
            </LineStyle>
        </Style>
        <Style id="1332">
            <LineStyle id="1333">
                <color>FF0B12C0</color>
                <colorMode>normal</colorMode>
                <width>1.5</width>
            </LineStyle>
        </Style>
        <Style id="1336">
            <LineStyle id="1337">
                <color>FFA8D8FD</color>
                <colorMode>normal</colorMode>
                <width>2.5</width>
            </LineStyle>
        </Style>
        <Style id="1340">
            <LineStyle id="1341">
                <color>FFE2F3FE</color>
                <colorMode>normal</colorMode>
                <width>1.5</width>
            </LineStyle>
        </Style>
        <Style id="1344">
            <LineStyle id="1345">
                <color>FFD9EFFE</color>
                <colorMode>normal</colorMode>
                <width>1.5</width>
            </LineStyle>
        </Style>
        <Style id="1348">
            <LineStyle id="1349">
                <color>FFDEF1FE</color>
                <colorMode>normal</colorMode>
                <width>1.5</width>
            </LineStyle>
        </Style>
        <Style id="1352">
            <LineStyle id="1353">
                <color>FFDEF1FE</color>
                <colorMode>normal</colorMode>
                <width>1.5</width>
            </LineStyle>
        </Style>
        <Style id="1356">
            <LineStyle id="1357">
                <color>FFE2F3FE</color>
                <colorMode>normal</colorMode>
                <width>1.5</width>
            </LineStyle>
        </Style>
        <Style id="1360">
            <LineStyle id="1361">
                <color>FFDEF1FE</color>
                <colorMode>normal</colorMode>
                <width>1.5</width>
            </LineStyle>
        </Style>
        <Style id="1364">
            <LineStyle id="1365">
                <color>FFDEF1FE</color>
                <colorMode>normal</colorMode>
                <width>1.5</width>
            </LineStyle>
        </Style>
        <Style id="1368">
            <LineStyle id="1369">
                <color>FFE2F3FE</color>
                <colorMode>normal</colorMode>
                <width>1.5</width>
            </LineStyle>
        </Style>
        <Style id="1372">
            <LineStyle id="1373">
                <color>FFDEF1FE</color>
                <colorMode>normal</colorMode>
                <width>1.5</width>
            </LineStyle>
        </Style>
        <Style id="1376">
            <LineStyle id="1377">
                <color>FF070CBC</color>
                <colorMode>normal</colorMode>
                <width>2.5</width>
            </LineStyle>
        </Style>
        <Style id="1380">
            <LineStyle id="1381">
                <color>FFE2F3FE</color>
                <colorMode>normal</colorMode>
                <width>1.5</width>
            </LineStyle>
        </Style>
        <Style id="1384">
            <LineStyle id="1385">
                <color>FFD9EFFE</color>
                <colorMode>normal</colorMode>
                <width>1.5</width>
            </LineStyle>
        </Style>
        <Style id="1388">
            <LineStyle id="1389">
                <color>FFE2F3FE</color>
                <colorMode>normal</colorMode>
                <width>1.5</width>
            </LineStyle>
        </Style>
        <Style id="1392">
            <LineStyle id="1393">
                <color>FFE2F3FE</color>
                <colorMode>normal</colorMode>
                <width>1.5</width>
            </LineStyle>
        </Style>
        <Style id="1396">
            <LineStyle id="1397">
                <color>FFE2F3FE</color>
                <colorMode>normal</colorMode>
                <width>1.5</width>
            </LineStyle>
        </Style>
        <Style id="1400">
            <LineStyle id="1401">
                <color>FFDEF1FE</color>
                <colorMode>normal</colorMode>
                <width>1.5</width>
            </LineStyle>
        </Style>
        <Style id="1404">
            <LineStyle id="1405">
                <color>FFE2F3FE</color>
                <colorMode>normal</colorMode>
                <width>1.5</width>
            </LineStyle>
        </Style>
        <Style id="1408">
            <LineStyle id="1409">
                <color>FFDEF1FE</color>
                <colorMode>normal</colorMode>
                <width>1.5</width>
            </LineStyle>
        </Style>
        <Style id="1412">
            <LineStyle id="1413">
                <color>FFDEF1FE</color>
                <colorMode>normal</colorMode>
                <width>1.5</width>
            </LineStyle>
        </Style>
        <Style id="1416">
            <LineStyle id="1417">
                <color>FFE2F3FE</color>
                <colorMode>normal</colorMode>
                <width>1.5</width>
            </LineStyle>
        </Style>
        <Style id="1420">
            <LineStyle id="1421">
                <color>FF0406B7</color>
                <colorMode>normal</colorMode>
                <width>1.5</width>
            </LineStyle>
        </Style>
        <Style id="1424">
            <LineStyle id="1425">
                <color>FFE2F3FE</color>
                <colorMode>normal</colorMode>
                <width>1.5</width>
            </LineStyle>
        </Style>
        <Style id="1428">
            <LineStyle id="1429">
                <color>FFDEF1FE</color>
                <colorMode>normal</colorMode>
                <width>1.5</width>
            </LineStyle>
        </Style>
        <Style id="1432">
            <LineStyle id="1433">
                <color>FFE2F3FE</color>
                <colorMode>normal</colorMode>
                <width>1.5</width>
            </LineStyle>
        </Style>
        <Style id="1436">
            <LineStyle id="1437">
                <color>FF7CB3FC</color>
                <colorMode>normal</colorMode>
                <width>2.5</width>
            </LineStyle>
        </Style>
        <Style id="1440">
            <LineStyle id="1441">
                <color>FFECF7FF</color>
                <colorMode>normal</colorMode>
                <width>2.5</width>
            </LineStyle>
        </Style>
        <Style id="1444">
            <LineStyle id="1445">
                <color>FFE2F3FE</color>
                <colorMode>normal</colorMode>
                <width>1.5</width>
            </LineStyle>
        </Style>
        <Style id="1448">
            <LineStyle id="1449">
                <color>FFDEF1FE</color>
                <colorMode>normal</colorMode>
                <width>1.5</width>
            </LineStyle>
        </Style>
        <Style id="1452">
            <LineStyle id="1453">
                <color>FFE2F3FE</color>
                <colorMode>normal</colorMode>
                <width>1.5</width>
            </LineStyle>
        </Style>
        <Style id="1456">
            <LineStyle id="1457">
                <color>FF82B9FC</color>
                <colorMode>normal</colorMode>
                <width>2.5</width>
            </LineStyle>
        </Style>
        <Style id="1460">
            <LineStyle id="1461">
                <color>FF89C0FD</color>
                <colorMode>normal</colorMode>
                <width>2.5</width>
            </LineStyle>
        </Style>
        <Style id="1464">
            <LineStyle id="1465">
                <color>FF77ADFC</color>
                <colorMode>normal</colorMode>
                <width>1.5</width>
            </LineStyle>
        </Style>
        <Style id="1468">
            <LineStyle id="1469">
                <color>FFB2DDFD</color>
                <colorMode>normal</colorMode>
                <width>1.5</width>
            </LineStyle>
        </Style>
        <Style id="1472">
            <LineStyle id="1473">
                <color>FFE2F3FE</color>
                <colorMode>normal</colorMode>
                <width>1.5</width>
            </LineStyle>
        </Style>
        <Style id="1476">
            <LineStyle id="1477">
                <color>FFECF7FF</color>
                <colorMode>normal</colorMode>
                <width>2.5</width>
            </LineStyle>
        </Style>
        <Style id="1480">
            <LineStyle id="1481">
                <color>FFE2F3FE</color>
                <colorMode>normal</colorMode>
                <width>1.5</width>
            </LineStyle>
        </Style>
        <Style id="1484">
            <LineStyle id="1485">
                <color>FF89C0FD</color>
                <colorMode>normal</colorMode>
                <width>2.5</width>
            </LineStyle>
        </Style>
        <Style id="1488">
            <LineStyle id="1489">
                <color>FFE2F3FE</color>
                <colorMode>normal</colorMode>
                <width>1.5</width>
            </LineStyle>
        </Style>
        <Style id="1492">
            <LineStyle id="1493">
                <color>FFC7E7FD</color>
                <colorMode>normal</colorMode>
                <width>2.5</width>
            </LineStyle>
        </Style>
        <Style id="1496">
            <LineStyle id="1497">
                <color>FFE2F3FE</color>
                <colorMode>normal</colorMode>
                <width>1.5</width>
            </LineStyle>
        </Style>
        <Style id="1500">
            <LineStyle id="1501">
                <color>FFE2F3FE</color>
                <colorMode>normal</colorMode>
                <width>1.5</width>
            </LineStyle>
        </Style>
        <Style id="1504">
            <LineStyle id="1505">
                <color>FF71A7FC</color>
                <colorMode>normal</colorMode>
                <width>1.5</width>
            </LineStyle>
        </Style>
        <Style id="1508">
            <LineStyle id="1509">
                <color>FFE2F3FE</color>
                <colorMode>normal</colorMode>
                <width>1.5</width>
            </LineStyle>
        </Style>
        <Style id="1512">
            <LineStyle id="1513">
                <color>FFE2F3FE</color>
                <colorMode>normal</colorMode>
                <width>1.5</width>
            </LineStyle>
        </Style>
        <Style id="1516">
            <LineStyle id="1517">
                <color>FFE2F3FE</color>
                <colorMode>normal</colorMode>
                <width>1.5</width>
            </LineStyle>
        </Style>
        <Style id="1520">
            <LineStyle id="1521">
                <color>FF93C9FD</color>
                <colorMode>normal</colorMode>
                <width>1.5</width>
            </LineStyle>
        </Style>
        <Style id="1524">
            <LineStyle id="1525">
                <color>FF0B12C0</color>
                <colorMode>normal</colorMode>
                <width>1.5</width>
            </LineStyle>
        </Style>
        <Style id="1528">
            <LineStyle id="1529">
                <color>FFE2F3FE</color>
                <colorMode>normal</colorMode>
                <width>1.5</width>
            </LineStyle>
        </Style>
        <Style id="1532">
            <LineStyle id="1533">
                <color>FFDEF1FE</color>
                <colorMode>normal</colorMode>
                <width>1.5</width>
            </LineStyle>
        </Style>
        <Style id="1536">
            <LineStyle id="1537">
                <color>FFE2F3FE</color>
                <colorMode>normal</colorMode>
                <width>1.5</width>
            </LineStyle>
        </Style>
        <Style id="1540">
            <LineStyle id="1541">
                <color>FFE7F5FE</color>
                <colorMode>normal</colorMode>
                <width>2.5</width>
            </LineStyle>
        </Style>
        <Style id="1544">
            <LineStyle id="1545">
                <color>FFC7E7FD</color>
                <colorMode>normal</colorMode>
                <width>2.5</width>
            </LineStyle>
        </Style>
        <Style id="1548">
            <LineStyle id="1549">
                <color>FFDEF1FE</color>
                <colorMode>normal</colorMode>
                <width>1.5</width>
            </LineStyle>
        </Style>
        <Style id="1552">
            <LineStyle id="1553">
                <color>FFDEF1FE</color>
                <colorMode>normal</colorMode>
                <width>1.5</width>
            </LineStyle>
        </Style>
        <Style id="1556">
            <LineStyle id="1557">
                <color>FF8CC3FD</color>
                <colorMode>normal</colorMode>
                <width>2.5</width>
            </LineStyle>
        </Style>
        <Style id="1560">
            <LineStyle id="1561">
                <color>FFDEF1FE</color>
                <colorMode>normal</colorMode>
                <width>1.5</width>
            </LineStyle>
        </Style>
        <Style id="1564">
            <LineStyle id="1565">
                <color>FF3046E0</color>
                <colorMode>normal</colorMode>
                <width>2.5</width>
            </LineStyle>
        </Style>
        <Style id="1568">
            <LineStyle id="1569">
                <color>FFE2F3FE</color>
                <colorMode>normal</colorMode>
                <width>1.5</width>
            </LineStyle>
        </Style>
        <Style id="1572">
            <LineStyle id="1573">
                <color>FFE2F3FE</color>
                <colorMode>normal</colorMode>
                <width>1.5</width>
            </LineStyle>
        </Style>
        <Style id="1576">
            <LineStyle id="1577">
                <color>FF0000B3</color>
                <colorMode>normal</colorMode>
                <width>2.5</width>
            </LineStyle>
        </Style>
        <Style id="1580">
            <LineStyle id="1581">
                <color>FFE2F3FE</color>
                <colorMode>normal</colorMode>
                <width>1.5</width>
            </LineStyle>
        </Style>
        <Style id="1584">
            <LineStyle id="1585">
                <color>FFE2F3FE</color>
                <colorMode>normal</colorMode>
                <width>1.5</width>
            </LineStyle>
        </Style>
        <Style id="1588">
            <LineStyle id="1589">
                <color>FFE2F3FE</color>
                <colorMode>normal</colorMode>
                <width>1.5</width>
            </LineStyle>
        </Style>
        <Style id="1592">
            <LineStyle id="1593">
                <color>FFE2F3FE</color>
                <colorMode>normal</colorMode>
                <width>1.5</width>
            </LineStyle>
        </Style>
        <Style id="1596">
            <LineStyle id="1597">
                <color>FFE2F3FE</color>
                <colorMode>normal</colorMode>
                <width>1.5</width>
            </LineStyle>
        </Style>
        <Style id="1600">
            <LineStyle id="1601">
                <color>FFDEF1FE</color>
                <colorMode>normal</colorMode>
                <width>1.5</width>
            </LineStyle>
        </Style>
        <Style id="1604">
            <LineStyle id="1605">
                <color>FFE2F3FE</color>
                <colorMode>normal</colorMode>
                <width>1.5</width>
            </LineStyle>
        </Style>
        <Style id="1608">
            <LineStyle id="1609">
                <color>FFE2F3FE</color>
                <colorMode>normal</colorMode>
                <width>1.5</width>
            </LineStyle>
        </Style>
        <Style id="1612">
            <LineStyle id="1613">
                <color>FFE2F3FE</color>
                <colorMode>normal</colorMode>
                <width>1.5</width>
            </LineStyle>
        </Style>
        <Style id="1616">
            <LineStyle id="1617">
                <color>FF4D70F2</color>
                <colorMode>normal</colorMode>
                <width>2.5</width>
            </LineStyle>
        </Style>
        <Style id="1620">
            <LineStyle id="1621">
                <color>FFE2F3FE</color>
                <colorMode>normal</colorMode>
                <width>1.5</width>
            </LineStyle>
        </Style>
        <Style id="1624">
            <LineStyle id="1625">
                <color>FFDEF1FE</color>
                <colorMode>normal</colorMode>
                <width>1.5</width>
            </LineStyle>
        </Style>
        <Style id="1628">
            <LineStyle id="1629">
                <color>FFDEF1FE</color>
                <colorMode>normal</colorMode>
                <width>1.5</width>
            </LineStyle>
        </Style>
        <Style id="1632">
            <LineStyle id="1633">
                <color>FFDEF1FE</color>
                <colorMode>normal</colorMode>
                <width>1.5</width>
            </LineStyle>
        </Style>
        <Style id="1636">
            <LineStyle id="1637">
                <color>FFDEF1FE</color>
                <colorMode>normal</colorMode>
                <width>1.5</width>
            </LineStyle>
        </Style>
        <Style id="1640">
            <LineStyle id="1641">
                <color>FF5C90FC</color>
                <colorMode>normal</colorMode>
                <width>2.5</width>
            </LineStyle>
        </Style>
        <Style id="1644">
            <LineStyle id="1645">
                <color>FFB8E0FD</color>
                <colorMode>normal</colorMode>
                <width>1.5</width>
            </LineStyle>
        </Style>
        <Style id="1648">
            <LineStyle id="1649">
                <color>FFDEF1FE</color>
                <colorMode>normal</colorMode>
                <width>1.5</width>
            </LineStyle>
        </Style>
        <Style id="1652">
            <LineStyle id="1653">
                <color>FF0000AC</color>
                <colorMode>normal</colorMode>
                <width>1.5</width>
            </LineStyle>
        </Style>
        <Style id="1656">
            <LineStyle id="1657">
                <color>FFDEF1FE</color>
                <colorMode>normal</colorMode>
                <width>1.5</width>
            </LineStyle>
        </Style>
        <Style id="1660">
            <LineStyle id="1661">
                <color>FF82B9FC</color>
                <colorMode>normal</colorMode>
                <width>2.5</width>
            </LineStyle>
        </Style>
        <Style id="1664">
            <LineStyle id="1665">
                <color>FF82B9FC</color>
                <colorMode>normal</colorMode>
                <width>2.5</width>
            </LineStyle>
        </Style>
        <Style id="1668">
            <LineStyle id="1669">
                <color>FF93C9FD</color>
                <colorMode>normal</colorMode>
                <width>1.5</width>
            </LineStyle>
        </Style>
        <Style id="1672">
            <LineStyle id="1673">
                <color>FFE2F3FE</color>
                <colorMode>normal</colorMode>
                <width>1.5</width>
            </LineStyle>
        </Style>
        <Style id="1676">
            <LineStyle id="1677">
                <color>FFE2F3FE</color>
                <colorMode>normal</colorMode>
                <width>1.5</width>
            </LineStyle>
        </Style>
        <Style id="1680">
            <LineStyle id="1681">
                <color>FF0000A6</color>
                <colorMode>normal</colorMode>
                <width>2.5</width>
            </LineStyle>
        </Style>
        <Style id="1684">
            <LineStyle id="1685">
                <color>FFE2F3FE</color>
                <colorMode>normal</colorMode>
                <width>1.5</width>
            </LineStyle>
        </Style>
        <Style id="1688">
            <LineStyle id="1689">
                <color>FF00009F</color>
                <colorMode>normal</colorMode>
                <width>1.5</width>
            </LineStyle>
        </Style>
        <Style id="1692">
            <LineStyle id="1693">
                <color>FF7CB3FC</color>
                <colorMode>normal</colorMode>
                <width>2.5</width>
            </LineStyle>
        </Style>
        <Style id="1696">
            <LineStyle id="1697">
                <color>FF000099</color>
                <colorMode>normal</colorMode>
                <width>1.5</width>
            </LineStyle>
        </Style>
        <Style id="1700">
            <LineStyle id="1701">
                <color>FFE2F3FE</color>
                <colorMode>normal</colorMode>
                <width>1.5</width>
            </LineStyle>
        </Style>
        <Style id="1704">
            <LineStyle id="1705">
                <color>FF000092</color>
                <colorMode>normal</colorMode>
                <width>1.5</width>
            </LineStyle>
        </Style>
        <Style id="1708">
            <LineStyle id="1709">
                <color>FFE2F3FE</color>
                <colorMode>normal</colorMode>
                <width>1.5</width>
            </LineStyle>
        </Style>
        <Style id="1712">
            <LineStyle id="1713">
                <color>FFE2F3FE</color>
                <colorMode>normal</colorMode>
                <width>1.5</width>
            </LineStyle>
        </Style>
        <Style id="1716">
            <LineStyle id="1717">
                <color>FF93C9FD</color>
                <colorMode>normal</colorMode>
                <width>1.5</width>
            </LineStyle>
        </Style>
        <Style id="1720">
            <LineStyle id="1721">
                <color>FF7CB3FC</color>
                <colorMode>normal</colorMode>
                <width>2.5</width>
            </LineStyle>
        </Style>
        <Style id="1724">
            <LineStyle id="1725">
                <color>FFDEF1FE</color>
                <colorMode>normal</colorMode>
                <width>1.5</width>
            </LineStyle>
        </Style>
        <Style id="1728">
            <LineStyle id="1729">
                <color>FFDEF1FE</color>
                <colorMode>normal</colorMode>
                <width>1.5</width>
            </LineStyle>
        </Style>
        <Style id="1732">
            <LineStyle id="1733">
                <color>FFC2E5FD</color>
                <colorMode>normal</colorMode>
                <width>2.5</width>
            </LineStyle>
        </Style>
        <Style id="1736">
            <LineStyle id="1737">
                <color>FF00008C</color>
                <colorMode>normal</colorMode>
                <width>2.5</width>
            </LineStyle>
        </Style>
        <Style id="1740">
            <LineStyle id="1741">
                <color>FFDEF1FE</color>
                <colorMode>normal</colorMode>
                <width>1.5</width>
            </LineStyle>
        </Style>
        <Style id="1744">
            <LineStyle id="1745">
                <color>FF4460ED</color>
                <colorMode>normal</colorMode>
                <width>1.5</width>
            </LineStyle>
        </Style>
        <Style id="1748">
            <LineStyle id="1749">
                <color>FF89C0FD</color>
                <colorMode>normal</colorMode>
                <width>2.5</width>
            </LineStyle>
        </Style>
        <Style id="1752">
            <LineStyle id="1753">
                <color>FFDEF1FE</color>
                <colorMode>normal</colorMode>
                <width>1.5</width>
            </LineStyle>
        </Style>
        <Style id="1756">
            <LineStyle id="1757">
                <color>FF000085</color>
                <colorMode>normal</colorMode>
                <width>1.5</width>
            </LineStyle>
        </Style>
        <Style id="1760">
            <LineStyle id="1761">
                <color>FF00007F</color>
                <colorMode>normal</colorMode>
                <width>1.5</width>
            </LineStyle>
        </Style>
        <Style id="1764">
            <LineStyle id="1765">
                <color>FF77ADFC</color>
                <colorMode>normal</colorMode>
                <width>1.5</width>
            </LineStyle>
        </Style>
        <Style id="1768">
            <LineStyle id="1769">
                <color>FFDEF1FE</color>
                <colorMode>normal</colorMode>
                <width>1.5</width>
            </LineStyle>
        </Style>
        <Style id="1772">
            <LineStyle id="1773">
                <color>FFECF7FF</color>
                <colorMode>normal</colorMode>
                <width>2.5</width>
            </LineStyle>
        </Style>
        <Style id="1776">
            <LineStyle id="1777">
                <color>FFDEF1FE</color>
                <colorMode>normal</colorMode>
                <width>1.5</width>
            </LineStyle>
        </Style>
        <Style id="1780">
            <LineStyle id="1781">
                <color>FFE7F5FE</color>
                <colorMode>normal</colorMode>
                <width>2.5</width>
            </LineStyle>
        </Style>
        <Style id="1784">
            <LineStyle id="1785">
                <color>FFC7E7FD</color>
                <colorMode>normal</colorMode>
                <width>2.5</width>
            </LineStyle>
        </Style>
        <Style id="1788">
            <LineStyle id="1789">
                <color>FFE2F3FE</color>
                <colorMode>normal</colorMode>
                <width>1.5</width>
            </LineStyle>
        </Style>
        <Style id="1792">
            <LineStyle id="1793">
                <color>FFDEF1FE</color>
                <colorMode>normal</colorMode>
                <width>1.5</width>
            </LineStyle>
        </Style>
        <Style id="1796">
            <LineStyle id="1797">
                <color>FF93C9FD</color>
                <colorMode>normal</colorMode>
                <width>1.5</width>
            </LineStyle>
        </Style>
        <name>Filtered Lines</name>
        <description>Lines generated using Spherical calculations.</description>
        <Placemark id="3">
            <name>AN → OtrB</name>
            <description>
                
        
<![CDATA[
          <b>P1:</b> AN<br>
          <b>P2:</b> OtrB<br>
          <hr>
          <b>Distance:</b> 3.757 miles<br>
          <hr>
          <u>Path P1 → P2:</u><br>
          <b>Forward Azimuth at P1 (Az12):</b> 315.031°<br>
          <b>Back Azimuth at P2 (BackAz12):</b> 315.000°<br>
          <hr>
          <u>Path P2 → P1:</u><br>
          <b>Forward Azimuth at P2 (Az21):</b> 135.000°<br>
          <b>Back Azimuth at P1 (BackAz21):</b> 135.031°<br>
          <hr>
          <b>Filter Reason(s):</b> Az21 Whole, Az21 multiple:15.00<br>
          <hr>
          <i>Calculation Method: Spherical</i>
        ]]>                
        
            </description>
            <styleUrl>#4</styleUrl>
            <LineString id="2">
                <coordinates>-76.94192180000002,38.91858289999999,0.0 -76.99134485249716,38.95704643888089,0.0</coordinates>
            </LineString>
        </Placemark>
        <Placemark id="7">
            <name>AN → H39</name>
            <description>
                
        
<![CDATA[
          <b>P1:</b> AN<br>
          <b>P2:</b> H39<br>
          <hr>
          <b>Distance:</b> 16.148 miles<br>
          <hr>
          <u>Path P1 → P2:</u><br>
          <b>Forward Azimuth at P1 (Az12):</b> 270.188°<br>
          <b>Back Azimuth at P2 (BackAz12):</b> 270.000°<br>
          <hr>
          <u>Path P2 → P1:</u><br>
          <b>Forward Azimuth at P2 (Az21):</b> 90.000°<br>
          <b>Back Azimuth at P1 (BackAz21):</b> 90.188°<br>
          <hr>
          <b>Filter Reason(s):</b> Az21 multiple:15.00, Az21 multiple:18.00<br>
          <hr>
          <i>Calculation Method: Spherical</i>
        ]]>                
        
            </description>
            <styleUrl>#8</styleUrl>
            <LineString id="6">
                <coordinates>-76.94192180000002,38.91858289999999,0.0 -77.24236058241425,38.9189665077175,0.0</coordinates>
            </LineString>
        </Placemark>
        <Placemark id="11">
            <name>AnOthr01 → H50</name>
            <description>
                
        
<![CDATA[
          <b>P1:</b> AnOthr01<br>
          <b>P2:</b> H50<br>
          <hr>
          <b>Distance:</b> 7.131 miles<br>
          <hr>
          <u>Path P1 → P2:</u><br>
          <b>Forward Azimuth at P1 (Az12):</b> 336.001°<br>
          <b>Back Azimuth at P2 (BackAz12):</b> 335.968°<br>
          <hr>
          <u>Path P2 → P1:</u><br>
          <b>Forward Azimuth at P2 (Az21):</b> 155.968°<br>
          <b>Back Azimuth at P1 (BackAz21):</b> 156.001°<br>
          <hr>
          <b>Filter Reason(s):</b> Az12 Whole<br>
          <hr>
          <i>Calculation Method: Spherical</i>
        ]]>                
        
            </description>
            <styleUrl>#12</styleUrl>
            <LineString id="10">
                <coordinates>-76.99696100301952,38.86898287196977,0.0 -77.05095505059923,38.96327236063456,0.0</coordinates>
            </LineString>
        </Placemark>
        <Placemark id="15">
            <name>B → Chk19</name>
            <description>
                
        
<![CDATA[
          <b>P1:</b> B<br>
          <b>P2:</b> Chk19<br>
          <hr>
          <b>Distance:</b> 6.960 miles<br>
          <hr>
          <u>Path P1 → P2:</u><br>
          <b>Forward Azimuth at P1 (Az12):</b> 343.008°<br>
          <b>Back Azimuth at P2 (BackAz12):</b> 342.984°<br>
          <hr>
          <u>Path P2 → P1:</u><br>
          <b>Forward Azimuth at P2 (Az21):</b> 162.984°<br>
          <b>Back Azimuth at P1 (BackAz21):</b> 163.008°<br>
          <hr>
          <b>Filter Reason(s):</b> Az12 Whole<br>
          <hr>
          <i>Calculation Method: Spherical</i>
        ]]>                
        
            </description>
            <styleUrl>#16</styleUrl>
            <LineString id="14">
                <coordinates>-77.008886,38.892743276,0.0 -77.04677082443145,38.98909790584569,0.0</coordinates>
            </LineString>
        </Placemark>
        <Placemark id="19">
            <name>B → H98</name>
            <description>
                
        
<![CDATA[
          <b>P1:</b> B<br>
          <b>P2:</b> H98<br>
          <hr>
          <b>Distance:</b> 3.957 miles<br>
          <hr>
          <u>Path P1 → P2:</u><br>
          <b>Forward Azimuth at P1 (Az12):</b> 336.007°<br>
          <b>Back Azimuth at P2 (BackAz12):</b> 335.988°<br>
          <hr>
          <u>Path P2 → P1:</u><br>
          <b>Forward Azimuth at P2 (Az21):</b> 155.988°<br>
          <b>Back Azimuth at P1 (BackAz21):</b> 156.007°<br>
          <hr>
          <b>Filter Reason(s):</b> Az12 Whole<br>
          <hr>
          <i>Calculation Method: Spherical</i>
        ]]>                
        
            </description>
            <styleUrl>#20</styleUrl>
            <LineString id="18">
                <coordinates>-77.008886,38.892743276,0.0 -77.0388345966892,38.9450714821746,0.0</coordinates>
            </LineString>
        </Placemark>
        <Placemark id="23">
            <name>CCnrA → I079</name>
            <description>
                
        
<![CDATA[
          <b>P1:</b> CCnrA<br>
          <b>P2:</b> I079<br>
          <hr>
          <b>Distance:</b> 2.426 miles<br>
          <hr>
          <u>Path P1 → P2:</u><br>
          <b>Forward Azimuth at P1 (Az12):</b> 293.001°<br>
          <b>Back Azimuth at P2 (BackAz12):</b> 292.975°<br>
          <hr>
          <u>Path P2 → P1:</u><br>
          <b>Forward Azimuth at P2 (Az21):</b> 112.975°<br>
          <b>Back Azimuth at P1 (BackAz21):</b> 113.001°<br>
          <hr>
          <b>Filter Reason(s):</b> Az12 Whole<br>
          <hr>
          <i>Calculation Method: Spherical</i>
        ]]>                
        
            </description>
            <styleUrl>#24</styleUrl>
            <LineString id="22">
                <coordinates>-77.00860327209443,38.88881417737429,0.0 -77.0501392974717,38.90252822129722,0.0</coordinates>
            </LineString>
        </Placemark>
        <Placemark id="27">
            <name>CCnrA → Chk05</name>
            <description>
                
        
<![CDATA[
          <b>P1:</b> CCnrA<br>
          <b>P2:</b> Chk05<br>
          <hr>
          <b>Distance:</b> 3.686 miles<br>
          <hr>
          <u>Path P1 → P2:</u><br>
          <b>Forward Azimuth at P1 (Az12):</b> 358.001°<br>
          <b>Back Azimuth at P2 (BackAz12):</b> 358.000°<br>
          <hr>
          <u>Path P2 → P1:</u><br>
          <b>Forward Azimuth at P2 (Az21):</b> 178.000°<br>
          <b>Back Azimuth at P1 (BackAz21):</b> 178.001°<br>
          <hr>
          <b>Filter Reason(s):</b> Az12 Whole<br>
          <hr>
          <i>Calculation Method: Spherical</i>
        ]]>                
        
            </description>
            <styleUrl>#28</styleUrl>
            <LineString id="26">
                <coordinates>-77.00860327209443,38.88881417737429,0.0 -77.01099576844469,38.94213905894748,0.0</coordinates>
            </LineString>
        </Placemark>
        <Placemark id="31">
            <name>CCnrA → Chk10</name>
            <description>
                
        
<![CDATA[
          <b>P1:</b> CCnrA<br>
          <b>P2:</b> Chk10<br>
          <hr>
          <b>Distance:</b> 3.435 miles<br>
          <hr>
          <u>Path P1 → P2:</u><br>
          <b>Forward Azimuth at P1 (Az12):</b> 122.972°<br>
          <b>Back Azimuth at P2 (BackAz12):</b> 123.006°<br>
          <hr>
          <u>Path P2 → P1:</u><br>
          <b>Forward Azimuth at P2 (Az21):</b> 303.006°<br>
          <b>Back Azimuth at P1 (BackAz21):</b> 302.972°<br>
          <hr>
          <b>Filter Reason(s):</b> Az21 Whole<br>
          <hr>
          <i>Calculation Method: Spherical</i>
        ]]>                
        
            </description>
            <styleUrl>#32</styleUrl>
            <LineString id="30">
                <coordinates>-77.00860327209443,38.88881417737429,0.0 -76.95502425801097,38.86173720173936,0.0</coordinates>
            </LineString>
        </Placemark>
        <Placemark id="35">
            <name>CCnrA → POOthr2c</name>
            <description>
                
        
<![CDATA[
          <b>P1:</b> CCnrA<br>
          <b>P2:</b> POOthr2c<br>
          <hr>
          <b>Distance:</b> 4.067 miles<br>
          <hr>
          <u>Path P1 → P2:</u><br>
          <b>Forward Azimuth at P1 (Az12):</b> 285.050°<br>
          <b>Back Azimuth at P2 (BackAz12):</b> 285.004°<br>
          <hr>
          <u>Path P2 → P1:</u><br>
          <b>Forward Azimuth at P2 (Az21):</b> 105.004°<br>
          <b>Back Azimuth at P1 (BackAz21):</b> 105.050°<br>
          <hr>
          <b>Filter Reason(s):</b> Az21 Whole, Az21 multiple:15.00<br>
          <hr>
          <i>Calculation Method: Spherical</i>
        ]]>                
        
            </description>
            <styleUrl>#36</styleUrl>
            <LineString id="34">
                <coordinates>-77.00860327209443,38.88881417737429,0.0 -77.08165575743644,38.9040771959102,0.0</coordinates>
            </LineString>
        </Placemark>
        <Placemark id="39">
            <name>CCnrA → H44</name>
            <description>
                
        
<![CDATA[
          <b>P1:</b> CCnrA<br>
          <b>P2:</b> H44<br>
          <hr>
          <b>Distance:</b> 5.664 miles<br>
          <hr>
          <u>Path P1 → P2:</u><br>
          <b>Forward Azimuth at P1 (Az12):</b> 280.008°<br>
          <b>Back Azimuth at P2 (BackAz12):</b> 279.943°<br>
          <hr>
          <u>Path P2 → P1:</u><br>
          <b>Forward Azimuth at P2 (Az21):</b> 99.943°<br>
          <b>Back Azimuth at P1 (BackAz21):</b> 100.008°<br>
          <hr>
          <b>Filter Reason(s):</b> Az12 Whole<br>
          <hr>
          <i>Calculation Method: Spherical</i>
        ]]>                
        
            </description>
            <styleUrl>#40</styleUrl>
            <LineString id="38">
                <coordinates>-77.00860327209443,38.88881417737429,0.0 -77.1123682030325,38.90301800526387,0.0</coordinates>
            </LineString>
        </Placemark>
        <Placemark id="43">
            <name>CFa → POOthr2c</name>
            <description>
                
        
<![CDATA[
          <b>P1:</b> CFa<br>
          <b>P2:</b> POOthr2c<br>
          <hr>
          <b>Distance:</b> 3.840 miles<br>
          <hr>
          <u>Path P1 → P2:</u><br>
          <b>Forward Azimuth at P1 (Az12):</b> 284.007°<br>
          <b>Back Azimuth at P2 (BackAz12):</b> 283.963°<br>
          <hr>
          <u>Path P2 → P1:</u><br>
          <b>Forward Azimuth at P2 (Az21):</b> 103.963°<br>
          <b>Back Azimuth at P1 (BackAz21):</b> 104.007°<br>
          <hr>
          <b>Filter Reason(s):</b> Az12 Whole<br>
          <hr>
          <i>Calculation Method: Spherical</i>
        ]]>                
        
            </description>
            <styleUrl>#44</styleUrl>
            <LineString id="42">
                <coordinates>-77.01235207597406,38.89064396166972,0.0 -77.08165575743644,38.9040771959102,0.0</coordinates>
            </LineString>
        </Placemark>
        <Placemark id="47">
            <name>CFa → H44</name>
            <description>
                
        
<![CDATA[
          <b>P1:</b> CFa<br>
          <b>P2:</b> H44<br>
          <hr>
          <b>Distance:</b> 5.445 miles<br>
          <hr>
          <u>Path P1 → P2:</u><br>
          <b>Forward Azimuth at P1 (Az12):</b> 279.064°<br>
          <b>Back Azimuth at P2 (BackAz12):</b> 279.001°<br>
          <hr>
          <u>Path P2 → P1:</u><br>
          <b>Forward Azimuth at P2 (Az21):</b> 99.001°<br>
          <b>Back Azimuth at P1 (BackAz21):</b> 99.064°<br>
          <hr>
          <b>Filter Reason(s):</b> Az21 Whole<br>
          <hr>
          <i>Calculation Method: Spherical</i>
        ]]>                
        
            </description>
            <styleUrl>#48</styleUrl>
            <LineString id="46">
                <coordinates>-77.01235207597406,38.89064396166972,0.0 -77.1123682030325,38.90301800526387,0.0</coordinates>
            </LineString>
        </Placemark>
        <Placemark id="51">
            <name>CFa → H77</name>
            <description>
                
        
<![CDATA[
          <b>P1:</b> CFa<br>
          <b>P2:</b> H77<br>
          <hr>
          <b>Distance:</b> 1.429 miles<br>
          <hr>
          <u>Path P1 → P2:</u><br>
          <b>Forward Azimuth at P1 (Az12):</b> 288.016°<br>
          <b>Back Azimuth at P2 (BackAz12):</b> 288.000°<br>
          <hr>
          <u>Path P2 → P1:</u><br>
          <b>Forward Azimuth at P2 (Az21):</b> 108.000°<br>
          <b>Back Azimuth at P1 (BackAz21):</b> 108.016°<br>
          <hr>
          <b>Filter Reason(s):</b> Az21 multiple:18.00<br>
          <hr>
          <i>Calculation Method: Spherical</i>
        ]]>                
        
            </description>
            <styleUrl>#52</styleUrl>
            <LineString id="50">
                <coordinates>-77.01235207597406,38.89064396166972,0.0 -77.03762786655247,38.89703882730361,0.0</coordinates>
            </LineString>
        </Placemark>
        <Placemark id="55">
            <name>CFa → H88</name>
            <description>
                
        
<![CDATA[
          <b>P1:</b> CFa<br>
          <b>P2:</b> H88<br>
          <hr>
          <b>Distance:</b> 2.870 miles<br>
          <hr>
          <u>Path P1 → P2:</u><br>
          <b>Forward Azimuth at P1 (Az12):</b> 171.994°<br>
          <b>Back Azimuth at P2 (BackAz12):</b> 171.999°<br>
          <hr>
          <u>Path P2 → P1:</u><br>
          <b>Forward Azimuth at P2 (Az21):</b> 351.999°<br>
          <b>Back Azimuth at P1 (BackAz21):</b> 351.994°<br>
          <hr>
          <b>Filter Reason(s):</b> Az12 target:172.00<br>
          <hr>
          <i>Calculation Method: Spherical</i>
        ]]>                
        
            </description>
            <styleUrl>#56</styleUrl>
            <LineString id="54">
                <coordinates>-77.01235207597406,38.89064396166972,0.0 -77.00492179089107,38.84950002068123,0.0</coordinates>
            </LineString>
        </Placemark>
        <Placemark id="59">
            <name>CFa → SF03</name>
            <description>
                
        
<![CDATA[
          <b>P1:</b> CFa<br>
          <b>P2:</b> SF03<br>
          <hr>
          <b>Distance:</b> 8.365 miles<br>
          <hr>
          <u>Path P1 → P2:</u><br>
          <b>Forward Azimuth at P1 (Az12):</b> 165.002°<br>
          <b>Back Azimuth at P2 (BackAz12):</b> 165.027°<br>
          <hr>
          <u>Path P2 → P1:</u><br>
          <b>Forward Azimuth at P2 (Az21):</b> 345.027°<br>
          <b>Back Azimuth at P1 (BackAz21):</b> 345.002°<br>
          <hr>
          <b>Filter Reason(s):</b> Az12 Whole, Az12 multiple:15.00<br>
          <hr>
          <i>Calculation Method: Spherical</i>
        ]]>                
        
            </description>
            <styleUrl>#60</styleUrl>
            <LineString id="58">
                <coordinates>-77.01235207597406,38.89064396166972,0.0 -76.97215841432278,38.77367519361357,0.0</coordinates>
            </LineString>
        </Placemark>
        <Placemark id="63">
            <name>CFb → Wb</name>
            <description>
                
        
<![CDATA[
          <b>P1:</b> CFb<br>
          <b>P2:</b> Wb<br>
          <hr>
          <b>Distance:</b> 8.606 miles<br>
          <hr>
          <u>Path P1 → P2:</u><br>
          <b>Forward Azimuth at P1 (Az12):</b> 272.009°<br>
          <b>Back Azimuth at P2 (BackAz12):</b> 271.908°<br>
          <hr>
          <u>Path P2 → P1:</u><br>
          <b>Forward Azimuth at P2 (Az21):</b> 91.908°<br>
          <b>Back Azimuth at P1 (BackAz21):</b> 92.009°<br>
          <hr>
          <b>Filter Reason(s):</b> Az12 Whole<br>
          <hr>
          <i>Calculation Method: Spherical</i>
        ]]>                
        
            </description>
            <styleUrl>#64</styleUrl>
            <LineString id="62">
                <coordinates>-77.01233379820508,38.88898718985376,0.0 -77.17230114000002,38.89324512999998,0.0</coordinates>
            </LineString>
        </Placemark>
        <Placemark id="67">
            <name>CFb → Chk19</name>
            <description>
                
        
<![CDATA[
          <b>P1:</b> CFb<br>
          <b>P2:</b> Chk19<br>
          <hr>
          <b>Distance:</b> 7.159 miles<br>
          <hr>
          <u>Path P1 → P2:</u><br>
          <b>Forward Azimuth at P1 (Az12):</b> 345.032°<br>
          <b>Back Azimuth at P2 (BackAz12):</b> 345.010°<br>
          <hr>
          <u>Path P2 → P1:</u><br>
          <b>Forward Azimuth at P2 (Az21):</b> 165.010°<br>
          <b>Back Azimuth at P1 (BackAz21):</b> 165.032°<br>
          <hr>
          <b>Filter Reason(s):</b> Az21 Whole, Az21 multiple:15.00<br>
          <hr>
          <i>Calculation Method: Spherical</i>
        ]]>                
        
            </description>
            <styleUrl>#68</styleUrl>
            <LineString id="66">
                <coordinates>-77.01233379820508,38.88898718985376,0.0 -77.04677082443145,38.98909790584569,0.0</coordinates>
            </LineString>
        </Placemark>
        <Placemark id="71">
            <name>CFb → Chk30</name>
            <description>
                
        
<![CDATA[
          <b>P1:</b> CFb<br>
          <b>P2:</b> Chk30<br>
          <hr>
          <b>Distance:</b> 7.209 miles<br>
          <hr>
          <u>Path P1 → P2:</u><br>
          <b>Forward Azimuth at P1 (Az12):</b> 260.006°<br>
          <b>Back Azimuth at P2 (BackAz12):</b> 259.923°<br>
          <hr>
          <u>Path P2 → P1:</u><br>
          <b>Forward Azimuth at P2 (Az21):</b> 79.923°<br>
          <b>Back Azimuth at P1 (BackAz21):</b> 80.006°<br>
          <hr>
          <b>Filter Reason(s):</b> Az12 Whole<br>
          <hr>
          <i>Calculation Method: Spherical</i>
        ]]>                
        
            </description>
            <styleUrl>#72</styleUrl>
            <LineString id="70">
                <coordinates>-77.01233379820508,38.88898718985376,0.0 -77.14434316078132,38.87080074981925,0.0</coordinates>
            </LineString>
        </Placemark>
        <Placemark id="75">
            <name>CFb → Chk41</name>
            <description>
                
        
<![CDATA[
          <b>P1:</b> CFb<br>
          <b>P2:</b> Chk41<br>
          <hr>
          <b>Distance:</b> 3.368 miles<br>
          <hr>
          <u>Path P1 → P2:</u><br>
          <b>Forward Azimuth at P1 (Az12):</b> 60.990°<br>
          <b>Back Azimuth at P2 (BackAz12):</b> 61.025°<br>
          <hr>
          <u>Path P2 → P1:</u><br>
          <b>Forward Azimuth at P2 (Az21):</b> 241.025°<br>
          <b>Back Azimuth at P1 (BackAz21):</b> 240.990°<br>
          <hr>
          <b>Filter Reason(s):</b> Az12 target:61.00<br>
          <hr>
          <i>Calculation Method: Spherical</i>
        ]]>                
        
            </description>
            <styleUrl>#76</styleUrl>
            <LineString id="74">
                <coordinates>-77.01233379820508,38.88898718985376,0.0 -76.9575387987198,38.91261730408393,0.0</coordinates>
            </LineString>
        </Placemark>
        <Placemark id="79">
            <name>CFc → Sc</name>
            <description>
                
        
<![CDATA[
          <b>P1:</b> CFc<br>
          <b>P2:</b> Sc<br>
          <hr>
          <b>Distance:</b> 1.465 miles<br>
          <hr>
          <u>Path P1 → P2:</u><br>
          <b>Forward Azimuth at P1 (Az12):</b> 278.007°<br>
          <b>Back Azimuth at P2 (BackAz12):</b> 277.990°<br>
          <hr>
          <u>Path P2 → P1:</u><br>
          <b>Forward Azimuth at P2 (Az21):</b> 97.990°<br>
          <b>Back Azimuth at P1 (BackAz21):</b> 98.007°<br>
          <hr>
          <b>Filter Reason(s):</b> Az12 Whole<br>
          <hr>
          <i>Calculation Method: Spherical</i>
        ]]>                
        
            </description>
            <styleUrl>#80</styleUrl>
            <LineString id="78">
                <coordinates>-77.01360995348632,38.88974917890155,0.0 -77.04058603,38.89269952,0.0</coordinates>
            </LineString>
        </Placemark>
        <Placemark id="83">
            <name>CFc → Gs2</name>
            <description>
                
        
<![CDATA[
          <b>P1:</b> CFc<br>
          <b>P2:</b> Gs2<br>
          <hr>
          <b>Distance:</b> 2.968 miles<br>
          <hr>
          <u>Path P1 → P2:</u><br>
          <b>Forward Azimuth at P1 (Az12):</b> 123.973°<br>
          <b>Back Azimuth at P2 (BackAz12):</b> 124.002°<br>
          <hr>
          <u>Path P2 → P1:</u><br>
          <b>Forward Azimuth at P2 (Az21):</b> 304.002°<br>
          <b>Back Azimuth at P1 (BackAz21):</b> 303.973°<br>
          <hr>
          <b>Filter Reason(s):</b> Az21 Whole<br>
          <hr>
          <i>Calculation Method: Spherical</i>
        ]]>                
        
            </description>
            <styleUrl>#84</styleUrl>
            <LineString id="82">
                <coordinates>-77.01360995348632,38.88974917890155,0.0 -76.96785270415687,38.86573364111086,0.0</coordinates>
            </LineString>
        </Placemark>
        <Placemark id="87">
            <name>CFc → Chk49</name>
            <description>
                
        
<![CDATA[
          <b>P1:</b> CFc<br>
          <b>P2:</b> Chk49<br>
          <hr>
          <b>Distance:</b> 1.619 miles<br>
          <hr>
          <u>Path P1 → P2:</u><br>
          <b>Forward Azimuth at P1 (Az12):</b> 328.014°<br>
          <b>Back Azimuth at P2 (BackAz12):</b> 328.004°<br>
          <hr>
          <u>Path P2 → P1:</u><br>
          <b>Forward Azimuth at P2 (Az21):</b> 148.004°<br>
          <b>Back Azimuth at P1 (BackAz21):</b> 148.014°<br>
          <hr>
          <b>Filter Reason(s):</b> Az21 Whole<br>
          <hr>
          <i>Calculation Method: Spherical</i>
        ]]>                
        
            </description>
            <styleUrl>#88</styleUrl>
            <LineString id="86">
                <coordinates>-77.01360995348632,38.88974917890155,0.0 -77.02956862943489,38.90963170613946,0.0</coordinates>
            </LineString>
        </Placemark>
        <Placemark id="91">
            <name>CFc → H35</name>
            <description>
                
        
<![CDATA[
          <b>P1:</b> CFc<br>
          <b>P2:</b> H35<br>
          <hr>
          <b>Distance:</b> 4.148 miles<br>
          <hr>
          <u>Path P1 → P2:</u><br>
          <b>Forward Azimuth at P1 (Az12):</b> 301.009°<br>
          <b>Back Azimuth at P2 (BackAz12):</b> 300.967°<br>
          <hr>
          <u>Path P2 → P1:</u><br>
          <b>Forward Azimuth at P2 (Az21):</b> 120.967°<br>
          <b>Back Azimuth at P1 (BackAz21):</b> 121.009°<br>
          <hr>
          <b>Filter Reason(s):</b> Az12 Whole<br>
          <hr>
          <i>Calculation Method: Spherical</i>
        ]]>                
        
            </description>
            <styleUrl>#92</styleUrl>
            <LineString id="90">
                <coordinates>-77.01360995348632,38.88974917890155,0.0 -77.07975099520537,38.92066077312896,0.0</coordinates>
            </LineString>
        </Placemark>
        <Placemark id="95">
            <name>CFe → Wc</name>
            <description>
                
        
<![CDATA[
          <b>P1:</b> CFe<br>
          <b>P2:</b> Wc<br>
          <hr>
          <b>Distance:</b> 1.665 miles<br>
          <hr>
          <u>Path P1 → P2:</u><br>
          <b>Forward Azimuth at P1 (Az12):</b> 278.023°<br>
          <b>Back Azimuth at P2 (BackAz12):</b> 278.004°<br>
          <hr>
          <u>Path P2 → P1:</u><br>
          <b>Forward Azimuth at P2 (Az21):</b> 98.004°<br>
          <b>Back Azimuth at P1 (BackAz21):</b> 98.023°<br>
          <hr>
          <b>Filter Reason(s):</b> Az21 Whole<br>
          <hr>
          <i>Calculation Method: Spherical</i>
        ]]>                
        
            </description>
            <styleUrl>#96</styleUrl>
            <LineString id="94">
                <coordinates>-77.01012017665087,38.88981116007428,0.0 -77.04078625,38.89317136999999,0.0</coordinates>
            </LineString>
        </Placemark>
        <Placemark id="99">
            <name>CFe → Gs6</name>
            <description>
                
        
<![CDATA[
          <b>P1:</b> CFe<br>
          <b>P2:</b> Gs6<br>
          <hr>
          <b>Distance:</b> 6.517 miles<br>
          <hr>
          <u>Path P1 → P2:</u><br>
          <b>Forward Azimuth at P1 (Az12):</b> 304.007°<br>
          <b>Back Azimuth at P2 (BackAz12):</b> 303.944°<br>
          <hr>
          <u>Path P2 → P1:</u><br>
          <b>Forward Azimuth at P2 (Az21):</b> 123.944°<br>
          <b>Back Azimuth at P1 (BackAz21):</b> 124.007°<br>
          <hr>
          <b>Filter Reason(s):</b> Az12 Whole<br>
          <hr>
          <i>Calculation Method: Spherical</i>
        ]]>                
        
            </description>
            <styleUrl>#100</styleUrl>
            <LineString id="98">
                <coordinates>-77.01012017665087,38.88981116007428,0.0 -77.11066858924072,38.94253116241286,0.0</coordinates>
            </LineString>
        </Placemark>
        <Placemark id="103">
            <name>CFe → Chk32</name>
            <description>
                
        
<![CDATA[
          <b>P1:</b> CFe<br>
          <b>P2:</b> Chk32<br>
          <hr>
          <b>Distance:</b> 5.256 miles<br>
          <hr>
          <u>Path P1 → P2:</u><br>
          <b>Forward Azimuth at P1 (Az12):</b> 335.035°<br>
          <b>Back Azimuth at P2 (BackAz12):</b> 335.009°<br>
          <hr>
          <u>Path P2 → P1:</u><br>
          <b>Forward Azimuth at P2 (Az21):</b> 155.009°<br>
          <b>Back Azimuth at P1 (BackAz21):</b> 155.035°<br>
          <hr>
          <b>Filter Reason(s):</b> Az21 Whole<br>
          <hr>
          <i>Calculation Method: Spherical</i>
        ]]>                
        
            </description>
            <styleUrl>#104</styleUrl>
            <LineString id="102">
                <coordinates>-77.01012017665087,38.88981116007428,0.0 -77.05142116747349,38.95878698101598,0.0</coordinates>
            </LineString>
        </Placemark>
        <Placemark id="107">
            <name>CFe → H13</name>
            <description>
                
        
<![CDATA[
          <b>P1:</b> CFe<br>
          <b>P2:</b> H13<br>
          <hr>
          <b>Distance:</b> 3.905 miles<br>
          <hr>
          <u>Path P1 → P2:</u><br>
          <b>Forward Azimuth at P1 (Az12):</b> 357.009°<br>
          <b>Back Azimuth at P2 (BackAz12):</b> 357.007°<br>
          <hr>
          <u>Path P2 → P1:</u><br>
          <b>Forward Azimuth at P2 (Az21):</b> 177.007°<br>
          <b>Back Azimuth at P1 (BackAz21):</b> 177.009°<br>
          <hr>
          <b>Filter Reason(s):</b> Az12 Whole, Az21 Whole<br>
          <hr>
          <i>Calculation Method: Spherical</i>
        ]]>                
        
            </description>
            <styleUrl>#108</styleUrl>
            <LineString id="106">
                <coordinates>-77.01012017665087,38.88981116007428,0.0 -77.01391219662139,38.94626278806017,0.0</coordinates>
            </LineString>
        </Placemark>
        <Placemark id="111">
            <name>CFf → Gs3</name>
            <description>
                
        
<![CDATA[
          <b>P1:</b> CFf<br>
          <b>P2:</b> Gs3<br>
          <hr>
          <b>Distance:</b> 2.600 miles<br>
          <hr>
          <u>Path P1 → P2:</u><br>
          <b>Forward Azimuth at P1 (Az12):</b> 344.016°<br>
          <b>Back Azimuth at P2 (BackAz12):</b> 344.007°<br>
          <hr>
          <u>Path P2 → P1:</u><br>
          <b>Forward Azimuth at P2 (Az21):</b> 164.007°<br>
          <b>Back Azimuth at P1 (BackAz21):</b> 164.016°<br>
          <hr>
          <b>Filter Reason(s):</b> Az21 Whole<br>
          <hr>
          <i>Calculation Method: Spherical</i>
        ]]>                
        
            </description>
            <styleUrl>#112</styleUrl>
            <LineString id="110">
                <coordinates>-77.00467871165168,38.88868578496108,0.0 -77.0180027100891,38.92487183560202,0.0</coordinates>
            </LineString>
        </Placemark>
        <Placemark id="115">
            <name>CFf → Gs5</name>
            <description>
                
        
<![CDATA[
          <b>P1:</b> CFf<br>
          <b>P2:</b> Gs5<br>
          <hr>
          <b>Distance:</b> 1.901 miles<br>
          <hr>
          <u>Path P1 → P2:</u><br>
          <b>Forward Azimuth at P1 (Az12):</b> 55.008°<br>
          <b>Back Azimuth at P2 (BackAz12):</b> 55.026°<br>
          <hr>
          <u>Path P2 → P1:</u><br>
          <b>Forward Azimuth at P2 (Az21):</b> 235.026°<br>
          <b>Back Azimuth at P1 (BackAz21):</b> 235.008°<br>
          <hr>
          <b>Filter Reason(s):</b> Az12 Whole<br>
          <hr>
          <i>Calculation Method: Spherical</i>
        ]]>                
        
            </description>
            <styleUrl>#116</styleUrl>
            <LineString id="114">
                <coordinates>-77.00467871165168,38.88868578496108,0.0 -76.97570336712812,38.90446612895163,0.0</coordinates>
            </LineString>
        </Placemark>
        <Placemark id="119">
            <name>CFf → Chk12</name>
            <description>
                
        
<![CDATA[
          <b>P1:</b> CFf<br>
          <b>P2:</b> Chk12<br>
          <hr>
          <b>Distance:</b> 3.341 miles<br>
          <hr>
          <u>Path P1 → P2:</u><br>
          <b>Forward Azimuth at P1 (Az12):</b> 89.970°<br>
          <b>Back Azimuth at P2 (BackAz12):</b> 90.009°<br>
          <hr>
          <u>Path P2 → P1:</u><br>
          <b>Forward Azimuth at P2 (Az21):</b> 270.009°<br>
          <b>Back Azimuth at P1 (BackAz21):</b> 269.970°<br>
          <hr>
          <b>Filter Reason(s):</b> Az21 Whole, Az21 multiple:15.00, Az21 multiple:18.00<br>
          <hr>
          <i>Calculation Method: Spherical</i>
        ]]>                
        
            </description>
            <styleUrl>#120</styleUrl>
            <LineString id="118">
                <coordinates>-77.00467871165168,38.88868578496108,0.0 -76.9425428132187,38.88869436289873,0.0</coordinates>
            </LineString>
        </Placemark>
        <Placemark id="123">
            <name>CFf → Chk27</name>
            <description>
                
        
<![CDATA[
          <b>P1:</b> CFf<br>
          <b>P2:</b> Chk27<br>
          <hr>
          <b>Distance:</b> 6.454 miles<br>
          <hr>
          <u>Path P1 → P2:</u><br>
          <b>Forward Azimuth at P1 (Az12):</b> 328.008°<br>
          <b>Back Azimuth at P2 (BackAz12):</b> 327.968°<br>
          <hr>
          <u>Path P2 → P1:</u><br>
          <b>Forward Azimuth at P2 (Az21):</b> 147.968°<br>
          <b>Back Azimuth at P1 (BackAz21):</b> 148.008°<br>
          <hr>
          <b>Filter Reason(s):</b> Az12 Whole<br>
          <hr>
          <i>Calculation Method: Spherical</i>
        ]]>                
        
            </description>
            <styleUrl>#124</styleUrl>
            <LineString id="122">
                <coordinates>-77.00467871165168,38.88868578496108,0.0 -77.06834544975686,38.96791103163879,0.0</coordinates>
            </LineString>
        </Placemark>
        <Placemark id="127">
            <name>CFf → Chk31</name>
            <description>
                
        
<![CDATA[
          <b>P1:</b> CFf<br>
          <b>P2:</b> Chk31<br>
          <hr>
          <b>Distance:</b> 6.157 miles<br>
          <hr>
          <u>Path P1 → P2:</u><br>
          <b>Forward Azimuth at P1 (Az12):</b> 241.066°<br>
          <b>Back Azimuth at P2 (BackAz12):</b> 241.003°<br>
          <hr>
          <u>Path P2 → P1:</u><br>
          <b>Forward Azimuth at P2 (Az21):</b> 61.003°<br>
          <b>Back Azimuth at P1 (BackAz21):</b> 61.066°<br>
          <hr>
          <b>Filter Reason(s):</b> Az21 Whole, Az21 target:61.00<br>
          <hr>
          <i>Calculation Method: Spherical</i>
        ]]>                
        
            </description>
            <styleUrl>#128</styleUrl>
            <LineString id="126">
                <coordinates>-77.00467871165168,38.88868578496108,0.0 -77.10483209910393,38.84552270708302,0.0</coordinates>
            </LineString>
        </Placemark>
        <Placemark id="131">
            <name>CFf → POOthr3a</name>
            <description>
                
        
<![CDATA[
          <b>P1:</b> CFf<br>
          <b>P2:</b> POOthr3a<br>
          <hr>
          <b>Distance:</b> 7.399 miles<br>
          <hr>
          <u>Path P1 → P2:</u><br>
          <b>Forward Azimuth at P1 (Az12):</b> 195.005°<br>
          <b>Back Azimuth at P2 (BackAz12):</b> 194.982°<br>
          <hr>
          <u>Path P2 → P1:</u><br>
          <b>Forward Azimuth at P2 (Az21):</b> 14.982°<br>
          <b>Back Azimuth at P1 (BackAz21):</b> 15.005°<br>
          <hr>
          <b>Filter Reason(s):</b> Az12 Whole, Az12 multiple:15.00<br>
          <hr>
          <i>Calculation Method: Spherical</i>
        ]]>                
        
            </description>
            <styleUrl>#132</styleUrl>
            <LineString id="130">
                <coordinates>-77.00467871165168,38.88868578496108,0.0 -77.0402519018478,38.7852261694161,0.0</coordinates>
            </LineString>
        </Placemark>
        <Placemark id="135">
            <name>CFg → PenA</name>
            <description>
                
        
<![CDATA[
          <b>P1:</b> CFg<br>
          <b>P2:</b> PenA<br>
          <hr>
          <b>Distance:</b> 3.002 miles<br>
          <hr>
          <u>Path P1 → P2:</u><br>
          <b>Forward Azimuth at P1 (Az12):</b> 241.021°<br>
          <b>Back Azimuth at P2 (BackAz12):</b> 240.990°<br>
          <hr>
          <u>Path P2 → P1:</u><br>
          <b>Forward Azimuth at P2 (Az21):</b> 60.990°<br>
          <b>Back Azimuth at P1 (BackAz21):</b> 61.021°<br>
          <hr>
          <b>Filter Reason(s):</b> Az21 target:61.00<br>
          <hr>
          <i>Calculation Method: Spherical</i>
        ]]>                
        
            </description>
            <styleUrl>#136</styleUrl>
            <LineString id="134">
                <coordinates>-77.00907795602103,38.89361386946052,0.0 -77.05790028667388,38.872552231854,0.0</coordinates>
            </LineString>
        </Placemark>
        <Placemark id="139">
            <name>CFg → Gs7</name>
            <description>
                
        
<![CDATA[
          <b>P1:</b> CFg<br>
          <b>P2:</b> Gs7<br>
          <hr>
          <b>Distance:</b> 5.993 miles<br>
          <hr>
          <u>Path P1 → P2:</u><br>
          <b>Forward Azimuth at P1 (Az12):</b> 284.998°<br>
          <b>Back Azimuth at P2 (BackAz12):</b> 284.930°<br>
          <hr>
          <u>Path P2 → P1:</u><br>
          <b>Forward Azimuth at P2 (Az21):</b> 104.930°<br>
          <b>Back Azimuth at P1 (BackAz21):</b> 104.998°<br>
          <hr>
          <b>Filter Reason(s):</b> Az12 multiple:15.00<br>
          <hr>
          <i>Calculation Method: Spherical</i>
        ]]>                
        
            </description>
            <styleUrl>#140</styleUrl>
            <LineString id="138">
                <coordinates>-77.00907795602103,38.89361386946052,0.0 -77.11677799130699,38.91601482291505,0.0</coordinates>
            </LineString>
        </Placemark>
        <Placemark id="143">
            <name>CFg → Chk17</name>
            <description>
                
        
<![CDATA[
          <b>P1:</b> CFg<br>
          <b>P2:</b> Chk17<br>
          <hr>
          <b>Distance:</b> 4.614 miles<br>
          <hr>
          <u>Path P1 → P2:</u><br>
          <b>Forward Azimuth at P1 (Az12):</b> 358.990°<br>
          <b>Back Azimuth at P2 (BackAz12):</b> 358.989°<br>
          <hr>
          <u>Path P2 → P1:</u><br>
          <b>Forward Azimuth at P2 (Az21):</b> 178.989°<br>
          <b>Back Azimuth at P1 (BackAz21):</b> 178.990°<br>
          <hr>
          <b>Filter Reason(s):</b> Az12 target:359.00<br>
          <hr>
          <i>Calculation Method: Spherical</i>
        ]]>                
        
            </description>
            <styleUrl>#144</styleUrl>
            <LineString id="142">
                <coordinates>-77.00907795602103,38.89361386946052,0.0 -77.01059198844285,38.96039316959799,0.0</coordinates>
            </LineString>
        </Placemark>
        <Placemark id="147">
            <name>CFg → Chk53</name>
            <description>
                
        
<![CDATA[
          <b>P1:</b> CFg<br>
          <b>P2:</b> Chk53<br>
          <hr>
          <b>Distance:</b> 1.584 miles<br>
          <hr>
          <u>Path P1 → P2:</u><br>
          <b>Forward Azimuth at P1 (Az12):</b> 179.992°<br>
          <b>Back Azimuth at P2 (BackAz12):</b> 179.992°<br>
          <hr>
          <u>Path P2 → P1:</u><br>
          <b>Forward Azimuth at P2 (Az21):</b> 359.992°<br>
          <b>Back Azimuth at P1 (BackAz21):</b> 359.992°<br>
          <hr>
          <b>Filter Reason(s):</b> Az12 multiple:15.00, Az12 multiple:18.00, Az21 multiple:15.00, Az21 multiple:18.00<br>
          <hr>
          <i>Calculation Method: Spherical</i>
        ]]>                
        
            </description>
            <styleUrl>#148</styleUrl>
            <LineString id="146">
                <coordinates>-77.00907795602103,38.89361386946052,0.0 -77.00907388669604,38.8706887702613,0.0</coordinates>
            </LineString>
        </Placemark>
        <Placemark id="151">
            <name>CFg → H52</name>
            <description>
                
        
<![CDATA[
          <b>P1:</b> CFg<br>
          <b>P2:</b> H52<br>
          <hr>
          <b>Distance:</b> 4.073 miles<br>
          <hr>
          <u>Path P1 → P2:</u><br>
          <b>Forward Azimuth at P1 (Az12):</b> 300.049°<br>
          <b>Back Azimuth at P2 (BackAz12):</b> 300.007°<br>
          <hr>
          <u>Path P2 → P1:</u><br>
          <b>Forward Azimuth at P2 (Az21):</b> 120.007°<br>
          <b>Back Azimuth at P1 (BackAz21):</b> 120.049°<br>
          <hr>
          <b>Filter Reason(s):</b> Az21 Whole, Az21 multiple:15.00<br>
          <hr>
          <i>Calculation Method: Spherical</i>
        ]]>                
        
            </description>
            <styleUrl>#152</styleUrl>
            <LineString id="150">
                <coordinates>-77.00907795602103,38.89361386946052,0.0 -77.0746835467705,38.92312150962155,0.0</coordinates>
            </LineString>
        </Placemark>
        <Placemark id="155">
            <name>Cap → PenB</name>
            <description>
                
        
<![CDATA[
          <b>P1:</b> Cap<br>
          <b>P2:</b> PenB<br>
          <hr>
          <b>Distance:</b> 2.792 miles<br>
          <hr>
          <u>Path P1 → P2:</u><br>
          <b>Forward Azimuth at P1 (Az12):</b> 245.036°<br>
          <b>Back Azimuth at P2 (BackAz12):</b> 245.006°<br>
          <hr>
          <u>Path P2 → P1:</u><br>
          <b>Forward Azimuth at P2 (Az21):</b> 65.006°<br>
          <b>Back Azimuth at P1 (BackAz21):</b> 65.036°<br>
          <hr>
          <b>Filter Reason(s):</b> Az21 Whole<br>
          <hr>
          <i>Calculation Method: Spherical</i>
        ]]>                
        
            </description>
            <styleUrl>#156</styleUrl>
            <LineString id="154">
                <coordinates>-77.009227,38.889801,0.0 -77.05628474196676,38.87273556375202,0.0</coordinates>
            </LineString>
        </Placemark>
        <Placemark id="159">
            <name>Cap → Chk60</name>
            <description>
                
        
<![CDATA[
          <b>P1:</b> Cap<br>
          <b>P2:</b> Chk60<br>
          <hr>
          <b>Distance:</b> 8.130 miles<br>
          <hr>
          <u>Path P1 → P2:</u><br>
          <b>Forward Azimuth at P1 (Az12):</b> 349.025°<br>
          <b>Back Azimuth at P2 (BackAz12):</b> 349.007°<br>
          <hr>
          <u>Path P2 → P1:</u><br>
          <b>Forward Azimuth at P2 (Az21):</b> 169.007°<br>
          <b>Back Azimuth at P1 (BackAz21):</b> 169.025°<br>
          <hr>
          <b>Filter Reason(s):</b> Az21 Whole<br>
          <hr>
          <i>Calculation Method: Spherical</i>
        ]]>                
        
            </description>
            <styleUrl>#160</styleUrl>
            <LineString id="158">
                <coordinates>-77.009227,38.889801,0.0 -77.03806204873727,39.00533947251964,0.0</coordinates>
            </LineString>
        </Placemark>
        <Placemark id="163">
            <name>Cap → POOthr3a</name>
            <description>
                
        
<![CDATA[
          <b>P1:</b> Cap<br>
          <b>P2:</b> POOthr3a<br>
          <hr>
          <b>Distance:</b> 7.414 miles<br>
          <hr>
          <u>Path P1 → P2:</u><br>
          <b>Forward Azimuth at P1 (Az12):</b> 193.022°<br>
          <b>Back Azimuth at P2 (BackAz12):</b> 193.002°<br>
          <hr>
          <u>Path P2 → P1:</u><br>
          <b>Forward Azimuth at P2 (Az21):</b> 13.002°<br>
          <b>Back Azimuth at P1 (BackAz21):</b> 13.022°<br>
          <hr>
          <b>Filter Reason(s):</b> Az21 Whole<br>
          <hr>
          <i>Calculation Method: Spherical</i>
        ]]>                
        
            </description>
            <styleUrl>#164</styleUrl>
            <LineString id="162">
                <coordinates>-77.009227,38.889801,0.0 -77.0402519018478,38.7852261694161,0.0</coordinates>
            </LineString>
        </Placemark>
        <Placemark id="167">
            <name>Cavg → PenA</name>
            <description>
                
        
<![CDATA[
          <b>P1:</b> Cavg<br>
          <b>P2:</b> PenA<br>
          <hr>
          <b>Distance:</b> 1.691 miles<br>
          <hr>
          <u>Path P1 → P2:</u><br>
          <b>Forward Azimuth at P1 (Az12):</b> 213.007°<br>
          <b>Back Azimuth at P2 (BackAz12):</b> 212.997°<br>
          <hr>
          <u>Path P2 → P1:</u><br>
          <b>Forward Azimuth at P2 (Az21):</b> 32.997°<br>
          <b>Back Azimuth at P1 (BackAz21):</b> 33.007°<br>
          <hr>
          <b>Filter Reason(s):</b> Az12 Whole<br>
          <hr>
          <i>Calculation Method: Spherical</i>
        ]]>                
        
            </description>
            <styleUrl>#168</styleUrl>
            <LineString id="166">
                <coordinates>-77.04077541312266,38.89307792552204,0.0 -77.05790028667388,38.872552231854,0.0</coordinates>
            </LineString>
        </Placemark>
        <Placemark id="171">
            <name>Cavg → Chk04</name>
            <description>
                
        
<![CDATA[
          <b>P1:</b> Cavg<br>
          <b>P2:</b> Chk04<br>
          <hr>
          <b>Distance:</b> 4.050 miles<br>
          <hr>
          <u>Path P1 → P2:</u><br>
          <b>Forward Azimuth at P1 (Az12):</b> 43.970°<br>
          <b>Back Azimuth at P2 (BackAz12):</b> 44.003°<br>
          <hr>
          <u>Path P2 → P1:</u><br>
          <b>Forward Azimuth at P2 (Az21):</b> 224.003°<br>
          <b>Back Azimuth at P1 (BackAz21):</b> 223.970°<br>
          <hr>
          <b>Filter Reason(s):</b> Az21 Whole<br>
          <hr>
          <i>Calculation Method: Spherical</i>
        ]]>                
        
            </description>
            <styleUrl>#172</styleUrl>
            <LineString id="170">
                <coordinates>-77.04077541312266,38.89307792552204,0.0 -76.9884528433251,38.93525554614944,0.0</coordinates>
            </LineString>
        </Placemark>
        <Placemark id="175">
            <name>Cavg → Chk11</name>
            <description>
                
        
<![CDATA[
          <b>P1:</b> Cavg<br>
          <b>P2:</b> Chk11<br>
          <hr>
          <b>Distance:</b> 5.096 miles<br>
          <hr>
          <u>Path P1 → P2:</u><br>
          <b>Forward Azimuth at P1 (Az12):</b> 271.003°<br>
          <b>Back Azimuth at P2 (BackAz12):</b> 270.943°<br>
          <hr>
          <u>Path P2 → P1:</u><br>
          <b>Forward Azimuth at P2 (Az21):</b> 90.943°<br>
          <b>Back Azimuth at P1 (BackAz21):</b> 91.003°<br>
          <hr>
          <b>Filter Reason(s):</b> Az12 Whole<br>
          <hr>
          <i>Calculation Method: Spherical</i>
        ]]>                
        
            </description>
            <styleUrl>#176</styleUrl>
            <LineString id="174">
                <coordinates>-77.04077541312266,38.89307792552204,0.0 -77.13554467903445,38.89433083867851,0.0</coordinates>
            </LineString>
        </Placemark>
        <Placemark id="179">
            <name>Cavg → OtrB</name>
            <description>
                
        
<![CDATA[
          <b>P1:</b> Cavg<br>
          <b>P2:</b> OtrB<br>
          <hr>
          <b>Distance:</b> 5.156 miles<br>
          <hr>
          <u>Path P1 → P2:</u><br>
          <b>Forward Azimuth at P1 (Az12):</b> 30.997°<br>
          <b>Back Azimuth at P2 (BackAz12):</b> 31.028°<br>
          <hr>
          <u>Path P2 → P1:</u><br>
          <b>Forward Azimuth at P2 (Az21):</b> 211.028°<br>
          <b>Back Azimuth at P1 (BackAz21):</b> 210.997°<br>
          <hr>
          <b>Filter Reason(s):</b> Az12 target:31.00<br>
          <hr>
          <i>Calculation Method: Spherical</i>
        ]]>                
        
            </description>
            <styleUrl>#180</styleUrl>
            <LineString id="178">
                <coordinates>-77.04077541312266,38.89307792552204,0.0 -76.99134485249716,38.95704643888089,0.0</coordinates>
            </LineString>
        </Placemark>
        <Placemark id="183">
            <name>Cavg → H70</name>
            <description>
                
        
<![CDATA[
          <b>P1:</b> Cavg<br>
          <b>P2:</b> H70<br>
          <hr>
          <b>Distance:</b> 2.079 miles<br>
          <hr>
          <u>Path P1 → P2:</u><br>
          <b>Forward Azimuth at P1 (Az12):</b> 230.002°<br>
          <b>Back Azimuth at P2 (BackAz12):</b> 229.984°<br>
          <hr>
          <u>Path P2 → P1:</u><br>
          <b>Forward Azimuth at P2 (Az21):</b> 49.984°<br>
          <b>Back Azimuth at P1 (BackAz21):</b> 50.002°<br>
          <hr>
          <b>Filter Reason(s):</b> Az12 Whole<br>
          <hr>
          <i>Calculation Method: Spherical</i>
        ]]>                
        
            </description>
            <styleUrl>#184</styleUrl>
            <LineString id="182">
                <coordinates>-77.04077541312266,38.89307792552204,0.0 -77.07038741369139,38.8737311478417,0.0</coordinates>
            </LineString>
        </Placemark>
        <Placemark id="187">
            <name>Chj24 → Pk01</name>
            <description>
                
        
<![CDATA[
          <b>P1:</b> Chj24<br>
          <b>P2:</b> Pk01<br>
          <hr>
          <b>Distance:</b> 26.606 miles<br>
          <hr>
          <u>Path P1 → P2:</u><br>
          <b>Forward Azimuth at P1 (Az12):</b> 319.211°<br>
          <b>Back Azimuth at P2 (BackAz12):</b> 319.006°<br>
          <hr>
          <u>Path P2 → P1:</u><br>
          <b>Forward Azimuth at P2 (Az21):</b> 139.006°<br>
          <b>Back Azimuth at P1 (BackAz21):</b> 139.211°<br>
          <hr>
          <b>Filter Reason(s):</b> Az21 Whole<br>
          <hr>
          <i>Calculation Method: Spherical</i>
        ]]>                
        
            </description>
            <styleUrl>#188</styleUrl>
            <LineString id="186">
                <coordinates>-77.06832915730651,38.97126514652496,0.0 -77.39330127153266,39.26242301794514,0.0</coordinates>
            </LineString>
        </Placemark>
        <Placemark id="191">
            <name>Chk01 → Chk38</name>
            <description>
                
        
<![CDATA[
          <b>P1:</b> Chk01<br>
          <b>P2:</b> Chk38<br>
          <hr>
          <b>Distance:</b> 3.549 miles<br>
          <hr>
          <u>Path P1 → P2:</u><br>
          <b>Forward Azimuth at P1 (Az12):</b> 2.006°<br>
          <b>Back Azimuth at P2 (BackAz12):</b> 2.008°<br>
          <hr>
          <u>Path P2 → P1:</u><br>
          <b>Forward Azimuth at P2 (Az21):</b> 182.008°<br>
          <b>Back Azimuth at P1 (BackAz21):</b> 182.006°<br>
          <hr>
          <b>Filter Reason(s):</b> Az12 Whole, Az21 Whole<br>
          <hr>
          <i>Calculation Method: Spherical</i>
        ]]>                
        
            </description>
            <styleUrl>#192</styleUrl>
            <LineString id="190">
                <coordinates>-77.0045692366363,38.80358701301893,0.0 -77.0022595046106,38.85493665631558,0.0</coordinates>
            </LineString>
        </Placemark>
        <Placemark id="195">
            <name>Chk01 → Chk46</name>
            <description>
                
        
<![CDATA[
          <b>P1:</b> Chk01<br>
          <b>P2:</b> Chk46<br>
          <hr>
          <b>Distance:</b> 6.295 miles<br>
          <hr>
          <u>Path P1 → P2:</u><br>
          <b>Forward Azimuth at P1 (Az12):</b> 323.171°<br>
          <b>Back Azimuth at P2 (BackAz12):</b> 323.127°<br>
          <hr>
          <u>Path P2 → P1:</u><br>
          <b>Forward Azimuth at P2 (Az21):</b> 143.127°<br>
          <b>Back Azimuth at P1 (BackAz21):</b> 143.171°<br>
          <hr>
          <b>Filter Reason(s):</b> Az21 target:143.13<br>
          <hr>
          <i>Calculation Method: Spherical</i>
        ]]>                
        
            </description>
            <styleUrl>#196</styleUrl>
            <LineString id="194">
                <coordinates>-77.0045692366363,38.80358701301893,0.0 -77.07473802861425,38.87650889195688,0.0</coordinates>
            </LineString>
        </Placemark>
        <Placemark id="199">
            <name>Chk01 → Chk53</name>
            <description>
                
        
<![CDATA[
          <b>P1:</b> Chk01<br>
          <b>P2:</b> Chk53<br>
          <hr>
          <b>Distance:</b> 4.642 miles<br>
          <hr>
          <u>Path P1 → P2:</u><br>
          <b>Forward Azimuth at P1 (Az12):</b> 357.008°<br>
          <b>Back Azimuth at P2 (BackAz12):</b> 357.005°<br>
          <hr>
          <u>Path P2 → P1:</u><br>
          <b>Forward Azimuth at P2 (Az21):</b> 177.005°<br>
          <b>Back Azimuth at P1 (BackAz21):</b> 177.008°<br>
          <hr>
          <b>Filter Reason(s):</b> Az12 Whole, Az21 Whole<br>
          <hr>
          <i>Calculation Method: Spherical</i>
        ]]>                
        
            </description>
            <styleUrl>#200</styleUrl>
            <LineString id="198">
                <coordinates>-77.0045692366363,38.80358701301893,0.0 -77.00907388669604,38.8706887702613,0.0</coordinates>
            </LineString>
        </Placemark>
        <Placemark id="203">
            <name>Chk01 → AN</name>
            <description>
                
        
<![CDATA[
          <b>P1:</b> Chk01<br>
          <b>P2:</b> AN<br>
          <hr>
          <b>Distance:</b> 8.629 miles<br>
          <hr>
          <u>Path P1 → P2:</u><br>
          <b>Forward Azimuth at P1 (Az12):</b> 22.967°<br>
          <b>Back Azimuth at P2 (BackAz12):</b> 23.006°<br>
          <hr>
          <u>Path P2 → P1:</u><br>
          <b>Forward Azimuth at P2 (Az21):</b> 203.006°<br>
          <b>Back Azimuth at P1 (BackAz21):</b> 202.967°<br>
          <hr>
          <b>Filter Reason(s):</b> Az21 Whole<br>
          <hr>
          <i>Calculation Method: Spherical</i>
        ]]>                
        
            </description>
            <styleUrl>#204</styleUrl>
            <LineString id="202">
                <coordinates>-77.0045692366363,38.80358701301893,0.0 -76.94192180000002,38.91858289999999,0.0</coordinates>
            </LineString>
        </Placemark>
        <Placemark id="207">
            <name>Chk01 → H32</name>
            <description>
                
        
<![CDATA[
          <b>P1:</b> Chk01<br>
          <b>P2:</b> H32<br>
          <hr>
          <b>Distance:</b> 9.541 miles<br>
          <hr>
          <u>Path P1 → P2:</u><br>
          <b>Forward Azimuth at P1 (Az12):</b> 331.003°<br>
          <b>Back Azimuth at P2 (BackAz12):</b> 330.949°<br>
          <hr>
          <u>Path P2 → P1:</u><br>
          <b>Forward Azimuth at P2 (Az21):</b> 150.949°<br>
          <b>Back Azimuth at P1 (BackAz21):</b> 151.003°<br>
          <hr>
          <b>Filter Reason(s):</b> Az12 Whole<br>
          <hr>
          <i>Calculation Method: Spherical</i>
        ]]>                
        
            </description>
            <styleUrl>#208</styleUrl>
            <LineString id="206">
                <coordinates>-77.0045692366363,38.80358701301893,0.0 -77.09063005508365,38.9243596243616,0.0</coordinates>
            </LineString>
        </Placemark>
        <Placemark id="211">
            <name>Chk01 → H39</name>
            <description>
                
        
<![CDATA[
          <b>P1:</b> Chk01<br>
          <b>P2:</b> H39<br>
          <hr>
          <b>Distance:</b> 15.071 miles<br>
          <hr>
          <u>Path P1 → P2:</u><br>
          <b>Forward Azimuth at P1 (Az12):</b> 302.003°<br>
          <b>Back Azimuth at P2 (BackAz12):</b> 301.854°<br>
          <hr>
          <u>Path P2 → P1:</u><br>
          <b>Forward Azimuth at P2 (Az21):</b> 121.854°<br>
          <b>Back Azimuth at P1 (BackAz21):</b> 122.003°<br>
          <hr>
          <b>Filter Reason(s):</b> Az12 Whole<br>
          <hr>
          <i>Calculation Method: Spherical</i>
        ]]>                
        
            </description>
            <styleUrl>#212</styleUrl>
            <LineString id="210">
                <coordinates>-77.0045692366363,38.80358701301893,0.0 -77.24236058241425,38.9189665077175,0.0</coordinates>
            </LineString>
        </Placemark>
        <Placemark id="215">
            <name>Chk01 → H60</name>
            <description>
                
        
<![CDATA[
          <b>P1:</b> Chk01<br>
          <b>P2:</b> H60<br>
          <hr>
          <b>Distance:</b> 9.997 miles<br>
          <hr>
          <u>Path P1 → P2:</u><br>
          <b>Forward Azimuth at P1 (Az12):</b> 28.008°<br>
          <b>Back Azimuth at P2 (BackAz12):</b> 28.062°<br>
          <hr>
          <u>Path P2 → P1:</u><br>
          <b>Forward Azimuth at P2 (Az21):</b> 208.062°<br>
          <b>Back Azimuth at P1 (BackAz21):</b> 208.008°<br>
          <hr>
          <b>Filter Reason(s):</b> Az12 Whole<br>
          <hr>
          <i>Calculation Method: Spherical</i>
        ]]>                
        
            </description>
            <styleUrl>#216</styleUrl>
            <LineString id="214">
                <coordinates>-77.0045692366363,38.80358701301893,0.0 -76.91720945574568,38.93132296535497,0.0</coordinates>
            </LineString>
        </Placemark>
        <Placemark id="219">
            <name>Chk02 → AnOthr01</name>
            <description>
                
        
<![CDATA[
          <b>P1:</b> Chk02<br>
          <b>P2:</b> AnOthr01<br>
          <hr>
          <b>Distance:</b> 2.447 miles<br>
          <hr>
          <u>Path P1 → P2:</u><br>
          <b>Forward Azimuth at P1 (Az12):</b> 339.004°<br>
          <b>Back Azimuth at P2 (BackAz12):</b> 338.994°<br>
          <hr>
          <u>Path P2 → P1:</u><br>
          <b>Forward Azimuth at P2 (Az21):</b> 158.994°<br>
          <b>Back Azimuth at P1 (BackAz21):</b> 159.004°<br>
          <hr>
          <b>Filter Reason(s):</b> Az12 Whole<br>
          <hr>
          <i>Calculation Method: Spherical</i>
        ]]>                
        
            </description>
            <styleUrl>#220</styleUrl>
            <LineString id="218">
                <coordinates>-76.98066122302069,38.83591588236636,0.0 -76.99696100301952,38.86898287196977,0.0</coordinates>
            </LineString>
        </Placemark>
        <Placemark id="223">
            <name>Chk02 → H28</name>
            <description>
                
        
<![CDATA[
          <b>P1:</b> Chk02<br>
          <b>P2:</b> H28<br>
          <hr>
          <b>Distance:</b> 9.275 miles<br>
          <hr>
          <u>Path P1 → P2:</u><br>
          <b>Forward Azimuth at P1 (Az12):</b> 301.009°<br>
          <b>Back Azimuth at P2 (BackAz12):</b> 300.916°<br>
          <hr>
          <u>Path P2 → P1:</u><br>
          <b>Forward Azimuth at P2 (Az21):</b> 120.916°<br>
          <b>Back Azimuth at P1 (BackAz21):</b> 121.009°<br>
          <hr>
          <b>Filter Reason(s):</b> Az12 Whole<br>
          <hr>
          <i>Calculation Method: Spherical</i>
        ]]>                
        
            </description>
            <styleUrl>#224</styleUrl>
            <LineString id="222">
                <coordinates>-76.98066122302069,38.83591588236636,0.0 -77.12853595395019,38.90499081362246,0.0</coordinates>
            </LineString>
        </Placemark>
        <Placemark id="227">
            <name>Chk03 → Chk06</name>
            <description>
                
        
<![CDATA[
          <b>P1:</b> Chk03<br>
          <b>P2:</b> Chk06<br>
          <hr>
          <b>Distance:</b> 8.618 miles<br>
          <hr>
          <u>Path P1 → P2:</u><br>
          <b>Forward Azimuth at P1 (Az12):</b> 20.005°<br>
          <b>Back Azimuth at P2 (BackAz12):</b> 20.040°<br>
          <hr>
          <u>Path P2 → P1:</u><br>
          <b>Forward Azimuth at P2 (Az21):</b> 200.040°<br>
          <b>Back Azimuth at P1 (BackAz21):</b> 200.005°<br>
          <hr>
          <b>Filter Reason(s):</b> Az12 Whole<br>
          <hr>
          <i>Calculation Method: Spherical</i>
        ]]>                
        
            </description>
            <styleUrl>#228</styleUrl>
            <LineString id="226">
                <coordinates>-77.01339590231409,38.80887860350852,0.0 -76.95853332476764,38.92609741015503,0.0</coordinates>
            </LineString>
        </Placemark>
        <Placemark id="231">
            <name>Chk03 → Chk28</name>
            <description>
                
        
<![CDATA[
          <b>P1:</b> Chk03<br>
          <b>P2:</b> Chk28<br>
          <hr>
          <b>Distance:</b> 10.603 miles<br>
          <hr>
          <u>Path P1 → P2:</u><br>
          <b>Forward Azimuth at P1 (Az12):</b> 341.008°<br>
          <b>Back Azimuth at P2 (BackAz12):</b> 340.967°<br>
          <hr>
          <u>Path P2 → P1:</u><br>
          <b>Forward Azimuth at P2 (Az21):</b> 160.967°<br>
          <b>Back Azimuth at P1 (BackAz21):</b> 161.008°<br>
          <hr>
          <b>Filter Reason(s):</b> Az12 Whole<br>
          <hr>
          <i>Calculation Method: Spherical</i>
        ]]>                
        
            </description>
            <styleUrl>#232</styleUrl>
            <LineString id="230">
                <coordinates>-77.01339590231409,38.80887860350852,0.0 -77.0776296316338,38.95399489057218,0.0</coordinates>
            </LineString>
        </Placemark>
        <Placemark id="235">
            <name>Chk03 → H67</name>
            <description>
                
        
<![CDATA[
          <b>P1:</b> Chk03<br>
          <b>P2:</b> H67<br>
          <hr>
          <b>Distance:</b> 8.421 miles<br>
          <hr>
          <u>Path P1 → P2:</u><br>
          <b>Forward Azimuth at P1 (Az12):</b> 331.048°<br>
          <b>Back Azimuth at P2 (BackAz12):</b> 331.000°<br>
          <hr>
          <u>Path P2 → P1:</u><br>
          <b>Forward Azimuth at P2 (Az21):</b> 151.000°<br>
          <b>Back Azimuth at P1 (BackAz21):</b> 151.048°<br>
          <hr>
          <b>Filter Reason(s):</b> Az21 Whole<br>
          <hr>
          <i>Calculation Method: Spherical</i>
        ]]>                
        
            </description>
            <styleUrl>#236</styleUrl>
            <LineString id="234">
                <coordinates>-77.01339590231409,38.80887860350852,0.0 -77.08923640277803,38.91551942120227,0.0</coordinates>
            </LineString>
        </Placemark>
        <Placemark id="239">
            <name>Chk03 → Pk02</name>
            <description>
                
        
<![CDATA[
          <b>P1:</b> Chk03<br>
          <b>P2:</b> Pk02<br>
          <hr>
          <b>Distance:</b> 55.118 miles<br>
          <hr>
          <u>Path P1 → P2:</u><br>
          <b>Forward Azimuth at P1 (Az12):</b> 323.527°<br>
          <b>Back Azimuth at P2 (BackAz12):</b> 323.139°<br>
          <hr>
          <u>Path P2 → P1:</u><br>
          <b>Forward Azimuth at P2 (Az21):</b> 143.139°<br>
          <b>Back Azimuth at P1 (BackAz21):</b> 143.527°<br>
          <hr>
          <b>Filter Reason(s):</b> Az21 target:143.13<br>
          <hr>
          <i>Calculation Method: Spherical</i>
        ]]>                
        
            </description>
            <styleUrl>#240</styleUrl>
            <LineString id="238">
                <coordinates>-77.01339590231409,38.80887860350852,0.0 -77.627618,39.448887,0.0</coordinates>
            </LineString>
        </Placemark>
        <Placemark id="243">
            <name>Chk03 → Pk05</name>
            <description>
                
        
<![CDATA[
          <b>P1:</b> Chk03<br>
          <b>P2:</b> Pk05<br>
          <hr>
          <b>Distance:</b> 70.208 miles<br>
          <hr>
          <u>Path P1 → P2:</u><br>
          <b>Forward Azimuth at P1 (Az12):</b> 277.010°<br>
          <b>Back Azimuth at P2 (BackAz12):</b> 276.196°<br>
          <hr>
          <u>Path P2 → P1:</u><br>
          <b>Forward Azimuth at P2 (Az21):</b> 96.196°<br>
          <b>Back Azimuth at P1 (BackAz21):</b> 97.010°<br>
          <hr>
          <b>Filter Reason(s):</b> Az12 Whole<br>
          <hr>
          <i>Calculation Method: Spherical</i>
        ]]>                
        
            </description>
            <styleUrl>#244</styleUrl>
            <LineString id="242">
                <coordinates>-77.01339590231409,38.80887860350852,0.0 -78.31007370765774,38.92574773485303,0.0</coordinates>
            </LineString>
        </Placemark>
        <Placemark id="247">
            <name>Chk04 → Chk48</name>
            <description>
                
        
<![CDATA[
          <b>P1:</b> Chk04<br>
          <b>P2:</b> Chk48<br>
          <hr>
          <b>Distance:</b> 3.229 miles<br>
          <hr>
          <u>Path P1 → P2:</u><br>
          <b>Forward Azimuth at P1 (Az12):</b> 233.152°<br>
          <b>Back Azimuth at P2 (BackAz12):</b> 233.122°<br>
          <hr>
          <u>Path P2 → P1:</u><br>
          <b>Forward Azimuth at P2 (Az21):</b> 53.122°<br>
          <b>Back Azimuth at P1 (BackAz21):</b> 53.152°<br>
          <hr>
          <b>Filter Reason(s):</b> Az21 target:53.13<br>
          <hr>
          <i>Calculation Method: Spherical</i>
        ]]>                
        
            </description>
            <styleUrl>#248</styleUrl>
            <LineString id="246">
                <coordinates>-76.9884528433251,38.93525554614944,0.0 -77.0365266731042,38.90721119681356,0.0</coordinates>
            </LineString>
        </Placemark>
        <Placemark id="251">
            <name>Chk04 → H70</name>
            <description>
                
        
<![CDATA[
          <b>P1:</b> Chk04<br>
          <b>P2:</b> H70<br>
          <hr>
          <b>Distance:</b> 6.121 miles<br>
          <hr>
          <u>Path P1 → P2:</u><br>
          <b>Forward Azimuth at P1 (Az12):</b> 226.048°<br>
          <b>Back Azimuth at P2 (BackAz12):</b> 225.997°<br>
          <hr>
          <u>Path P2 → P1:</u><br>
          <b>Forward Azimuth at P2 (Az21):</b> 45.997°<br>
          <b>Back Azimuth at P1 (BackAz21):</b> 46.048°<br>
          <hr>
          <b>Filter Reason(s):</b> Az21 target:46.00<br>
          <hr>
          <i>Calculation Method: Spherical</i>
        ]]>                
        
            </description>
            <styleUrl>#252</styleUrl>
            <LineString id="250">
                <coordinates>-76.9884528433251,38.93525554614944,0.0 -77.07038741369139,38.8737311478417,0.0</coordinates>
            </LineString>
        </Placemark>
        <Placemark id="255">
            <name>Chk04 → H37</name>
            <description>
                
        
<![CDATA[
          <b>P1:</b> Chk04<br>
          <b>P2:</b> H37<br>
          <hr>
          <b>Distance:</b> 7.188 miles<br>
          <hr>
          <u>Path P1 → P2:</u><br>
          <b>Forward Azimuth at P1 (Az12):</b> 248.081°<br>
          <b>Back Azimuth at P2 (BackAz12):</b> 248.003°<br>
          <hr>
          <u>Path P2 → P1:</u><br>
          <b>Forward Azimuth at P2 (Az21):</b> 68.003°<br>
          <b>Back Azimuth at P1 (BackAz21):</b> 68.081°<br>
          <hr>
          <b>Filter Reason(s):</b> Az21 Whole<br>
          <hr>
          <i>Calculation Method: Spherical</i>
        ]]>                
        
            </description>
            <styleUrl>#256</styleUrl>
            <LineString id="254">
                <coordinates>-76.9884528433251,38.93525554614944,0.0 -77.11248589188622,38.89634739382956,0.0</coordinates>
            </LineString>
        </Placemark>
        <Placemark id="259">
            <name>Chk05 → Chk08</name>
            <description>
                
        
<![CDATA[
          <b>P1:</b> Chk05<br>
          <b>P2:</b> Chk08<br>
          <hr>
          <b>Distance:</b> 6.849 miles<br>
          <hr>
          <u>Path P1 → P2:</u><br>
          <b>Forward Azimuth at P1 (Az12):</b> 212.001°<br>
          <b>Back Azimuth at P2 (BackAz12):</b> 211.959°<br>
          <hr>
          <u>Path P2 → P1:</u><br>
          <b>Forward Azimuth at P2 (Az21):</b> 31.959°<br>
          <b>Back Azimuth at P1 (BackAz21):</b> 32.001°<br>
          <hr>
          <b>Filter Reason(s):</b> Az12 Whole<br>
          <hr>
          <i>Calculation Method: Spherical</i>
        ]]>                
        
            </description>
            <styleUrl>#260</styleUrl>
            <LineString id="258">
                <coordinates>-77.01099576844469,38.94213905894748,0.0 -77.07846439947777,38.8580454440363,0.0</coordinates>
            </LineString>
        </Placemark>
        <Placemark id="263">
            <name>Chk05 → Chk27</name>
            <description>
                
        
<![CDATA[
          <b>P1:</b> Chk05<br>
          <b>P2:</b> Chk27<br>
          <hr>
          <b>Distance:</b> 3.558 miles<br>
          <hr>
          <u>Path P1 → P2:</u><br>
          <b>Forward Azimuth at P1 (Az12):</b> 300.041°<br>
          <b>Back Azimuth at P2 (BackAz12):</b> 300.005°<br>
          <hr>
          <u>Path P2 → P1:</u><br>
          <b>Forward Azimuth at P2 (Az21):</b> 120.005°<br>
          <b>Back Azimuth at P1 (BackAz21):</b> 120.041°<br>
          <hr>
          <b>Filter Reason(s):</b> Az21 Whole, Az21 multiple:15.00<br>
          <hr>
          <i>Calculation Method: Spherical</i>
        ]]>                
        
            </description>
            <styleUrl>#264</styleUrl>
            <LineString id="262">
                <coordinates>-77.01099576844469,38.94213905894748,0.0 -77.06834544975686,38.96791103163879,0.0</coordinates>
            </LineString>
        </Placemark>
        <Placemark id="267">
            <name>Chk05 → AnOthr02</name>
            <description>
                
        
<![CDATA[
          <b>P1:</b> Chk05<br>
          <b>P2:</b> AnOthr02<br>
          <hr>
          <b>Distance:</b> 3.797 miles<br>
          <hr>
          <u>Path P1 → P2:</u><br>
          <b>Forward Azimuth at P1 (Az12):</b> 130.975°<br>
          <b>Back Azimuth at P2 (BackAz12):</b> 131.009°<br>
          <hr>
          <u>Path P2 → P1:</u><br>
          <b>Forward Azimuth at P2 (Az21):</b> 311.009°<br>
          <b>Back Azimuth at P1 (BackAz21):</b> 310.975°<br>
          <hr>
          <b>Filter Reason(s):</b> Az21 Whole<br>
          <hr>
          <i>Calculation Method: Spherical</i>
        ]]>                
        
            </description>
            <styleUrl>#268</styleUrl>
            <LineString id="266">
                <coordinates>-77.01099576844469,38.94213905894748,0.0 -76.95766732477911,38.90608413980003,0.0</coordinates>
            </LineString>
        </Placemark>
        <Placemark id="271">
            <name>Chk05 → SF04</name>
            <description>
                
        
<![CDATA[
          <b>P1:</b> Chk05<br>
          <b>P2:</b> SF04<br>
          <hr>
          <b>Distance:</b> 4.332 miles<br>
          <hr>
          <u>Path P1 → P2:</u><br>
          <b>Forward Azimuth at P1 (Az12):</b> 228.005°<br>
          <b>Back Azimuth at P2 (BackAz12):</b> 227.968°<br>
          <hr>
          <u>Path P2 → P1:</u><br>
          <b>Forward Azimuth at P2 (Az21):</b> 47.968°<br>
          <b>Back Azimuth at P1 (BackAz21):</b> 48.005°<br>
          <hr>
          <b>Filter Reason(s):</b> Az12 Whole<br>
          <hr>
          <i>Calculation Method: Spherical</i>
        ]]>                
        
            </description>
            <styleUrl>#272</styleUrl>
            <LineString id="270">
                <coordinates>-77.01099576844469,38.94213905894748,0.0 -77.07087604008456,38.90017164390296,0.0</coordinates>
            </LineString>
        </Placemark>
        <Placemark id="275">
            <name>Chk06 → Chk21</name>
            <description>
                
        
<![CDATA[
          <b>P1:</b> Chk06<br>
          <b>P2:</b> Chk21<br>
          <hr>
          <b>Distance:</b> 3.811 miles<br>
          <hr>
          <u>Path P1 → P2:</u><br>
          <b>Forward Azimuth at P1 (Az12):</b> 165.004°<br>
          <b>Back Azimuth at P2 (BackAz12):</b> 165.016°<br>
          <hr>
          <u>Path P2 → P1:</u><br>
          <b>Forward Azimuth at P2 (Az21):</b> 345.016°<br>
          <b>Back Azimuth at P1 (BackAz21):</b> 345.004°<br>
          <hr>
          <b>Filter Reason(s):</b> Az12 Whole, Az12 multiple:15.00<br>
          <hr>
          <i>Calculation Method: Spherical</i>
        ]]>                
        
            </description>
            <styleUrl>#276</styleUrl>
            <LineString id="274">
                <coordinates>-76.95853332476764,38.92609741015503,0.0 -76.94019736733574,38.87280409544193,0.0</coordinates>
            </LineString>
        </Placemark>
        <Placemark id="279">
            <name>Chk06 → Chk58</name>
            <description>
                
        
<![CDATA[
          <b>P1:</b> Chk06<br>
          <b>P2:</b> Chk58<br>
          <hr>
          <b>Distance:</b> 7.692 miles<br>
          <hr>
          <u>Path P1 → P2:</u><br>
          <b>Forward Azimuth at P1 (Az12):</b> 225.058°<br>
          <b>Back Azimuth at P2 (BackAz12):</b> 224.995°<br>
          <hr>
          <u>Path P2 → P1:</u><br>
          <b>Forward Azimuth at P2 (Az21):</b> 44.995°<br>
          <b>Back Azimuth at P1 (BackAz21):</b> 45.058°<br>
          <hr>
          <b>Filter Reason(s):</b> Az21 multiple:15.00<br>
          <hr>
          <i>Calculation Method: Spherical</i>
        ]]>                
        
            </description>
            <styleUrl>#280</styleUrl>
            <LineString id="278">
                <coordinates>-76.95853332476764,38.92609741015503,0.0 -77.05973097339024,38.84739885578784,0.0</coordinates>
            </LineString>
        </Placemark>
        <Placemark id="283">
            <name>Chk06 → Chk60</name>
            <description>
                
        
<![CDATA[
          <b>P1:</b> Chk06<br>
          <b>P2:</b> Chk60<br>
          <hr>
          <b>Distance:</b> 6.943 miles<br>
          <hr>
          <u>Path P1 → P2:</u><br>
          <b>Forward Azimuth at P1 (Az12):</b> 322.059°<br>
          <b>Back Azimuth at P2 (BackAz12):</b> 322.009°<br>
          <hr>
          <u>Path P2 → P1:</u><br>
          <b>Forward Azimuth at P2 (Az21):</b> 142.009°<br>
          <b>Back Azimuth at P1 (BackAz21):</b> 142.059°<br>
          <hr>
          <b>Filter Reason(s):</b> Az21 Whole<br>
          <hr>
          <i>Calculation Method: Spherical</i>
        ]]>                
        
            </description>
            <styleUrl>#284</styleUrl>
            <LineString id="282">
                <coordinates>-76.95853332476764,38.92609741015503,0.0 -77.03806204873727,39.00533947251964,0.0</coordinates>
            </LineString>
        </Placemark>
        <Placemark id="287">
            <name>Chk06 → H70</name>
            <description>
                
        
<![CDATA[
          <b>P1:</b> Chk06<br>
          <b>P2:</b> H70<br>
          <hr>
          <b>Distance:</b> 7.018 miles<br>
          <hr>
          <u>Path P1 → P2:</u><br>
          <b>Forward Azimuth at P1 (Az12):</b> 239.005°<br>
          <b>Back Azimuth at P2 (BackAz12):</b> 238.935°<br>
          <hr>
          <u>Path P2 → P1:</u><br>
          <b>Forward Azimuth at P2 (Az21):</b> 58.935°<br>
          <b>Back Azimuth at P1 (BackAz21):</b> 59.005°<br>
          <hr>
          <b>Filter Reason(s):</b> Az12 Whole<br>
          <hr>
          <i>Calculation Method: Spherical</i>
        ]]>                
        
            </description>
            <styleUrl>#288</styleUrl>
            <LineString id="286">
                <coordinates>-76.95853332476764,38.92609741015503,0.0 -77.07038741369139,38.8737311478417,0.0</coordinates>
            </LineString>
        </Placemark>
        <Placemark id="291">
            <name>Chk06 → H37</name>
            <description>
                
        
<![CDATA[
          <b>P1:</b> Chk06<br>
          <b>P2:</b> H37<br>
          <hr>
          <b>Distance:</b> 8.527 miles<br>
          <hr>
          <u>Path P1 → P2:</u><br>
          <b>Forward Azimuth at P1 (Az12):</b> 256.101°<br>
          <b>Back Azimuth at P2 (BackAz12):</b> 256.005°<br>
          <hr>
          <u>Path P2 → P1:</u><br>
          <b>Forward Azimuth at P2 (Az21):</b> 76.005°<br>
          <b>Back Azimuth at P1 (BackAz21):</b> 76.101°<br>
          <hr>
          <b>Filter Reason(s):</b> Az21 Whole<br>
          <hr>
          <i>Calculation Method: Spherical</i>
        ]]>                
        
            </description>
            <styleUrl>#292</styleUrl>
            <LineString id="290">
                <coordinates>-76.95853332476764,38.92609741015503,0.0 -77.11248589188622,38.89634739382956,0.0</coordinates>
            </LineString>
        </Placemark>
        <Placemark id="295">
            <name>Chk06 → H40</name>
            <description>
                
        
<![CDATA[
          <b>P1:</b> Chk06<br>
          <b>P2:</b> H40<br>
          <hr>
          <b>Distance:</b> 10.887 miles<br>
          <hr>
          <u>Path P1 → P2:</u><br>
          <b>Forward Azimuth at P1 (Az12):</b> 261.003°<br>
          <b>Back Azimuth at P2 (BackAz12):</b> 260.878°<br>
          <hr>
          <u>Path P2 → P1:</u><br>
          <b>Forward Azimuth at P2 (Az21):</b> 80.878°<br>
          <b>Back Azimuth at P1 (BackAz21):</b> 81.003°<br>
          <hr>
          <b>Filter Reason(s):</b> Az12 Whole<br>
          <hr>
          <i>Calculation Method: Spherical</i>
        ]]>                
        
            </description>
            <styleUrl>#296</styleUrl>
            <LineString id="294">
                <coordinates>-76.95853332476764,38.92609741015503,0.0 -77.15854915633481,38.90128237275844,0.0</coordinates>
            </LineString>
        </Placemark>
        <Placemark id="299">
            <name>Chk08 → H27</name>
            <description>
                
        
<![CDATA[
          <b>P1:</b> Chk08<br>
          <b>P2:</b> H27<br>
          <hr>
          <b>Distance:</b> 5.528 miles<br>
          <hr>
          <u>Path P1 → P2:</u><br>
          <b>Forward Azimuth at P1 (Az12):</b> 252.053°<br>
          <b>Back Azimuth at P2 (BackAz12):</b> 251.992°<br>
          <hr>
          <u>Path P2 → P1:</u><br>
          <b>Forward Azimuth at P2 (Az21):</b> 71.992°<br>
          <b>Back Azimuth at P1 (BackAz21):</b> 72.053°<br>
          <hr>
          <b>Filter Reason(s):</b> Az21 multiple:18.00<br>
          <hr>
          <i>Calculation Method: Spherical</i>
        ]]>                
        
            </description>
            <styleUrl>#300</styleUrl>
            <LineString id="298">
                <coordinates>-77.07846439947777,38.8580454440363,0.0 -77.17620182600818,38.83334538875507,0.0</coordinates>
            </LineString>
        </Placemark>
        <Placemark id="303">
            <name>Chk09 → Chk10</name>
            <description>
                
        
<![CDATA[
          <b>P1:</b> Chk09<br>
          <b>P2:</b> Chk10<br>
          <hr>
          <b>Distance:</b> 8.321 miles<br>
          <hr>
          <u>Path P1 → P2:</u><br>
          <b>Forward Azimuth at P1 (Az12):</b> 119.912°<br>
          <b>Back Azimuth at P2 (BackAz12):</b> 119.996°<br>
          <hr>
          <u>Path P2 → P1:</u><br>
          <b>Forward Azimuth at P2 (Az21):</b> 299.996°<br>
          <b>Back Azimuth at P1 (BackAz21):</b> 299.912°<br>
          <hr>
          <b>Filter Reason(s):</b> Az21 multiple:15.00<br>
          <hr>
          <i>Calculation Method: Spherical</i>
        ]]>                
        
            </description>
            <styleUrl>#304</styleUrl>
            <LineString id="302">
                <coordinates>-77.08911728826524,38.92188332835548,0.0 -76.95502425801097,38.86173720173936,0.0</coordinates>
            </LineString>
        </Placemark>
        <Placemark id="307">
            <name>Chk09 → Chk44</name>
            <description>
                
        
<![CDATA[
          <b>P1:</b> Chk09<br>
          <b>P2:</b> Chk44<br>
          <hr>
          <b>Distance:</b> 2.596 miles<br>
          <hr>
          <u>Path P1 → P2:</u><br>
          <b>Forward Azimuth at P1 (Az12):</b> 109.010°<br>
          <b>Back Azimuth at P2 (BackAz12):</b> 109.038°<br>
          <hr>
          <u>Path P2 → P1:</u><br>
          <b>Forward Azimuth at P2 (Az21):</b> 289.038°<br>
          <b>Back Azimuth at P1 (BackAz21):</b> 289.010°<br>
          <hr>
          <b>Filter Reason(s):</b> Az12 Whole, Az12 target:109.00<br>
          <hr>
          <i>Calculation Method: Spherical</i>
        ]]>                
        
            </description>
            <styleUrl>#308</styleUrl>
            <LineString id="306">
                <coordinates>-77.08911728826524,38.92188332835548,0.0 -77.04345033773585,38.9096320124952,0.0</coordinates>
            </LineString>
        </Placemark>
        <Placemark id="311">
            <name>Chk09 → H12</name>
            <description>
                
        
<![CDATA[
          <b>P1:</b> Chk09<br>
          <b>P2:</b> H12<br>
          <hr>
          <b>Distance:</b> 7.561 miles<br>
          <hr>
          <u>Path P1 → P2:</u><br>
          <b>Forward Azimuth at P1 (Az12):</b> 90.912°<br>
          <b>Back Azimuth at P2 (BackAz12):</b> 91.001°<br>
          <hr>
          <u>Path P2 → P1:</u><br>
          <b>Forward Azimuth at P2 (Az21):</b> 271.001°<br>
          <b>Back Azimuth at P1 (BackAz21):</b> 270.912°<br>
          <hr>
          <b>Filter Reason(s):</b> Az21 Whole<br>
          <hr>
          <i>Calculation Method: Spherical</i>
        ]]>                
        
            </description>
            <styleUrl>#312</styleUrl>
            <LineString id="310">
                <coordinates>-77.08911728826524,38.92188332835548,0.0 -76.94844865915428,38.92005589287478,0.0</coordinates>
            </LineString>
        </Placemark>
        <Placemark id="315">
            <name>Chk09 → SF01</name>
            <description>
                
        
<![CDATA[
          <b>P1:</b> Chk09<br>
          <b>P2:</b> SF01<br>
          <hr>
          <b>Distance:</b> 1.437 miles<br>
          <hr>
          <u>Path P1 → P2:</u><br>
          <b>Forward Azimuth at P1 (Az12):</b> 173.006°<br>
          <b>Back Azimuth at P2 (BackAz12):</b> 173.008°<br>
          <hr>
          <u>Path P2 → P1:</u><br>
          <b>Forward Azimuth at P2 (Az21):</b> 353.008°<br>
          <b>Back Azimuth at P1 (BackAz21):</b> 353.006°<br>
          <hr>
          <b>Filter Reason(s):</b> Az12 Whole, Az21 Whole<br>
          <hr>
          <i>Calculation Method: Spherical</i>
        ]]>                
        
            </description>
            <styleUrl>#316</styleUrl>
            <LineString id="314">
                <coordinates>-77.08911728826524,38.92188332835548,0.0 -77.08586335465753,38.90124200833564,0.0</coordinates>
            </LineString>
        </Placemark>
        <Placemark id="319">
            <name>Chk10 → Chk11</name>
            <description>
                
        
<![CDATA[
          <b>P1:</b> Chk10<br>
          <b>P2:</b> Chk11<br>
          <hr>
          <b>Distance:</b> 9.966 miles<br>
          <hr>
          <u>Path P1 → P2:</u><br>
          <b>Forward Azimuth at P1 (Az12):</b> 283.114°<br>
          <b>Back Azimuth at P2 (BackAz12):</b> 283.001°<br>
          <hr>
          <u>Path P2 → P1:</u><br>
          <b>Forward Azimuth at P2 (Az21):</b> 103.001°<br>
          <b>Back Azimuth at P1 (BackAz21):</b> 103.114°<br>
          <hr>
          <b>Filter Reason(s):</b> Az21 Whole<br>
          <hr>
          <i>Calculation Method: Spherical</i>
        ]]>                
        
            </description>
            <styleUrl>#320</styleUrl>
            <LineString id="318">
                <coordinates>-76.95502425801097,38.86173720173936,0.0 -77.13554467903445,38.89433083867851,0.0</coordinates>
            </LineString>
        </Placemark>
        <Placemark id="323">
            <name>Chk10 → Chk28</name>
            <description>
                
        
<![CDATA[
          <b>P1:</b> Chk10<br>
          <b>P2:</b> Chk28<br>
          <hr>
          <b>Distance:</b> 9.168 miles<br>
          <hr>
          <u>Path P1 → P2:</u><br>
          <b>Forward Azimuth at P1 (Az12):</b> 314.077°<br>
          <b>Back Azimuth at P2 (BackAz12):</b> 314.000°<br>
          <hr>
          <u>Path P2 → P1:</u><br>
          <b>Forward Azimuth at P2 (Az21):</b> 134.000°<br>
          <b>Back Azimuth at P1 (BackAz21):</b> 134.077°<br>
          <hr>
          <b>Filter Reason(s):</b> Az21 Whole, Az21 target:134.00<br>
          <hr>
          <i>Calculation Method: Spherical</i>
        ]]>                
        
            </description>
            <styleUrl>#324</styleUrl>
            <LineString id="322">
                <coordinates>-76.95502425801097,38.86173720173936,0.0 -77.0776296316338,38.95399489057218,0.0</coordinates>
            </LineString>
        </Placemark>
        <Placemark id="327">
            <name>Chk10 → POOthr3b</name>
            <description>
                
        
<![CDATA[
          <b>P1:</b> Chk10<br>
          <b>P2:</b> POOthr3b<br>
          <hr>
          <b>Distance:</b> 6.624 miles<br>
          <hr>
          <u>Path P1 → P2:</u><br>
          <b>Forward Azimuth at P1 (Az12):</b> 223.061°<br>
          <b>Back Azimuth at P2 (BackAz12):</b> 223.008°<br>
          <hr>
          <u>Path P2 → P1:</u><br>
          <b>Forward Azimuth at P2 (Az21):</b> 43.008°<br>
          <b>Back Azimuth at P1 (BackAz21):</b> 43.061°<br>
          <hr>
          <b>Filter Reason(s):</b> Az21 Whole<br>
          <hr>
          <i>Calculation Method: Spherical</i>
        ]]>                
        
            </description>
            <styleUrl>#328</styleUrl>
            <LineString id="326">
                <coordinates>-76.95502425801097,38.86173720173936,0.0 -77.03902815721085,38.79164360258566,0.0</coordinates>
            </LineString>
        </Placemark>
        <Placemark id="331">
            <name>Chk11 → Chk59</name>
            <description>
                
        
<![CDATA[
          <b>P1:</b> Chk11<br>
          <b>P2:</b> Chk59<br>
          <hr>
          <b>Distance:</b> 9.429 miles<br>
          <hr>
          <u>Path P1 → P2:</u><br>
          <b>Forward Azimuth at P1 (Az12):</b> 32.006°<br>
          <b>Back Azimuth at P2 (BackAz12):</b> 32.065°<br>
          <hr>
          <u>Path P2 → P1:</u><br>
          <b>Forward Azimuth at P2 (Az21):</b> 212.065°<br>
          <b>Back Azimuth at P1 (BackAz21):</b> 212.006°<br>
          <hr>
          <b>Filter Reason(s):</b> Az12 Whole<br>
          <hr>
          <i>Calculation Method: Spherical</i>
        ]]>                
        
            </description>
            <styleUrl>#332</styleUrl>
            <LineString id="330">
                <coordinates>-77.13554467903445,38.89433083867851,0.0 -77.04244035387981,39.01004268273348,0.0</coordinates>
            </LineString>
        </Placemark>
        <Placemark id="335">
            <name>Chk11 → SF06</name>
            <description>
                
        
<![CDATA[
          <b>P1:</b> Chk11<br>
          <b>P2:</b> SF06<br>
          <hr>
          <b>Distance:</b> 6.695 miles<br>
          <hr>
          <u>Path P1 → P2:</u><br>
          <b>Forward Azimuth at P1 (Az12):</b> 347.021°<br>
          <b>Back Azimuth at P2 (BackAz12):</b> 347.003°<br>
          <hr>
          <u>Path P2 → P1:</u><br>
          <b>Forward Azimuth at P2 (Az21):</b> 167.003°<br>
          <b>Back Azimuth at P1 (BackAz21):</b> 167.021°<br>
          <hr>
          <b>Filter Reason(s):</b> Az21 Whole<br>
          <hr>
          <i>Calculation Method: Spherical</i>
        ]]>                
        
            </description>
            <styleUrl>#336</styleUrl>
            <LineString id="334">
                <coordinates>-77.13554467903445,38.89433083867851,0.0 -77.16354886186852,38.98876568157223,0.0</coordinates>
            </LineString>
        </Placemark>
        <Placemark id="339">
            <name>Chk12 → Chk36</name>
            <description>
                
        
<![CDATA[
          <b>P1:</b> Chk12<br>
          <b>P2:</b> Chk36<br>
          <hr>
          <b>Distance:</b> 3.165 miles<br>
          <hr>
          <u>Path P1 → P2:</u><br>
          <b>Forward Azimuth at P1 (Az12):</b> 299.991°<br>
          <b>Back Azimuth at P2 (BackAz12):</b> 299.959°<br>
          <hr>
          <u>Path P2 → P1:</u><br>
          <b>Forward Azimuth at P2 (Az21):</b> 119.959°<br>
          <b>Back Azimuth at P1 (BackAz21):</b> 119.991°<br>
          <hr>
          <b>Filter Reason(s):</b> Az12 multiple:15.00<br>
          <hr>
          <i>Calculation Method: Spherical</i>
        ]]>                
        
            </description>
            <styleUrl>#340</styleUrl>
            <LineString id="338">
                <coordinates>-76.9425428132187,38.88869436289873,0.0 -76.99354755099984,38.91158883943301,0.0</coordinates>
            </LineString>
        </Placemark>
        <Placemark id="343">
            <name>Chk12 → Chk38</name>
            <description>
                
        
<![CDATA[
          <b>P1:</b> Chk12<br>
          <b>P2:</b> Chk38<br>
          <hr>
          <b>Distance:</b> 3.969 miles<br>
          <hr>
          <u>Path P1 → P2:</u><br>
          <b>Forward Azimuth at P1 (Az12):</b> 234.036°<br>
          <b>Back Azimuth at P2 (BackAz12):</b> 233.998°<br>
          <hr>
          <u>Path P2 → P1:</u><br>
          <b>Forward Azimuth at P2 (Az21):</b> 53.998°<br>
          <b>Back Azimuth at P1 (BackAz21):</b> 54.036°<br>
          <hr>
          <b>Filter Reason(s):</b> Az21 multiple:18.00<br>
          <hr>
          <i>Calculation Method: Spherical</i>
        ]]>                
        
            </description>
            <styleUrl>#344</styleUrl>
            <LineString id="342">
                <coordinates>-76.9425428132187,38.88869436289873,0.0 -77.0022595046106,38.85493665631558,0.0</coordinates>
            </LineString>
        </Placemark>
        <Placemark id="347">
            <name>Chk12 → Chk41</name>
            <description>
                
        
<![CDATA[
          <b>P1:</b> Chk12<br>
          <b>P2:</b> Chk41<br>
          <hr>
          <b>Distance:</b> 1.839 miles<br>
          <hr>
          <u>Path P1 → P2:</u><br>
          <b>Forward Azimuth at P1 (Az12):</b> 334.000°<br>
          <b>Back Azimuth at P2 (BackAz12):</b> 333.991°<br>
          <hr>
          <u>Path P2 → P1:</u><br>
          <b>Forward Azimuth at P2 (Az21):</b> 153.991°<br>
          <b>Back Azimuth at P1 (BackAz21):</b> 154.000°<br>
          <hr>
          <b>Filter Reason(s):</b> Az12 Whole<br>
          <hr>
          <i>Calculation Method: Spherical</i>
        ]]>                
        
            </description>
            <styleUrl>#348</styleUrl>
            <LineString id="346">
                <coordinates>-76.9425428132187,38.88869436289873,0.0 -76.9575387987198,38.91261730408393,0.0</coordinates>
            </LineString>
        </Placemark>
        <Placemark id="351">
            <name>Chk12 → RC</name>
            <description>
                
        
<![CDATA[
          <b>P1:</b> Chk12<br>
          <b>P2:</b> RC<br>
          <hr>
          <b>Distance:</b> 8.986 miles<br>
          <hr>
          <u>Path P1 → P2:</u><br>
          <b>Forward Azimuth at P1 (Az12):</b> 319.006°<br>
          <b>Back Azimuth at P2 (BackAz12):</b> 318.937°<br>
          <hr>
          <u>Path P2 → P1:</u><br>
          <b>Forward Azimuth at P2 (Az21):</b> 138.937°<br>
          <b>Back Azimuth at P1 (BackAz21):</b> 139.006°<br>
          <hr>
          <b>Filter Reason(s):</b> Az12 Whole<br>
          <hr>
          <i>Calculation Method: Spherical</i>
        ]]>                
        
            </description>
            <styleUrl>#352</styleUrl>
            <LineString id="350">
                <coordinates>-76.9425428132187,38.88869436289873,0.0 -77.05231894611552,38.98682226543504,0.0</coordinates>
            </LineString>
        </Placemark>
        <Placemark id="355">
            <name>Chk12 → H27</name>
            <description>
                
        
<![CDATA[
          <b>P1:</b> Chk12<br>
          <b>P2:</b> H27<br>
          <hr>
          <b>Distance:</b> 13.137 miles<br>
          <hr>
          <u>Path P1 → P2:</u><br>
          <b>Forward Azimuth at P1 (Az12):</b> 253.153°<br>
          <b>Back Azimuth at P2 (BackAz12):</b> 253.006°<br>
          <hr>
          <u>Path P2 → P1:</u><br>
          <b>Forward Azimuth at P2 (Az21):</b> 73.006°<br>
          <b>Back Azimuth at P1 (BackAz21):</b> 73.153°<br>
          <hr>
          <b>Filter Reason(s):</b> Az21 Whole<br>
          <hr>
          <i>Calculation Method: Spherical</i>
        ]]>                
        
            </description>
            <styleUrl>#356</styleUrl>
            <LineString id="354">
                <coordinates>-76.9425428132187,38.88869436289873,0.0 -77.17620182600818,38.83334538875507,0.0</coordinates>
            </LineString>
        </Placemark>
        <Placemark id="359">
            <name>Chk13 → H33</name>
            <description>
                
        
<![CDATA[
          <b>P1:</b> Chk13<br>
          <b>P2:</b> H33<br>
          <hr>
          <b>Distance:</b> 5.818 miles<br>
          <hr>
          <u>Path P1 → P2:</u><br>
          <b>Forward Azimuth at P1 (Az12):</b> 227.002°<br>
          <b>Back Azimuth at P2 (BackAz12):</b> 226.952°<br>
          <hr>
          <u>Path P2 → P1:</u><br>
          <b>Forward Azimuth at P2 (Az21):</b> 46.952°<br>
          <b>Back Azimuth at P1 (BackAz21):</b> 47.002°<br>
          <hr>
          <b>Filter Reason(s):</b> Az12 Whole<br>
          <hr>
          <i>Calculation Method: Spherical</i>
        ]]>                
        
            </description>
            <styleUrl>#360</styleUrl>
            <LineString id="358">
                <coordinates>-77.0340714747954,38.97800673083694,0.0 -77.11324805943606,38.92053966660955,0.0</coordinates>
            </LineString>
        </Placemark>
        <Placemark id="363">
            <name>Chk13 → H12</name>
            <description>
                
        
<![CDATA[
          <b>P1:</b> Chk13<br>
          <b>P2:</b> H12<br>
          <hr>
          <b>Distance:</b> 6.098 miles<br>
          <hr>
          <u>Path P1 → P2:</u><br>
          <b>Forward Azimuth at P1 (Az12):</b> 131.005°<br>
          <b>Back Azimuth at P2 (BackAz12):</b> 131.059°<br>
          <hr>
          <u>Path P2 → P1:</u><br>
          <b>Forward Azimuth at P2 (Az21):</b> 311.059°<br>
          <b>Back Azimuth at P1 (BackAz21):</b> 311.005°<br>
          <hr>
          <b>Filter Reason(s):</b> Az12 Whole<br>
          <hr>
          <i>Calculation Method: Spherical</i>
        ]]>                
        
            </description>
            <styleUrl>#364</styleUrl>
            <LineString id="362">
                <coordinates>-77.0340714747954,38.97800673083694,0.0 -76.94844865915428,38.92005589287478,0.0</coordinates>
            </LineString>
        </Placemark>
        <Placemark id="367">
            <name>Chk13 → H24</name>
            <description>
                
        
<![CDATA[
          <b>P1:</b> Chk13<br>
          <b>P2:</b> H24<br>
          <hr>
          <b>Distance:</b> 4.621 miles<br>
          <hr>
          <u>Path P1 → P2:</u><br>
          <b>Forward Azimuth at P1 (Az12):</b> 205.005°<br>
          <b>Back Azimuth at P2 (BackAz12):</b> 204.982°<br>
          <hr>
          <u>Path P2 → P1:</u><br>
          <b>Forward Azimuth at P2 (Az21):</b> 24.982°<br>
          <b>Back Azimuth at P1 (BackAz21):</b> 25.005°<br>
          <hr>
          <b>Filter Reason(s):</b> Az12 Whole<br>
          <hr>
          <i>Calculation Method: Spherical</i>
        ]]>                
        
            </description>
            <styleUrl>#368</styleUrl>
            <LineString id="366">
                <coordinates>-77.0340714747954,38.97800673083694,0.0 -77.0704105785321,38.91738246946505,0.0</coordinates>
            </LineString>
        </Placemark>
        <Placemark id="371">
            <name>Chk14 → OtrD</name>
            <description>
                
        
<![CDATA[
          <b>P1:</b> Chk14<br>
          <b>P2:</b> OtrD<br>
          <hr>
          <b>Distance:</b> 6.913 miles<br>
          <hr>
          <u>Path P1 → P2:</u><br>
          <b>Forward Azimuth at P1 (Az12):</b> 108.007°<br>
          <b>Back Azimuth at P2 (BackAz12):</b> 108.084°<br>
          <hr>
          <u>Path P2 → P1:</u><br>
          <b>Forward Azimuth at P2 (Az21):</b> 288.084°<br>
          <b>Back Azimuth at P1 (BackAz21):</b> 288.007°<br>
          <hr>
          <b>Filter Reason(s):</b> Az12 Whole, Az12 multiple:18.00<br>
          <hr>
          <i>Calculation Method: Spherical</i>
        ]]>                
        
            </description>
            <styleUrl>#372</styleUrl>
            <LineString id="370">
                <coordinates>-77.03571742899706,38.92072480308088,0.0 -76.91344596466341,38.88972524047381,0.0</coordinates>
            </LineString>
        </Placemark>
        <Placemark id="375">
            <name>Chk14 → H17</name>
            <description>
                
        
<![CDATA[
          <b>P1:</b> Chk14<br>
          <b>P2:</b> H17<br>
          <hr>
          <b>Distance:</b> 3.375 miles<br>
          <hr>
          <u>Path P1 → P2:</u><br>
          <b>Forward Azimuth at P1 (Az12):</b> 216.023°<br>
          <b>Back Azimuth at P2 (BackAz12):</b> 216.000°<br>
          <hr>
          <u>Path P2 → P1:</u><br>
          <b>Forward Azimuth at P2 (Az21):</b> 36.000°<br>
          <b>Back Azimuth at P1 (BackAz21):</b> 36.023°<br>
          <hr>
          <b>Filter Reason(s):</b> Az21 multiple:18.00<br>
          <hr>
          <i>Calculation Method: Spherical</i>
        ]]>                
        
            </description>
            <styleUrl>#376</styleUrl>
            <LineString id="374">
                <coordinates>-77.03571742899706,38.92072480308088,0.0 -77.07263105649967,38.88120136333437,0.0</coordinates>
            </LineString>
        </Placemark>
        <Placemark id="379">
            <name>Chk15 → OtrC</name>
            <description>
                
        
<![CDATA[
          <b>P1:</b> Chk15<br>
          <b>P2:</b> OtrC<br>
          <hr>
          <b>Distance:</b> 4.758 miles<br>
          <hr>
          <u>Path P1 → P2:</u><br>
          <b>Forward Azimuth at P1 (Az12):</b> 74.945°<br>
          <b>Back Azimuth at P2 (BackAz12):</b> 74.999°<br>
          <hr>
          <u>Path P2 → P1:</u><br>
          <b>Forward Azimuth at P2 (Az21):</b> 254.999°<br>
          <b>Back Azimuth at P1 (BackAz21):</b> 254.945°<br>
          <hr>
          <b>Filter Reason(s):</b> Az21 multiple:15.00<br>
          <hr>
          <i>Calculation Method: Spherical</i>
        ]]>                
        
            </description>
            <styleUrl>#380</styleUrl>
            <LineString id="378">
                <coordinates>-77.0702598537815,38.9339121071402,0.0 -76.98472940704961,38.95177142459147,0.0</coordinates>
            </LineString>
        </Placemark>
        <Placemark id="383">
            <name>Chk15 → H17</name>
            <description>
                
        
<![CDATA[
          <b>P1:</b> Chk15<br>
          <b>P2:</b> H17<br>
          <hr>
          <b>Distance:</b> 3.643 miles<br>
          <hr>
          <u>Path P1 → P2:</u><br>
          <b>Forward Azimuth at P1 (Az12):</b> 182.006°<br>
          <b>Back Azimuth at P2 (BackAz12):</b> 182.004°<br>
          <hr>
          <u>Path P2 → P1:</u><br>
          <b>Forward Azimuth at P2 (Az21):</b> 2.004°<br>
          <b>Back Azimuth at P1 (BackAz21):</b> 2.006°<br>
          <hr>
          <b>Filter Reason(s):</b> Az12 Whole, Az21 Whole<br>
          <hr>
          <i>Calculation Method: Spherical</i>
        ]]>                
        
            </description>
            <styleUrl>#384</styleUrl>
            <LineString id="382">
                <coordinates>-77.0702598537815,38.9339121071402,0.0 -77.07263105649967,38.88120136333437,0.0</coordinates>
            </LineString>
        </Placemark>
        <Placemark id="387">
            <name>Chk16 → Chk27</name>
            <description>
                
        
<![CDATA[
          <b>P1:</b> Chk16<br>
          <b>P2:</b> Chk27<br>
          <hr>
          <b>Distance:</b> 2.300 miles<br>
          <hr>
          <u>Path P1 → P2:</u><br>
          <b>Forward Azimuth at P1 (Az12):</b> 284.030°<br>
          <b>Back Azimuth at P2 (BackAz12):</b> 284.004°<br>
          <hr>
          <u>Path P2 → P1:</u><br>
          <b>Forward Azimuth at P2 (Az21):</b> 104.004°<br>
          <b>Back Azimuth at P1 (BackAz21):</b> 104.030°<br>
          <hr>
          <b>Filter Reason(s):</b> Az21 Whole<br>
          <hr>
          <i>Calculation Method: Spherical</i>
        ]]>                
        
            </description>
            <styleUrl>#388</styleUrl>
            <LineString id="386">
                <coordinates>-77.02680651074166,38.95984790558003,0.0 -77.06834544975686,38.96791103163879,0.0</coordinates>
            </LineString>
        </Placemark>
        <Placemark id="391">
            <name>Chk16 → Chk42</name>
            <description>
                
        
<![CDATA[
          <b>P1:</b> Chk16<br>
          <b>P2:</b> Chk42<br>
          <hr>
          <b>Distance:</b> 3.190 miles<br>
          <hr>
          <u>Path P1 → P2:</u><br>
          <b>Forward Azimuth at P1 (Az12):</b> 230.030°<br>
          <b>Back Azimuth at P2 (BackAz12):</b> 230.002°<br>
          <hr>
          <u>Path P2 → P1:</u><br>
          <b>Forward Azimuth at P2 (Az21):</b> 50.002°<br>
          <b>Back Azimuth at P1 (BackAz21):</b> 50.030°<br>
          <hr>
          <b>Filter Reason(s):</b> Az21 Whole<br>
          <hr>
          <i>Calculation Method: Spherical</i>
        ]]>                
        
            </description>
            <styleUrl>#392</styleUrl>
            <LineString id="390">
                <coordinates>-77.02680651074166,38.95984790558003,0.0 -77.07230698965536,38.93017051598103,0.0</coordinates>
            </LineString>
        </Placemark>
        <Placemark id="395">
            <name>Chk16 → Chk45</name>
            <description>
                
        
<![CDATA[
          <b>P1:</b> Chk16<br>
          <b>P2:</b> Chk45<br>
          <hr>
          <b>Distance:</b> 0.905 miles<br>
          <hr>
          <u>Path P1 → P2:</u><br>
          <b>Forward Azimuth at P1 (Az12):</b> 162.999°<br>
          <b>Back Azimuth at P2 (BackAz12):</b> 163.002°<br>
          <hr>
          <u>Path P2 → P1:</u><br>
          <b>Forward Azimuth at P2 (Az21):</b> 343.002°<br>
          <b>Back Azimuth at P1 (BackAz21):</b> 342.999°<br>
          <hr>
          <b>Filter Reason(s):</b> Az21 Whole<br>
          <hr>
          <i>Calculation Method: Spherical</i>
        ]]>                
        
            </description>
            <styleUrl>#396</styleUrl>
            <LineString id="394">
                <coordinates>-77.02680651074166,38.95984790558003,0.0 -77.02188334594942,38.94732510830963,0.0</coordinates>
            </LineString>
        </Placemark>
        <Placemark id="399">
            <name>Chk16 → OtrA</name>
            <description>
                
        
<![CDATA[
          <b>P1:</b> Chk16<br>
          <b>P2:</b> OtrA<br>
          <hr>
          <b>Distance:</b> 4.647 miles<br>
          <hr>
          <u>Path P1 → P2:</u><br>
          <b>Forward Azimuth at P1 (Az12):</b> 119.947°<br>
          <b>Back Azimuth at P2 (BackAz12):</b> 119.994°<br>
          <hr>
          <u>Path P2 → P1:</u><br>
          <b>Forward Azimuth at P2 (Az21):</b> 299.994°<br>
          <b>Back Azimuth at P1 (BackAz21):</b> 299.947°<br>
          <hr>
          <b>Filter Reason(s):</b> Az21 multiple:15.00<br>
          <hr>
          <i>Calculation Method: Spherical</i>
        ]]>                
        
            </description>
            <styleUrl>#400</styleUrl>
            <LineString id="398">
                <coordinates>-77.02680651074166,38.95984790558003,0.0 -76.95188801292042,38.92624596949343,0.0</coordinates>
            </LineString>
        </Placemark>
        <Placemark id="403">
            <name>Chk16 → H69</name>
            <description>
                
        
<![CDATA[
          <b>P1:</b> Chk16<br>
          <b>P2:</b> H69<br>
          <hr>
          <b>Distance:</b> 6.267 miles<br>
          <hr>
          <u>Path P1 → P2:</u><br>
          <b>Forward Azimuth at P1 (Az12):</b> 203.003°<br>
          <b>Back Azimuth at P2 (BackAz12):</b> 202.974°<br>
          <hr>
          <u>Path P2 → P1:</u><br>
          <b>Forward Azimuth at P2 (Az21):</b> 22.974°<br>
          <b>Back Azimuth at P1 (BackAz21):</b> 23.003°<br>
          <hr>
          <b>Filter Reason(s):</b> Az12 Whole<br>
          <hr>
          <i>Calculation Method: Spherical</i>
        ]]>                
        
            </description>
            <styleUrl>#404</styleUrl>
            <LineString id="402">
                <coordinates>-77.02680651074166,38.95984790558003,0.0 -77.07234178427055,38.87633745296441,0.0</coordinates>
            </LineString>
        </Placemark>
        <Placemark id="407">
            <name>Chk17 → Chk21</name>
            <description>
                
        
<![CDATA[
          <b>P1:</b> Chk17<br>
          <b>P2:</b> Chk21<br>
          <hr>
          <b>Distance:</b> 7.136 miles<br>
          <hr>
          <u>Path P1 → P2:</u><br>
          <b>Forward Azimuth at P1 (Az12):</b> 147.959°<br>
          <b>Back Azimuth at P2 (BackAz12):</b> 148.003°<br>
          <hr>
          <u>Path P2 → P1:</u><br>
          <b>Forward Azimuth at P2 (Az21):</b> 328.003°<br>
          <b>Back Azimuth at P1 (BackAz21):</b> 327.959°<br>
          <hr>
          <b>Filter Reason(s):</b> Az21 Whole<br>
          <hr>
          <i>Calculation Method: Spherical</i>
        ]]>                
        
            </description>
            <styleUrl>#408</styleUrl>
            <LineString id="406">
                <coordinates>-77.01059198844285,38.96039316959799,0.0 -76.94019736733574,38.87280409544193,0.0</coordinates>
            </LineString>
        </Placemark>
        <Placemark id="411">
            <name>Chk17 → Chk22</name>
            <description>
                
        
<![CDATA[
          <b>P1:</b> Chk17<br>
          <b>P2:</b> Chk22<br>
          <hr>
          <b>Distance:</b> 4.332 miles<br>
          <hr>
          <u>Path P1 → P2:</u><br>
          <b>Forward Azimuth at P1 (Az12):</b> 249.007°<br>
          <b>Back Azimuth at P2 (BackAz12):</b> 248.960°<br>
          <hr>
          <u>Path P2 → P1:</u><br>
          <b>Forward Azimuth at P2 (Az21):</b> 68.960°<br>
          <b>Back Azimuth at P1 (BackAz21):</b> 69.007°<br>
          <hr>
          <b>Filter Reason(s):</b> Az12 Whole<br>
          <hr>
          <i>Calculation Method: Spherical</i>
        ]]>                
        
            </description>
            <styleUrl>#412</styleUrl>
            <LineString id="410">
                <coordinates>-77.01059198844285,38.96039316959799,0.0 -77.0858650836171,38.93790243521637,0.0</coordinates>
            </LineString>
        </Placemark>
        <Placemark id="415">
            <name>Chk17 → H38</name>
            <description>
                
        
<![CDATA[
          <b>P1:</b> Chk17<br>
          <b>P2:</b> H38<br>
          <hr>
          <b>Distance:</b> 16.089 miles<br>
          <hr>
          <u>Path P1 → P2:</u><br>
          <b>Forward Azimuth at P1 (Az12):</b> 260.189°<br>
          <b>Back Azimuth at P2 (BackAz12):</b> 260.004°<br>
          <hr>
          <u>Path P2 → P1:</u><br>
          <b>Forward Azimuth at P2 (Az21):</b> 80.004°<br>
          <b>Back Azimuth at P1 (BackAz21):</b> 80.189°<br>
          <hr>
          <b>Filter Reason(s):</b> Az21 Whole<br>
          <hr>
          <i>Calculation Method: Spherical</i>
        ]]>                
        
            </description>
            <styleUrl>#416</styleUrl>
            <LineString id="414">
                <coordinates>-77.01059198844285,38.96039316959799,0.0 -77.30556025520397,38.92033648688445,0.0</coordinates>
            </LineString>
        </Placemark>
        <Placemark id="419">
            <name>Chk18 → H70b</name>
            <description>
                
        
<![CDATA[
          <b>P1:</b> Chk18<br>
          <b>P2:</b> H70b<br>
          <hr>
          <b>Distance:</b> 7.570 miles<br>
          <hr>
          <u>Path P1 → P2:</u><br>
          <b>Forward Azimuth at P1 (Az12):</b> 71.915°<br>
          <b>Back Azimuth at P2 (BackAz12):</b> 71.999°<br>
          <hr>
          <u>Path P2 → P1:</u><br>
          <b>Forward Azimuth at P2 (Az21):</b> 251.999°<br>
          <b>Back Azimuth at P1 (BackAz21):</b> 251.915°<br>
          <hr>
          <b>Filter Reason(s):</b> Az21 multiple:18.00<br>
          <hr>
          <i>Calculation Method: Spherical</i>
        ]]>                
        
            </description>
            <styleUrl>#420</styleUrl>
            <LineString id="418">
                <coordinates>-77.11265634246809,38.87614213026904,0.0 -76.97878782846644,38.91008217241069,0.0</coordinates>
            </LineString>
        </Placemark>
        <Placemark id="423">
            <name>Chk18 → H51</name>
            <description>
                
        
<![CDATA[
          <b>P1:</b> Chk18<br>
          <b>P2:</b> H51<br>
          <hr>
          <b>Distance:</b> 4.305 miles<br>
          <hr>
          <u>Path P1 → P2:</u><br>
          <b>Forward Azimuth at P1 (Az12):</b> 52.007°<br>
          <b>Back Azimuth at P2 (BackAz12):</b> 52.046°<br>
          <hr>
          <u>Path P2 → P1:</u><br>
          <b>Forward Azimuth at P2 (Az21):</b> 232.046°<br>
          <b>Back Azimuth at P1 (BackAz21):</b> 232.007°<br>
          <hr>
          <b>Filter Reason(s):</b> Az12 Whole<br>
          <hr>
          <i>Calculation Method: Spherical</i>
        ]]>                
        
            </description>
            <styleUrl>#424</styleUrl>
            <LineString id="422">
                <coordinates>-77.11265634246809,38.87614213026904,0.0 -77.04953191350309,38.91448986470866,0.0</coordinates>
            </LineString>
        </Placemark>
        <Placemark id="427">
            <name>Chk19 → H69</name>
            <description>
                
        
<![CDATA[
          <b>P1:</b> Chk19<br>
          <b>P2:</b> H69<br>
          <hr>
          <b>Distance:</b> 7.910 miles<br>
          <hr>
          <u>Path P1 → P2:</u><br>
          <b>Forward Azimuth at P1 (Az12):</b> 190.012°<br>
          <b>Back Azimuth at P2 (BackAz12):</b> 189.996°<br>
          <hr>
          <u>Path P2 → P1:</u><br>
          <b>Forward Azimuth at P2 (Az21):</b> 9.996°<br>
          <b>Back Azimuth at P1 (BackAz21):</b> 10.012°<br>
          <hr>
          <b>Filter Reason(s):</b> Az21 target:10.00<br>
          <hr>
          <i>Calculation Method: Spherical</i>
        ]]>                
        
            </description>
            <styleUrl>#428</styleUrl>
            <LineString id="426">
                <coordinates>-77.04677082443145,38.98909790584569,0.0 -77.07234178427055,38.87633745296441,0.0</coordinates>
            </LineString>
        </Placemark>
        <Placemark id="431">
            <name>Chk21 → H69</name>
            <description>
                
        
<![CDATA[
          <b>P1:</b> Chk21<br>
          <b>P2:</b> H69<br>
          <hr>
          <b>Distance:</b> 7.111 miles<br>
          <hr>
          <u>Path P1 → P2:</u><br>
          <b>Forward Azimuth at P1 (Az12):</b> 272.009°<br>
          <b>Back Azimuth at P2 (BackAz12):</b> 271.926°<br>
          <hr>
          <u>Path P2 → P1:</u><br>
          <b>Forward Azimuth at P2 (Az21):</b> 91.926°<br>
          <b>Back Azimuth at P1 (BackAz21):</b> 92.009°<br>
          <hr>
          <b>Filter Reason(s):</b> Az12 Whole<br>
          <hr>
          <i>Calculation Method: Spherical</i>
        ]]>                
        
            </description>
            <styleUrl>#432</styleUrl>
            <LineString id="430">
                <coordinates>-76.94019736733574,38.87280409544193,0.0 -77.07234178427055,38.87633745296441,0.0</coordinates>
            </LineString>
        </Placemark>
        <Placemark id="435">
            <name>Chk21 → H23</name>
            <description>
                
        
<![CDATA[
          <b>P1:</b> Chk21<br>
          <b>P2:</b> H23<br>
          <hr>
          <b>Distance:</b> 9.191 miles<br>
          <hr>
          <u>Path P1 → P2:</u><br>
          <b>Forward Azimuth at P1 (Az12):</b> 300.000°<br>
          <b>Back Azimuth at P2 (BackAz12):</b> 299.907°<br>
          <hr>
          <u>Path P2 → P1:</u><br>
          <b>Forward Azimuth at P2 (Az21):</b> 119.907°<br>
          <b>Back Azimuth at P1 (BackAz21):</b> 120.000°<br>
          <hr>
          <b>Filter Reason(s):</b> Az12 multiple:15.00<br>
          <hr>
          <i>Calculation Method: Spherical</i>
        ]]>                
        
            </description>
            <styleUrl>#436</styleUrl>
            <LineString id="434">
                <coordinates>-76.94019736733574,38.87280409544193,0.0 -77.08834070412745,38.93923731423045,0.0</coordinates>
            </LineString>
        </Placemark>
        <Placemark id="439">
            <name>Chk21 → H56</name>
            <description>
                
        
<![CDATA[
          <b>P1:</b> Chk21<br>
          <b>P2:</b> H56<br>
          <hr>
          <b>Distance:</b> 7.181 miles<br>
          <hr>
          <u>Path P1 → P2:</u><br>
          <b>Forward Azimuth at P1 (Az12):</b> 295.086°<br>
          <b>Back Azimuth at P2 (BackAz12):</b> 295.010°<br>
          <hr>
          <u>Path P2 → P1:</u><br>
          <b>Forward Azimuth at P2 (Az21):</b> 115.010°<br>
          <b>Back Azimuth at P1 (BackAz21):</b> 115.086°<br>
          <hr>
          <b>Filter Reason(s):</b> Az21 Whole<br>
          <hr>
          <i>Calculation Method: Spherical</i>
        ]]>                
        
            </description>
            <styleUrl>#440</styleUrl>
            <LineString id="438">
                <coordinates>-76.94019736733574,38.87280409544193,0.0 -77.06120140091524,38.91681538320637,0.0</coordinates>
            </LineString>
        </Placemark>
        <Placemark id="443">
            <name>Chk21 → H60</name>
            <description>
                
        
<![CDATA[
          <b>P1:</b> Chk21<br>
          <b>P2:</b> H60<br>
          <hr>
          <b>Distance:</b> 4.227 miles<br>
          <hr>
          <u>Path P1 → P2:</u><br>
          <b>Forward Azimuth at P1 (Az12):</b> 16.992°<br>
          <b>Back Azimuth at P2 (BackAz12):</b> 17.006°<br>
          <hr>
          <u>Path P2 → P1:</u><br>
          <b>Forward Azimuth at P2 (Az21):</b> 197.006°<br>
          <b>Back Azimuth at P1 (BackAz21):</b> 196.992°<br>
          <hr>
          <b>Filter Reason(s):</b> Az21 Whole<br>
          <hr>
          <i>Calculation Method: Spherical</i>
        ]]>                
        
            </description>
            <styleUrl>#444</styleUrl>
            <LineString id="442">
                <coordinates>-76.94019736733574,38.87280409544193,0.0 -76.91720945574568,38.93132296535497,0.0</coordinates>
            </LineString>
        </Placemark>
        <Placemark id="447">
            <name>Chk21 → Pk02</name>
            <description>
                
        
<![CDATA[
          <b>P1:</b> Chk21<br>
          <b>P2:</b> Pk02<br>
          <hr>
          <b>Distance:</b> 54.216 miles<br>
          <hr>
          <u>Path P1 → P2:</u><br>
          <b>Forward Azimuth at P1 (Az12):</b> 317.441°<br>
          <b>Back Azimuth at P2 (BackAz12):</b> 317.007°<br>
          <hr>
          <u>Path P2 → P1:</u><br>
          <b>Forward Azimuth at P2 (Az21):</b> 137.007°<br>
          <b>Back Azimuth at P1 (BackAz21):</b> 137.441°<br>
          <hr>
          <b>Filter Reason(s):</b> Az21 Whole<br>
          <hr>
          <i>Calculation Method: Spherical</i>
        ]]>                
        
            </description>
            <styleUrl>#448</styleUrl>
            <LineString id="446">
                <coordinates>-76.94019736733574,38.87280409544193,0.0 -77.627618,39.448887,0.0</coordinates>
            </LineString>
        </Placemark>
        <Placemark id="451">
            <name>Chk22 → SF01</name>
            <description>
                
        
<![CDATA[
          <b>P1:</b> Chk22<br>
          <b>P2:</b> SF01<br>
          <hr>
          <b>Distance:</b> 2.533 miles<br>
          <hr>
          <u>Path P1 → P2:</u><br>
          <b>Forward Azimuth at P1 (Az12):</b> 179.998°<br>
          <b>Back Azimuth at P2 (BackAz12):</b> 179.998°<br>
          <hr>
          <u>Path P2 → P1:</u><br>
          <b>Forward Azimuth at P2 (Az21):</b> 359.998°<br>
          <b>Back Azimuth at P1 (BackAz21):</b> 359.998°<br>
          <hr>
          <b>Filter Reason(s):</b> Az12 multiple:15.00, Az12 multiple:18.00, Az21 multiple:15.00, Az21 multiple:18.00<br>
          <hr>
          <i>Calculation Method: Spherical</i>
        ]]>                
        
            </description>
            <styleUrl>#452</styleUrl>
            <LineString id="450">
                <coordinates>-77.0858650836171,38.93790243521637,0.0 -77.08586335465753,38.90124200833564,0.0</coordinates>
            </LineString>
        </Placemark>
        <Placemark id="455">
            <name>Chk23a → Chk35</name>
            <description>
                
        
<![CDATA[
          <b>P1:</b> Chk23a<br>
          <b>P2:</b> Chk35<br>
          <hr>
          <b>Distance:</b> 4.167 miles<br>
          <hr>
          <u>Path P1 → P2:</u><br>
          <b>Forward Azimuth at P1 (Az12):</b> 256.055°<br>
          <b>Back Azimuth at P2 (BackAz12):</b> 256.008°<br>
          <hr>
          <u>Path P2 → P1:</u><br>
          <b>Forward Azimuth at P2 (Az21):</b> 76.008°<br>
          <b>Back Azimuth at P1 (BackAz21):</b> 76.055°<br>
          <hr>
          <b>Filter Reason(s):</b> Az21 Whole<br>
          <hr>
          <i>Calculation Method: Spherical</i>
        ]]>                
        
            </description>
            <styleUrl>#456</styleUrl>
            <LineString id="454">
                <coordinates>-76.97546834269932,38.90863930872903,0.0 -77.05068501975197,38.89407905799511,0.0</coordinates>
            </LineString>
        </Placemark>
        <Placemark id="459">
            <name>Chk23a → PO</name>
            <description>
                
        
<![CDATA[
          <b>P1:</b> Chk23a<br>
          <b>P2:</b> PO<br>
          <hr>
          <b>Distance:</b> 7.966 miles<br>
          <hr>
          <u>Path P1 → P2:</u><br>
          <b>Forward Azimuth at P1 (Az12):</b> 283.001°<br>
          <b>Back Azimuth at P2 (BackAz12):</b> 282.910°<br>
          <hr>
          <u>Path P2 → P1:</u><br>
          <b>Forward Azimuth at P2 (Az21):</b> 102.910°<br>
          <b>Back Azimuth at P1 (BackAz21):</b> 103.001°<br>
          <hr>
          <b>Filter Reason(s):</b> Az12 Whole<br>
          <hr>
          <i>Calculation Method: Spherical</i>
        ]]>                
        
            </description>
            <styleUrl>#460</styleUrl>
            <LineString id="458">
                <coordinates>-76.97546834269932,38.90863930872903,0.0 -77.1199159,38.93449309999998,0.0</coordinates>
            </LineString>
        </Placemark>
        <Placemark id="463">
            <name>Chk23b → Chk42</name>
            <description>
                
        
<![CDATA[
          <b>P1:</b> Chk23b<br>
          <b>P2:</b> Chk42<br>
          <hr>
          <b>Distance:</b> 5.476 miles<br>
          <hr>
          <u>Path P1 → P2:</u><br>
          <b>Forward Azimuth at P1 (Az12):</b> 284.999°<br>
          <b>Back Azimuth at P2 (BackAz12):</b> 284.937°<br>
          <hr>
          <u>Path P2 → P1:</u><br>
          <b>Forward Azimuth at P2 (Az21):</b> 104.937°<br>
          <b>Back Azimuth at P1 (BackAz21):</b> 104.999°<br>
          <hr>
          <b>Filter Reason(s):</b> Az12 multiple:15.00<br>
          <hr>
          <i>Calculation Method: Spherical</i>
        ]]>                
        
            </description>
            <styleUrl>#464</styleUrl>
            <LineString id="462">
                <coordinates>-76.97387114815113,38.90969480185885,0.0 -77.07230698965536,38.93017051598103,0.0</coordinates>
            </LineString>
        </Placemark>
        <Placemark id="467">
            <name>Chk23b → H56</name>
            <description>
                
        
<![CDATA[
          <b>P1:</b> Chk23b<br>
          <b>P2:</b> H56<br>
          <hr>
          <b>Distance:</b> 4.720 miles<br>
          <hr>
          <u>Path P1 → P2:</u><br>
          <b>Forward Azimuth at P1 (Az12):</b> 276.010°<br>
          <b>Back Azimuth at P2 (BackAz12):</b> 275.955°<br>
          <hr>
          <u>Path P2 → P1:</u><br>
          <b>Forward Azimuth at P2 (Az21):</b> 95.955°<br>
          <b>Back Azimuth at P1 (BackAz21):</b> 96.010°<br>
          <hr>
          <b>Filter Reason(s):</b> Az12 Whole<br>
          <hr>
          <i>Calculation Method: Spherical</i>
        ]]>                
        
            </description>
            <styleUrl>#468</styleUrl>
            <LineString id="466">
                <coordinates>-76.97387114815113,38.90969480185885,0.0 -77.06120140091524,38.91681538320637,0.0</coordinates>
            </LineString>
        </Placemark>
        <Placemark id="471">
            <name>Chk23c → Chk27</name>
            <description>
                
        
<![CDATA[
          <b>P1:</b> Chk23c<br>
          <b>P2:</b> Chk27<br>
          <hr>
          <b>Distance:</b> 6.541 miles<br>
          <hr>
          <u>Path P1 → P2:</u><br>
          <b>Forward Azimuth at P1 (Az12):</b> 308.009°<br>
          <b>Back Azimuth at P2 (BackAz12):</b> 307.948°<br>
          <hr>
          <u>Path P2 → P1:</u><br>
          <b>Forward Azimuth at P2 (Az21):</b> 127.948°<br>
          <b>Back Azimuth at P1 (BackAz21):</b> 128.009°<br>
          <hr>
          <b>Filter Reason(s):</b> Az12 Whole<br>
          <hr>
          <i>Calculation Method: Spherical</i>
        ]]>                
        
            </description>
            <styleUrl>#472</styleUrl>
            <LineString id="470">
                <coordinates>-76.97239108771012,38.90964452291605,0.0 -77.06834544975686,38.96791103163879,0.0</coordinates>
            </LineString>
        </Placemark>
        <Placemark id="475">
            <name>Chk23c → Chk44</name>
            <description>
                
        
<![CDATA[
          <b>P1:</b> Chk23c<br>
          <b>P2:</b> Chk44<br>
          <hr>
          <b>Distance:</b> 3.820 miles<br>
          <hr>
          <u>Path P1 → P2:</u><br>
          <b>Forward Azimuth at P1 (Az12):</b> 270.009°<br>
          <b>Back Azimuth at P2 (BackAz12):</b> 269.965°<br>
          <hr>
          <u>Path P2 → P1:</u><br>
          <b>Forward Azimuth at P2 (Az21):</b> 89.965°<br>
          <b>Back Azimuth at P1 (BackAz21):</b> 90.009°<br>
          <hr>
          <b>Filter Reason(s):</b> Az12 Whole, Az12 multiple:15.00, Az12 multiple:18.00<br>
          <hr>
          <i>Calculation Method: Spherical</i>
        ]]>                
        
            </description>
            <styleUrl>#476</styleUrl>
            <LineString id="474">
                <coordinates>-76.97239108771012,38.90964452291605,0.0 -77.04345033773585,38.9096320124952,0.0</coordinates>
            </LineString>
        </Placemark>
        <Placemark id="479">
            <name>Chk23c → Chk49</name>
            <description>
                
        
<![CDATA[
          <b>P1:</b> Chk23c<br>
          <b>P2:</b> Chk49<br>
          <hr>
          <b>Distance:</b> 3.074 miles<br>
          <hr>
          <u>Path P1 → P2:</u><br>
          <b>Forward Azimuth at P1 (Az12):</b> 270.001°<br>
          <b>Back Azimuth at P2 (BackAz12):</b> 269.966°<br>
          <hr>
          <u>Path P2 → P1:</u><br>
          <b>Forward Azimuth at P2 (Az21):</b> 89.966°<br>
          <b>Back Azimuth at P1 (BackAz21):</b> 90.001°<br>
          <hr>
          <b>Filter Reason(s):</b> Az12 Whole, Az12 multiple:15.00, Az12 multiple:18.00<br>
          <hr>
          <i>Calculation Method: Spherical</i>
        ]]>                
        
            </description>
            <styleUrl>#480</styleUrl>
            <LineString id="478">
                <coordinates>-76.97239108771012,38.90964452291605,0.0 -77.02956862943489,38.90963170613946,0.0</coordinates>
            </LineString>
        </Placemark>
        <Placemark id="483">
            <name>Chk23c → Chk51</name>
            <description>
                
        
<![CDATA[
          <b>P1:</b> Chk23c<br>
          <b>P2:</b> Chk51<br>
          <hr>
          <b>Distance:</b> 1.674 miles<br>
          <hr>
          <u>Path P1 → P2:</u><br>
          <b>Forward Azimuth at P1 (Az12):</b> 215.017°<br>
          <b>Back Azimuth at P2 (BackAz12):</b> 215.005°<br>
          <hr>
          <u>Path P2 → P1:</u><br>
          <b>Forward Azimuth at P2 (Az21):</b> 35.005°<br>
          <b>Back Azimuth at P1 (BackAz21):</b> 35.017°<br>
          <hr>
          <b>Filter Reason(s):</b> Az21 Whole<br>
          <hr>
          <i>Calculation Method: Spherical</i>
        ]]>                
        
            </description>
            <styleUrl>#484</styleUrl>
            <LineString id="482">
                <coordinates>-76.97239108771012,38.90964452291605,0.0 -76.99025683060958,38.88979572156659,0.0</coordinates>
            </LineString>
        </Placemark>
        <Placemark id="487">
            <name>Chk23c → H17</name>
            <description>
                
        
<![CDATA[
          <b>P1:</b> Chk23c<br>
          <b>P2:</b> H17<br>
          <hr>
          <b>Distance:</b> 5.736 miles<br>
          <hr>
          <u>Path P1 → P2:</u><br>
          <b>Forward Azimuth at P1 (Az12):</b> 250.001°<br>
          <b>Back Azimuth at P2 (BackAz12):</b> 249.938°<br>
          <hr>
          <u>Path P2 → P1:</u><br>
          <b>Forward Azimuth at P2 (Az21):</b> 69.938°<br>
          <b>Back Azimuth at P1 (BackAz21):</b> 70.001°<br>
          <hr>
          <b>Filter Reason(s):</b> Az12 Whole<br>
          <hr>
          <i>Calculation Method: Spherical</i>
        ]]>                
        
            </description>
            <styleUrl>#488</styleUrl>
            <LineString id="486">
                <coordinates>-76.97239108771012,38.90964452291605,0.0 -77.07263105649967,38.88120136333437,0.0</coordinates>
            </LineString>
        </Placemark>
        <Placemark id="491">
            <name>Chk23c → H37</name>
            <description>
                
        
<![CDATA[
          <b>P1:</b> Chk23c<br>
          <b>P2:</b> H37<br>
          <hr>
          <b>Distance:</b> 7.587 miles<br>
          <hr>
          <u>Path P1 → P2:</u><br>
          <b>Forward Azimuth at P1 (Az12):</b> 263.090°<br>
          <b>Back Azimuth at P2 (BackAz12):</b> 263.002°<br>
          <hr>
          <u>Path P2 → P1:</u><br>
          <b>Forward Azimuth at P2 (Az21):</b> 83.002°<br>
          <b>Back Azimuth at P1 (BackAz21):</b> 83.090°<br>
          <hr>
          <b>Filter Reason(s):</b> Az21 Whole<br>
          <hr>
          <i>Calculation Method: Spherical</i>
        ]]>                
        
            </description>
            <styleUrl>#492</styleUrl>
            <LineString id="490">
                <coordinates>-76.97239108771012,38.90964452291605,0.0 -77.11248589188622,38.89634739382956,0.0</coordinates>
            </LineString>
        </Placemark>
        <Placemark id="495">
            <name>Chk25 → OtrC</name>
            <description>
                
        
<![CDATA[
          <b>P1:</b> Chk25<br>
          <b>P2:</b> OtrC<br>
          <hr>
          <b>Distance:</b> 3.394 miles<br>
          <hr>
          <u>Path P1 → P2:</u><br>
          <b>Forward Azimuth at P1 (Az12):</b> 54.004°<br>
          <b>Back Azimuth at P2 (BackAz12):</b> 54.036°<br>
          <hr>
          <u>Path P2 → P1:</u><br>
          <b>Forward Azimuth at P2 (Az21):</b> 234.036°<br>
          <b>Back Azimuth at P1 (BackAz21):</b> 234.004°<br>
          <hr>
          <b>Filter Reason(s):</b> Az12 Whole, Az12 multiple:18.00<br>
          <hr>
          <i>Calculation Method: Spherical</i>
        ]]>                
        
            </description>
            <styleUrl>#496</styleUrl>
            <LineString id="494">
                <coordinates>-77.03584297932892,38.9229071947,0.0 -76.98472940704961,38.95177142459147,0.0</coordinates>
            </LineString>
        </Placemark>
        <Placemark id="499">
            <name>Chk25 → H98</name>
            <description>
                
        
<![CDATA[
          <b>P1:</b> Chk25<br>
          <b>P2:</b> H98<br>
          <hr>
          <b>Distance:</b> 1.540 miles<br>
          <hr>
          <u>Path P1 → P2:</u><br>
          <b>Forward Azimuth at P1 (Az12):</b> 354.007°<br>
          <b>Back Azimuth at P2 (BackAz12):</b> 354.005°<br>
          <hr>
          <u>Path P2 → P1:</u><br>
          <b>Forward Azimuth at P2 (Az21):</b> 174.005°<br>
          <b>Back Azimuth at P1 (BackAz21):</b> 174.007°<br>
          <hr>
          <b>Filter Reason(s):</b> Az12 Whole, Az21 Whole<br>
          <hr>
          <i>Calculation Method: Spherical</i>
        ]]>                
        
            </description>
            <styleUrl>#500</styleUrl>
            <LineString id="498">
                <coordinates>-77.03584297932892,38.9229071947,0.0 -77.0388345966892,38.9450714821746,0.0</coordinates>
            </LineString>
        </Placemark>
        <Placemark id="503">
            <name>Chk26 → Chk41</name>
            <description>
                
        
<![CDATA[
          <b>P1:</b> Chk26<br>
          <b>P2:</b> Chk41<br>
          <hr>
          <b>Distance:</b> 2.827 miles<br>
          <hr>
          <u>Path P1 → P2:</u><br>
          <b>Forward Azimuth at P1 (Az12):</b> 309.003°<br>
          <b>Back Azimuth at P2 (BackAz12):</b> 308.978°<br>
          <hr>
          <u>Path P2 → P1:</u><br>
          <b>Forward Azimuth at P2 (Az21):</b> 128.978°<br>
          <b>Back Azimuth at P1 (BackAz21):</b> 129.003°<br>
          <hr>
          <b>Filter Reason(s):</b> Az12 Whole<br>
          <hr>
          <i>Calculation Method: Spherical</i>
        ]]>                
        
            </description>
            <styleUrl>#504</styleUrl>
            <LineString id="502">
                <coordinates>-76.91666542015503,38.88686719010732,0.0 -76.9575387987198,38.91261730408393,0.0</coordinates>
            </LineString>
        </Placemark>
        <Placemark id="507">
            <name>Chk26 → AnOthr01</name>
            <description>
                
        
<![CDATA[
          <b>P1:</b> Chk26<br>
          <b>P2:</b> AnOthr01<br>
          <hr>
          <b>Distance:</b> 4.491 miles<br>
          <hr>
          <u>Path P1 → P2:</u><br>
          <b>Forward Azimuth at P1 (Az12):</b> 254.059°<br>
          <b>Back Azimuth at P2 (BackAz12):</b> 254.009°<br>
          <hr>
          <u>Path P2 → P1:</u><br>
          <b>Forward Azimuth at P2 (Az21):</b> 74.009°<br>
          <b>Back Azimuth at P1 (BackAz21):</b> 74.059°<br>
          <hr>
          <b>Filter Reason(s):</b> Az21 Whole<br>
          <hr>
          <i>Calculation Method: Spherical</i>
        ]]>                
        
            </description>
            <styleUrl>#508</styleUrl>
            <LineString id="506">
                <coordinates>-76.91666542015503,38.88686719010732,0.0 -76.99696100301952,38.86898287196977,0.0</coordinates>
            </LineString>
        </Placemark>
        <Placemark id="511">
            <name>Chk26 → H51</name>
            <description>
                
        
<![CDATA[
          <b>P1:</b> Chk26<br>
          <b>P2:</b> H51<br>
          <hr>
          <b>Distance:</b> 7.393 miles<br>
          <hr>
          <u>Path P1 → P2:</u><br>
          <b>Forward Azimuth at P1 (Az12):</b> 284.998°<br>
          <b>Back Azimuth at P2 (BackAz12):</b> 284.915°<br>
          <hr>
          <u>Path P2 → P1:</u><br>
          <b>Forward Azimuth at P2 (Az21):</b> 104.915°<br>
          <b>Back Azimuth at P1 (BackAz21):</b> 104.998°<br>
          <hr>
          <b>Filter Reason(s):</b> Az12 multiple:15.00<br>
          <hr>
          <i>Calculation Method: Spherical</i>
        ]]>                
        
            </description>
            <styleUrl>#512</styleUrl>
            <LineString id="510">
                <coordinates>-76.91666542015503,38.88686719010732,0.0 -77.04953191350309,38.91448986470866,0.0</coordinates>
            </LineString>
        </Placemark>
        <Placemark id="515">
            <name>Chk27 → Chk37</name>
            <description>
                
        
<![CDATA[
          <b>P1:</b> Chk27<br>
          <b>P2:</b> Chk37<br>
          <hr>
          <b>Distance:</b> 3.857 miles<br>
          <hr>
          <u>Path P1 → P2:</u><br>
          <b>Forward Azimuth at P1 (Az12):</b> 234.009°<br>
          <b>Back Azimuth at P2 (BackAz12):</b> 233.973°<br>
          <hr>
          <u>Path P2 → P1:</u><br>
          <b>Forward Azimuth at P2 (Az21):</b> 53.973°<br>
          <b>Back Azimuth at P1 (BackAz21):</b> 54.009°<br>
          <hr>
          <b>Filter Reason(s):</b> Az12 Whole, Az12 multiple:18.00<br>
          <hr>
          <i>Calculation Method: Spherical</i>
        ]]>                
        
            </description>
            <styleUrl>#516</styleUrl>
            <LineString id="514">
                <coordinates>-77.06834544975686,38.96791103163879,0.0 -77.12641979728585,38.93508740486395,0.0</coordinates>
            </LineString>
        </Placemark>
        <Placemark id="519">
            <name>Chk27 → Chk40</name>
            <description>
                
        
<![CDATA[
          <b>P1:</b> Chk27<br>
          <b>P2:</b> Chk40<br>
          <hr>
          <b>Distance:</b> 10.507 miles<br>
          <hr>
          <u>Path P1 → P2:</u><br>
          <b>Forward Azimuth at P1 (Az12):</b> 120.008°<br>
          <b>Back Azimuth at P2 (BackAz12):</b> 120.114°<br>
          <hr>
          <u>Path P2 → P1:</u><br>
          <b>Forward Azimuth at P2 (Az21):</b> 300.114°<br>
          <b>Back Azimuth at P1 (BackAz21):</b> 300.008°<br>
          <hr>
          <b>Filter Reason(s):</b> Az12 Whole, Az12 multiple:15.00<br>
          <hr>
          <i>Calculation Method: Spherical</i>
        ]]>                
        
            </description>
            <styleUrl>#520</styleUrl>
            <LineString id="518">
                <coordinates>-77.06834544975686,38.96791103163879,0.0 -76.89912135737723,38.89172055971182,0.0</coordinates>
            </LineString>
        </Placemark>
        <Placemark id="523">
            <name>Chk27 → RCrkA</name>
            <description>
                
        
<![CDATA[
          <b>P1:</b> Chk27<br>
          <b>P2:</b> RCrkA<br>
          <hr>
          <b>Distance:</b> 4.761 miles<br>
          <hr>
          <u>Path P1 → P2:</u><br>
          <b>Forward Azimuth at P1 (Az12):</b> 173.000°<br>
          <b>Back Azimuth at P2 (BackAz12):</b> 173.007°<br>
          <hr>
          <u>Path P2 → P1:</u><br>
          <b>Forward Azimuth at P2 (Az21):</b> 353.007°<br>
          <b>Back Azimuth at P1 (BackAz21):</b> 353.000°<br>
          <hr>
          <b>Filter Reason(s):</b> Az21 Whole<br>
          <hr>
          <i>Calculation Method: Spherical</i>
        ]]>                
        
            </description>
            <styleUrl>#524</styleUrl>
            <LineString id="522">
                <coordinates>-77.06834544975686,38.96791103163879,0.0 -77.05755337263248,38.89950909563222,0.0</coordinates>
            </LineString>
        </Placemark>
        <Placemark id="527">
            <name>Chk27 → H43</name>
            <description>
                
        
<![CDATA[
          <b>P1:</b> Chk27<br>
          <b>P2:</b> H43<br>
          <hr>
          <b>Distance:</b> 7.695 miles<br>
          <hr>
          <u>Path P1 → P2:</u><br>
          <b>Forward Azimuth at P1 (Az12):</b> 213.055°<br>
          <b>Back Azimuth at P2 (BackAz12):</b> 213.006°<br>
          <hr>
          <u>Path P2 → P1:</u><br>
          <b>Forward Azimuth at P2 (Az21):</b> 33.006°<br>
          <b>Back Azimuth at P1 (BackAz21):</b> 33.055°<br>
          <hr>
          <b>Filter Reason(s):</b> Az21 Whole<br>
          <hr>
          <i>Calculation Method: Spherical</i>
        ]]>                
        
            </description>
            <styleUrl>#528</styleUrl>
            <LineString id="526">
                <coordinates>-77.06834544975686,38.96791103163879,0.0 -77.146392815978,38.87451597139456,0.0</coordinates>
            </LineString>
        </Placemark>
        <Placemark id="531">
            <name>Chk28 → Chk59</name>
            <description>
                
        
<![CDATA[
          <b>P1:</b> Chk28<br>
          <b>P2:</b> Chk59<br>
          <hr>
          <b>Distance:</b> 4.308 miles<br>
          <hr>
          <u>Path P1 → P2:</u><br>
          <b>Forward Azimuth at P1 (Az12):</b> 26.004°<br>
          <b>Back Azimuth at P2 (BackAz12):</b> 26.026°<br>
          <hr>
          <u>Path P2 → P1:</u><br>
          <b>Forward Azimuth at P2 (Az21):</b> 206.026°<br>
          <b>Back Azimuth at P1 (BackAz21):</b> 206.004°<br>
          <hr>
          <b>Filter Reason(s):</b> Az12 Whole<br>
          <hr>
          <i>Calculation Method: Spherical</i>
        ]]>                
        
            </description>
            <styleUrl>#532</styleUrl>
            <LineString id="530">
                <coordinates>-77.0776296316338,38.95399489057218,0.0 -77.04244035387981,39.01004268273348,0.0</coordinates>
            </LineString>
        </Placemark>
        <Placemark id="535">
            <name>Chk28 → Chk62</name>
            <description>
                
        
<![CDATA[
          <b>P1:</b> Chk28<br>
          <b>P2:</b> Chk62<br>
          <hr>
          <b>Distance:</b> 4.520 miles<br>
          <hr>
          <u>Path P1 → P2:</u><br>
          <b>Forward Azimuth at P1 (Az12):</b> 137.970°<br>
          <b>Back Azimuth at P2 (BackAz12):</b> 138.005°<br>
          <hr>
          <u>Path P2 → P1:</u><br>
          <b>Forward Azimuth at P2 (Az21):</b> 318.005°<br>
          <b>Back Azimuth at P1 (BackAz21):</b> 317.970°<br>
          <hr>
          <b>Filter Reason(s):</b> Az21 Whole<br>
          <hr>
          <i>Calculation Method: Spherical</i>
        ]]>                
        
            </description>
            <styleUrl>#536</styleUrl>
            <LineString id="534">
                <coordinates>-77.0776296316338,38.95399489057218,0.0 -77.02133073015519,38.90537641569407,0.0</coordinates>
            </LineString>
        </Placemark>
        <Placemark id="539">
            <name>Chk28 → H20</name>
            <description>
                
        
<![CDATA[
          <b>P1:</b> Chk28<br>
          <b>P2:</b> H20<br>
          <hr>
          <b>Distance:</b> 2.135 miles<br>
          <hr>
          <u>Path P1 → P2:</u><br>
          <b>Forward Azimuth at P1 (Az12):</b> 180.005°<br>
          <b>Back Azimuth at P2 (BackAz12):</b> 180.005°<br>
          <hr>
          <u>Path P2 → P1:</u><br>
          <b>Forward Azimuth at P2 (Az21):</b> 0.005°<br>
          <b>Back Azimuth at P1 (BackAz21):</b> 0.005°<br>
          <hr>
          <b>Filter Reason(s):</b> Az12 Whole, Az12 multiple:15.00, Az12 multiple:18.00, Az21 Whole, Az21 multiple:15.00, Az21 multiple:18.00<br>
          <hr>
          <i>Calculation Method: Spherical</i>
        ]]>                
        
            </description>
            <styleUrl>#540</styleUrl>
            <LineString id="538">
                <coordinates>-77.0776296316338,38.95399489057218,0.0 -77.07763287849671,38.9230873705844,0.0</coordinates>
            </LineString>
        </Placemark>
        <Placemark id="543">
            <name>Chk30 → Chk46</name>
            <description>
                
        
<![CDATA[
          <b>P1:</b> Chk30<br>
          <b>P2:</b> Chk46<br>
          <hr>
          <b>Distance:</b> 3.764 miles<br>
          <hr>
          <u>Path P1 → P2:</u><br>
          <b>Forward Azimuth at P1 (Az12):</b> 83.965°<br>
          <b>Back Azimuth at P2 (BackAz12):</b> 84.009°<br>
          <hr>
          <u>Path P2 → P1:</u><br>
          <b>Forward Azimuth at P2 (Az21):</b> 264.009°<br>
          <b>Back Azimuth at P1 (BackAz21):</b> 263.965°<br>
          <hr>
          <b>Filter Reason(s):</b> Az21 Whole<br>
          <hr>
          <i>Calculation Method: Spherical</i>
        ]]>                
        
            </description>
            <styleUrl>#544</styleUrl>
            <LineString id="542">
                <coordinates>-77.14434316078132,38.87080074981925,0.0 -77.07473802861425,38.87650889195688,0.0</coordinates>
            </LineString>
        </Placemark>
        <Placemark id="547">
            <name>Chk30 → RCrkA</name>
            <description>
                
        
<![CDATA[
          <b>P1:</b> Chk30<br>
          <b>P2:</b> RCrkA<br>
          <hr>
          <b>Distance:</b> 5.071 miles<br>
          <hr>
          <u>Path P1 → P2:</u><br>
          <b>Forward Azimuth at P1 (Az12):</b> 66.950°<br>
          <b>Back Azimuth at P2 (BackAz12):</b> 67.004°<br>
          <hr>
          <u>Path P2 → P1:</u><br>
          <b>Forward Azimuth at P2 (Az21):</b> 247.004°<br>
          <b>Back Azimuth at P1 (BackAz21):</b> 246.950°<br>
          <hr>
          <b>Filter Reason(s):</b> Az21 Whole<br>
          <hr>
          <i>Calculation Method: Spherical</i>
        ]]>                
        
            </description>
            <styleUrl>#548</styleUrl>
            <LineString id="546">
                <coordinates>-77.14434316078132,38.87080074981925,0.0 -77.05755337263248,38.89950909563222,0.0</coordinates>
            </LineString>
        </Placemark>
        <Placemark id="551">
            <name>Chk30 → POOthr3b</name>
            <description>
                
        
<![CDATA[
          <b>P1:</b> Chk30<br>
          <b>P2:</b> POOthr3b<br>
          <hr>
          <b>Distance:</b> 7.875 miles<br>
          <hr>
          <u>Path P1 → P2:</u><br>
          <b>Forward Azimuth at P1 (Az12):</b> 133.942°<br>
          <b>Back Azimuth at P2 (BackAz12):</b> 134.008°<br>
          <hr>
          <u>Path P2 → P1:</u><br>
          <b>Forward Azimuth at P2 (Az21):</b> 314.008°<br>
          <b>Back Azimuth at P1 (BackAz21):</b> 313.942°<br>
          <hr>
          <b>Filter Reason(s):</b> Az21 Whole<br>
          <hr>
          <i>Calculation Method: Spherical</i>
        ]]>                
        
            </description>
            <styleUrl>#552</styleUrl>
            <LineString id="550">
                <coordinates>-77.14434316078132,38.87080074981925,0.0 -77.03902815721085,38.79164360258566,0.0</coordinates>
            </LineString>
        </Placemark>
        <Placemark id="555">
            <name>Chk30 → H52</name>
            <description>
                
        
<![CDATA[
          <b>P1:</b> Chk30<br>
          <b>P2:</b> H52<br>
          <hr>
          <b>Distance:</b> 5.205 miles<br>
          <hr>
          <u>Path P1 → P2:</u><br>
          <b>Forward Azimuth at P1 (Az12):</b> 45.996°<br>
          <b>Back Azimuth at P2 (BackAz12):</b> 46.040°<br>
          <hr>
          <u>Path P2 → P1:</u><br>
          <b>Forward Azimuth at P2 (Az21):</b> 226.040°<br>
          <b>Back Azimuth at P1 (BackAz21):</b> 225.996°<br>
          <hr>
          <b>Filter Reason(s):</b> Az12 target:46.00<br>
          <hr>
          <i>Calculation Method: Spherical</i>
        ]]>                
        
            </description>
            <styleUrl>#556</styleUrl>
            <LineString id="554">
                <coordinates>-77.14434316078132,38.87080074981925,0.0 -77.0746835467705,38.92312150962155,0.0</coordinates>
            </LineString>
        </Placemark>
        <Placemark id="559">
            <name>Chk30 → Pk03</name>
            <description>
                
        
<![CDATA[
          <b>P1:</b> Chk30<br>
          <b>P2:</b> Pk03<br>
          <hr>
          <b>Distance:</b> 29.881 miles<br>
          <hr>
          <u>Path P1 → P2:</u><br>
          <b>Forward Azimuth at P1 (Az12):</b> 274.000°<br>
          <b>Back Azimuth at P2 (BackAz12):</b> 273.652°<br>
          <hr>
          <u>Path P2 → P1:</u><br>
          <b>Forward Azimuth at P2 (Az21):</b> 93.652°<br>
          <b>Back Azimuth at P1 (BackAz21):</b> 94.000°<br>
          <hr>
          <b>Filter Reason(s):</b> Az12 Whole<br>
          <hr>
          <i>Calculation Method: Spherical</i>
        ]]>                
        
            </description>
            <styleUrl>#560</styleUrl>
            <LineString id="558">
                <coordinates>-77.14434316078132,38.87080074981925,0.0 -77.698809,38.899665,0.0</coordinates>
            </LineString>
        </Placemark>
        <Placemark id="563">
            <name>Chk31 → Chk39</name>
            <description>
                
        
<![CDATA[
          <b>P1:</b> Chk31<br>
          <b>P2:</b> Chk39<br>
          <hr>
          <b>Distance:</b> 10.982 miles<br>
          <hr>
          <u>Path P1 → P2:</u><br>
          <b>Forward Azimuth at P1 (Az12):</b> 70.885°<br>
          <b>Back Azimuth at P2 (BackAz12):</b> 71.006°<br>
          <hr>
          <u>Path P2 → P1:</u><br>
          <b>Forward Azimuth at P2 (Az21):</b> 251.006°<br>
          <b>Back Azimuth at P1 (BackAz21):</b> 250.885°<br>
          <hr>
          <b>Filter Reason(s):</b> Az21 Whole<br>
          <hr>
          <i>Calculation Method: Spherical</i>
        ]]>                
        
            </description>
            <styleUrl>#564</styleUrl>
            <LineString id="562">
                <coordinates>-77.10483209910393,38.84552270708302,0.0 -76.91182568346446,38.8974237158863,0.0</coordinates>
            </LineString>
        </Placemark>
        <Placemark id="567">
            <name>Chk31 → AN</name>
            <description>
                
        
<![CDATA[
          <b>P1:</b> Chk31<br>
          <b>P2:</b> AN<br>
          <hr>
          <b>Distance:</b> 10.110 miles<br>
          <hr>
          <u>Path P1 → P2:</u><br>
          <b>Forward Azimuth at P1 (Az12):</b> 60.002°<br>
          <b>Back Azimuth at P2 (BackAz12):</b> 60.104°<br>
          <hr>
          <u>Path P2 → P1:</u><br>
          <b>Forward Azimuth at P2 (Az21):</b> 240.104°<br>
          <b>Back Azimuth at P1 (BackAz21):</b> 240.002°<br>
          <hr>
          <b>Filter Reason(s):</b> Az12 Whole, Az12 multiple:15.00<br>
          <hr>
          <i>Calculation Method: Spherical</i>
        ]]>                
        
            </description>
            <styleUrl>#568</styleUrl>
            <LineString id="566">
                <coordinates>-77.10483209910393,38.84552270708302,0.0 -76.94192180000002,38.91858289999999,0.0</coordinates>
            </LineString>
        </Placemark>
        <Placemark id="571">
            <name>Chk31 → H33</name>
            <description>
                
        
<![CDATA[
          <b>P1:</b> Chk31<br>
          <b>P2:</b> H33<br>
          <hr>
          <b>Distance:</b> 5.202 miles<br>
          <hr>
          <u>Path P1 → P2:</u><br>
          <b>Forward Azimuth at P1 (Az12):</b> 355.012°<br>
          <b>Back Azimuth at P2 (BackAz12):</b> 355.006°<br>
          <hr>
          <u>Path P2 → P1:</u><br>
          <b>Forward Azimuth at P2 (Az21):</b> 175.006°<br>
          <b>Back Azimuth at P1 (BackAz21):</b> 175.012°<br>
          <hr>
          <b>Filter Reason(s):</b> Az21 Whole<br>
          <hr>
          <i>Calculation Method: Spherical</i>
        ]]>                
        
            </description>
            <styleUrl>#572</styleUrl>
            <LineString id="570">
                <coordinates>-77.10483209910393,38.84552270708302,0.0 -77.11324805943606,38.92053966660955,0.0</coordinates>
            </LineString>
        </Placemark>
        <Placemark id="575">
            <name>Chk31 → H65</name>
            <description>
                
        
<![CDATA[
          <b>P1:</b> Chk31<br>
          <b>P2:</b> H65<br>
          <hr>
          <b>Distance:</b> 7.287 miles<br>
          <hr>
          <u>Path P1 → P2:</u><br>
          <b>Forward Azimuth at P1 (Az12):</b> 45.944°<br>
          <b>Back Azimuth at P2 (BackAz12):</b> 46.005°<br>
          <hr>
          <u>Path P2 → P1:</u><br>
          <b>Forward Azimuth at P2 (Az21):</b> 226.005°<br>
          <b>Back Azimuth at P1 (BackAz21):</b> 225.944°<br>
          <hr>
          <b>Filter Reason(s):</b> Az21 Whole<br>
          <hr>
          <i>Calculation Method: Spherical</i>
        ]]>                
        
            </description>
            <styleUrl>#576</styleUrl>
            <LineString id="574">
                <coordinates>-77.10483209910393,38.84552270708302,0.0 -77.00739402065348,38.91883509061264,0.0</coordinates>
            </LineString>
        </Placemark>
        <Placemark id="579">
            <name>Chk32 → H17</name>
            <description>
                
        
<![CDATA[
          <b>P1:</b> Chk32<br>
          <b>P2:</b> H17<br>
          <hr>
          <b>Distance:</b> 5.480 miles<br>
          <hr>
          <u>Path P1 → P2:</u><br>
          <b>Forward Azimuth at P1 (Az12):</b> 192.014°<br>
          <b>Back Azimuth at P2 (BackAz12):</b> 192.001°<br>
          <hr>
          <u>Path P2 → P1:</u><br>
          <b>Forward Azimuth at P2 (Az21):</b> 12.001°<br>
          <b>Back Azimuth at P1 (BackAz21):</b> 12.014°<br>
          <hr>
          <b>Filter Reason(s):</b> Az21 Whole<br>
          <hr>
          <i>Calculation Method: Spherical</i>
        ]]>                
        
            </description>
            <styleUrl>#580</styleUrl>
            <LineString id="578">
                <coordinates>-77.05142116747349,38.95878698101598,0.0 -77.07263105649967,38.88120136333437,0.0</coordinates>
            </LineString>
        </Placemark>
        <Placemark id="583">
            <name>Chk34 → Chk63</name>
            <description>
                
        
<![CDATA[
          <b>P1:</b> Chk34<br>
          <b>P2:</b> Chk63<br>
          <hr>
          <b>Distance:</b> 2.718 miles<br>
          <hr>
          <u>Path P1 → P2:</u><br>
          <b>Forward Azimuth at P1 (Az12):</b> 206.019°<br>
          <b>Back Azimuth at P2 (BackAz12):</b> 206.005°<br>
          <hr>
          <u>Path P2 → P1:</u><br>
          <b>Forward Azimuth at P2 (Az21):</b> 26.005°<br>
          <b>Back Azimuth at P1 (BackAz21):</b> 26.019°<br>
          <hr>
          <b>Filter Reason(s):</b> Az21 Whole<br>
          <hr>
          <i>Calculation Method: Spherical</i>
        ]]>                
        
            </description>
            <styleUrl>#584</styleUrl>
            <LineString id="582">
                <coordinates>-77.01438697638629,38.93536052674429,0.0 -77.036569,38.89999431930673,0.0</coordinates>
            </LineString>
        </Placemark>
        <Placemark id="587">
            <name>Chk35 → Chk42</name>
            <description>
                
        
<![CDATA[
          <b>P1:</b> Chk35<br>
          <b>P2:</b> Chk42<br>
          <hr>
          <b>Distance:</b> 2.751 miles<br>
          <hr>
          <u>Path P1 → P2:</u><br>
          <b>Forward Azimuth at P1 (Az12):</b> 335.014°<br>
          <b>Back Azimuth at P2 (BackAz12):</b> 335.000°<br>
          <hr>
          <u>Path P2 → P1:</u><br>
          <b>Forward Azimuth at P2 (Az21):</b> 155.000°<br>
          <b>Back Azimuth at P1 (BackAz21):</b> 155.014°<br>
          <hr>
          <b>Filter Reason(s):</b> Az21 Whole<br>
          <hr>
          <i>Calculation Method: Spherical</i>
        ]]>                
        
            </description>
            <styleUrl>#588</styleUrl>
            <LineString id="586">
                <coordinates>-77.05068501975197,38.89407905799511,0.0 -77.07230698965536,38.93017051598103,0.0</coordinates>
            </LineString>
        </Placemark>
        <Placemark id="591">
            <name>Chk35 → Chk48</name>
            <description>
                
        
<![CDATA[
          <b>P1:</b> Chk35<br>
          <b>P2:</b> Chk48<br>
          <hr>
          <b>Distance:</b> 1.184 miles<br>
          <hr>
          <u>Path P1 → P2:</u><br>
          <b>Forward Azimuth at P1 (Az12):</b> 39.994°<br>
          <b>Back Azimuth at P2 (BackAz12):</b> 40.003°<br>
          <hr>
          <u>Path P2 → P1:</u><br>
          <b>Forward Azimuth at P2 (Az21):</b> 220.003°<br>
          <b>Back Azimuth at P1 (BackAz21):</b> 219.994°<br>
          <hr>
          <b>Filter Reason(s):</b> Az21 Whole<br>
          <hr>
          <i>Calculation Method: Spherical</i>
        ]]>                
        
            </description>
            <styleUrl>#592</styleUrl>
            <LineString id="590">
                <coordinates>-77.05068501975197,38.89407905799511,0.0 -77.0365266731042,38.90721119681356,0.0</coordinates>
            </LineString>
        </Placemark>
        <Placemark id="595">
            <name>Chk35 → H70</name>
            <description>
                
        
<![CDATA[
          <b>P1:</b> Chk35<br>
          <b>P2:</b> H70<br>
          <hr>
          <b>Distance:</b> 1.760 miles<br>
          <hr>
          <u>Path P1 → P2:</u><br>
          <b>Forward Azimuth at P1 (Az12):</b> 217.012°<br>
          <b>Back Azimuth at P2 (BackAz12):</b> 217.000°<br>
          <hr>
          <u>Path P2 → P1:</u><br>
          <b>Forward Azimuth at P2 (Az21):</b> 37.000°<br>
          <b>Back Azimuth at P1 (BackAz21):</b> 37.012°<br>
          <hr>
          <b>Filter Reason(s):</b> Az21 Whole<br>
          <hr>
          <i>Calculation Method: Spherical</i>
        ]]>                
        
            </description>
            <styleUrl>#596</styleUrl>
            <LineString id="594">
                <coordinates>-77.05068501975197,38.89407905799511,0.0 -77.07038741369139,38.8737311478417,0.0</coordinates>
            </LineString>
        </Placemark>
        <Placemark id="599">
            <name>Chk35 → SF02</name>
            <description>
                
        
<![CDATA[
          <b>P1:</b> Chk35<br>
          <b>P2:</b> SF02<br>
          <hr>
          <b>Distance:</b> 2.176 miles<br>
          <hr>
          <u>Path P1 → P2:</u><br>
          <b>Forward Azimuth at P1 (Az12):</b> 283.032°<br>
          <b>Back Azimuth at P2 (BackAz12):</b> 283.007°<br>
          <hr>
          <u>Path P2 → P1:</u><br>
          <b>Forward Azimuth at P2 (Az21):</b> 103.007°<br>
          <b>Back Azimuth at P1 (BackAz21):</b> 103.032°<br>
          <hr>
          <b>Filter Reason(s):</b> Az21 Whole<br>
          <hr>
          <i>Calculation Method: Spherical</i>
        ]]>                
        
            </description>
            <styleUrl>#600</styleUrl>
            <LineString id="598">
                <coordinates>-77.05068501975197,38.89407905799511,0.0 -77.0901139945135,38.90117456916591,0.0</coordinates>
            </LineString>
        </Placemark>
        <Placemark id="603">
            <name>Chk36 → H11</name>
            <description>
                
        
<![CDATA[
          <b>P1:</b> Chk36<br>
          <b>P2:</b> H11<br>
          <hr>
          <b>Distance:</b> 0.633 miles<br>
          <hr>
          <u>Path P1 → P2:</u><br>
          <b>Forward Azimuth at P1 (Az12):</b> 289.515°<br>
          <b>Back Azimuth at P2 (BackAz12):</b> 289.508°<br>
          <hr>
          <u>Path P2 → P1:</u><br>
          <b>Forward Azimuth at P2 (Az21):</b> 109.508°<br>
          <b>Back Azimuth at P1 (BackAz21):</b> 109.515°<br>
          <hr>
          <b>Filter Reason(s):</b> Az21 target:109.50<br>
          <hr>
          <i>Calculation Method: Spherical</i>
        ]]>                
        
            </description>
            <styleUrl>#604</styleUrl>
            <LineString id="602">
                <coordinates>-76.99354755099984,38.91158883943301,0.0 -77.0046483262631,38.9146495509119,0.0</coordinates>
            </LineString>
        </Placemark>
        <Placemark id="607">
            <name>Chk36 → H77</name>
            <description>
                
        
<![CDATA[
          <b>P1:</b> Chk36<br>
          <b>P2:</b> H77<br>
          <hr>
          <b>Distance:</b> 2.574 miles<br>
          <hr>
          <u>Path P1 → P2:</u><br>
          <b>Forward Azimuth at P1 (Az12):</b> 247.029°<br>
          <b>Back Azimuth at P2 (BackAz12):</b> 247.001°<br>
          <hr>
          <u>Path P2 → P1:</u><br>
          <b>Forward Azimuth at P2 (Az21):</b> 67.001°<br>
          <b>Back Azimuth at P1 (BackAz21):</b> 67.029°<br>
          <hr>
          <b>Filter Reason(s):</b> Az21 Whole<br>
          <hr>
          <i>Calculation Method: Spherical</i>
        ]]>                
        
            </description>
            <styleUrl>#608</styleUrl>
            <LineString id="606">
                <coordinates>-76.99354755099984,38.91158883943301,0.0 -77.03762786655247,38.89703882730361,0.0</coordinates>
            </LineString>
        </Placemark>
        <Placemark id="611">
            <name>Chk37 → Chk62</name>
            <description>
                
        
<![CDATA[
          <b>P1:</b> Chk37<br>
          <b>P2:</b> Chk62<br>
          <hr>
          <b>Distance:</b> 6.009 miles<br>
          <hr>
          <u>Path P1 → P2:</u><br>
          <b>Forward Azimuth at P1 (Az12):</b> 109.937°<br>
          <b>Back Azimuth at P2 (BackAz12):</b> 110.003°<br>
          <hr>
          <u>Path P2 → P1:</u><br>
          <b>Forward Azimuth at P2 (Az21):</b> 290.003°<br>
          <b>Back Azimuth at P1 (BackAz21):</b> 289.937°<br>
          <hr>
          <b>Filter Reason(s):</b> Az21 Whole<br>
          <hr>
          <i>Calculation Method: Spherical</i>
        ]]>                
        
            </description>
            <styleUrl>#612</styleUrl>
            <LineString id="610">
                <coordinates>-77.12641979728585,38.93508740486395,0.0 -77.02133073015519,38.90537641569407,0.0</coordinates>
            </LineString>
        </Placemark>
        <Placemark id="615">
            <name>Chk37 → RK</name>
            <description>
                
        
<![CDATA[
          <b>P1:</b> Chk37<br>
          <b>P2:</b> RK<br>
          <hr>
          <b>Distance:</b> 7.816 miles<br>
          <hr>
          <u>Path P1 → P2:</u><br>
          <b>Forward Azimuth at P1 (Az12):</b> 134.930°<br>
          <b>Back Azimuth at P2 (BackAz12):</b> 134.994°<br>
          <hr>
          <u>Path P2 → P1:</u><br>
          <b>Forward Azimuth at P2 (Az21):</b> 314.994°<br>
          <b>Back Azimuth at P1 (BackAz21):</b> 314.930°<br>
          <hr>
          <b>Filter Reason(s):</b> Az21 multiple:15.00<br>
          <hr>
          <i>Calculation Method: Spherical</i>
        ]]>                
        
            </description>
            <styleUrl>#616</styleUrl>
            <LineString id="614">
                <coordinates>-77.12641979728585,38.93508740486395,0.0 -77.02356040000001,38.85513800000002,0.0</coordinates>
            </LineString>
        </Placemark>
        <Placemark id="619">
            <name>Chk37 → H86</name>
            <description>
                
        
<![CDATA[
          <b>P1:</b> Chk37<br>
          <b>P2:</b> H86<br>
          <hr>
          <b>Distance:</b> 11.083 miles<br>
          <hr>
          <u>Path P1 → P2:</u><br>
          <b>Forward Azimuth at P1 (Az12):</b> 140.928°<br>
          <b>Back Azimuth at P2 (BackAz12):</b> 141.009°<br>
          <hr>
          <u>Path P2 → P1:</u><br>
          <b>Forward Azimuth at P2 (Az21):</b> 321.009°<br>
          <b>Back Azimuth at P1 (BackAz21):</b> 320.928°<br>
          <hr>
          <b>Filter Reason(s):</b> Az21 Whole<br>
          <hr>
          <i>Calculation Method: Spherical</i>
        ]]>                
        
            </description>
            <styleUrl>#620</styleUrl>
            <LineString id="618">
                <coordinates>-77.12641979728585,38.93508740486395,0.0 -76.99664817839795,38.810462075372,0.0</coordinates>
            </LineString>
        </Placemark>
        <Placemark id="623">
            <name>Chk38 → Chk51</name>
            <description>
                
        
<![CDATA[
          <b>P1:</b> Chk38<br>
          <b>P2:</b> Chk51<br>
          <hr>
          <b>Distance:</b> 2.493 miles<br>
          <hr>
          <u>Path P1 → P2:</u><br>
          <b>Forward Azimuth at P1 (Az12):</b> 15.003°<br>
          <b>Back Azimuth at P2 (BackAz12):</b> 15.010°<br>
          <hr>
          <u>Path P2 → P1:</u><br>
          <b>Forward Azimuth at P2 (Az21):</b> 195.010°<br>
          <b>Back Azimuth at P1 (BackAz21):</b> 195.003°<br>
          <hr>
          <b>Filter Reason(s):</b> Az12 Whole, Az12 multiple:15.00<br>
          <hr>
          <i>Calculation Method: Spherical</i>
        ]]>                
        
            </description>
            <styleUrl>#624</styleUrl>
            <LineString id="622">
                <coordinates>-77.0022595046106,38.85493665631558,0.0 -76.99025683060958,38.88979572156659,0.0</coordinates>
            </LineString>
        </Placemark>
        <Placemark id="627">
            <name>Chk38 → H70a</name>
            <description>
                
        
<![CDATA[
          <b>P1:</b> Chk38<br>
          <b>P2:</b> H70a<br>
          <hr>
          <b>Distance:</b> 3.703 miles<br>
          <hr>
          <u>Path P1 → P2:</u><br>
          <b>Forward Azimuth at P1 (Az12):</b> 287.991°<br>
          <b>Back Azimuth at P2 (BackAz12):</b> 287.950°<br>
          <hr>
          <u>Path P2 → P1:</u><br>
          <b>Forward Azimuth at P2 (Az21):</b> 107.950°<br>
          <b>Back Azimuth at P1 (BackAz21):</b> 107.991°<br>
          <hr>
          <b>Filter Reason(s):</b> Az12 multiple:18.00<br>
          <hr>
          <i>Calculation Method: Spherical</i>
        ]]>                
        
            </description>
            <styleUrl>#628</styleUrl>
            <LineString id="626">
                <coordinates>-77.0022595046106,38.85493665631558,0.0 -77.06775220195667,38.87147694689254,0.0</coordinates>
            </LineString>
        </Placemark>
        <Placemark id="631">
            <name>Chk39 → RCrkA</name>
            <description>
                
        
<![CDATA[
          <b>P1:</b> Chk39<br>
          <b>P2:</b> RCrkA<br>
          <hr>
          <b>Distance:</b> 7.836 miles<br>
          <hr>
          <u>Path P1 → P2:</u><br>
          <b>Forward Azimuth at P1 (Az12):</b> 271.099°<br>
          <b>Back Azimuth at P2 (BackAz12):</b> 271.008°<br>
          <hr>
          <u>Path P2 → P1:</u><br>
          <b>Forward Azimuth at P2 (Az21):</b> 91.008°<br>
          <b>Back Azimuth at P1 (BackAz21):</b> 91.099°<br>
          <hr>
          <b>Filter Reason(s):</b> Az21 Whole, Az21 target:91.00<br>
          <hr>
          <i>Calculation Method: Spherical</i>
        ]]>                
        
            </description>
            <styleUrl>#632</styleUrl>
            <LineString id="630">
                <coordinates>-76.91182568346446,38.8974237158863,0.0 -77.05755337263248,38.89950909563222,0.0</coordinates>
            </LineString>
        </Placemark>
        <Placemark id="635">
            <name>Chk39 → H22</name>
            <description>
                
        
<![CDATA[
          <b>P1:</b> Chk39<br>
          <b>P2:</b> H22<br>
          <hr>
          <b>Distance:</b> 8.246 miles<br>
          <hr>
          <u>Path P1 → P2:</u><br>
          <b>Forward Azimuth at P1 (Az12):</b> 285.004°<br>
          <b>Back Azimuth at P2 (BackAz12):</b> 284.911°<br>
          <hr>
          <u>Path P2 → P1:</u><br>
          <b>Forward Azimuth at P2 (Az21):</b> 104.911°<br>
          <b>Back Azimuth at P1 (BackAz21):</b> 105.004°<br>
          <hr>
          <b>Filter Reason(s):</b> Az12 Whole, Az12 multiple:15.00<br>
          <hr>
          <i>Calculation Method: Spherical</i>
        ]]>                
        
            </description>
            <styleUrl>#636</styleUrl>
            <LineString id="634">
                <coordinates>-76.91182568346446,38.8974237158863,0.0 -77.06004232078331,38.92823446130691,0.0</coordinates>
            </LineString>
        </Placemark>
        <Placemark id="639">
            <name>Chk39 → H99</name>
            <description>
                
        
<![CDATA[
          <b>P1:</b> Chk39<br>
          <b>P2:</b> H99<br>
          <hr>
          <b>Distance:</b> 4.828 miles<br>
          <hr>
          <u>Path P1 → P2:</u><br>
          <b>Forward Azimuth at P1 (Az12):</b> 263.060°<br>
          <b>Back Azimuth at P2 (BackAz12):</b> 263.004°<br>
          <hr>
          <u>Path P2 → P1:</u><br>
          <b>Forward Azimuth at P2 (Az21):</b> 83.004°<br>
          <b>Back Azimuth at P1 (BackAz21):</b> 83.060°<br>
          <hr>
          <b>Filter Reason(s):</b> Az21 Whole<br>
          <hr>
          <i>Calculation Method: Spherical</i>
        ]]>                
        
            </description>
            <styleUrl>#640</styleUrl>
            <LineString id="638">
                <coordinates>-76.91182568346446,38.8974237158863,0.0 -77.00096480083693,38.8889443857454,0.0</coordinates>
            </LineString>
        </Placemark>
        <Placemark id="643">
            <name>Chk39 → H51</name>
            <description>
                
        
<![CDATA[
          <b>P1:</b> Chk39<br>
          <b>P2:</b> H51<br>
          <hr>
          <b>Distance:</b> 7.496 miles<br>
          <hr>
          <u>Path P1 → P2:</u><br>
          <b>Forward Azimuth at P1 (Az12):</b> 279.092°<br>
          <b>Back Azimuth at P2 (BackAz12):</b> 279.006°<br>
          <hr>
          <u>Path P2 → P1:</u><br>
          <b>Forward Azimuth at P2 (Az21):</b> 99.006°<br>
          <b>Back Azimuth at P1 (BackAz21):</b> 99.092°<br>
          <hr>
          <b>Filter Reason(s):</b> Az21 Whole<br>
          <hr>
          <i>Calculation Method: Spherical</i>
        ]]>                
        
            </description>
            <styleUrl>#644</styleUrl>
            <LineString id="642">
                <coordinates>-76.91182568346446,38.8974237158863,0.0 -77.04953191350309,38.91448986470866,0.0</coordinates>
            </LineString>
        </Placemark>
        <Placemark id="647">
            <name>Chk40 → POOthr2a</name>
            <description>
                
        
<![CDATA[
          <b>P1:</b> Chk40<br>
          <b>P2:</b> POOthr2a<br>
          <hr>
          <b>Distance:</b> 7.964 miles<br>
          <hr>
          <u>Path P1 → P2:</u><br>
          <b>Forward Azimuth at P1 (Az12):</b> 256.001°<br>
          <b>Back Azimuth at P2 (BackAz12):</b> 255.911°<br>
          <hr>
          <u>Path P2 → P1:</u><br>
          <b>Forward Azimuth at P2 (Az21):</b> 75.911°<br>
          <b>Back Azimuth at P1 (BackAz21):</b> 76.001°<br>
          <hr>
          <b>Filter Reason(s):</b> Az12 Whole<br>
          <hr>
          <i>Calculation Method: Spherical</i>
        ]]>                
        
            </description>
            <styleUrl>#648</styleUrl>
            <LineString id="646">
                <coordinates>-76.89912135737723,38.89172055971182,0.0 -77.04279029496989,38.86374289004072,0.0</coordinates>
            </LineString>
        </Placemark>
        <Placemark id="651">
            <name>Chk41 → H99</name>
            <description>
                
        
<![CDATA[
          <b>P1:</b> Chk41<br>
          <b>P2:</b> H99<br>
          <hr>
          <b>Distance:</b> 2.850 miles<br>
          <hr>
          <u>Path P1 → P2:</u><br>
          <b>Forward Azimuth at P1 (Az12):</b> 235.003°<br>
          <b>Back Azimuth at P2 (BackAz12):</b> 234.976°<br>
          <hr>
          <u>Path P2 → P1:</u><br>
          <b>Forward Azimuth at P2 (Az21):</b> 54.976°<br>
          <b>Back Azimuth at P1 (BackAz21):</b> 55.003°<br>
          <hr>
          <b>Filter Reason(s):</b> Az12 Whole<br>
          <hr>
          <i>Calculation Method: Spherical</i>
        ]]>                
        
            </description>
            <styleUrl>#652</styleUrl>
            <LineString id="650">
                <coordinates>-76.9575387987198,38.91261730408393,0.0 -77.00096480083693,38.8889443857454,0.0</coordinates>
            </LineString>
        </Placemark>
        <Placemark id="655">
            <name>Chk41 → SF04</name>
            <description>
                
        
<![CDATA[
          <b>P1:</b> Chk41<br>
          <b>P2:</b> SF04<br>
          <hr>
          <b>Distance:</b> 6.153 miles<br>
          <hr>
          <u>Path P1 → P2:</u><br>
          <b>Forward Azimuth at P1 (Az12):</b> 262.003°<br>
          <b>Back Azimuth at P2 (BackAz12):</b> 261.932°<br>
          <hr>
          <u>Path P2 → P1:</u><br>
          <b>Forward Azimuth at P2 (Az21):</b> 81.932°<br>
          <b>Back Azimuth at P1 (BackAz21):</b> 82.003°<br>
          <hr>
          <b>Filter Reason(s):</b> Az12 Whole<br>
          <hr>
          <i>Calculation Method: Spherical</i>
        ]]>                
        
            </description>
            <styleUrl>#656</styleUrl>
            <LineString id="654">
                <coordinates>-76.9575387987198,38.91261730408393,0.0 -77.07087604008456,38.90017164390296,0.0</coordinates>
            </LineString>
        </Placemark>
        <Placemark id="659">
            <name>Chk43 → H44</name>
            <description>
                
        
<![CDATA[
          <b>P1:</b> Chk43<br>
          <b>P2:</b> H44<br>
          <hr>
          <b>Distance:</b> 5.719 miles<br>
          <hr>
          <u>Path P1 → P2:</u><br>
          <b>Forward Azimuth at P1 (Az12):</b> 241.055°<br>
          <b>Back Azimuth at P2 (BackAz12):</b> 240.997°<br>
          <hr>
          <u>Path P2 → P1:</u><br>
          <b>Forward Azimuth at P2 (Az21):</b> 60.997°<br>
          <b>Back Azimuth at P1 (BackAz21):</b> 61.055°<br>
          <hr>
          <b>Filter Reason(s):</b> Az21 target:61.00<br>
          <hr>
          <i>Calculation Method: Spherical</i>
        ]]>                
        
            </description>
            <styleUrl>#660</styleUrl>
            <LineString id="658">
                <coordinates>-77.0192667064925,38.94312493001874,0.0 -77.1123682030325,38.90301800526387,0.0</coordinates>
            </LineString>
        </Placemark>
        <Placemark id="663">
            <name>Chk43 → H13</name>
            <description>
                
        
<![CDATA[
          <b>P1:</b> Chk43<br>
          <b>P2:</b> H13<br>
          <hr>
          <b>Distance:</b> 0.360 miles<br>
          <hr>
          <u>Path P1 → P2:</u><br>
          <b>Forward Azimuth at P1 (Az12):</b> 53.001°<br>
          <b>Back Azimuth at P2 (BackAz12):</b> 53.004°<br>
          <hr>
          <u>Path P2 → P1:</u><br>
          <b>Forward Azimuth at P2 (Az21):</b> 233.004°<br>
          <b>Back Azimuth at P1 (BackAz21):</b> 233.001°<br>
          <hr>
          <b>Filter Reason(s):</b> Az12 Whole, Az21 Whole<br>
          <hr>
          <i>Calculation Method: Spherical</i>
        ]]>                
        
            </description>
            <styleUrl>#664</styleUrl>
            <LineString id="662">
                <coordinates>-77.0192667064925,38.94312493001874,0.0 -77.01391219662139,38.94626278806017,0.0</coordinates>
            </LineString>
        </Placemark>
        <Placemark id="667">
            <name>Chk43 → H27</name>
            <description>
                
        
<![CDATA[
          <b>P1:</b> Chk43<br>
          <b>P2:</b> H27<br>
          <hr>
          <b>Distance:</b> 11.345 miles<br>
          <hr>
          <u>Path P1 → P2:</u><br>
          <b>Forward Azimuth at P1 (Az12):</b> 228.103°<br>
          <b>Back Azimuth at P2 (BackAz12):</b> 228.005°<br>
          <hr>
          <u>Path P2 → P1:</u><br>
          <b>Forward Azimuth at P2 (Az21):</b> 48.005°<br>
          <b>Back Azimuth at P1 (BackAz21):</b> 48.103°<br>
          <hr>
          <b>Filter Reason(s):</b> Az21 Whole<br>
          <hr>
          <i>Calculation Method: Spherical</i>
        ]]>                
        
            </description>
            <styleUrl>#668</styleUrl>
            <LineString id="666">
                <coordinates>-77.0192667064925,38.94312493001874,0.0 -77.17620182600818,38.83334538875507,0.0</coordinates>
            </LineString>
        </Placemark>
        <Placemark id="671">
            <name>Chk43 → H39</name>
            <description>
                
        
<![CDATA[
          <b>P1:</b> Chk43<br>
          <b>P2:</b> H39<br>
          <hr>
          <b>Distance:</b> 12.104 miles<br>
          <hr>
          <u>Path P1 → P2:</u><br>
          <b>Forward Azimuth at P1 (Az12):</b> 262.145°<br>
          <b>Back Azimuth at P2 (BackAz12):</b> 262.005°<br>
          <hr>
          <u>Path P2 → P1:</u><br>
          <b>Forward Azimuth at P2 (Az21):</b> 82.005°<br>
          <b>Back Azimuth at P1 (BackAz21):</b> 82.145°<br>
          <hr>
          <b>Filter Reason(s):</b> Az21 Whole, Az21 target:82.00<br>
          <hr>
          <i>Calculation Method: Spherical</i>
        ]]>                
        
            </description>
            <styleUrl>#672</styleUrl>
            <LineString id="670">
                <coordinates>-77.0192667064925,38.94312493001874,0.0 -77.24236058241425,38.9189665077175,0.0</coordinates>
            </LineString>
        </Placemark>
        <Placemark id="675">
            <name>Chk44 → Chk45</name>
            <description>
                
        
<![CDATA[
          <b>P1:</b> Chk44<br>
          <b>P2:</b> Chk45<br>
          <hr>
          <b>Distance:</b> 2.850 miles<br>
          <hr>
          <u>Path P1 → P2:</u><br>
          <b>Forward Azimuth at P1 (Az12):</b> 23.988°<br>
          <b>Back Azimuth at P2 (BackAz12):</b> 24.001°<br>
          <hr>
          <u>Path P2 → P1:</u><br>
          <b>Forward Azimuth at P2 (Az21):</b> 204.001°<br>
          <b>Back Azimuth at P1 (BackAz21):</b> 203.988°<br>
          <hr>
          <b>Filter Reason(s):</b> Az21 Whole<br>
          <hr>
          <i>Calculation Method: Spherical</i>
        ]]>                
        
            </description>
            <styleUrl>#676</styleUrl>
            <LineString id="674">
                <coordinates>-77.04345033773585,38.9096320124952,0.0 -77.02188334594942,38.94732510830963,0.0</coordinates>
            </LineString>
        </Placemark>
        <Placemark id="679">
            <name>Chk44 → Chk49</name>
            <description>
                
        
<![CDATA[
          <b>P1:</b> Chk44<br>
          <b>P2:</b> Chk49<br>
          <hr>
          <b>Distance:</b> 0.746 miles<br>
          <hr>
          <u>Path P1 → P2:</u><br>
          <b>Forward Azimuth at P1 (Az12):</b> 89.997°<br>
          <b>Back Azimuth at P2 (BackAz12):</b> 90.006°<br>
          <hr>
          <u>Path P2 → P1:</u><br>
          <b>Forward Azimuth at P2 (Az21):</b> 270.006°<br>
          <b>Back Azimuth at P1 (BackAz21):</b> 269.997°<br>
          <hr>
          <b>Filter Reason(s):</b> Az12 multiple:15.00, Az12 multiple:18.00, Az21 Whole, Az21 multiple:15.00, Az21 multiple:18.00<br>
          <hr>
          <i>Calculation Method: Spherical</i>
        ]]>                
        
            </description>
            <styleUrl>#680</styleUrl>
            <LineString id="678">
                <coordinates>-77.04345033773585,38.9096320124952,0.0 -77.02956862943489,38.90963170613946,0.0</coordinates>
            </LineString>
        </Placemark>
        <Placemark id="683">
            <name>Chk44 → H12</name>
            <description>
                
        
<![CDATA[
          <b>P1:</b> Chk44<br>
          <b>P2:</b> H12<br>
          <hr>
          <b>Distance:</b> 5.157 miles<br>
          <hr>
          <u>Path P1 → P2:</u><br>
          <b>Forward Azimuth at P1 (Az12):</b> 81.943°<br>
          <b>Back Azimuth at P2 (BackAz12):</b> 82.003°<br>
          <hr>
          <u>Path P2 → P1:</u><br>
          <b>Forward Azimuth at P2 (Az21):</b> 262.003°<br>
          <b>Back Azimuth at P1 (BackAz21):</b> 261.943°<br>
          <hr>
          <b>Filter Reason(s):</b> Az21 Whole<br>
          <hr>
          <i>Calculation Method: Spherical</i>
        ]]>                
        
            </description>
            <styleUrl>#684</styleUrl>
            <LineString id="682">
                <coordinates>-77.04345033773585,38.9096320124952,0.0 -76.94844865915428,38.92005589287478,0.0</coordinates>
            </LineString>
        </Placemark>
        <Placemark id="687">
            <name>Chk45 → POOthr2a</name>
            <description>
                
        
<![CDATA[
          <b>P1:</b> Chk45<br>
          <b>P2:</b> POOthr2a<br>
          <hr>
          <b>Distance:</b> 5.882 miles<br>
          <hr>
          <u>Path P1 → P2:</u><br>
          <b>Forward Azimuth at P1 (Az12):</b> 191.022°<br>
          <b>Back Azimuth at P2 (BackAz12):</b> 191.008°<br>
          <hr>
          <u>Path P2 → P1:</u><br>
          <b>Forward Azimuth at P2 (Az21):</b> 11.008°<br>
          <b>Back Azimuth at P1 (BackAz21):</b> 11.022°<br>
          <hr>
          <b>Filter Reason(s):</b> Az21 Whole<br>
          <hr>
          <i>Calculation Method: Spherical</i>
        ]]>                
        
            </description>
            <styleUrl>#688</styleUrl>
            <LineString id="686">
                <coordinates>-77.02188334594942,38.94732510830963,0.0 -77.04279029496989,38.86374289004072,0.0</coordinates>
            </LineString>
        </Placemark>
        <Placemark id="691">
            <name>Chk45 → H28</name>
            <description>
                
        
<![CDATA[
          <b>P1:</b> Chk45<br>
          <b>P2:</b> H28<br>
          <hr>
          <b>Distance:</b> 6.435 miles<br>
          <hr>
          <u>Path P1 → P2:</u><br>
          <b>Forward Azimuth at P1 (Az12):</b> 243.001°<br>
          <b>Back Azimuth at P2 (BackAz12):</b> 242.934°<br>
          <hr>
          <u>Path P2 → P1:</u><br>
          <b>Forward Azimuth at P2 (Az21):</b> 62.934°<br>
          <b>Back Azimuth at P1 (BackAz21):</b> 63.001°<br>
          <hr>
          <b>Filter Reason(s):</b> Az12 Whole<br>
          <hr>
          <i>Calculation Method: Spherical</i>
        ]]>                
        
            </description>
            <styleUrl>#692</styleUrl>
            <LineString id="690">
                <coordinates>-77.02188334594942,38.94732510830963,0.0 -77.12853595395019,38.90499081362246,0.0</coordinates>
            </LineString>
        </Placemark>
        <Placemark id="695">
            <name>Chk47 → Chk56</name>
            <description>
                
        
<![CDATA[
          <b>P1:</b> Chk47<br>
          <b>P2:</b> Chk56<br>
          <hr>
          <b>Distance:</b> 16.522 miles<br>
          <hr>
          <u>Path P1 → P2:</u><br>
          <b>Forward Azimuth at P1 (Az12):</b> 184.002°<br>
          <b>Back Azimuth at P2 (BackAz12):</b> 183.988°<br>
          <hr>
          <u>Path P2 → P1:</u><br>
          <b>Forward Azimuth at P2 (Az21):</b> 3.988°<br>
          <b>Back Azimuth at P1 (BackAz21):</b> 4.002°<br>
          <hr>
          <b>Filter Reason(s):</b> Az12 Whole<br>
          <hr>
          <i>Calculation Method: Spherical</i>
        ]]>                
        
            </description>
            <styleUrl>#696</styleUrl>
            <LineString id="694">
                <coordinates>-77.00484480332231,38.94812410619182,0.0 -77.02623374819049,38.70953657371552,0.0</coordinates>
            </LineString>
        </Placemark>
        <Placemark id="699">
            <name>Chk49 → Chk57</name>
            <description>
                
        
<![CDATA[
          <b>P1:</b> Chk49<br>
          <b>P2:</b> Chk57<br>
          <hr>
          <b>Distance:</b> 5.633 miles<br>
          <hr>
          <u>Path P1 → P2:</u><br>
          <b>Forward Azimuth at P1 (Az12):</b> 200.025°<br>
          <b>Back Azimuth at P2 (BackAz12):</b> 200.003°<br>
          <hr>
          <u>Path P2 → P1:</u><br>
          <b>Forward Azimuth at P2 (Az21):</b> 20.003°<br>
          <b>Back Azimuth at P1 (BackAz21):</b> 20.025°<br>
          <hr>
          <b>Filter Reason(s):</b> Az21 Whole<br>
          <hr>
          <i>Calculation Method: Spherical</i>
        ]]>                
        
            </description>
            <styleUrl>#700</styleUrl>
            <LineString id="698">
                <coordinates>-77.02956862943489,38.90963170613946,0.0 -77.06541563323557,38.83300987616117,0.0</coordinates>
            </LineString>
        </Placemark>
        <Placemark id="703">
            <name>Chk49 → AnOthr01</name>
            <description>
                
        
<![CDATA[
          <b>P1:</b> Chk49<br>
          <b>P2:</b> AnOthr01<br>
          <hr>
          <b>Distance:</b> 3.310 miles<br>
          <hr>
          <u>Path P1 → P2:</u><br>
          <b>Forward Azimuth at P1 (Az12):</b> 148.010°<br>
          <b>Back Azimuth at P2 (BackAz12):</b> 148.030°<br>
          <hr>
          <u>Path P2 → P1:</u><br>
          <b>Forward Azimuth at P2 (Az21):</b> 328.030°<br>
          <b>Back Azimuth at P1 (BackAz21):</b> 328.010°<br>
          <hr>
          <b>Filter Reason(s):</b> Az12 Whole<br>
          <hr>
          <i>Calculation Method: Spherical</i>
        ]]>                
        
            </description>
            <styleUrl>#704</styleUrl>
            <LineString id="702">
                <coordinates>-77.02956862943489,38.90963170613946,0.0 -76.99696100301952,38.86898287196977,0.0</coordinates>
            </LineString>
        </Placemark>
        <Placemark id="707">
            <name>Chk49 → H29</name>
            <description>
                
        
<![CDATA[
          <b>P1:</b> Chk49<br>
          <b>P2:</b> H29<br>
          <hr>
          <b>Distance:</b> 5.119 miles<br>
          <hr>
          <u>Path P1 → P2:</u><br>
          <b>Forward Azimuth at P1 (Az12):</b> 272.069°<br>
          <b>Back Azimuth at P2 (BackAz12):</b> 272.009°<br>
          <hr>
          <u>Path P2 → P1:</u><br>
          <b>Forward Azimuth at P2 (Az21):</b> 92.009°<br>
          <b>Back Azimuth at P1 (BackAz21):</b> 92.069°<br>
          <hr>
          <b>Filter Reason(s):</b> Az21 Whole<br>
          <hr>
          <i>Calculation Method: Spherical</i>
        ]]>                
        
            </description>
            <styleUrl>#708</styleUrl>
            <LineString id="706">
                <coordinates>-77.02956862943489,38.90963170613946,0.0 -77.12474875900264,38.91226863882422,0.0</coordinates>
            </LineString>
        </Placemark>
        <Placemark id="711">
            <name>Chk49 → H52</name>
            <description>
                
        
<![CDATA[
          <b>P1:</b> Chk49<br>
          <b>P2:</b> H52<br>
          <hr>
          <b>Distance:</b> 2.598 miles<br>
          <hr>
          <u>Path P1 → P2:</u><br>
          <b>Forward Azimuth at P1 (Az12):</b> 291.036°<br>
          <b>Back Azimuth at P2 (BackAz12):</b> 291.008°<br>
          <hr>
          <u>Path P2 → P1:</u><br>
          <b>Forward Azimuth at P2 (Az21):</b> 111.008°<br>
          <b>Back Azimuth at P1 (BackAz21):</b> 111.036°<br>
          <hr>
          <b>Filter Reason(s):</b> Az21 Whole<br>
          <hr>
          <i>Calculation Method: Spherical</i>
        ]]>                
        
            </description>
            <styleUrl>#712</styleUrl>
            <LineString id="710">
                <coordinates>-77.02956862943489,38.90963170613946,0.0 -77.0746835467705,38.92312150962155,0.0</coordinates>
            </LineString>
        </Placemark>
        <Placemark id="715">
            <name>Chk50 → Chk59</name>
            <description>
                
        
<![CDATA[
          <b>P1:</b> Chk50<br>
          <b>P2:</b> Chk59<br>
          <hr>
          <b>Distance:</b> 8.885 miles<br>
          <hr>
          <u>Path P1 → P2:</u><br>
          <b>Forward Azimuth at P1 (Az12):</b> 12.979°<br>
          <b>Back Azimuth at P2 (BackAz12):</b> 13.003°<br>
          <hr>
          <u>Path P2 → P1:</u><br>
          <b>Forward Azimuth at P2 (Az21):</b> 193.003°<br>
          <b>Back Azimuth at P1 (BackAz21):</b> 192.979°<br>
          <hr>
          <b>Filter Reason(s):</b> Az21 Whole<br>
          <hr>
          <i>Calculation Method: Spherical</i>
        ]]>                
        
            </description>
            <styleUrl>#716</styleUrl>
            <LineString id="714">
                <coordinates>-77.07961687570274,38.88471525220831,0.0 -77.04244035387981,39.01004268273348,0.0</coordinates>
            </LineString>
        </Placemark>
        <Placemark id="719">
            <name>Chk52 → Chk60</name>
            <description>
                
        
<![CDATA[
          <b>P1:</b> Chk52<br>
          <b>P2:</b> Chk60<br>
          <hr>
          <b>Distance:</b> 7.993 miles<br>
          <hr>
          <u>Path P1 → P2:</u><br>
          <b>Forward Azimuth at P1 (Az12):</b> 344.999°<br>
          <b>Back Azimuth at P2 (BackAz12):</b> 344.975°<br>
          <hr>
          <u>Path P2 → P1:</u><br>
          <b>Forward Azimuth at P2 (Az21):</b> 164.975°<br>
          <b>Back Azimuth at P1 (BackAz21):</b> 164.999°<br>
          <hr>
          <b>Filter Reason(s):</b> Az12 multiple:15.00<br>
          <hr>
          <i>Calculation Method: Spherical</i>
        ]]>                
        
            </description>
            <styleUrl>#720</styleUrl>
            <LineString id="718">
                <coordinates>-76.99952509051057,38.89358765171932,0.0 -77.03806204873727,39.00533947251964,0.0</coordinates>
            </LineString>
        </Placemark>
        <Placemark id="723">
            <name>Chk52 → H13</name>
            <description>
                
        
<![CDATA[
          <b>P1:</b> Chk52<br>
          <b>P2:</b> H13<br>
          <hr>
          <b>Distance:</b> 3.720 miles<br>
          <hr>
          <u>Path P1 → P2:</u><br>
          <b>Forward Azimuth at P1 (Az12):</b> 348.008°<br>
          <b>Back Azimuth at P2 (BackAz12):</b> 347.999°<br>
          <hr>
          <u>Path P2 → P1:</u><br>
          <b>Forward Azimuth at P2 (Az21):</b> 167.999°<br>
          <b>Back Azimuth at P1 (BackAz21):</b> 168.008°<br>
          <hr>
          <b>Filter Reason(s):</b> Az12 Whole<br>
          <hr>
          <i>Calculation Method: Spherical</i>
        ]]>                
        
            </description>
            <styleUrl>#724</styleUrl>
            <LineString id="722">
                <coordinates>-76.99952509051057,38.89358765171932,0.0 -77.01391219662139,38.94626278806017,0.0</coordinates>
            </LineString>
        </Placemark>
        <Placemark id="727">
            <name>Chk53 → H70a</name>
            <description>
                
        
<![CDATA[
          <b>P1:</b> Chk53<br>
          <b>P2:</b> H70a<br>
          <hr>
          <b>Distance:</b> 3.156 miles<br>
          <hr>
          <u>Path P1 → P2:</u><br>
          <b>Forward Azimuth at P1 (Az12):</b> 271.007°<br>
          <b>Back Azimuth at P2 (BackAz12):</b> 270.970°<br>
          <hr>
          <u>Path P2 → P1:</u><br>
          <b>Forward Azimuth at P2 (Az21):</b> 90.970°<br>
          <b>Back Azimuth at P1 (BackAz21):</b> 91.007°<br>
          <hr>
          <b>Filter Reason(s):</b> Az12 Whole<br>
          <hr>
          <i>Calculation Method: Spherical</i>
        ]]>                
        
            </description>
            <styleUrl>#728</styleUrl>
            <LineString id="726">
                <coordinates>-77.00907388669604,38.8706887702613,0.0 -77.06775220195667,38.87147694689254,0.0</coordinates>
            </LineString>
        </Placemark>
        <Placemark id="731">
            <name>Chk53 → H31</name>
            <description>
                
        
<![CDATA[
          <b>P1:</b> Chk53<br>
          <b>P2:</b> H31<br>
          <hr>
          <b>Distance:</b> 6.217 miles<br>
          <hr>
          <u>Path P1 → P2:</u><br>
          <b>Forward Azimuth at P1 (Az12):</b> 313.004°<br>
          <b>Back Azimuth at P2 (BackAz12):</b> 312.951°<br>
          <hr>
          <u>Path P2 → P1:</u><br>
          <b>Forward Azimuth at P2 (Az21):</b> 132.951°<br>
          <b>Back Azimuth at P1 (BackAz21):</b> 133.004°<br>
          <hr>
          <b>Filter Reason(s):</b> Az12 Whole<br>
          <hr>
          <i>Calculation Method: Spherical</i>
        ]]>                
        
            </description>
            <styleUrl>#732</styleUrl>
            <LineString id="730">
                <coordinates>-77.00907388669604,38.8706887702613,0.0 -77.09367738494352,38.93203756982007,0.0</coordinates>
            </LineString>
        </Placemark>
        <Placemark id="735">
            <name>Chk53 → H43</name>
            <description>
                
        
<![CDATA[
          <b>P1:</b> Chk53<br>
          <b>P2:</b> H43<br>
          <hr>
          <b>Distance:</b> 7.390 miles<br>
          <hr>
          <u>Path P1 → P2:</u><br>
          <b>Forward Azimuth at P1 (Az12):</b> 272.093°<br>
          <b>Back Azimuth at P2 (BackAz12):</b> 272.007°<br>
          <hr>
          <u>Path P2 → P1:</u><br>
          <b>Forward Azimuth at P2 (Az21):</b> 92.007°<br>
          <b>Back Azimuth at P1 (BackAz21):</b> 92.093°<br>
          <hr>
          <b>Filter Reason(s):</b> Az21 Whole<br>
          <hr>
          <i>Calculation Method: Spherical</i>
        ]]>                
        
            </description>
            <styleUrl>#736</styleUrl>
            <LineString id="734">
                <coordinates>-77.00907388669604,38.8706887702613,0.0 -77.146392815978,38.87451597139456,0.0</coordinates>
            </LineString>
        </Placemark>
        <Placemark id="739">
            <name>Chk54 → H65</name>
            <description>
                
        
<![CDATA[
          <b>P1:</b> Chk54<br>
          <b>P2:</b> H65<br>
          <hr>
          <b>Distance:</b> 15.980 miles<br>
          <hr>
          <u>Path P1 → P2:</u><br>
          <b>Forward Azimuth at P1 (Az12):</b> 6.979°<br>
          <b>Back Azimuth at P2 (BackAz12):</b> 7.001°<br>
          <hr>
          <u>Path P2 → P1:</u><br>
          <b>Forward Azimuth at P2 (Az21):</b> 187.001°<br>
          <b>Back Azimuth at P1 (BackAz21):</b> 186.979°<br>
          <hr>
          <b>Filter Reason(s):</b> Az21 Whole<br>
          <hr>
          <i>Calculation Method: Spherical</i>
        ]]>                
        
            </description>
            <styleUrl>#740</styleUrl>
            <LineString id="738">
                <coordinates>-77.04351796976675,38.68922831692476,0.0 -77.00739402065348,38.91883509061264,0.0</coordinates>
            </LineString>
        </Placemark>
        <Placemark id="743">
            <name>Chk55 → H81</name>
            <description>
                
        
<![CDATA[
          <b>P1:</b> Chk55<br>
          <b>P2:</b> H81<br>
          <hr>
          <b>Distance:</b> 13.418 miles<br>
          <hr>
          <u>Path P1 → P2:</u><br>
          <b>Forward Azimuth at P1 (Az12):</b> 24.942°<br>
          <b>Back Azimuth at P2 (BackAz12):</b> 25.008°<br>
          <hr>
          <u>Path P2 → P1:</u><br>
          <b>Forward Azimuth at P2 (Az21):</b> 205.008°<br>
          <b>Back Azimuth at P1 (BackAz21):</b> 204.942°<br>
          <hr>
          <b>Filter Reason(s):</b> Az21 Whole<br>
          <hr>
          <i>Calculation Method: Spherical</i>
        ]]>                
        
            </description>
            <styleUrl>#744</styleUrl>
            <LineString id="742">
                <coordinates>-77.0352088314432,38.71079049783587,0.0 -76.9299762903957,38.88687029383775,0.0</coordinates>
            </LineString>
        </Placemark>
        <Placemark id="747">
            <name>Chk55 → H37</name>
            <description>
                
        
<![CDATA[
          <b>P1:</b> Chk55<br>
          <b>P2:</b> H37<br>
          <hr>
          <b>Distance:</b> 13.476 miles<br>
          <hr>
          <u>Path P1 → P2:</u><br>
          <b>Forward Azimuth at P1 (Az12):</b> 342.044°<br>
          <b>Back Azimuth at P2 (BackAz12):</b> 341.995°<br>
          <hr>
          <u>Path P2 → P1:</u><br>
          <b>Forward Azimuth at P2 (Az21):</b> 161.995°<br>
          <b>Back Azimuth at P1 (BackAz21):</b> 162.044°<br>
          <hr>
          <b>Filter Reason(s):</b> Az21 multiple:18.00<br>
          <hr>
          <i>Calculation Method: Spherical</i>
        ]]>                
        
            </description>
            <styleUrl>#748</styleUrl>
            <LineString id="746">
                <coordinates>-77.0352088314432,38.71079049783587,0.0 -77.11248589188622,38.89634739382956,0.0</coordinates>
            </LineString>
        </Placemark>
        <Placemark id="751">
            <name>Chk55 → SF03</name>
            <description>
                
        
<![CDATA[
          <b>P1:</b> Chk55<br>
          <b>P2:</b> SF03<br>
          <hr>
          <b>Distance:</b> 5.515 miles<br>
          <hr>
          <u>Path P1 → P2:</u><br>
          <b>Forward Azimuth at P1 (Az12):</b> 38.007°<br>
          <b>Back Azimuth at P2 (BackAz12):</b> 38.046°<br>
          <hr>
          <u>Path P2 → P1:</u><br>
          <b>Forward Azimuth at P2 (Az21):</b> 218.046°<br>
          <b>Back Azimuth at P1 (BackAz21):</b> 218.007°<br>
          <hr>
          <b>Filter Reason(s):</b> Az12 Whole<br>
          <hr>
          <i>Calculation Method: Spherical</i>
        ]]>                
        
            </description>
            <styleUrl>#752</styleUrl>
            <LineString id="750">
                <coordinates>-77.0352088314432,38.71079049783587,0.0 -76.97215841432278,38.77367519361357,0.0</coordinates>
            </LineString>
        </Placemark>
        <Placemark id="755">
            <name>Chk56 → PO</name>
            <description>
                
        
<![CDATA[
          <b>P1:</b> Chk56<br>
          <b>P2:</b> PO<br>
          <hr>
          <b>Distance:</b> 16.338 miles<br>
          <hr>
          <u>Path P1 → P2:</u><br>
          <b>Forward Azimuth at P1 (Az12):</b> 342.054°<br>
          <b>Back Azimuth at P2 (BackAz12):</b> 341.995°<br>
          <hr>
          <u>Path P2 → P1:</u><br>
          <b>Forward Azimuth at P2 (Az21):</b> 161.995°<br>
          <b>Back Azimuth at P1 (BackAz21):</b> 162.054°<br>
          <hr>
          <b>Filter Reason(s):</b> Az21 multiple:18.00<br>
          <hr>
          <i>Calculation Method: Spherical</i>
        ]]>                
        
            </description>
            <styleUrl>#756</styleUrl>
            <LineString id="754">
                <coordinates>-77.02623374819049,38.70953657371552,0.0 -77.1199159,38.93449309999998,0.0</coordinates>
            </LineString>
        </Placemark>
        <Placemark id="759">
            <name>Chk56 → H38</name>
            <description>
                
        
<![CDATA[
          <b>P1:</b> Chk56<br>
          <b>P2:</b> H38<br>
          <hr>
          <b>Distance:</b> 20.931 miles<br>
          <hr>
          <u>Path P1 → P2:</u><br>
          <b>Forward Azimuth at P1 (Az12):</b> 314.172°<br>
          <b>Back Azimuth at P2 (BackAz12):</b> 313.997°<br>
          <hr>
          <u>Path P2 → P1:</u><br>
          <b>Forward Azimuth at P2 (Az21):</b> 133.997°<br>
          <b>Back Azimuth at P1 (BackAz21):</b> 134.172°<br>
          <hr>
          <b>Filter Reason(s):</b> Az21 target:134.00<br>
          <hr>
          <i>Calculation Method: Spherical</i>
        ]]>                
        
            </description>
            <styleUrl>#760</styleUrl>
            <LineString id="758">
                <coordinates>-77.02623374819049,38.70953657371552,0.0 -77.30556025520397,38.92033648688445,0.0</coordinates>
            </LineString>
        </Placemark>
        <Placemark id="763">
            <name>Chk56 → H65</name>
            <description>
                
        
<![CDATA[
          <b>P1:</b> Chk56<br>
          <b>P2:</b> H65<br>
          <hr>
          <b>Distance:</b> 14.494 miles<br>
          <hr>
          <u>Path P1 → P2:</u><br>
          <b>Forward Azimuth at P1 (Az12):</b> 4.006°<br>
          <b>Back Azimuth at P2 (BackAz12):</b> 4.018°<br>
          <hr>
          <u>Path P2 → P1:</u><br>
          <b>Forward Azimuth at P2 (Az21):</b> 184.018°<br>
          <b>Back Azimuth at P1 (BackAz21):</b> 184.006°<br>
          <hr>
          <b>Filter Reason(s):</b> Az12 Whole<br>
          <hr>
          <i>Calculation Method: Spherical</i>
        ]]>                
        
            </description>
            <styleUrl>#764</styleUrl>
            <LineString id="762">
                <coordinates>-77.02623374819049,38.70953657371552,0.0 -77.00739402065348,38.91883509061264,0.0</coordinates>
            </LineString>
        </Placemark>
        <Placemark id="767">
            <name>Chk56 → SF06</name>
            <description>
                
        
<![CDATA[
          <b>P1:</b> Chk56<br>
          <b>P2:</b> SF06<br>
          <hr>
          <b>Distance:</b> 20.655 miles<br>
          <hr>
          <u>Path P1 → P2:</u><br>
          <b>Forward Azimuth at P1 (Az12):</b> 339.087°<br>
          <b>Back Azimuth at P2 (BackAz12):</b> 339.001°<br>
          <hr>
          <u>Path P2 → P1:</u><br>
          <b>Forward Azimuth at P2 (Az21):</b> 159.001°<br>
          <b>Back Azimuth at P1 (BackAz21):</b> 159.087°<br>
          <hr>
          <b>Filter Reason(s):</b> Az21 Whole<br>
          <hr>
          <i>Calculation Method: Spherical</i>
        ]]>                
        
            </description>
            <styleUrl>#768</styleUrl>
            <LineString id="766">
                <coordinates>-77.02623374819049,38.70953657371552,0.0 -77.16354886186852,38.98876568157223,0.0</coordinates>
            </LineString>
        </Placemark>
        <Placemark id="771">
            <name>Chk58 → H66</name>
            <description>
                
        
<![CDATA[
          <b>P1:</b> Chk58<br>
          <b>P2:</b> H66<br>
          <hr>
          <b>Distance:</b> 4.575 miles<br>
          <hr>
          <u>Path P1 → P2:</u><br>
          <b>Forward Azimuth at P1 (Az12):</b> 331.031°<br>
          <b>Back Azimuth at P2 (BackAz12):</b> 331.005°<br>
          <hr>
          <u>Path P2 → P1:</u><br>
          <b>Forward Azimuth at P2 (Az21):</b> 151.005°<br>
          <b>Back Azimuth at P1 (BackAz21):</b> 151.031°<br>
          <hr>
          <b>Filter Reason(s):</b> Az21 Whole<br>
          <hr>
          <i>Calculation Method: Spherical</i>
        ]]>                
        
            </description>
            <styleUrl>#772</styleUrl>
            <LineString id="770">
                <coordinates>-77.05973097339024,38.84739885578784,0.0 -77.10094955658019,38.90533124793031,0.0</coordinates>
            </LineString>
        </Placemark>
        <Placemark id="775">
            <name>Chk59 → RCOthr3a</name>
            <description>
                
        
<![CDATA[
          <b>P1:</b> Chk59<br>
          <b>P2:</b> RCOthr3a<br>
          <hr>
          <b>Distance:</b> 1.164 miles<br>
          <hr>
          <u>Path P1 → P2:</u><br>
          <b>Forward Azimuth at P1 (Az12):</b> 167.998°<br>
          <b>Back Azimuth at P2 (BackAz12):</b> 168.001°<br>
          <hr>
          <u>Path P2 → P1:</u><br>
          <b>Forward Azimuth at P2 (Az21):</b> 348.001°<br>
          <b>Back Azimuth at P1 (BackAz21):</b> 347.998°<br>
          <hr>
          <b>Filter Reason(s):</b> Az21 Whole<br>
          <hr>
          <i>Calculation Method: Spherical</i>
        ]]>                
        
            </description>
            <styleUrl>#776</styleUrl>
            <LineString id="774">
                <coordinates>-77.04244035387981,39.01004268273348,0.0 -77.03793092768112,38.99355611820573,0.0</coordinates>
            </LineString>
        </Placemark>
        <Placemark id="779">
            <name>Chk59 → OtrB</name>
            <description>
                
        
<![CDATA[
          <b>P1:</b> Chk59<br>
          <b>P2:</b> OtrB<br>
          <hr>
          <b>Distance:</b> 4.575 miles<br>
          <hr>
          <u>Path P1 → P2:</u><br>
          <b>Forward Azimuth at P1 (Az12):</b> 143.134°<br>
          <b>Back Azimuth at P2 (BackAz12):</b> 143.166°<br>
          <hr>
          <u>Path P2 → P1:</u><br>
          <b>Forward Azimuth at P2 (Az21):</b> 323.166°<br>
          <b>Back Azimuth at P1 (BackAz21):</b> 323.134°<br>
          <hr>
          <b>Filter Reason(s):</b> Az12 target:143.13<br>
          <hr>
          <i>Calculation Method: Spherical</i>
        ]]>                
        
            </description>
            <styleUrl>#780</styleUrl>
            <LineString id="778">
                <coordinates>-77.04244035387981,39.01004268273348,0.0 -76.99134485249716,38.95704643888089,0.0</coordinates>
            </LineString>
        </Placemark>
        <Placemark id="783">
            <name>Chk59 → H35</name>
            <description>
                
        
<![CDATA[
          <b>P1:</b> Chk59<br>
          <b>P2:</b> H35<br>
          <hr>
          <b>Distance:</b> 6.492 miles<br>
          <hr>
          <u>Path P1 → P2:</u><br>
          <b>Forward Azimuth at P1 (Az12):</b> 197.993°<br>
          <b>Back Azimuth at P2 (BackAz12):</b> 197.970°<br>
          <hr>
          <u>Path P2 → P1:</u><br>
          <b>Forward Azimuth at P2 (Az21):</b> 17.970°<br>
          <b>Back Azimuth at P1 (BackAz21):</b> 17.993°<br>
          <hr>
          <b>Filter Reason(s):</b> Az12 multiple:18.00, Az12 target:198.00<br>
          <hr>
          <i>Calculation Method: Spherical</i>
        ]]>                
        
            </description>
            <styleUrl>#784</styleUrl>
            <LineString id="782">
                <coordinates>-77.04244035387981,39.01004268273348,0.0 -77.07975099520537,38.92066077312896,0.0</coordinates>
            </LineString>
        </Placemark>
        <Placemark id="787">
            <name>Chk59 → Pk03</name>
            <description>
                
        
<![CDATA[
          <b>P1:</b> Chk59<br>
          <b>P2:</b> Pk03<br>
          <hr>
          <b>Distance:</b> 36.075 miles<br>
          <hr>
          <u>Path P1 → P2:</u><br>
          <b>Forward Azimuth at P1 (Az12):</b> 258.004°<br>
          <b>Back Azimuth at P2 (BackAz12):</b> 257.592°<br>
          <hr>
          <u>Path P2 → P1:</u><br>
          <b>Forward Azimuth at P2 (Az21):</b> 77.592°<br>
          <b>Back Azimuth at P1 (BackAz21):</b> 78.004°<br>
          <hr>
          <b>Filter Reason(s):</b> Az12 Whole<br>
          <hr>
          <i>Calculation Method: Spherical</i>
        ]]>                
        
            </description>
            <styleUrl>#788</styleUrl>
            <LineString id="786">
                <coordinates>-77.04244035387981,39.01004268273348,0.0 -77.698809,38.899665,0.0</coordinates>
            </LineString>
        </Placemark>
        <Placemark id="791">
            <name>Chk60 → H11</name>
            <description>
                
        
<![CDATA[
          <b>P1:</b> Chk60<br>
          <b>P2:</b> H11<br>
          <hr>
          <b>Distance:</b> 6.517 miles<br>
          <hr>
          <u>Path P1 → P2:</u><br>
          <b>Forward Azimuth at P1 (Az12):</b> 164.003°<br>
          <b>Back Azimuth at P2 (BackAz12):</b> 164.024°<br>
          <hr>
          <u>Path P2 → P1:</u><br>
          <b>Forward Azimuth at P2 (Az21):</b> 344.024°<br>
          <b>Back Azimuth at P1 (BackAz21):</b> 344.003°<br>
          <hr>
          <b>Filter Reason(s):</b> Az12 Whole<br>
          <hr>
          <i>Calculation Method: Spherical</i>
        ]]>                
        
            </description>
            <styleUrl>#792</styleUrl>
            <LineString id="790">
                <coordinates>-77.03806204873727,39.00533947251964,0.0 -77.0046483262631,38.9146495509119,0.0</coordinates>
            </LineString>
        </Placemark>
        <Placemark id="795">
            <name>Chk60 → H28</name>
            <description>
                
        
<![CDATA[
          <b>P1:</b> Chk60<br>
          <b>P2:</b> H28<br>
          <hr>
          <b>Distance:</b> 8.466 miles<br>
          <hr>
          <u>Path P1 → P2:</u><br>
          <b>Forward Azimuth at P1 (Az12):</b> 215.063°<br>
          <b>Back Azimuth at P2 (BackAz12):</b> 215.006°<br>
          <hr>
          <u>Path P2 → P1:</u><br>
          <b>Forward Azimuth at P2 (Az21):</b> 35.006°<br>
          <b>Back Azimuth at P1 (BackAz21):</b> 35.063°<br>
          <hr>
          <b>Filter Reason(s):</b> Az21 Whole<br>
          <hr>
          <i>Calculation Method: Spherical</i>
        ]]>                
        
            </description>
            <styleUrl>#796</styleUrl>
            <LineString id="794">
                <coordinates>-77.03806204873727,39.00533947251964,0.0 -77.12853595395019,38.90499081362246,0.0</coordinates>
            </LineString>
        </Placemark>
        <Placemark id="799">
            <name>Chk61 → H31</name>
            <description>
                
        
<![CDATA[
          <b>P1:</b> Chk61<br>
          <b>P2:</b> H31<br>
          <hr>
          <b>Distance:</b> 4.307 miles<br>
          <hr>
          <u>Path P1 → P2:</u><br>
          <b>Forward Azimuth at P1 (Az12):</b> 298.050°<br>
          <b>Back Azimuth at P2 (BackAz12):</b> 298.006°<br>
          <hr>
          <u>Path P2 → P1:</u><br>
          <b>Forward Azimuth at P2 (Az21):</b> 118.006°<br>
          <b>Back Azimuth at P1 (BackAz21):</b> 118.050°<br>
          <hr>
          <b>Filter Reason(s):</b> Az21 Whole<br>
          <hr>
          <i>Calculation Method: Spherical</i>
        ]]>                
        
            </description>
            <styleUrl>#800</styleUrl>
            <LineString id="798">
                <coordinates>-77.02294473847918,38.9027413920959,0.0 -77.09367738494352,38.93203756982007,0.0</coordinates>
            </LineString>
        </Placemark>
        <Placemark id="803">
            <name>Chk63 → H88</name>
            <description>
                
        
<![CDATA[
          <b>P1:</b> Chk63<br>
          <b>P2:</b> H88<br>
          <hr>
          <b>Distance:</b> 3.881 miles<br>
          <hr>
          <u>Path P1 → P2:</u><br>
          <b>Forward Azimuth at P1 (Az12):</b> 153.981°<br>
          <b>Back Azimuth at P2 (BackAz12):</b> 154.001°<br>
          <hr>
          <u>Path P2 → P1:</u><br>
          <b>Forward Azimuth at P2 (Az21):</b> 334.001°<br>
          <b>Back Azimuth at P1 (BackAz21):</b> 333.981°<br>
          <hr>
          <b>Filter Reason(s):</b> Az21 Whole<br>
          <hr>
          <i>Calculation Method: Spherical</i>
        ]]>                
        
            </description>
            <styleUrl>#804</styleUrl>
            <LineString id="802">
                <coordinates>-77.036569,38.89999431930673,0.0 -77.00492179089107,38.84950002068123,0.0</coordinates>
            </LineString>
        </Placemark>
        <Placemark id="807">
            <name>CptA → Chk09</name>
            <description>
                
        
<![CDATA[
          <b>P1:</b> CptA<br>
          <b>P2:</b> Chk09<br>
          <hr>
          <b>Distance:</b> 4.897 miles<br>
          <hr>
          <u>Path P1 → P2:</u><br>
          <b>Forward Azimuth at P1 (Az12):</b> 296.054°<br>
          <b>Back Azimuth at P2 (BackAz12):</b> 296.002°<br>
          <hr>
          <u>Path P2 → P1:</u><br>
          <b>Forward Azimuth at P2 (Az21):</b> 116.002°<br>
          <b>Back Azimuth at P1 (BackAz21):</b> 116.054°<br>
          <hr>
          <b>Filter Reason(s):</b> Az21 Whole<br>
          <hr>
          <i>Calculation Method: Spherical</i>
        ]]>                
        
            </description>
            <styleUrl>#808</styleUrl>
            <LineString id="806">
                <coordinates>-77.0072678806584,38.89077979476803,0.0 -77.08911728826524,38.92188332835548,0.0</coordinates>
            </LineString>
        </Placemark>
        <Placemark id="811">
            <name>CptA → Chk53</name>
            <description>
                
        
<![CDATA[
          <b>P1:</b> CptA<br>
          <b>P2:</b> Chk53<br>
          <hr>
          <b>Distance:</b> 1.391 miles<br>
          <hr>
          <u>Path P1 → P2:</u><br>
          <b>Forward Azimuth at P1 (Az12):</b> 184.003°<br>
          <b>Back Azimuth at P2 (BackAz12):</b> 184.002°<br>
          <hr>
          <u>Path P2 → P1:</u><br>
          <b>Forward Azimuth at P2 (Az21):</b> 4.002°<br>
          <b>Back Azimuth at P1 (BackAz21):</b> 4.003°<br>
          <hr>
          <b>Filter Reason(s):</b> Az12 Whole, Az21 Whole<br>
          <hr>
          <i>Calculation Method: Spherical</i>
        ]]>                
        
            </description>
            <styleUrl>#812</styleUrl>
            <LineString id="810">
                <coordinates>-77.0072678806584,38.89077979476803,0.0 -77.00907388669604,38.8706887702613,0.0</coordinates>
            </LineString>
        </Placemark>
        <Placemark id="815">
            <name>CptA → Chk62</name>
            <description>
                
        
<![CDATA[
          <b>P1:</b> CptA<br>
          <b>P2:</b> Chk62<br>
          <hr>
          <b>Distance:</b> 1.260 miles<br>
          <hr>
          <u>Path P1 → P2:</u><br>
          <b>Forward Azimuth at P1 (Az12):</b> 323.142°<br>
          <b>Back Azimuth at P2 (BackAz12):</b> 323.133°<br>
          <hr>
          <u>Path P2 → P1:</u><br>
          <b>Forward Azimuth at P2 (Az21):</b> 143.133°<br>
          <b>Back Azimuth at P1 (BackAz21):</b> 143.142°<br>
          <hr>
          <b>Filter Reason(s):</b> Az21 target:143.13<br>
          <hr>
          <i>Calculation Method: Spherical</i>
        ]]>                
        
            </description>
            <styleUrl>#816</styleUrl>
            <LineString id="814">
                <coordinates>-77.0072678806584,38.89077979476803,0.0 -77.02133073015519,38.90537641569407,0.0</coordinates>
            </LineString>
        </Placemark>
        <Placemark id="819">
            <name>CptA → POOthr3b</name>
            <description>
                
        
<![CDATA[
          <b>P1:</b> CptA<br>
          <b>P2:</b> POOthr3b<br>
          <hr>
          <b>Distance:</b> 7.058 miles<br>
          <hr>
          <u>Path P1 → P2:</u><br>
          <b>Forward Azimuth at P1 (Az12):</b> 194.021°<br>
          <b>Back Azimuth at P2 (BackAz12):</b> 194.001°<br>
          <hr>
          <u>Path P2 → P1:</u><br>
          <b>Forward Azimuth at P2 (Az21):</b> 14.001°<br>
          <b>Back Azimuth at P1 (BackAz21):</b> 14.021°<br>
          <hr>
          <b>Filter Reason(s):</b> Az21 Whole<br>
          <hr>
          <i>Calculation Method: Spherical</i>
        ]]>                
        
            </description>
            <styleUrl>#820</styleUrl>
            <LineString id="818">
                <coordinates>-77.0072678806584,38.89077979476803,0.0 -77.03902815721085,38.79164360258566,0.0</coordinates>
            </LineString>
        </Placemark>
        <Placemark id="823">
            <name>CptB → Chk26</name>
            <description>
                
        
<![CDATA[
          <b>P1:</b> CptB<br>
          <b>P2:</b> Chk26<br>
          <hr>
          <b>Distance:</b> 5.014 miles<br>
          <hr>
          <u>Path P1 → P2:</u><br>
          <b>Forward Azimuth at P1 (Az12):</b> 88.940°<br>
          <b>Back Azimuth at P2 (BackAz12):</b> 88.999°<br>
          <hr>
          <u>Path P2 → P1:</u><br>
          <b>Forward Azimuth at P2 (Az21):</b> 268.999°<br>
          <b>Back Azimuth at P1 (BackAz21):</b> 268.940°<br>
          <hr>
          <b>Filter Reason(s):</b> Az21 target:269.00<br>
          <hr>
          <i>Calculation Method: Spherical</i>
        ]]>                
        
            </description>
            <styleUrl>#824</styleUrl>
            <LineString id="822">
                <coordinates>-77.00988737303246,38.88556174596554,0.0 -76.91666542015503,38.88686719010732,0.0</coordinates>
            </LineString>
        </Placemark>
        <Placemark id="827">
            <name>CptB → Chk35</name>
            <description>
                
        
<![CDATA[
          <b>P1:</b> CptB<br>
          <b>P2:</b> Chk35<br>
          <hr>
          <b>Distance:</b> 2.271 miles<br>
          <hr>
          <u>Path P1 → P2:</u><br>
          <b>Forward Azimuth at P1 (Az12):</b> 285.027°<br>
          <b>Back Azimuth at P2 (BackAz12):</b> 285.002°<br>
          <hr>
          <u>Path P2 → P1:</u><br>
          <b>Forward Azimuth at P2 (Az21):</b> 105.002°<br>
          <b>Back Azimuth at P1 (BackAz21):</b> 105.027°<br>
          <hr>
          <b>Filter Reason(s):</b> Az21 Whole, Az21 multiple:15.00<br>
          <hr>
          <i>Calculation Method: Spherical</i>
        ]]>                
        
            </description>
            <styleUrl>#828</styleUrl>
            <LineString id="826">
                <coordinates>-77.00988737303246,38.88556174596554,0.0 -77.05068501975197,38.89407905799511,0.0</coordinates>
            </LineString>
        </Placemark>
        <Placemark id="831">
            <name>CptB → AN</name>
            <description>
                
        
<![CDATA[
          <b>P1:</b> CptB<br>
          <b>P2:</b> AN<br>
          <hr>
          <b>Distance:</b> 4.307 miles<br>
          <hr>
          <u>Path P1 → P2:</u><br>
          <b>Forward Azimuth at P1 (Az12):</b> 58.002°<br>
          <b>Back Azimuth at P2 (BackAz12):</b> 58.044°<br>
          <hr>
          <u>Path P2 → P1:</u><br>
          <b>Forward Azimuth at P2 (Az21):</b> 238.044°<br>
          <b>Back Azimuth at P1 (BackAz21):</b> 238.002°<br>
          <hr>
          <b>Filter Reason(s):</b> Az12 Whole<br>
          <hr>
          <i>Calculation Method: Spherical</i>
        ]]>                
        
            </description>
            <styleUrl>#832</styleUrl>
            <LineString id="830">
                <coordinates>-77.00988737303246,38.88556174596554,0.0 -76.94192180000002,38.91858289999999,0.0</coordinates>
            </LineString>
        </Placemark>
        <Placemark id="835">
            <name>CptB → H77</name>
            <description>
                
        
<![CDATA[
          <b>P1:</b> CptB<br>
          <b>P2:</b> H77<br>
          <hr>
          <b>Distance:</b> 1.689 miles<br>
          <hr>
          <u>Path P1 → P2:</u><br>
          <b>Forward Azimuth at P1 (Az12):</b> 298.002°<br>
          <b>Back Azimuth at P2 (BackAz12):</b> 297.984°<br>
          <hr>
          <u>Path P2 → P1:</u><br>
          <b>Forward Azimuth at P2 (Az21):</b> 117.984°<br>
          <b>Back Azimuth at P1 (BackAz21):</b> 118.002°<br>
          <hr>
          <b>Filter Reason(s):</b> Az12 Whole<br>
          <hr>
          <i>Calculation Method: Spherical</i>
        ]]>                
        
            </description>
            <styleUrl>#836</styleUrl>
            <LineString id="834">
                <coordinates>-77.00988737303246,38.88556174596554,0.0 -77.03762786655247,38.89703882730361,0.0</coordinates>
            </LineString>
        </Placemark>
        <Placemark id="839">
            <name>Eb → PenA</name>
            <description>
                
        
<![CDATA[
          <b>P1:</b> Eb<br>
          <b>P2:</b> PenA<br>
          <hr>
          <b>Distance:</b> 8.120 miles<br>
          <hr>
          <u>Path P1 → P2:</u><br>
          <b>Forward Azimuth at P1 (Az12):</b> 260.098°<br>
          <b>Back Azimuth at P2 (BackAz12):</b> 260.005°<br>
          <hr>
          <u>Path P2 → P1:</u><br>
          <b>Forward Azimuth at P2 (Az21):</b> 80.005°<br>
          <b>Back Azimuth at P1 (BackAz21):</b> 80.098°<br>
          <hr>
          <b>Filter Reason(s):</b> Az21 Whole<br>
          <hr>
          <i>Calculation Method: Spherical</i>
        ]]>                
        
            </description>
            <styleUrl>#840</styleUrl>
            <LineString id="838">
                <coordinates>-76.90916553,38.89286049999997,0.0 -77.05790028667388,38.872552231854,0.0</coordinates>
            </LineString>
        </Placemark>
        <Placemark id="843">
            <name>Eb → Chk03</name>
            <description>
                
        
<![CDATA[
          <b>P1:</b> Eb<br>
          <b>P2:</b> Chk03<br>
          <hr>
          <b>Distance:</b> 8.068 miles<br>
          <hr>
          <u>Path P1 → P2:</u><br>
          <b>Forward Azimuth at P1 (Az12):</b> 224.058°<br>
          <b>Back Azimuth at P2 (BackAz12):</b> 223.993°<br>
          <hr>
          <u>Path P2 → P1:</u><br>
          <b>Forward Azimuth at P2 (Az21):</b> 43.993°<br>
          <b>Back Azimuth at P1 (BackAz21):</b> 44.058°<br>
          <hr>
          <b>Filter Reason(s):</b> Az21 target:44.00<br>
          <hr>
          <i>Calculation Method: Spherical</i>
        ]]>                
        
            </description>
            <styleUrl>#844</styleUrl>
            <LineString id="842">
                <coordinates>-76.90916553,38.89286049999997,0.0 -77.01339590231409,38.80887860350852,0.0</coordinates>
            </LineString>
        </Placemark>
        <Placemark id="847">
            <name>Eb → Chk19</name>
            <description>
                
        
<![CDATA[
          <b>P1:</b> Eb<br>
          <b>P2:</b> Chk19<br>
          <hr>
          <b>Distance:</b> 9.943 miles<br>
          <hr>
          <u>Path P1 → P2:</u><br>
          <b>Forward Azimuth at P1 (Az12):</b> 312.004°<br>
          <b>Back Azimuth at P2 (BackAz12):</b> 311.918°<br>
          <hr>
          <u>Path P2 → P1:</u><br>
          <b>Forward Azimuth at P2 (Az21):</b> 131.918°<br>
          <b>Back Azimuth at P1 (BackAz21):</b> 132.004°<br>
          <hr>
          <b>Filter Reason(s):</b> Az12 Whole<br>
          <hr>
          <i>Calculation Method: Spherical</i>
        ]]>                
        
            </description>
            <styleUrl>#848</styleUrl>
            <LineString id="846">
                <coordinates>-76.90916553,38.89286049999997,0.0 -77.04677082443145,38.98909790584569,0.0</coordinates>
            </LineString>
        </Placemark>
        <Placemark id="851">
            <name>Eb → RCrkB</name>
            <description>
                
        
<![CDATA[
          <b>P1:</b> Eb<br>
          <b>P2:</b> RCrkB<br>
          <hr>
          <b>Distance:</b> 8.081 miles<br>
          <hr>
          <u>Path P1 → P2:</u><br>
          <b>Forward Azimuth at P1 (Az12):</b> 274.010°<br>
          <b>Back Azimuth at P2 (BackAz12):</b> 273.916°<br>
          <hr>
          <u>Path P2 → P1:</u><br>
          <b>Forward Azimuth at P2 (Az21):</b> 93.916°<br>
          <b>Back Azimuth at P1 (BackAz21):</b> 94.010°<br>
          <hr>
          <b>Filter Reason(s):</b> Az12 Whole<br>
          <hr>
          <i>Calculation Method: Spherical</i>
        ]]>                
        
            </description>
            <styleUrl>#852</styleUrl>
            <LineString id="850">
                <coordinates>-76.90916553,38.89286049999997,0.0 -77.05911419748726,38.90094461320923,0.0</coordinates>
            </LineString>
        </Placemark>
        <Placemark id="855">
            <name>Eb → RK</name>
            <description>
                
        
<![CDATA[
          <b>P1:</b> Eb<br>
          <b>P2:</b> RK<br>
          <hr>
          <b>Distance:</b> 6.681 miles<br>
          <hr>
          <u>Path P1 → P2:</u><br>
          <b>Forward Azimuth at P1 (Az12):</b> 247.080°<br>
          <b>Back Azimuth at P2 (BackAz12):</b> 247.008°<br>
          <hr>
          <u>Path P2 → P1:</u><br>
          <b>Forward Azimuth at P2 (Az21):</b> 67.008°<br>
          <b>Back Azimuth at P1 (BackAz21):</b> 67.080°<br>
          <hr>
          <b>Filter Reason(s):</b> Az21 Whole<br>
          <hr>
          <i>Calculation Method: Spherical</i>
        ]]>                
        
            </description>
            <styleUrl>#856</styleUrl>
            <LineString id="854">
                <coordinates>-76.90916553,38.89286049999997,0.0 -77.02356040000001,38.85513800000002,0.0</coordinates>
            </LineString>
        </Placemark>
        <Placemark id="859">
            <name>Eb → H24</name>
            <description>
                
        
<![CDATA[
          <b>P1:</b> Eb<br>
          <b>P2:</b> H24<br>
          <hr>
          <b>Distance:</b> 8.832 miles<br>
          <hr>
          <u>Path P1 → P2:</u><br>
          <b>Forward Azimuth at P1 (Az12):</b> 281.108°<br>
          <b>Back Azimuth at P2 (BackAz12):</b> 281.007°<br>
          <hr>
          <u>Path P2 → P1:</u><br>
          <b>Forward Azimuth at P2 (Az21):</b> 101.007°<br>
          <b>Back Azimuth at P1 (BackAz21):</b> 101.108°<br>
          <hr>
          <b>Filter Reason(s):</b> Az21 Whole<br>
          <hr>
          <i>Calculation Method: Spherical</i>
        ]]>                
        
            </description>
            <styleUrl>#860</styleUrl>
            <LineString id="858">
                <coordinates>-76.90916553,38.89286049999997,0.0 -77.0704105785321,38.91738246946505,0.0</coordinates>
            </LineString>
        </Placemark>
        <Placemark id="863">
            <name>Ec → Eb</name>
            <description>
                
        
<![CDATA[
          <b>P1:</b> Ec<br>
          <b>P2:</b> Eb<br>
          <hr>
          <b>Distance:</b> 7.071 miles<br>
          <hr>
          <u>Path P1 → P2:</u><br>
          <b>Forward Azimuth at P1 (Az12):</b> 89.917°<br>
          <b>Back Azimuth at P2 (BackAz12):</b> 90.000°<br>
          <hr>
          <u>Path P2 → P1:</u><br>
          <b>Forward Azimuth at P2 (Az21):</b> 270.000°<br>
          <b>Back Azimuth at P1 (BackAz21):</b> 269.917°<br>
          <hr>
          <b>Filter Reason(s):</b> Az21 multiple:15.00, Az21 multiple:18.00<br>
          <hr>
          <i>Calculation Method: Spherical</i>
        ]]>                
        
            </description>
            <styleUrl>#864</styleUrl>
            <LineString id="862">
                <coordinates>-77.0406797,38.89278669999997,0.0 -76.90916553,38.89286049999997,0.0</coordinates>
            </LineString>
        </Placemark>
        <Placemark id="867">
            <name>Ec → Chk23b</name>
            <description>
                
        
<![CDATA[
          <b>P1:</b> Ec<br>
          <b>P2:</b> Chk23b<br>
          <hr>
          <b>Distance:</b> 3.777 miles<br>
          <hr>
          <u>Path P1 → P2:</u><br>
          <b>Forward Azimuth at P1 (Az12):</b> 71.964°<br>
          <b>Back Azimuth at P2 (BackAz12):</b> 72.006°<br>
          <hr>
          <u>Path P2 → P1:</u><br>
          <b>Forward Azimuth at P2 (Az21):</b> 252.006°<br>
          <b>Back Azimuth at P1 (BackAz21):</b> 251.964°<br>
          <hr>
          <b>Filter Reason(s):</b> Az21 Whole, Az21 multiple:18.00<br>
          <hr>
          <i>Calculation Method: Spherical</i>
        ]]>                
        
            </description>
            <styleUrl>#868</styleUrl>
            <LineString id="866">
                <coordinates>-77.0406797,38.89278669999997,0.0 -76.97387114815113,38.90969480185885,0.0</coordinates>
            </LineString>
        </Placemark>
        <Placemark id="871">
            <name>Ec → Chk27</name>
            <description>
                
        
<![CDATA[
          <b>P1:</b> Ec<br>
          <b>P2:</b> Chk27<br>
          <hr>
          <b>Distance:</b> 5.398 miles<br>
          <hr>
          <u>Path P1 → P2:</u><br>
          <b>Forward Azimuth at P1 (Az12):</b> 344.023°<br>
          <b>Back Azimuth at P2 (BackAz12):</b> 344.005°<br>
          <hr>
          <u>Path P2 → P1:</u><br>
          <b>Forward Azimuth at P2 (Az21):</b> 164.005°<br>
          <b>Back Azimuth at P1 (BackAz21):</b> 164.023°<br>
          <hr>
          <b>Filter Reason(s):</b> Az21 Whole<br>
          <hr>
          <i>Calculation Method: Spherical</i>
        ]]>                
        
            </description>
            <styleUrl>#872</styleUrl>
            <LineString id="870">
                <coordinates>-77.0406797,38.89278669999997,0.0 -77.06834544975686,38.96791103163879,0.0</coordinates>
            </LineString>
        </Placemark>
        <Placemark id="875">
            <name>Ec → Chk45</name>
            <description>
                
        
<![CDATA[
          <b>P1:</b> Ec<br>
          <b>P2:</b> Chk45<br>
          <hr>
          <b>Distance:</b> 3.901 miles<br>
          <hr>
          <u>Path P1 → P2:</u><br>
          <b>Forward Azimuth at P1 (Az12):</b> 15.004°<br>
          <b>Back Azimuth at P2 (BackAz12):</b> 15.016°<br>
          <hr>
          <u>Path P2 → P1:</u><br>
          <b>Forward Azimuth at P2 (Az21):</b> 195.016°<br>
          <b>Back Azimuth at P1 (BackAz21):</b> 195.004°<br>
          <hr>
          <b>Filter Reason(s):</b> Az12 Whole, Az12 multiple:15.00<br>
          <hr>
          <i>Calculation Method: Spherical</i>
        ]]>                
        
            </description>
            <styleUrl>#876</styleUrl>
            <LineString id="874">
                <coordinates>-77.0406797,38.89278669999997,0.0 -77.02188334594942,38.94732510830963,0.0</coordinates>
            </LineString>
        </Placemark>
        <Placemark id="879">
            <name>Ec → H66</name>
            <description>
                
        
<![CDATA[
          <b>P1:</b> Ec<br>
          <b>P2:</b> H66<br>
          <hr>
          <b>Distance:</b> 3.354 miles<br>
          <hr>
          <u>Path P1 → P2:</u><br>
          <b>Forward Azimuth at P1 (Az12):</b> 284.992°<br>
          <b>Back Azimuth at P2 (BackAz12):</b> 284.954°<br>
          <hr>
          <u>Path P2 → P1:</u><br>
          <b>Forward Azimuth at P2 (Az21):</b> 104.954°<br>
          <b>Back Azimuth at P1 (BackAz21):</b> 104.992°<br>
          <hr>
          <b>Filter Reason(s):</b> Az12 multiple:15.00<br>
          <hr>
          <i>Calculation Method: Spherical</i>
        ]]>                
        
            </description>
            <styleUrl>#880</styleUrl>
            <LineString id="878">
                <coordinates>-77.0406797,38.89278669999997,0.0 -77.10094955658019,38.90533124793031,0.0</coordinates>
            </LineString>
        </Placemark>
        <Placemark id="883">
            <name>Ec → H35</name>
            <description>
                
        
<![CDATA[
          <b>P1:</b> Ec<br>
          <b>P2:</b> H35<br>
          <hr>
          <b>Distance:</b> 2.849 miles<br>
          <hr>
          <u>Path P1 → P2:</u><br>
          <b>Forward Azimuth at P1 (Az12):</b> 312.526°<br>
          <b>Back Azimuth at P2 (BackAz12):</b> 312.502°<br>
          <hr>
          <u>Path P2 → P1:</u><br>
          <b>Forward Azimuth at P2 (Az21):</b> 132.502°<br>
          <b>Back Azimuth at P1 (BackAz21):</b> 132.526°<br>
          <hr>
          <b>Filter Reason(s):</b> Az21 target:132.50<br>
          <hr>
          <i>Calculation Method: Spherical</i>
        ]]>                
        
            </description>
            <styleUrl>#884</styleUrl>
            <LineString id="882">
                <coordinates>-77.0406797,38.89278669999997,0.0 -77.07975099520537,38.92066077312896,0.0</coordinates>
            </LineString>
        </Placemark>
        <Placemark id="887">
            <name>Gs1 → Gs8</name>
            <description>
                
        
<![CDATA[
          <b>P1:</b> Gs1<br>
          <b>P2:</b> Gs8<br>
          <hr>
          <b>Distance:</b> 5.100 miles<br>
          <hr>
          <u>Path P1 → P2:</u><br>
          <b>Forward Azimuth at P1 (Az12):</b> 126.863°<br>
          <b>Back Azimuth at P2 (BackAz12):</b> 126.911°<br>
          <hr>
          <u>Path P2 → P1:</u><br>
          <b>Forward Azimuth at P2 (Az21):</b> 306.911°<br>
          <b>Back Azimuth at P1 (BackAz21):</b> 306.863°<br>
          <hr>
          <b>Filter Reason(s):</b> Az12 target:126.87<br>
          <hr>
          <i>Calculation Method: Spherical</i>
        ]]>                
        
            </description>
            <styleUrl>#888</styleUrl>
            <LineString id="886">
                <coordinates>-77.11877083238855,38.93539090046842,0.0 -77.04288644534626,38.89107936946611,0.0</coordinates>
            </LineString>
        </Placemark>
        <Placemark id="891">
            <name>Gs1 → Chk03</name>
            <description>
                
        
<![CDATA[
          <b>P1:</b> Gs1<br>
          <b>P2:</b> Chk03<br>
          <hr>
          <b>Distance:</b> 10.416 miles<br>
          <hr>
          <u>Path P1 → P2:</u><br>
          <b>Forward Azimuth at P1 (Az12):</b> 147.005°<br>
          <b>Back Azimuth at P2 (BackAz12):</b> 147.071°<br>
          <hr>
          <u>Path P2 → P1:</u><br>
          <b>Forward Azimuth at P2 (Az21):</b> 327.071°<br>
          <b>Back Azimuth at P1 (BackAz21):</b> 327.005°<br>
          <hr>
          <b>Filter Reason(s):</b> Az12 Whole<br>
          <hr>
          <i>Calculation Method: Spherical</i>
        ]]>                
        
            </description>
            <styleUrl>#892</styleUrl>
            <LineString id="890">
                <coordinates>-77.11877083238855,38.93539090046842,0.0 -77.01339590231409,38.80887860350852,0.0</coordinates>
            </LineString>
        </Placemark>
        <Placemark id="895">
            <name>Gs1 → SF01</name>
            <description>
                
        
<![CDATA[
          <b>P1:</b> Gs1<br>
          <b>P2:</b> SF01<br>
          <hr>
          <b>Distance:</b> 2.948 miles<br>
          <hr>
          <u>Path P1 → P2:</u><br>
          <b>Forward Azimuth at P1 (Az12):</b> 143.129°<br>
          <b>Back Azimuth at P2 (BackAz12):</b> 143.149°<br>
          <hr>
          <u>Path P2 → P1:</u><br>
          <b>Forward Azimuth at P2 (Az21):</b> 323.149°<br>
          <b>Back Azimuth at P1 (BackAz21):</b> 323.129°<br>
          <hr>
          <b>Filter Reason(s):</b> Az12 target:143.13<br>
          <hr>
          <i>Calculation Method: Spherical</i>
        ]]>                
        
            </description>
            <styleUrl>#896</styleUrl>
            <LineString id="894">
                <coordinates>-77.11877083238855,38.93539090046842,0.0 -77.08586335465753,38.90124200833564,0.0</coordinates>
            </LineString>
        </Placemark>
        <Placemark id="899">
            <name>Gs1 → Pk01</name>
            <description>
                
        
<![CDATA[
          <b>P1:</b> Gs1<br>
          <b>P2:</b> Pk01<br>
          <hr>
          <b>Distance:</b> 26.963 miles<br>
          <hr>
          <u>Path P1 → P2:</u><br>
          <b>Forward Azimuth at P1 (Az12):</b> 327.003°<br>
          <b>Back Azimuth at P2 (BackAz12):</b> 326.830°<br>
          <hr>
          <u>Path P2 → P1:</u><br>
          <b>Forward Azimuth at P2 (Az21):</b> 146.830°<br>
          <b>Back Azimuth at P1 (BackAz21):</b> 147.003°<br>
          <hr>
          <b>Filter Reason(s):</b> Az12 Whole<br>
          <hr>
          <i>Calculation Method: Spherical</i>
        ]]>                
        
            </description>
            <styleUrl>#900</styleUrl>
            <LineString id="898">
                <coordinates>-77.11877083238855,38.93539090046842,0.0 -77.39330127153266,39.26242301794514,0.0</coordinates>
            </LineString>
        </Placemark>
        <Placemark id="903">
            <name>Gs2 → Chk04</name>
            <description>
                
        
<![CDATA[
          <b>P1:</b> Gs2<br>
          <b>P2:</b> Chk04<br>
          <hr>
          <b>Distance:</b> 4.929 miles<br>
          <hr>
          <u>Path P1 → P2:</u><br>
          <b>Forward Azimuth at P1 (Az12):</b> 347.021°<br>
          <b>Back Azimuth at P2 (BackAz12):</b> 347.008°<br>
          <hr>
          <u>Path P2 → P1:</u><br>
          <b>Forward Azimuth at P2 (Az21):</b> 167.008°<br>
          <b>Back Azimuth at P1 (BackAz21):</b> 167.021°<br>
          <hr>
          <b>Filter Reason(s):</b> Az21 Whole<br>
          <hr>
          <i>Calculation Method: Spherical</i>
        ]]>                
        
            </description>
            <styleUrl>#904</styleUrl>
            <LineString id="902">
                <coordinates>-76.96785270415687,38.86573364111086,0.0 -76.9884528433251,38.93525554614944,0.0</coordinates>
            </LineString>
        </Placemark>
        <Placemark id="907">
            <name>Gs2 → SF06</name>
            <description>
                
        
<![CDATA[
          <b>P1:</b> Gs2<br>
          <b>P2:</b> SF06<br>
          <hr>
          <b>Distance:</b> 13.522 miles<br>
          <hr>
          <u>Path P1 → P2:</u><br>
          <b>Forward Azimuth at P1 (Az12):</b> 309.005°<br>
          <b>Back Azimuth at P2 (BackAz12):</b> 308.882°<br>
          <hr>
          <u>Path P2 → P1:</u><br>
          <b>Forward Azimuth at P2 (Az21):</b> 128.882°<br>
          <b>Back Azimuth at P1 (BackAz21):</b> 129.005°<br>
          <hr>
          <b>Filter Reason(s):</b> Az12 Whole<br>
          <hr>
          <i>Calculation Method: Spherical</i>
        ]]>                
        
            </description>
            <styleUrl>#908</styleUrl>
            <LineString id="906">
                <coordinates>-76.96785270415687,38.86573364111086,0.0 -77.16354886186852,38.98876568157223,0.0</coordinates>
            </LineString>
        </Placemark>
        <Placemark id="911">
            <name>Gs3 → H81</name>
            <description>
                
        
<![CDATA[
          <b>P1:</b> Gs3<br>
          <b>P2:</b> H81<br>
          <hr>
          <b>Distance:</b> 5.411 miles<br>
          <hr>
          <u>Path P1 → P2:</u><br>
          <b>Forward Azimuth at P1 (Az12):</b> 118.992°<br>
          <b>Back Azimuth at P2 (BackAz12):</b> 119.048°<br>
          <hr>
          <u>Path P2 → P1:</u><br>
          <b>Forward Azimuth at P2 (Az21):</b> 299.048°<br>
          <b>Back Azimuth at P1 (BackAz21):</b> 298.992°<br>
          <hr>
          <b>Filter Reason(s):</b> Az12 target:119.00<br>
          <hr>
          <i>Calculation Method: Spherical</i>
        ]]>                
        
            </description>
            <styleUrl>#912</styleUrl>
            <LineString id="910">
                <coordinates>-77.0180027100891,38.92487183560202,0.0 -76.9299762903957,38.88687029383775,0.0</coordinates>
            </LineString>
        </Placemark>
        <Placemark id="915">
            <name>Gs3 → H35</name>
            <description>
                
        
<![CDATA[
          <b>P1:</b> Gs3<br>
          <b>P2:</b> H35<br>
          <hr>
          <b>Distance:</b> 3.331 miles<br>
          <hr>
          <u>Path P1 → P2:</u><br>
          <b>Forward Azimuth at P1 (Az12):</b> 265.010°<br>
          <b>Back Azimuth at P2 (BackAz12):</b> 264.971°<br>
          <hr>
          <u>Path P2 → P1:</u><br>
          <b>Forward Azimuth at P2 (Az21):</b> 84.971°<br>
          <b>Back Azimuth at P1 (BackAz21):</b> 85.010°<br>
          <hr>
          <b>Filter Reason(s):</b> Az12 Whole<br>
          <hr>
          <i>Calculation Method: Spherical</i>
        ]]>                
        
            </description>
            <styleUrl>#916</styleUrl>
            <LineString id="914">
                <coordinates>-77.0180027100891,38.92487183560202,0.0 -77.07975099520537,38.92066077312896,0.0</coordinates>
            </LineString>
        </Placemark>
        <Placemark id="919">
            <name>Gs3 → SF04</name>
            <description>
                
        
<![CDATA[
          <b>P1:</b> Gs3<br>
          <b>P2:</b> SF04<br>
          <hr>
          <b>Distance:</b> 3.315 miles<br>
          <hr>
          <u>Path P1 → P2:</u><br>
          <b>Forward Azimuth at P1 (Az12):</b> 239.037°<br>
          <b>Back Azimuth at P2 (BackAz12):</b> 239.004°<br>
          <hr>
          <u>Path P2 → P1:</u><br>
          <b>Forward Azimuth at P2 (Az21):</b> 59.004°<br>
          <b>Back Azimuth at P1 (BackAz21):</b> 59.037°<br>
          <hr>
          <b>Filter Reason(s):</b> Az21 Whole, Az21 target:59.00<br>
          <hr>
          <i>Calculation Method: Spherical</i>
        ]]>                
        
            </description>
            <styleUrl>#920</styleUrl>
            <LineString id="918">
                <coordinates>-77.0180027100891,38.92487183560202,0.0 -77.07087604008456,38.90017164390296,0.0</coordinates>
            </LineString>
        </Placemark>
        <Placemark id="923">
            <name>Gs4 → Chk04</name>
            <description>
                
        
<![CDATA[
          <b>P1:</b> Gs4<br>
          <b>P2:</b> Chk04<br>
          <hr>
          <b>Distance:</b> 5.848 miles<br>
          <hr>
          <u>Path P1 → P2:</u><br>
          <b>Forward Azimuth at P1 (Az12):</b> 74.929°<br>
          <b>Back Azimuth at P2 (BackAz12):</b> 74.995°<br>
          <hr>
          <u>Path P2 → P1:</u><br>
          <b>Forward Azimuth at P2 (Az21):</b> 254.995°<br>
          <b>Back Azimuth at P1 (BackAz21):</b> 254.929°<br>
          <hr>
          <b>Filter Reason(s):</b> Az21 multiple:15.00<br>
          <hr>
          <i>Calculation Method: Spherical</i>
        ]]>                
        
            </description>
            <styleUrl>#924</styleUrl>
            <LineString id="922">
                <coordinates>-77.09353884670664,38.9132912447494,0.0 -76.9884528433251,38.93525554614944,0.0</coordinates>
            </LineString>
        </Placemark>
        <Placemark id="927">
            <name>Gs4 → Chk06</name>
            <description>
                
        
<![CDATA[
          <b>P1:</b> Gs4<br>
          <b>P2:</b> Chk06<br>
          <hr>
          <b>Distance:</b> 7.310 miles<br>
          <hr>
          <u>Path P1 → P2:</u><br>
          <b>Forward Azimuth at P1 (Az12):</b> 83.006°<br>
          <b>Back Azimuth at P2 (BackAz12):</b> 83.091°<br>
          <hr>
          <u>Path P2 → P1:</u><br>
          <b>Forward Azimuth at P2 (Az21):</b> 263.091°<br>
          <b>Back Azimuth at P1 (BackAz21):</b> 263.006°<br>
          <hr>
          <b>Filter Reason(s):</b> Az12 Whole<br>
          <hr>
          <i>Calculation Method: Spherical</i>
        ]]>                
        
            </description>
            <styleUrl>#928</styleUrl>
            <LineString id="926">
                <coordinates>-77.09353884670664,38.9132912447494,0.0 -76.95853332476764,38.92609741015503,0.0</coordinates>
            </LineString>
        </Placemark>
        <Placemark id="931">
            <name>Gs4 → Chk08</name>
            <description>
                
        
<![CDATA[
          <b>P1:</b> Gs4<br>
          <b>P2:</b> Chk08<br>
          <hr>
          <b>Distance:</b> 3.902 miles<br>
          <hr>
          <u>Path P1 → P2:</u><br>
          <b>Forward Azimuth at P1 (Az12):</b> 168.004°<br>
          <b>Back Azimuth at P2 (BackAz12):</b> 168.014°<br>
          <hr>
          <u>Path P2 → P1:</u><br>
          <b>Forward Azimuth at P2 (Az21):</b> 348.014°<br>
          <b>Back Azimuth at P1 (BackAz21):</b> 348.004°<br>
          <hr>
          <b>Filter Reason(s):</b> Az12 Whole<br>
          <hr>
          <i>Calculation Method: Spherical</i>
        ]]>                
        
            </description>
            <styleUrl>#932</styleUrl>
            <LineString id="930">
                <coordinates>-77.09353884670664,38.9132912447494,0.0 -77.07846439947777,38.8580454440363,0.0</coordinates>
            </LineString>
        </Placemark>
        <Placemark id="935">
            <name>Gs4 → H51</name>
            <description>
                
        
<![CDATA[
          <b>P1:</b> Gs4<br>
          <b>P2:</b> H51<br>
          <hr>
          <b>Distance:</b> 2.367 miles<br>
          <hr>
          <u>Path P1 → P2:</u><br>
          <b>Forward Azimuth at P1 (Az12):</b> 87.981°<br>
          <b>Back Azimuth at P2 (BackAz12):</b> 88.009°<br>
          <hr>
          <u>Path P2 → P1:</u><br>
          <b>Forward Azimuth at P2 (Az21):</b> 268.009°<br>
          <b>Back Azimuth at P1 (BackAz21):</b> 267.981°<br>
          <hr>
          <b>Filter Reason(s):</b> Az21 Whole<br>
          <hr>
          <i>Calculation Method: Spherical</i>
        ]]>                
        
            </description>
            <styleUrl>#936</styleUrl>
            <LineString id="934">
                <coordinates>-77.09353884670664,38.9132912447494,0.0 -77.04953191350309,38.91448986470866,0.0</coordinates>
            </LineString>
        </Placemark>
        <Placemark id="939">
            <name>Gs5 → Chk49</name>
            <description>
                
        
<![CDATA[
          <b>P1:</b> Gs5<br>
          <b>P2:</b> Chk49<br>
          <hr>
          <b>Distance:</b> 2.917 miles<br>
          <hr>
          <u>Path P1 → P2:</u><br>
          <b>Forward Azimuth at P1 (Az12):</b> 277.042°<br>
          <b>Back Azimuth at P2 (BackAz12):</b> 277.009°<br>
          <hr>
          <u>Path P2 → P1:</u><br>
          <b>Forward Azimuth at P2 (Az21):</b> 97.009°<br>
          <b>Back Azimuth at P1 (BackAz21):</b> 97.042°<br>
          <hr>
          <b>Filter Reason(s):</b> Az21 Whole<br>
          <hr>
          <i>Calculation Method: Spherical</i>
        ]]>                
        
            </description>
            <styleUrl>#940</styleUrl>
            <LineString id="938">
                <coordinates>-76.97570336712812,38.90446612895163,0.0 -77.02956862943489,38.90963170613946,0.0</coordinates>
            </LineString>
        </Placemark>
        <Placemark id="943">
            <name>Gs5 → AnOthr01</name>
            <description>
                
        
<![CDATA[
          <b>P1:</b> Gs5<br>
          <b>P2:</b> AnOthr01<br>
          <hr>
          <b>Distance:</b> 2.705 miles<br>
          <hr>
          <u>Path P1 → P2:</u><br>
          <b>Forward Azimuth at P1 (Az12):</b> 205.007°<br>
          <b>Back Azimuth at P2 (BackAz12):</b> 204.994°<br>
          <hr>
          <u>Path P2 → P1:</u><br>
          <b>Forward Azimuth at P2 (Az21):</b> 24.994°<br>
          <b>Back Azimuth at P1 (BackAz21):</b> 25.007°<br>
          <hr>
          <b>Filter Reason(s):</b> Az12 Whole<br>
          <hr>
          <i>Calculation Method: Spherical</i>
        ]]>                
        
            </description>
            <styleUrl>#944</styleUrl>
            <LineString id="942">
                <coordinates>-76.97570336712812,38.90446612895163,0.0 -76.99696100301952,38.86898287196977,0.0</coordinates>
            </LineString>
        </Placemark>
        <Placemark id="947">
            <name>Gs6 → Chk45</name>
            <description>
                
        
<![CDATA[
          <b>P1:</b> Gs6<br>
          <b>P2:</b> Chk45<br>
          <hr>
          <b>Distance:</b> 4.782 miles<br>
          <hr>
          <u>Path P1 → P2:</u><br>
          <b>Forward Azimuth at P1 (Az12):</b> 86.001°<br>
          <b>Back Azimuth at P2 (BackAz12):</b> 86.057°<br>
          <hr>
          <u>Path P2 → P1:</u><br>
          <b>Forward Azimuth at P2 (Az21):</b> 266.057°<br>
          <b>Back Azimuth at P1 (BackAz21):</b> 266.001°<br>
          <hr>
          <b>Filter Reason(s):</b> Az12 Whole<br>
          <hr>
          <i>Calculation Method: Spherical</i>
        ]]>                
        
            </description>
            <styleUrl>#948</styleUrl>
            <LineString id="946">
                <coordinates>-77.11066858924072,38.94253116241286,0.0 -77.02188334594942,38.94732510830963,0.0</coordinates>
            </LineString>
        </Placemark>
        <Placemark id="951">
            <name>Gs6 → H39</name>
            <description>
                
        
<![CDATA[
          <b>P1:</b> Gs6<br>
          <b>P2:</b> H39<br>
          <hr>
          <b>Distance:</b> 7.262 miles<br>
          <hr>
          <u>Path P1 → P2:</u><br>
          <b>Forward Azimuth at P1 (Az12):</b> 257.087°<br>
          <b>Back Azimuth at P2 (BackAz12):</b> 257.005°<br>
          <hr>
          <u>Path P2 → P1:</u><br>
          <b>Forward Azimuth at P2 (Az21):</b> 77.005°<br>
          <b>Back Azimuth at P1 (BackAz21):</b> 77.087°<br>
          <hr>
          <b>Filter Reason(s):</b> Az21 Whole<br>
          <hr>
          <i>Calculation Method: Spherical</i>
        ]]>                
        
            </description>
            <styleUrl>#952</styleUrl>
            <LineString id="950">
                <coordinates>-77.11066858924072,38.94253116241286,0.0 -77.24236058241425,38.9189665077175,0.0</coordinates>
            </LineString>
        </Placemark>
        <Placemark id="955">
            <name>Gs7 → Chk27</name>
            <description>
                
        
<![CDATA[
          <b>P1:</b> Gs7<br>
          <b>P2:</b> Chk27<br>
          <hr>
          <b>Distance:</b> 4.430 miles<br>
          <hr>
          <u>Path P1 → P2:</u><br>
          <b>Forward Azimuth at P1 (Az12):</b> 35.960°<br>
          <b>Back Azimuth at P2 (BackAz12):</b> 35.990°<br>
          <hr>
          <u>Path P2 → P1:</u><br>
          <b>Forward Azimuth at P2 (Az21):</b> 215.990°<br>
          <b>Back Azimuth at P1 (BackAz21):</b> 215.960°<br>
          <hr>
          <b>Filter Reason(s):</b> Az21 multiple:18.00<br>
          <hr>
          <i>Calculation Method: Spherical</i>
        ]]>                
        
            </description>
            <styleUrl>#956</styleUrl>
            <LineString id="954">
                <coordinates>-77.11677799130699,38.91601482291505,0.0 -77.06834544975686,38.96791103163879,0.0</coordinates>
            </LineString>
        </Placemark>
        <Placemark id="959">
            <name>Gs8 → Chk41</name>
            <description>
                
        
<![CDATA[
          <b>P1:</b> Gs8<br>
          <b>P2:</b> Chk41<br>
          <hr>
          <b>Distance:</b> 4.823 miles<br>
          <hr>
          <u>Path P1 → P2:</u><br>
          <b>Forward Azimuth at P1 (Az12):</b> 72.007°<br>
          <b>Back Azimuth at P2 (BackAz12):</b> 72.060°<br>
          <hr>
          <u>Path P2 → P1:</u><br>
          <b>Forward Azimuth at P2 (Az21):</b> 252.060°<br>
          <b>Back Azimuth at P1 (BackAz21):</b> 252.007°<br>
          <hr>
          <b>Filter Reason(s):</b> Az12 Whole, Az12 multiple:18.00<br>
          <hr>
          <i>Calculation Method: Spherical</i>
        ]]>                
        
            </description>
            <styleUrl>#960</styleUrl>
            <LineString id="958">
                <coordinates>-77.04288644534626,38.89107936946611,0.0 -76.9575387987198,38.91261730408393,0.0</coordinates>
            </LineString>
        </Placemark>
        <Placemark id="963">
            <name>Gs8 → H31</name>
            <description>
                
        
<![CDATA[
          <b>P1:</b> Gs8<br>
          <b>P2:</b> H31<br>
          <hr>
          <b>Distance:</b> 3.932 miles<br>
          <hr>
          <u>Path P1 → P2:</u><br>
          <b>Forward Azimuth at P1 (Az12):</b> 316.039°<br>
          <b>Back Azimuth at P2 (BackAz12):</b> 316.007°<br>
          <hr>
          <u>Path P2 → P1:</u><br>
          <b>Forward Azimuth at P2 (Az21):</b> 136.007°<br>
          <b>Back Azimuth at P1 (BackAz21):</b> 136.039°<br>
          <hr>
          <b>Filter Reason(s):</b> Az21 Whole, Az21 target:136.00<br>
          <hr>
          <i>Calculation Method: Spherical</i>
        ]]>                
        
            </description>
            <styleUrl>#964</styleUrl>
            <LineString id="962">
                <coordinates>-77.04288644534626,38.89107936946611,0.0 -77.09367738494352,38.93203756982007,0.0</coordinates>
            </LineString>
        </Placemark>
        <Placemark id="967">
            <name>Gs9 → I014</name>
            <description>
                
        
<![CDATA[
          <b>P1:</b> Gs9<br>
          <b>P2:</b> I014<br>
          <hr>
          <b>Distance:</b> 7.788 miles<br>
          <hr>
          <u>Path P1 → P2:</u><br>
          <b>Forward Azimuth at P1 (Az12):</b> 359.999°<br>
          <b>Back Azimuth at P2 (BackAz12):</b> 359.999°<br>
          <hr>
          <u>Path P2 → P1:</u><br>
          <b>Forward Azimuth at P2 (Az21):</b> 179.999°<br>
          <b>Back Azimuth at P1 (BackAz21):</b> 179.999°<br>
          <hr>
          <b>Filter Reason(s):</b> Az12 multiple:15.00, Az12 multiple:18.00, Az21 multiple:15.00, Az21 multiple:18.00<br>
          <hr>
          <i>Calculation Method: Spherical</i>
        ]]>                
        
            </description>
            <styleUrl>#968</styleUrl>
            <LineString id="966">
                <coordinates>-77.03197308076226,38.79290977473043,0.0 -77.03197530601018,38.90564871624386,0.0</coordinates>
            </LineString>
        </Placemark>
        <Placemark id="971">
            <name>Gs9 → Chk12</name>
            <description>
                
        
<![CDATA[
          <b>P1:</b> Gs9<br>
          <b>P2:</b> Chk12<br>
          <hr>
          <b>Distance:</b> 8.181 miles<br>
          <hr>
          <u>Path P1 → P2:</u><br>
          <b>Forward Azimuth at P1 (Az12):</b> 35.997°<br>
          <b>Back Azimuth at P2 (BackAz12):</b> 36.053°<br>
          <hr>
          <u>Path P2 → P1:</u><br>
          <b>Forward Azimuth at P2 (Az21):</b> 216.053°<br>
          <b>Back Azimuth at P1 (BackAz21):</b> 215.997°<br>
          <hr>
          <b>Filter Reason(s):</b> Az12 multiple:18.00<br>
          <hr>
          <i>Calculation Method: Spherical</i>
        ]]>                
        
            </description>
            <styleUrl>#972</styleUrl>
            <LineString id="970">
                <coordinates>-77.03197308076226,38.79290977473043,0.0 -76.9425428132187,38.88869436289873,0.0</coordinates>
            </LineString>
        </Placemark>
        <Placemark id="975">
            <name>Gs9 → Chk50</name>
            <description>
                
        
<![CDATA[
          <b>P1:</b> Gs9<br>
          <b>P2:</b> Chk50<br>
          <hr>
          <b>Distance:</b> 6.840 miles<br>
          <hr>
          <u>Path P1 → P2:</u><br>
          <b>Forward Azimuth at P1 (Az12):</b> 338.005°<br>
          <b>Back Azimuth at P2 (BackAz12):</b> 337.975°<br>
          <hr>
          <u>Path P2 → P1:</u><br>
          <b>Forward Azimuth at P2 (Az21):</b> 157.975°<br>
          <b>Back Azimuth at P1 (BackAz21):</b> 158.005°<br>
          <hr>
          <b>Filter Reason(s):</b> Az12 Whole<br>
          <hr>
          <i>Calculation Method: Spherical</i>
        ]]>                
        
            </description>
            <styleUrl>#976</styleUrl>
            <LineString id="974">
                <coordinates>-77.03197308076226,38.79290977473043,0.0 -77.07961687570274,38.88471525220831,0.0</coordinates>
            </LineString>
        </Placemark>
        <Placemark id="979">
            <name>Gs9 → RK</name>
            <description>
                
        
<![CDATA[
          <b>P1:</b> Gs9<br>
          <b>P2:</b> RK<br>
          <hr>
          <b>Distance:</b> 4.323 miles<br>
          <hr>
          <u>Path P1 → P2:</u><br>
          <b>Forward Azimuth at P1 (Az12):</b> 6.010°<br>
          <b>Back Azimuth at P2 (BackAz12):</b> 6.015°<br>
          <hr>
          <u>Path P2 → P1:</u><br>
          <b>Forward Azimuth at P2 (Az21):</b> 186.015°<br>
          <b>Back Azimuth at P1 (BackAz21):</b> 186.010°<br>
          <hr>
          <b>Filter Reason(s):</b> Az12 Whole<br>
          <hr>
          <i>Calculation Method: Spherical</i>
        ]]>                
        
            </description>
            <styleUrl>#980</styleUrl>
            <LineString id="978">
                <coordinates>-77.03197308076226,38.79290977473043,0.0 -77.02356040000001,38.85513800000002,0.0</coordinates>
            </LineString>
        </Placemark>
        <Placemark id="983">
            <name>Gs9 → Pk05</name>
            <description>
                
        
<![CDATA[
          <b>P1:</b> Gs9<br>
          <b>P2:</b> Pk05<br>
          <hr>
          <b>Distance:</b> 69.361 miles<br>
          <hr>
          <u>Path P1 → P2:</u><br>
          <b>Forward Azimuth at P1 (Az12):</b> 278.003°<br>
          <b>Back Azimuth at P2 (BackAz12):</b> 277.201°<br>
          <hr>
          <u>Path P2 → P1:</u><br>
          <b>Forward Azimuth at P2 (Az21):</b> 97.201°<br>
          <b>Back Azimuth at P1 (BackAz21):</b> 98.003°<br>
          <hr>
          <b>Filter Reason(s):</b> Az12 Whole<br>
          <hr>
          <i>Calculation Method: Spherical</i>
        ]]>                
        
            </description>
            <styleUrl>#984</styleUrl>
            <LineString id="982">
                <coordinates>-77.03197308076226,38.79290977473043,0.0 -78.31007370765774,38.92574773485303,0.0</coordinates>
            </LineString>
        </Placemark>
        <Placemark id="987">
            <name>H11 → H69</name>
            <description>
                
        
<![CDATA[
          <b>P1:</b> H11<br>
          <b>P2:</b> H69<br>
          <hr>
          <b>Distance:</b> 4.500 miles<br>
          <hr>
          <u>Path P1 → P2:</u><br>
          <b>Forward Azimuth at P1 (Az12):</b> 233.997°<br>
          <b>Back Azimuth at P2 (BackAz12):</b> 233.955°<br>
          <hr>
          <u>Path P2 → P1:</u><br>
          <b>Forward Azimuth at P2 (Az21):</b> 53.955°<br>
          <b>Back Azimuth at P1 (BackAz21):</b> 53.997°<br>
          <hr>
          <b>Filter Reason(s):</b> Az12 multiple:18.00<br>
          <hr>
          <i>Calculation Method: Spherical</i>
        ]]>                
        
            </description>
            <styleUrl>#988</styleUrl>
            <LineString id="986">
                <coordinates>-77.0046483262631,38.9146495509119,0.0 -77.07234178427055,38.87633745296441,0.0</coordinates>
            </LineString>
        </Placemark>
        <Placemark id="991">
            <name>H11 → H42</name>
            <description>
                
        
<![CDATA[
          <b>P1:</b> H11<br>
          <b>P2:</b> H42<br>
          <hr>
          <b>Distance:</b> 6.179 miles<br>
          <hr>
          <u>Path P1 → P2:</u><br>
          <b>Forward Azimuth at P1 (Az12):</b> 185.003°<br>
          <b>Back Azimuth at P2 (BackAz12):</b> 184.997°<br>
          <hr>
          <u>Path P2 → P1:</u><br>
          <b>Forward Azimuth at P2 (Az21):</b> 4.997°<br>
          <b>Back Azimuth at P1 (BackAz21):</b> 5.003°<br>
          <hr>
          <b>Filter Reason(s):</b> Az12 Whole<br>
          <hr>
          <i>Calculation Method: Spherical</i>
        ]]>                
        
            </description>
            <styleUrl>#992</styleUrl>
            <LineString id="990">
                <coordinates>-77.0046483262631,38.9146495509119,0.0 -77.01466103512618,38.82554707680318,0.0</coordinates>
            </LineString>
        </Placemark>
        <Placemark id="995">
            <name>H11 → SF06</name>
            <description>
                
        
<![CDATA[
          <b>P1:</b> H11<br>
          <b>P2:</b> SF06<br>
          <hr>
          <b>Distance:</b> 9.954 miles<br>
          <hr>
          <u>Path P1 → P2:</u><br>
          <b>Forward Azimuth at P1 (Az12):</b> 301.004°<br>
          <b>Back Azimuth at P2 (BackAz12):</b> 300.904°<br>
          <hr>
          <u>Path P2 → P1:</u><br>
          <b>Forward Azimuth at P2 (Az21):</b> 120.904°<br>
          <b>Back Azimuth at P1 (BackAz21):</b> 121.004°<br>
          <hr>
          <b>Filter Reason(s):</b> Az12 Whole<br>
          <hr>
          <i>Calculation Method: Spherical</i>
        ]]>                
        
            </description>
            <styleUrl>#996</styleUrl>
            <LineString id="994">
                <coordinates>-77.0046483262631,38.9146495509119,0.0 -77.16354886186852,38.98876568157223,0.0</coordinates>
            </LineString>
        </Placemark>
        <Placemark id="999">
            <name>H12 → H31</name>
            <description>
                
        
<![CDATA[
          <b>P1:</b> H12<br>
          <b>P2:</b> H31<br>
          <hr>
          <b>Distance:</b> 7.849 miles<br>
          <hr>
          <u>Path P1 → P2:</u><br>
          <b>Forward Azimuth at P1 (Az12):</b> 276.099°<br>
          <b>Back Azimuth at P2 (BackAz12):</b> 276.008°<br>
          <hr>
          <u>Path P2 → P1:</u><br>
          <b>Forward Azimuth at P2 (Az21):</b> 96.008°<br>
          <b>Back Azimuth at P1 (BackAz21):</b> 96.099°<br>
          <hr>
          <b>Filter Reason(s):</b> Az21 Whole<br>
          <hr>
          <i>Calculation Method: Spherical</i>
        ]]>                
        
            </description>
            <styleUrl>#1000</styleUrl>
            <LineString id="998">
                <coordinates>-76.94844865915428,38.92005589287478,0.0 -77.09367738494352,38.93203756982007,0.0</coordinates>
            </LineString>
        </Placemark>
        <Placemark id="1003">
            <name>H17 → H35</name>
            <description>
                
        
<![CDATA[
          <b>P1:</b> H17<br>
          <b>P2:</b> H35<br>
          <hr>
          <b>Distance:</b> 2.753 miles<br>
          <hr>
          <u>Path P1 → P2:</u><br>
          <b>Forward Azimuth at P1 (Az12):</b> 352.009°<br>
          <b>Back Azimuth at P2 (BackAz12):</b> 352.004°<br>
          <hr>
          <u>Path P2 → P1:</u><br>
          <b>Forward Azimuth at P2 (Az21):</b> 172.004°<br>
          <b>Back Azimuth at P1 (BackAz21):</b> 172.009°<br>
          <hr>
          <b>Filter Reason(s):</b> Az12 Whole, Az21 Whole, Az21 target:172.00<br>
          <hr>
          <i>Calculation Method: Spherical</i>
        ]]>                
        
            </description>
            <styleUrl>#1004</styleUrl>
            <LineString id="1002">
                <coordinates>-77.07263105649967,38.88120136333437,0.0 -77.07975099520537,38.92066077312896,0.0</coordinates>
            </LineString>
        </Placemark>
        <Placemark id="1007">
            <name>H17 → H39</name>
            <description>
                
        
<![CDATA[
          <b>P1:</b> H17<br>
          <b>P2:</b> H39<br>
          <hr>
          <b>Distance:</b> 9.490 miles<br>
          <hr>
          <u>Path P1 → P2:</u><br>
          <b>Forward Azimuth at P1 (Az12):</b> 286.009°<br>
          <b>Back Azimuth at P2 (BackAz12):</b> 285.902°<br>
          <hr>
          <u>Path P2 → P1:</u><br>
          <b>Forward Azimuth at P2 (Az21):</b> 105.902°<br>
          <b>Back Azimuth at P1 (BackAz21):</b> 106.009°<br>
          <hr>
          <b>Filter Reason(s):</b> Az12 Whole<br>
          <hr>
          <i>Calculation Method: Spherical</i>
        ]]>                
        
            </description>
            <styleUrl>#1008</styleUrl>
            <LineString id="1006">
                <coordinates>-77.07263105649967,38.88120136333437,0.0 -77.24236058241425,38.9189665077175,0.0</coordinates>
            </LineString>
        </Placemark>
        <Placemark id="1011">
            <name>H22 → H42</name>
            <description>
                
        
<![CDATA[
          <b>P1:</b> H22<br>
          <b>P2:</b> H42<br>
          <hr>
          <b>Distance:</b> 7.502 miles<br>
          <hr>
          <u>Path P1 → P2:</u><br>
          <b>Forward Azimuth at P1 (Az12):</b> 161.000°<br>
          <b>Back Azimuth at P2 (BackAz12):</b> 161.029°<br>
          <hr>
          <u>Path P2 → P1:</u><br>
          <b>Forward Azimuth at P2 (Az21):</b> 341.029°<br>
          <b>Back Azimuth at P1 (BackAz21):</b> 341.000°<br>
          <hr>
          <b>Filter Reason(s):</b> Az12 Whole<br>
          <hr>
          <i>Calculation Method: Spherical</i>
        ]]>                
        
            </description>
            <styleUrl>#1012</styleUrl>
            <LineString id="1010">
                <coordinates>-77.06004232078331,38.92823446130691,0.0 -77.01466103512618,38.82554707680318,0.0</coordinates>
            </LineString>
        </Placemark>
        <Placemark id="1015">
            <name>H24 → H31</name>
            <description>
                
        
<![CDATA[
          <b>P1:</b> H24<br>
          <b>P2:</b> H31<br>
          <hr>
          <b>Distance:</b> 1.609 miles<br>
          <hr>
          <u>Path P1 → P2:</u><br>
          <b>Forward Azimuth at P1 (Az12):</b> 309.002°<br>
          <b>Back Azimuth at P2 (BackAz12):</b> 308.987°<br>
          <hr>
          <u>Path P2 → P1:</u><br>
          <b>Forward Azimuth at P2 (Az21):</b> 128.987°<br>
          <b>Back Azimuth at P1 (BackAz21):</b> 129.002°<br>
          <hr>
          <b>Filter Reason(s):</b> Az12 Whole<br>
          <hr>
          <i>Calculation Method: Spherical</i>
        ]]>                
        
            </description>
            <styleUrl>#1016</styleUrl>
            <LineString id="1014">
                <coordinates>-77.0704105785321,38.91738246946505,0.0 -77.09367738494352,38.93203756982007,0.0</coordinates>
            </LineString>
        </Placemark>
        <Placemark id="1019">
            <name>H27 → H60</name>
            <description>
                
        
<![CDATA[
          <b>P1:</b> H27<br>
          <b>P2:</b> H60<br>
          <hr>
          <b>Distance:</b> 15.485 miles<br>
          <hr>
          <u>Path P1 → P2:</u><br>
          <b>Forward Azimuth at P1 (Az12):</b> 64.000°<br>
          <b>Back Azimuth at P2 (BackAz12):</b> 64.163°<br>
          <hr>
          <u>Path P2 → P1:</u><br>
          <b>Forward Azimuth at P2 (Az21):</b> 244.163°<br>
          <b>Back Azimuth at P1 (BackAz21):</b> 244.000°<br>
          <hr>
          <b>Filter Reason(s):</b> Az12 Whole<br>
          <hr>
          <i>Calculation Method: Spherical</i>
        ]]>                
        
            </description>
            <styleUrl>#1020</styleUrl>
            <LineString id="1018">
                <coordinates>-77.17620182600818,38.83334538875507,0.0 -76.91720945574568,38.93132296535497,0.0</coordinates>
            </LineString>
        </Placemark>
        <Placemark id="1023">
            <name>H27 → H65</name>
            <description>
                
        
<![CDATA[
          <b>P1:</b> H27<br>
          <b>P2:</b> H65<br>
          <hr>
          <b>Distance:</b> 10.830 miles<br>
          <hr>
          <u>Path P1 → P2:</u><br>
          <b>Forward Azimuth at P1 (Az12):</b> 56.902°<br>
          <b>Back Azimuth at P2 (BackAz12):</b> 57.008°<br>
          <hr>
          <u>Path P2 → P1:</u><br>
          <b>Forward Azimuth at P2 (Az21):</b> 237.008°<br>
          <b>Back Azimuth at P1 (BackAz21):</b> 236.902°<br>
          <hr>
          <b>Filter Reason(s):</b> Az21 Whole<br>
          <hr>
          <i>Calculation Method: Spherical</i>
        ]]>                
        
            </description>
            <styleUrl>#1024</styleUrl>
            <LineString id="1022">
                <coordinates>-77.17620182600818,38.83334538875507,0.0 -77.00739402065348,38.91883509061264,0.0</coordinates>
            </LineString>
        </Placemark>
        <Placemark id="1027">
            <name>H28 → H39</name>
            <description>
                
        
<![CDATA[
          <b>P1:</b> H28<br>
          <b>P2:</b> H39<br>
          <hr>
          <b>Distance:</b> 6.194 miles<br>
          <hr>
          <u>Path P1 → P2:</u><br>
          <b>Forward Azimuth at P1 (Az12):</b> 279.003°<br>
          <b>Back Azimuth at P2 (BackAz12):</b> 278.931°<br>
          <hr>
          <u>Path P2 → P1:</u><br>
          <b>Forward Azimuth at P2 (Az21):</b> 98.931°<br>
          <b>Back Azimuth at P1 (BackAz21):</b> 99.003°<br>
          <hr>
          <b>Filter Reason(s):</b> Az12 Whole<br>
          <hr>
          <i>Calculation Method: Spherical</i>
        ]]>                
        
            </description>
            <styleUrl>#1028</styleUrl>
            <LineString id="1026">
                <coordinates>-77.12853595395019,38.90499081362246,0.0 -77.24236058241425,38.9189665077175,0.0</coordinates>
            </LineString>
        </Placemark>
        <Placemark id="1031">
            <name>H28 → SF06</name>
            <description>
                
        
<![CDATA[
          <b>P1:</b> H28<br>
          <b>P2:</b> SF06<br>
          <hr>
          <b>Distance:</b> 6.085 miles<br>
          <hr>
          <u>Path P1 → P2:</u><br>
          <b>Forward Azimuth at P1 (Az12):</b> 342.005°<br>
          <b>Back Azimuth at P2 (BackAz12):</b> 341.983°<br>
          <hr>
          <u>Path P2 → P1:</u><br>
          <b>Forward Azimuth at P2 (Az21):</b> 161.983°<br>
          <b>Back Azimuth at P1 (BackAz21):</b> 162.005°<br>
          <hr>
          <b>Filter Reason(s):</b> Az12 Whole, Az12 multiple:18.00<br>
          <hr>
          <i>Calculation Method: Spherical</i>
        ]]>                
        
            </description>
            <styleUrl>#1032</styleUrl>
            <LineString id="1030">
                <coordinates>-77.12853595395019,38.90499081362246,0.0 -77.16354886186852,38.98876568157223,0.0</coordinates>
            </LineString>
        </Placemark>
        <Placemark id="1035">
            <name>H29 → SF01</name>
            <description>
                
        
<![CDATA[
          <b>P1:</b> H29<br>
          <b>P2:</b> SF01<br>
          <hr>
          <b>Distance:</b> 2.225 miles<br>
          <hr>
          <u>Path P1 → P2:</u><br>
          <b>Forward Azimuth at P1 (Az12):</b> 110.010°<br>
          <b>Back Azimuth at P2 (BackAz12):</b> 110.034°<br>
          <hr>
          <u>Path P2 → P1:</u><br>
          <b>Forward Azimuth at P2 (Az21):</b> 290.034°<br>
          <b>Back Azimuth at P1 (BackAz21):</b> 290.010°<br>
          <hr>
          <b>Filter Reason(s):</b> Az12 Whole<br>
          <hr>
          <i>Calculation Method: Spherical</i>
        ]]>                
        
            </description>
            <styleUrl>#1036</styleUrl>
            <LineString id="1034">
                <coordinates>-77.12474875900264,38.91226863882422,0.0 -77.08586335465753,38.90124200833564,0.0</coordinates>
            </LineString>
        </Placemark>
        <Placemark id="1039">
            <name>H31 → H38</name>
            <description>
                
        
<![CDATA[
          <b>P1:</b> H31<br>
          <b>P2:</b> H38<br>
          <hr>
          <b>Distance:</b> 11.416 miles<br>
          <hr>
          <u>Path P1 → P2:</u><br>
          <b>Forward Azimuth at P1 (Az12):</b> 266.006°<br>
          <b>Back Azimuth at P2 (BackAz12):</b> 265.873°<br>
          <hr>
          <u>Path P2 → P1:</u><br>
          <b>Forward Azimuth at P2 (Az21):</b> 85.873°<br>
          <b>Back Azimuth at P1 (BackAz21):</b> 86.006°<br>
          <hr>
          <b>Filter Reason(s):</b> Az12 Whole<br>
          <hr>
          <i>Calculation Method: Spherical</i>
        ]]>                
        
            </description>
            <styleUrl>#1040</styleUrl>
            <LineString id="1038">
                <coordinates>-77.09367738494352,38.93203756982007,0.0 -77.30556025520397,38.92033648688445,0.0</coordinates>
            </LineString>
        </Placemark>
        <Placemark id="1043">
            <name>H31 → Pk05</name>
            <description>
                
        
<![CDATA[
          <b>P1:</b> H31<br>
          <b>P2:</b> Pk05<br>
          <hr>
          <b>Distance:</b> 65.369 miles<br>
          <hr>
          <u>Path P1 → P2:</u><br>
          <b>Forward Azimuth at P1 (Az12):</b> 270.001°<br>
          <b>Back Azimuth at P2 (BackAz12):</b> 269.237°<br>
          <hr>
          <u>Path P2 → P1:</u><br>
          <b>Forward Azimuth at P2 (Az21):</b> 89.237°<br>
          <b>Back Azimuth at P1 (BackAz21):</b> 90.001°<br>
          <hr>
          <b>Filter Reason(s):</b> Az12 Whole, Az12 multiple:15.00, Az12 multiple:18.00<br>
          <hr>
          <i>Calculation Method: Spherical</i>
        ]]>                
        
            </description>
            <styleUrl>#1044</styleUrl>
            <LineString id="1042">
                <coordinates>-77.09367738494352,38.93203756982007,0.0 -78.31007370765774,38.92574773485303,0.0</coordinates>
            </LineString>
        </Placemark>
        <Placemark id="1047">
            <name>H32 → SF02</name>
            <description>
                
        
<![CDATA[
          <b>P1:</b> H32<br>
          <b>P2:</b> SF02<br>
          <hr>
          <b>Distance:</b> 1.602 miles<br>
          <hr>
          <u>Path P1 → P2:</u><br>
          <b>Forward Azimuth at P1 (Az12):</b> 179.008°<br>
          <b>Back Azimuth at P2 (BackAz12):</b> 179.008°<br>
          <hr>
          <u>Path P2 → P1:</u><br>
          <b>Forward Azimuth at P2 (Az21):</b> 359.008°<br>
          <b>Back Azimuth at P1 (BackAz21):</b> 359.008°<br>
          <hr>
          <b>Filter Reason(s):</b> Az12 Whole, Az12 target:179.00, Az21 Whole, Az21 target:359.00<br>
          <hr>
          <i>Calculation Method: Spherical</i>
        ]]>                
        
            </description>
            <styleUrl>#1048</styleUrl>
            <LineString id="1046">
                <coordinates>-77.09063005508365,38.9243596243616,0.0 -77.0901139945135,38.90117456916591,0.0</coordinates>
            </LineString>
        </Placemark>
        <Placemark id="1051">
            <name>H33 → H98</name>
            <description>
                
        
<![CDATA[
          <b>P1:</b> H33<br>
          <b>P2:</b> H98<br>
          <hr>
          <b>Distance:</b> 4.343 miles<br>
          <hr>
          <u>Path P1 → P2:</u><br>
          <b>Forward Azimuth at P1 (Az12):</b> 67.009°<br>
          <b>Back Azimuth at P2 (BackAz12):</b> 67.056°<br>
          <hr>
          <u>Path P2 → P1:</u><br>
          <b>Forward Azimuth at P2 (Az21):</b> 247.056°<br>
          <b>Back Azimuth at P1 (BackAz21):</b> 247.009°<br>
          <hr>
          <b>Filter Reason(s):</b> Az12 Whole<br>
          <hr>
          <i>Calculation Method: Spherical</i>
        ]]>                
        
            </description>
            <styleUrl>#1052</styleUrl>
            <LineString id="1050">
                <coordinates>-77.11324805943606,38.92053966660955,0.0 -77.0388345966892,38.9450714821746,0.0</coordinates>
            </LineString>
        </Placemark>
        <Placemark id="1055">
            <name>H44 → H39</name>
            <description>
                
        
<![CDATA[
          <b>P1:</b> H44<br>
          <b>P2:</b> H39<br>
          <hr>
          <b>Distance:</b> 7.074 miles<br>
          <hr>
          <u>Path P1 → P2:</u><br>
          <b>Forward Azimuth at P1 (Az12):</b> 279.001°<br>
          <b>Back Azimuth at P2 (BackAz12):</b> 278.919°<br>
          <hr>
          <u>Path P2 → P1:</u><br>
          <b>Forward Azimuth at P2 (Az21):</b> 98.919°<br>
          <b>Back Azimuth at P1 (BackAz21):</b> 99.001°<br>
          <hr>
          <b>Filter Reason(s):</b> Az12 Whole<br>
          <hr>
          <i>Calculation Method: Spherical</i>
        ]]>                
        
            </description>
            <styleUrl>#1056</styleUrl>
            <LineString id="1054">
                <coordinates>-77.1123682030325,38.90301800526387,0.0 -77.24236058241425,38.9189665077175,0.0</coordinates>
            </LineString>
        </Placemark>
        <Placemark id="1059">
            <name>H44 → H65</name>
            <description>
                
        
<![CDATA[
          <b>P1:</b> H44<br>
          <b>P2:</b> H65<br>
          <hr>
          <b>Distance:</b> 5.747 miles<br>
          <hr>
          <u>Path P1 → P2:</u><br>
          <b>Forward Azimuth at P1 (Az12):</b> 79.008°<br>
          <b>Back Azimuth at P2 (BackAz12):</b> 79.074°<br>
          <hr>
          <u>Path P2 → P1:</u><br>
          <b>Forward Azimuth at P2 (Az21):</b> 259.074°<br>
          <b>Back Azimuth at P1 (BackAz21):</b> 259.008°<br>
          <hr>
          <b>Filter Reason(s):</b> Az12 Whole<br>
          <hr>
          <i>Calculation Method: Spherical</i>
        ]]>                
        
            </description>
            <styleUrl>#1060</styleUrl>
            <LineString id="1058">
                <coordinates>-77.1123682030325,38.90301800526387,0.0 -77.00739402065348,38.91883509061264,0.0</coordinates>
            </LineString>
        </Placemark>
        <Placemark id="1063">
            <name>H52 → H56</name>
            <description>
                
        
<![CDATA[
          <b>P1:</b> H52<br>
          <b>P2:</b> H56<br>
          <hr>
          <b>Distance:</b> 0.845 miles<br>
          <hr>
          <u>Path P1 → P2:</u><br>
          <b>Forward Azimuth at P1 (Az12):</b> 121.010°<br>
          <b>Back Azimuth at P2 (BackAz12):</b> 121.018°<br>
          <hr>
          <u>Path P2 → P1:</u><br>
          <b>Forward Azimuth at P2 (Az21):</b> 301.018°<br>
          <b>Back Azimuth at P1 (BackAz21):</b> 301.010°<br>
          <hr>
          <b>Filter Reason(s):</b> Az12 Whole, Az12 target:121.00<br>
          <hr>
          <i>Calculation Method: Spherical</i>
        ]]>                
        
            </description>
            <styleUrl>#1064</styleUrl>
            <LineString id="1062">
                <coordinates>-77.0746835467705,38.92312150962155,0.0 -77.06120140091524,38.91681538320637,0.0</coordinates>
            </LineString>
        </Placemark>
        <Placemark id="1067">
            <name>H60 → Pk02</name>
            <description>
                
        
<![CDATA[
          <b>P1:</b> H60<br>
          <b>P2:</b> Pk02<br>
          <hr>
          <b>Distance:</b> 52.201 miles<br>
          <hr>
          <u>Path P1 → P2:</u><br>
          <b>Forward Azimuth at P1 (Az12):</b> 313.452°<br>
          <b>Back Azimuth at P2 (BackAz12):</b> 313.003°<br>
          <hr>
          <u>Path P2 → P1:</u><br>
          <b>Forward Azimuth at P2 (Az21):</b> 133.003°<br>
          <b>Back Azimuth at P1 (BackAz21):</b> 133.452°<br>
          <hr>
          <b>Filter Reason(s):</b> Az21 Whole<br>
          <hr>
          <i>Calculation Method: Spherical</i>
        ]]>                
        
            </description>
            <styleUrl>#1068</styleUrl>
            <LineString id="1066">
                <coordinates>-76.91720945574568,38.93132296535497,0.0 -77.627618,39.448887,0.0</coordinates>
            </LineString>
        </Placemark>
        <Placemark id="1071">
            <name>H67 → H98</name>
            <description>
                
        
<![CDATA[
          <b>P1:</b> H67<br>
          <b>P2:</b> H98<br>
          <hr>
          <b>Distance:</b> 3.392 miles<br>
          <hr>
          <u>Path P1 → P2:</u><br>
          <b>Forward Azimuth at P1 (Az12):</b> 52.978°<br>
          <b>Back Azimuth at P2 (BackAz12):</b> 53.010°<br>
          <hr>
          <u>Path P2 → P1:</u><br>
          <b>Forward Azimuth at P2 (Az21):</b> 233.010°<br>
          <b>Back Azimuth at P1 (BackAz21):</b> 232.978°<br>
          <hr>
          <b>Filter Reason(s):</b> Az21 Whole<br>
          <hr>
          <i>Calculation Method: Spherical</i>
        ]]>                
        
            </description>
            <styleUrl>#1072</styleUrl>
            <LineString id="1070">
                <coordinates>-77.08923640277803,38.91551942120227,0.0 -77.0388345966892,38.9450714821746,0.0</coordinates>
            </LineString>
        </Placemark>
        <Placemark id="1075">
            <name>H67 → H32</name>
            <description>
                
        
<![CDATA[
          <b>P1:</b> H67<br>
          <b>P2:</b> H32<br>
          <hr>
          <b>Distance:</b> 0.615 miles<br>
          <hr>
          <u>Path P1 → P2:</u><br>
          <b>Forward Azimuth at P1 (Az12):</b> 353.008°<br>
          <b>Back Azimuth at P2 (BackAz12):</b> 353.007°<br>
          <hr>
          <u>Path P2 → P1:</u><br>
          <b>Forward Azimuth at P2 (Az21):</b> 173.007°<br>
          <b>Back Azimuth at P1 (BackAz21):</b> 173.008°<br>
          <hr>
          <b>Filter Reason(s):</b> Az12 Whole, Az21 Whole<br>
          <hr>
          <i>Calculation Method: Spherical</i>
        ]]>                
        
            </description>
            <styleUrl>#1076</styleUrl>
            <LineString id="1074">
                <coordinates>-77.08923640277803,38.91551942120227,0.0 -77.09063005508365,38.9243596243616,0.0</coordinates>
            </LineString>
        </Placemark>
        <Placemark id="1079">
            <name>H67 → Pk05</name>
            <description>
                
        
<![CDATA[
          <b>P1:</b> H67<br>
          <b>P2:</b> Pk05<br>
          <hr>
          <b>Distance:</b> 65.618 miles<br>
          <hr>
          <u>Path P1 → P2:</u><br>
          <b>Forward Azimuth at P1 (Az12):</b> 271.000°<br>
          <b>Back Azimuth at P2 (BackAz12):</b> 270.233°<br>
          <hr>
          <u>Path P2 → P1:</u><br>
          <b>Forward Azimuth at P2 (Az21):</b> 90.233°<br>
          <b>Back Azimuth at P1 (BackAz21):</b> 91.000°<br>
          <hr>
          <b>Filter Reason(s):</b> Az12 Whole<br>
          <hr>
          <i>Calculation Method: Spherical</i>
        ]]>                
        
            </description>
            <styleUrl>#1080</styleUrl>
            <LineString id="1078">
                <coordinates>-77.08923640277803,38.91551942120227,0.0 -78.31007370765774,38.92574773485303,0.0</coordinates>
            </LineString>
        </Placemark>
        <Placemark id="1083">
            <name>H70 → H98</name>
            <description>
                
        
<![CDATA[
          <b>P1:</b> H70<br>
          <b>P2:</b> H98<br>
          <hr>
          <b>Distance:</b> 5.212 miles<br>
          <hr>
          <u>Path P1 → P2:</u><br>
          <b>Forward Azimuth at P1 (Az12):</b> 18.982°<br>
          <b>Back Azimuth at P2 (BackAz12):</b> 19.001°<br>
          <hr>
          <u>Path P2 → P1:</u><br>
          <b>Forward Azimuth at P2 (Az21):</b> 199.001°<br>
          <b>Back Azimuth at P1 (BackAz21):</b> 198.982°<br>
          <hr>
          <b>Filter Reason(s):</b> Az21 Whole<br>
          <hr>
          <i>Calculation Method: Spherical</i>
        ]]>                
        
            </description>
            <styleUrl>#1084</styleUrl>
            <LineString id="1082">
                <coordinates>-77.07038741369139,38.8737311478417,0.0 -77.0388345966892,38.9450714821746,0.0</coordinates>
            </LineString>
        </Placemark>
        <Placemark id="1087">
            <name>H70 → H42</name>
            <description>
                
        
<![CDATA[
          <b>P1:</b> H70<br>
          <b>P2:</b> H42<br>
          <hr>
          <b>Distance:</b> 4.480 miles<br>
          <hr>
          <u>Path P1 → P2:</u><br>
          <b>Forward Azimuth at P1 (Az12):</b> 137.973°<br>
          <b>Back Azimuth at P2 (BackAz12):</b> 138.008°<br>
          <hr>
          <u>Path P2 → P1:</u><br>
          <b>Forward Azimuth at P2 (Az21):</b> 318.008°<br>
          <b>Back Azimuth at P1 (BackAz21):</b> 317.973°<br>
          <hr>
          <b>Filter Reason(s):</b> Az21 Whole<br>
          <hr>
          <i>Calculation Method: Spherical</i>
        ]]>                
        
            </description>
            <styleUrl>#1088</styleUrl>
            <LineString id="1086">
                <coordinates>-77.07038741369139,38.8737311478417,0.0 -77.01466103512618,38.82554707680318,0.0</coordinates>
            </LineString>
        </Placemark>
        <Placemark id="1091">
            <name>H70 → Pk04</name>
            <description>
                
        
<![CDATA[
          <b>P1:</b> H70<br>
          <b>P2:</b> Pk04<br>
          <hr>
          <b>Distance:</b> 61.388 miles<br>
          <hr>
          <u>Path P1 → P2:</u><br>
          <b>Forward Azimuth at P1 (Az12):</b> 264.010°<br>
          <b>Back Azimuth at P2 (BackAz12):</b> 263.299°<br>
          <hr>
          <u>Path P2 → P1:</u><br>
          <b>Forward Azimuth at P2 (Az21):</b> 83.299°<br>
          <b>Back Azimuth at P1 (BackAz21):</b> 84.010°<br>
          <hr>
          <b>Filter Reason(s):</b> Az12 Whole<br>
          <hr>
          <i>Calculation Method: Spherical</i>
        ]]>                
        
            </description>
            <styleUrl>#1092</styleUrl>
            <LineString id="1090">
                <coordinates>-77.07038741369139,38.8737311478417,0.0 -78.20406185227269,38.77550687860945,0.0</coordinates>
            </LineString>
        </Placemark>
        <Placemark id="1095">
            <name>H71 → Gs4</name>
            <description>
                
        
<![CDATA[
          <b>P1:</b> H71<br>
          <b>P2:</b> Gs4<br>
          <hr>
          <b>Distance:</b> 4.854 miles<br>
          <hr>
          <u>Path P1 → P2:</u><br>
          <b>Forward Azimuth at P1 (Az12):</b> 289.544°<br>
          <b>Back Azimuth at P2 (BackAz12):</b> 289.491°<br>
          <hr>
          <u>Path P2 → P1:</u><br>
          <b>Forward Azimuth at P2 (Az21):</b> 109.491°<br>
          <b>Back Azimuth at P1 (BackAz21):</b> 109.544°<br>
          <hr>
          <b>Filter Reason(s):</b> Az21 target:109.50<br>
          <hr>
          <i>Calculation Method: Spherical</i>
        ]]>                
        
            </description>
            <styleUrl>#1096</styleUrl>
            <LineString id="1094">
                <coordinates>-77.00844224089784,38.88981684871572,0.0 -77.09353884670664,38.9132912447494,0.0</coordinates>
            </LineString>
        </Placemark>
        <Placemark id="1099">
            <name>H71 → Chk15</name>
            <description>
                
        
<![CDATA[
          <b>P1:</b> H71<br>
          <b>P2:</b> Chk15<br>
          <hr>
          <b>Distance:</b> 4.508 miles<br>
          <hr>
          <u>Path P1 → P2:</u><br>
          <b>Forward Azimuth at P1 (Az12):</b> 312.532°<br>
          <b>Back Azimuth at P2 (BackAz12):</b> 312.493°<br>
          <hr>
          <u>Path P2 → P1:</u><br>
          <b>Forward Azimuth at P2 (Az21):</b> 132.493°<br>
          <b>Back Azimuth at P1 (BackAz21):</b> 132.532°<br>
          <hr>
          <b>Filter Reason(s):</b> Az21 target:132.50<br>
          <hr>
          <i>Calculation Method: Spherical</i>
        ]]>                
        
            </description>
            <styleUrl>#1100</styleUrl>
            <LineString id="1098">
                <coordinates>-77.00844224089784,38.88981684871572,0.0 -77.0702598537815,38.9339121071402,0.0</coordinates>
            </LineString>
        </Placemark>
        <Placemark id="1103">
            <name>H71 → Chk57</name>
            <description>
                
        
<![CDATA[
          <b>P1:</b> H71<br>
          <b>P2:</b> Chk57<br>
          <hr>
          <b>Distance:</b> 4.979 miles<br>
          <hr>
          <u>Path P1 → P2:</u><br>
          <b>Forward Azimuth at P1 (Az12):</b> 218.006°<br>
          <b>Back Azimuth at P2 (BackAz12):</b> 217.970°<br>
          <hr>
          <u>Path P2 → P1:</u><br>
          <b>Forward Azimuth at P2 (Az21):</b> 37.970°<br>
          <b>Back Azimuth at P1 (BackAz21):</b> 38.006°<br>
          <hr>
          <b>Filter Reason(s):</b> Az12 Whole<br>
          <hr>
          <i>Calculation Method: Spherical</i>
        ]]>                
        
            </description>
            <styleUrl>#1104</styleUrl>
            <LineString id="1102">
                <coordinates>-77.00844224089784,38.88981684871572,0.0 -77.06541563323557,38.83300987616117,0.0</coordinates>
            </LineString>
        </Placemark>
        <Placemark id="1107">
            <name>H71 → SF04</name>
            <description>
                
        
<![CDATA[
          <b>P1:</b> H71<br>
          <b>P2:</b> SF04<br>
          <hr>
          <b>Distance:</b> 3.432 miles<br>
          <hr>
          <u>Path P1 → P2:</u><br>
          <b>Forward Azimuth at P1 (Az12):</b> 282.049°<br>
          <b>Back Azimuth at P2 (BackAz12):</b> 282.010°<br>
          <hr>
          <u>Path P2 → P1:</u><br>
          <b>Forward Azimuth at P2 (Az21):</b> 102.010°<br>
          <b>Back Azimuth at P1 (BackAz21):</b> 102.049°<br>
          <hr>
          <b>Filter Reason(s):</b> Az21 Whole<br>
          <hr>
          <i>Calculation Method: Spherical</i>
        ]]>                
        
            </description>
            <styleUrl>#1108</styleUrl>
            <LineString id="1106">
                <coordinates>-77.00844224089784,38.88981684871572,0.0 -77.07087604008456,38.90017164390296,0.0</coordinates>
            </LineString>
        </Placemark>
        <Placemark id="1111">
            <name>H88 → H17</name>
            <description>
                
        
<![CDATA[
          <b>P1:</b> H88<br>
          <b>P2:</b> H17<br>
          <hr>
          <b>Distance:</b> 4.250 miles<br>
          <hr>
          <u>Path P1 → P2:</u><br>
          <b>Forward Azimuth at P1 (Az12):</b> 301.040°<br>
          <b>Back Azimuth at P2 (BackAz12):</b> 300.998°<br>
          <hr>
          <u>Path P2 → P1:</u><br>
          <b>Forward Azimuth at P2 (Az21):</b> 120.998°<br>
          <b>Back Azimuth at P1 (BackAz21):</b> 121.040°<br>
          <hr>
          <b>Filter Reason(s):</b> Az21 target:121.00<br>
          <hr>
          <i>Calculation Method: Spherical</i>
        ]]>                
        
            </description>
            <styleUrl>#1112</styleUrl>
            <LineString id="1110">
                <coordinates>-77.00492179089107,38.84950002068123,0.0 -77.07263105649967,38.88120136333437,0.0</coordinates>
            </LineString>
        </Placemark>
        <Placemark id="1115">
            <name>H88 → H28</name>
            <description>
                
        
<![CDATA[
          <b>P1:</b> H88<br>
          <b>P2:</b> H28<br>
          <hr>
          <b>Distance:</b> 7.674 miles<br>
          <hr>
          <u>Path P1 → P2:</u><br>
          <b>Forward Azimuth at P1 (Az12):</b> 300.008°<br>
          <b>Back Azimuth at P2 (BackAz12):</b> 299.930°<br>
          <hr>
          <u>Path P2 → P1:</u><br>
          <b>Forward Azimuth at P2 (Az21):</b> 119.930°<br>
          <b>Back Azimuth at P1 (BackAz21):</b> 120.008°<br>
          <hr>
          <b>Filter Reason(s):</b> Az12 Whole, Az12 multiple:15.00<br>
          <hr>
          <i>Calculation Method: Spherical</i>
        ]]>                
        
            </description>
            <styleUrl>#1116</styleUrl>
            <LineString id="1114">
                <coordinates>-77.00492179089107,38.84950002068123,0.0 -77.12853595395019,38.90499081362246,0.0</coordinates>
            </LineString>
        </Placemark>
        <Placemark id="1119">
            <name>H99 → H39</name>
            <description>
                
        
<![CDATA[
          <b>P1:</b> H99<br>
          <b>P2:</b> H39<br>
          <hr>
          <b>Distance:</b> 13.142 miles<br>
          <hr>
          <u>Path P1 → P2:</u><br>
          <b>Forward Azimuth at P1 (Az12):</b> 279.156°<br>
          <b>Back Azimuth at P2 (BackAz12):</b> 279.004°<br>
          <hr>
          <u>Path P2 → P1:</u><br>
          <b>Forward Azimuth at P2 (Az21):</b> 99.004°<br>
          <b>Back Azimuth at P1 (BackAz21):</b> 99.156°<br>
          <hr>
          <b>Filter Reason(s):</b> Az21 Whole<br>
          <hr>
          <i>Calculation Method: Spherical</i>
        ]]>                
        
            </description>
            <styleUrl>#1120</styleUrl>
            <LineString id="1118">
                <coordinates>-77.00096480083693,38.8889443857454,0.0 -77.24236058241425,38.9189665077175,0.0</coordinates>
            </LineString>
        </Placemark>
        <Placemark id="1123">
            <name>HighWa → Sb</name>
            <description>
                
        
<![CDATA[
          <b>P1:</b> HighWa<br>
          <b>P2:</b> Sb<br>
          <hr>
          <b>Distance:</b> 1.818 miles<br>
          <hr>
          <u>Path P1 → P2:</u><br>
          <b>Forward Azimuth at P1 (Az12):</b> 131.002°<br>
          <b>Back Azimuth at P2 (BackAz12):</b> 131.018°<br>
          <hr>
          <u>Path P2 → P1:</u><br>
          <b>Forward Azimuth at P2 (Az21):</b> 311.018°<br>
          <b>Back Azimuth at P1 (BackAz21):</b> 311.002°<br>
          <hr>
          <b>Filter Reason(s):</b> Az12 Whole<br>
          <hr>
          <i>Calculation Method: Spherical</i>
        ]]>                
        
            </description>
            <styleUrl>#1124</styleUrl>
            <LineString id="1122">
                <coordinates>-77.0660665577638,38.80760759772259,0.0 -77.04058603,38.79033915000001,0.0</coordinates>
            </LineString>
        </Placemark>
        <Placemark id="1127">
            <name>HighWa → PenE</name>
            <description>
                
        
<![CDATA[
          <b>P1:</b> HighWa<br>
          <b>P2:</b> PenE<br>
          <hr>
          <b>Distance:</b> 4.408 miles<br>
          <hr>
          <u>Path P1 → P2:</u><br>
          <b>Forward Azimuth at P1 (Az12):</b> 9.005°<br>
          <b>Back Azimuth at P2 (BackAz12):</b> 9.013°<br>
          <hr>
          <u>Path P2 → P1:</u><br>
          <b>Forward Azimuth at P2 (Az21):</b> 189.013°<br>
          <b>Back Azimuth at P1 (BackAz21):</b> 189.005°<br>
          <hr>
          <b>Filter Reason(s):</b> Az12 Whole<br>
          <hr>
          <i>Calculation Method: Spherical</i>
        ]]>                
        
            </description>
            <styleUrl>#1128</styleUrl>
            <LineString id="1126">
                <coordinates>-77.0660665577638,38.80760759772259,0.0 -77.05323877107107,38.87062821721818,0.0</coordinates>
            </LineString>
        </Placemark>
        <Placemark id="1131">
            <name>HighWa → Gs7</name>
            <description>
                
        
<![CDATA[
          <b>P1:</b> HighWa<br>
          <b>P2:</b> Gs7<br>
          <hr>
          <b>Distance:</b> 7.970 miles<br>
          <hr>
          <u>Path P1 → P2:</u><br>
          <b>Forward Azimuth at P1 (Az12):</b> 340.002°<br>
          <b>Back Azimuth at P2 (BackAz12):</b> 339.970°<br>
          <hr>
          <u>Path P2 → P1:</u><br>
          <b>Forward Azimuth at P2 (Az21):</b> 159.970°<br>
          <b>Back Azimuth at P1 (BackAz21):</b> 160.002°<br>
          <hr>
          <b>Filter Reason(s):</b> Az12 Whole<br>
          <hr>
          <i>Calculation Method: Spherical</i>
        ]]>                
        
            </description>
            <styleUrl>#1132</styleUrl>
            <LineString id="1130">
                <coordinates>-77.0660665577638,38.80760759772259,0.0 -77.11677799130699,38.91601482291505,0.0</coordinates>
            </LineString>
        </Placemark>
        <Placemark id="1135">
            <name>HighWa → Chk30</name>
            <description>
                
        
<![CDATA[
          <b>P1:</b> HighWa<br>
          <b>P2:</b> Chk30<br>
          <hr>
          <b>Distance:</b> 6.066 miles<br>
          <hr>
          <u>Path P1 → P2:</u><br>
          <b>Forward Azimuth at P1 (Az12):</b> 316.050°<br>
          <b>Back Azimuth at P2 (BackAz12):</b> 316.001°<br>
          <hr>
          <u>Path P2 → P1:</u><br>
          <b>Forward Azimuth at P2 (Az21):</b> 136.001°<br>
          <b>Back Azimuth at P1 (BackAz21):</b> 136.050°<br>
          <hr>
          <b>Filter Reason(s):</b> Az21 Whole, Az21 target:136.00<br>
          <hr>
          <i>Calculation Method: Spherical</i>
        ]]>                
        
            </description>
            <styleUrl>#1136</styleUrl>
            <LineString id="1134">
                <coordinates>-77.0660665577638,38.80760759772259,0.0 -77.14434316078132,38.87080074981925,0.0</coordinates>
            </LineString>
        </Placemark>
        <Placemark id="1139">
            <name>HighWa → H33</name>
            <description>
                
        
<![CDATA[
          <b>P1:</b> HighWa<br>
          <b>P2:</b> H33<br>
          <hr>
          <b>Distance:</b> 8.204 miles<br>
          <hr>
          <u>Path P1 → P2:</u><br>
          <b>Forward Azimuth at P1 (Az12):</b> 341.995°<br>
          <b>Back Azimuth at P2 (BackAz12):</b> 341.965°<br>
          <hr>
          <u>Path P2 → P1:</u><br>
          <b>Forward Azimuth at P2 (Az21):</b> 161.965°<br>
          <b>Back Azimuth at P1 (BackAz21):</b> 161.995°<br>
          <hr>
          <b>Filter Reason(s):</b> Az12 multiple:18.00<br>
          <hr>
          <i>Calculation Method: Spherical</i>
        ]]>                
        
            </description>
            <styleUrl>#1140</styleUrl>
            <LineString id="1138">
                <coordinates>-77.0660665577638,38.80760759772259,0.0 -77.11324805943606,38.92053966660955,0.0</coordinates>
            </LineString>
        </Placemark>
        <Placemark id="1143">
            <name>HighWa → H86</name>
            <description>
                
        
<![CDATA[
          <b>P1:</b> HighWa<br>
          <b>P2:</b> H86<br>
          <hr>
          <b>Distance:</b> 3.742 miles<br>
          <hr>
          <u>Path P1 → P2:</u><br>
          <b>Forward Azimuth at P1 (Az12):</b> 86.958°<br>
          <b>Back Azimuth at P2 (BackAz12):</b> 87.001°<br>
          <hr>
          <u>Path P2 → P1:</u><br>
          <b>Forward Azimuth at P2 (Az21):</b> 267.001°<br>
          <b>Back Azimuth at P1 (BackAz21):</b> 266.958°<br>
          <hr>
          <b>Filter Reason(s):</b> Az21 Whole<br>
          <hr>
          <i>Calculation Method: Spherical</i>
        ]]>                
        
            </description>
            <styleUrl>#1144</styleUrl>
            <LineString id="1142">
                <coordinates>-77.0660665577638,38.80760759772259,0.0 -76.99664817839795,38.810462075372,0.0</coordinates>
            </LineString>
        </Placemark>
        <Placemark id="1147">
            <name>HighWb → WH</name>
            <description>
                
        
<![CDATA[
          <b>P1:</b> HighWb<br>
          <b>P2:</b> WH<br>
          <hr>
          <b>Distance:</b> 6.379 miles<br>
          <hr>
          <u>Path P1 → P2:</u><br>
          <b>Forward Azimuth at P1 (Az12):</b> 15.001°<br>
          <b>Back Azimuth at P2 (BackAz12):</b> 15.021°<br>
          <hr>
          <u>Path P2 → P1:</u><br>
          <b>Forward Azimuth at P2 (Az21):</b> 195.021°<br>
          <b>Back Azimuth at P1 (BackAz21):</b> 195.001°<br>
          <hr>
          <b>Filter Reason(s):</b> Az12 Whole, Az12 multiple:15.00<br>
          <hr>
          <i>Calculation Method: Spherical</i>
        ]]>                
        
            </description>
            <styleUrl>#1148</styleUrl>
            <LineString id="1146">
                <coordinates>-77.06728222257168,38.80859367009808,0.0 -77.036569,38.89778875877805,0.0</coordinates>
            </LineString>
        </Placemark>
        <Placemark id="1151">
            <name>HighWb → CFb</name>
            <description>
                
        
<![CDATA[
          <b>P1:</b> HighWb<br>
          <b>P2:</b> CFb<br>
          <hr>
          <b>Distance:</b> 6.291 miles<br>
          <hr>
          <u>Path P1 → P2:</u><br>
          <b>Forward Azimuth at P1 (Az12):</b> 28.009°<br>
          <b>Back Azimuth at P2 (BackAz12):</b> 28.044°<br>
          <hr>
          <u>Path P2 → P1:</u><br>
          <b>Forward Azimuth at P2 (Az21):</b> 208.044°<br>
          <b>Back Azimuth at P1 (BackAz21):</b> 208.009°<br>
          <hr>
          <b>Filter Reason(s):</b> Az12 Whole<br>
          <hr>
          <i>Calculation Method: Spherical</i>
        ]]>                
        
            </description>
            <styleUrl>#1152</styleUrl>
            <LineString id="1150">
                <coordinates>-77.06728222257168,38.80859367009808,0.0 -77.01233379820508,38.88898718985376,0.0</coordinates>
            </LineString>
        </Placemark>
        <Placemark id="1155">
            <name>HighWb → PenE</name>
            <description>
                
        
<![CDATA[
          <b>P1:</b> HighWb<br>
          <b>P2:</b> PenE<br>
          <hr>
          <b>Distance:</b> 4.351 miles<br>
          <hr>
          <u>Path P1 → P2:</u><br>
          <b>Forward Azimuth at P1 (Az12):</b> 9.996°<br>
          <b>Back Azimuth at P2 (BackAz12):</b> 10.005°<br>
          <hr>
          <u>Path P2 → P1:</u><br>
          <b>Forward Azimuth at P2 (Az21):</b> 190.005°<br>
          <b>Back Azimuth at P1 (BackAz21):</b> 189.996°<br>
          <hr>
          <b>Filter Reason(s):</b> Az12 target:10.00, Az21 Whole<br>
          <hr>
          <i>Calculation Method: Spherical</i>
        ]]>                
        
            </description>
            <styleUrl>#1156</styleUrl>
            <LineString id="1154">
                <coordinates>-77.06728222257168,38.80859367009808,0.0 -77.05323877107107,38.87062821721818,0.0</coordinates>
            </LineString>
        </Placemark>
        <Placemark id="1159">
            <name>HighWb → Chk08</name>
            <description>
                
        
<![CDATA[
          <b>P1:</b> HighWb<br>
          <b>P2:</b> Chk08<br>
          <hr>
          <b>Distance:</b> 3.469 miles<br>
          <hr>
          <u>Path P1 → P2:</u><br>
          <b>Forward Azimuth at P1 (Az12):</b> 350.014°<br>
          <b>Back Azimuth at P2 (BackAz12):</b> 350.007°<br>
          <hr>
          <u>Path P2 → P1:</u><br>
          <b>Forward Azimuth at P2 (Az21):</b> 170.007°<br>
          <b>Back Azimuth at P1 (BackAz21):</b> 170.014°<br>
          <hr>
          <b>Filter Reason(s):</b> Az21 Whole<br>
          <hr>
          <i>Calculation Method: Spherical</i>
        ]]>                
        
            </description>
            <styleUrl>#1160</styleUrl>
            <LineString id="1158">
                <coordinates>-77.06728222257168,38.80859367009808,0.0 -77.07846439947777,38.8580454440363,0.0</coordinates>
            </LineString>
        </Placemark>
        <Placemark id="1163">
            <name>HighWb → Chk30</name>
            <description>
                
        
<![CDATA[
          <b>P1:</b> HighWb<br>
          <b>P2:</b> Chk30<br>
          <hr>
          <b>Distance:</b> 5.972 miles<br>
          <hr>
          <u>Path P1 → P2:</u><br>
          <b>Forward Azimuth at P1 (Az12):</b> 316.048°<br>
          <b>Back Azimuth at P2 (BackAz12):</b> 315.999°<br>
          <hr>
          <u>Path P2 → P1:</u><br>
          <b>Forward Azimuth at P2 (Az21):</b> 135.999°<br>
          <b>Back Azimuth at P1 (BackAz21):</b> 136.048°<br>
          <hr>
          <b>Filter Reason(s):</b> Az21 target:136.00<br>
          <hr>
          <i>Calculation Method: Spherical</i>
        ]]>                
        
            </description>
            <styleUrl>#1164</styleUrl>
            <LineString id="1162">
                <coordinates>-77.06728222257168,38.80859367009808,0.0 -77.14434316078132,38.87080074981925,0.0</coordinates>
            </LineString>
        </Placemark>
        <Placemark id="1167">
            <name>HighWb → Pk02</name>
            <description>
                
        
<![CDATA[
          <b>P1:</b> HighWb<br>
          <b>P2:</b> Pk02<br>
          <hr>
          <b>Distance:</b> 53.460 miles<br>
          <hr>
          <u>Path P1 → P2:</u><br>
          <b>Forward Azimuth at P1 (Az12):</b> 326.005°<br>
          <b>Back Azimuth at P2 (BackAz12):</b> 325.652°<br>
          <hr>
          <u>Path P2 → P1:</u><br>
          <b>Forward Azimuth at P2 (Az21):</b> 145.652°<br>
          <b>Back Azimuth at P1 (BackAz21):</b> 146.005°<br>
          <hr>
          <b>Filter Reason(s):</b> Az12 Whole<br>
          <hr>
          <i>Calculation Method: Spherical</i>
        ]]>                
        
            </description>
            <styleUrl>#1168</styleUrl>
            <LineString id="1166">
                <coordinates>-77.06728222257168,38.80859367009808,0.0 -77.627618,39.448887,0.0</coordinates>
            </LineString>
        </Placemark>
        <Placemark id="1171">
            <name>HighWc → H71</name>
            <description>
                
        
<![CDATA[
          <b>P1:</b> HighWc<br>
          <b>P2:</b> H71<br>
          <hr>
          <b>Distance:</b> 6.555 miles<br>
          <hr>
          <u>Path P1 → P2:</u><br>
          <b>Forward Azimuth at P1 (Az12):</b> 28.968°<br>
          <b>Back Azimuth at P2 (BackAz12):</b> 29.005°<br>
          <hr>
          <u>Path P2 → P1:</u><br>
          <b>Forward Azimuth at P2 (Az21):</b> 209.005°<br>
          <b>Back Azimuth at P1 (BackAz21):</b> 208.968°<br>
          <hr>
          <b>Filter Reason(s):</b> Az21 Whole<br>
          <hr>
          <i>Calculation Method: Spherical</i>
        ]]>                
        
            </description>
            <styleUrl>#1172</styleUrl>
            <LineString id="1170">
                <coordinates>-77.06748402979503,38.80681739491956,0.0 -77.00844224089784,38.88981684871572,0.0</coordinates>
            </LineString>
        </Placemark>
        <Placemark id="1175">
            <name>HighWc → H23</name>
            <description>
                
        
<![CDATA[
          <b>P1:</b> HighWc<br>
          <b>P2:</b> H23<br>
          <hr>
          <b>Distance:</b> 9.216 miles<br>
          <hr>
          <u>Path P1 → P2:</u><br>
          <b>Forward Azimuth at P1 (Az12):</b> 353.016°<br>
          <b>Back Azimuth at P2 (BackAz12):</b> 353.003°<br>
          <hr>
          <u>Path P2 → P1:</u><br>
          <b>Forward Azimuth at P2 (Az21):</b> 173.003°<br>
          <b>Back Azimuth at P1 (BackAz21):</b> 173.016°<br>
          <hr>
          <b>Filter Reason(s):</b> Az21 Whole<br>
          <hr>
          <i>Calculation Method: Spherical</i>
        ]]>                
        
            </description>
            <styleUrl>#1176</styleUrl>
            <LineString id="1174">
                <coordinates>-77.06748402979503,38.80681739491956,0.0 -77.08834070412745,38.93923731423045,0.0</coordinates>
            </LineString>
        </Placemark>
        <Placemark id="1179">
            <name>HighWc → SF03</name>
            <description>
                
        
<![CDATA[
          <b>P1:</b> HighWc<br>
          <b>P2:</b> SF03<br>
          <hr>
          <b>Distance:</b> 5.620 miles<br>
          <hr>
          <u>Path P1 → P2:</u><br>
          <b>Forward Azimuth at P1 (Az12):</b> 114.010°<br>
          <b>Back Azimuth at P2 (BackAz12):</b> 114.069°<br>
          <hr>
          <u>Path P2 → P1:</u><br>
          <b>Forward Azimuth at P2 (Az21):</b> 294.069°<br>
          <b>Back Azimuth at P1 (BackAz21):</b> 294.010°<br>
          <hr>
          <b>Filter Reason(s):</b> Az12 Whole<br>
          <hr>
          <i>Calculation Method: Spherical</i>
        ]]>                
        
            </description>
            <styleUrl>#1180</styleUrl>
            <LineString id="1178">
                <coordinates>-77.06748402979503,38.80681739491956,0.0 -76.97215841432278,38.77367519361357,0.0</coordinates>
            </LineString>
        </Placemark>
        <Placemark id="1183">
            <name>Hk → Gs4</name>
            <description>
                
        
<![CDATA[
          <b>P1:</b> Hk<br>
          <b>P2:</b> Gs4<br>
          <hr>
          <b>Distance:</b> 2.587 miles<br>
          <hr>
          <u>Path P1 → P2:</u><br>
          <b>Forward Azimuth at P1 (Az12):</b> 299.009°<br>
          <b>Back Azimuth at P2 (BackAz12):</b> 298.982°<br>
          <hr>
          <u>Path P2 → P1:</u><br>
          <b>Forward Azimuth at P2 (Az21):</b> 118.982°<br>
          <b>Back Azimuth at P1 (BackAz21):</b> 119.009°<br>
          <hr>
          <b>Filter Reason(s):</b> Az12 Whole<br>
          <hr>
          <i>Calculation Method: Spherical</i>
        ]]>                
        
            </description>
            <styleUrl>#1184</styleUrl>
            <LineString id="1182">
                <coordinates>-77.051444,38.8951366,0.0 -77.09353884670664,38.9132912447494,0.0</coordinates>
            </LineString>
        </Placemark>
        <Placemark id="1187">
            <name>Hk → KS</name>
            <description>
                
        
<![CDATA[
          <b>P1:</b> Hk<br>
          <b>P2:</b> KS<br>
          <hr>
          <b>Distance:</b> 7.239 miles<br>
          <hr>
          <u>Path P1 → P2:</u><br>
          <b>Forward Azimuth at P1 (Az12):</b> 180.000°<br>
          <b>Back Azimuth at P2 (BackAz12):</b> 180.000°<br>
          <hr>
          <u>Path P2 → P1:</u><br>
          <b>Forward Azimuth at P2 (Az21):</b> 0.000°<br>
          <b>Back Azimuth at P1 (BackAz21):</b> 0.000°<br>
          <hr>
          <b>Filter Reason(s):</b> Az12 Whole, Az12 multiple:15.00, Az12 multiple:18.00, Az21 Whole, Az21 multiple:15.00, Az21 multiple:18.00<br>
          <hr>
          <i>Calculation Method: Spherical</i>
        ]]>                
        
            </description>
            <styleUrl>#1188</styleUrl>
            <LineString id="1186">
                <coordinates>-77.051444,38.8951366,0.0 -77.051444,38.790339,0.0</coordinates>
            </LineString>
        </Placemark>
        <Placemark id="1191">
            <name>Hk → SF06</name>
            <description>
                
        
<![CDATA[
          <b>P1:</b> Hk<br>
          <b>P2:</b> SF06<br>
          <hr>
          <b>Distance:</b> 8.838 miles<br>
          <hr>
          <u>Path P1 → P2:</u><br>
          <b>Forward Azimuth at P1 (Az12):</b> 317.074°<br>
          <b>Back Azimuth at P2 (BackAz12):</b> 317.003°<br>
          <hr>
          <u>Path P2 → P1:</u><br>
          <b>Forward Azimuth at P2 (Az21):</b> 137.003°<br>
          <b>Back Azimuth at P1 (BackAz21):</b> 137.074°<br>
          <hr>
          <b>Filter Reason(s):</b> Az21 Whole<br>
          <hr>
          <i>Calculation Method: Spherical</i>
        ]]>                
        
            </description>
            <styleUrl>#1192</styleUrl>
            <LineString id="1190">
                <coordinates>-77.051444,38.8951366,0.0 -77.16354886186852,38.98876568157223,0.0</coordinates>
            </LineString>
        </Placemark>
        <Placemark id="1195">
            <name>I010 → Chk09</name>
            <description>
                
        
<![CDATA[
          <b>P1:</b> I010<br>
          <b>P2:</b> Chk09<br>
          <hr>
          <b>Distance:</b> 3.261 miles<br>
          <hr>
          <u>Path P1 → P2:</u><br>
          <b>Forward Azimuth at P1 (Az12):</b> 300.007°<br>
          <b>Back Azimuth at P2 (BackAz12):</b> 299.974°<br>
          <hr>
          <u>Path P2 → P1:</u><br>
          <b>Forward Azimuth at P2 (Az21):</b> 119.974°<br>
          <b>Back Azimuth at P1 (BackAz21):</b> 120.007°<br>
          <hr>
          <b>Filter Reason(s):</b> Az12 Whole, Az12 multiple:15.00<br>
          <hr>
          <i>Calculation Method: Spherical</i>
        ]]>                
        
            </description>
            <styleUrl>#1196</styleUrl>
            <LineString id="1194">
                <coordinates>-77.03657097283033,38.89828563763562,0.0 -77.08911728826524,38.92188332835548,0.0</coordinates>
            </LineString>
        </Placemark>
        <Placemark id="1199">
            <name>I010 → Chk19</name>
            <description>
                
        
<![CDATA[
          <b>P1:</b> I010<br>
          <b>P2:</b> Chk19<br>
          <hr>
          <b>Distance:</b> 6.297 miles<br>
          <hr>
          <u>Path P1 → P2:</u><br>
          <b>Forward Azimuth at P1 (Az12):</b> 355.011°<br>
          <b>Back Azimuth at P2 (BackAz12):</b> 355.004°<br>
          <hr>
          <u>Path P2 → P1:</u><br>
          <b>Forward Azimuth at P2 (Az21):</b> 175.004°<br>
          <b>Back Azimuth at P1 (BackAz21):</b> 175.011°<br>
          <hr>
          <b>Filter Reason(s):</b> Az21 Whole<br>
          <hr>
          <i>Calculation Method: Spherical</i>
        ]]>                
        
            </description>
            <styleUrl>#1200</styleUrl>
            <LineString id="1198">
                <coordinates>-77.03657097283033,38.89828563763562,0.0 -77.04677082443145,38.98909790584569,0.0</coordinates>
            </LineString>
        </Placemark>
        <Placemark id="1203">
            <name>I010 → OtrC</name>
            <description>
                
        
<![CDATA[
          <b>P1:</b> I010<br>
          <b>P2:</b> OtrC<br>
          <hr>
          <b>Distance:</b> 4.628 miles<br>
          <hr>
          <u>Path P1 → P2:</u><br>
          <b>Forward Azimuth at P1 (Az12):</b> 37.002°<br>
          <b>Back Azimuth at P2 (BackAz12):</b> 37.035°<br>
          <hr>
          <u>Path P2 → P1:</u><br>
          <b>Forward Azimuth at P2 (Az21):</b> 217.035°<br>
          <b>Back Azimuth at P1 (BackAz21):</b> 217.002°<br>
          <hr>
          <b>Filter Reason(s):</b> Az12 Whole<br>
          <hr>
          <i>Calculation Method: Spherical</i>
        ]]>                
        
            </description>
            <styleUrl>#1204</styleUrl>
            <LineString id="1202">
                <coordinates>-77.03657097283033,38.89828563763562,0.0 -76.98472940704961,38.95177142459147,0.0</coordinates>
            </LineString>
        </Placemark>
        <Placemark id="1207">
            <name>I010 → H70</name>
            <description>
                
        
<![CDATA[
          <b>P1:</b> I010<br>
          <b>P2:</b> H70<br>
          <hr>
          <b>Distance:</b> 2.487 miles<br>
          <hr>
          <u>Path P1 → P2:</u><br>
          <b>Forward Azimuth at P1 (Az12):</b> 227.001°<br>
          <b>Back Azimuth at P2 (BackAz12):</b> 226.980°<br>
          <hr>
          <u>Path P2 → P1:</u><br>
          <b>Forward Azimuth at P2 (Az21):</b> 46.980°<br>
          <b>Back Azimuth at P1 (BackAz21):</b> 47.001°<br>
          <hr>
          <b>Filter Reason(s):</b> Az12 Whole<br>
          <hr>
          <i>Calculation Method: Spherical</i>
        ]]>                
        
            </description>
            <styleUrl>#1208</styleUrl>
            <LineString id="1206">
                <coordinates>-77.03657097283033,38.89828563763562,0.0 -77.07038741369139,38.8737311478417,0.0</coordinates>
            </LineString>
        </Placemark>
        <Placemark id="1211">
            <name>I014 → H69</name>
            <description>
                
        
<![CDATA[
          <b>P1:</b> I014<br>
          <b>P2:</b> H69<br>
          <hr>
          <b>Distance:</b> 2.968 miles<br>
          <hr>
          <u>Path P1 → P2:</u><br>
          <b>Forward Azimuth at P1 (Az12):</b> 227.000°<br>
          <b>Back Azimuth at P2 (BackAz12):</b> 226.975°<br>
          <hr>
          <u>Path P2 → P1:</u><br>
          <b>Forward Azimuth at P2 (Az21):</b> 46.975°<br>
          <b>Back Azimuth at P1 (BackAz21):</b> 47.000°<br>
          <hr>
          <b>Filter Reason(s):</b> Az12 Whole<br>
          <hr>
          <i>Calculation Method: Spherical</i>
        ]]>                
        
            </description>
            <styleUrl>#1212</styleUrl>
            <LineString id="1210">
                <coordinates>-77.03197530601018,38.90564871624386,0.0 -77.07234178427055,38.87633745296441,0.0</coordinates>
            </LineString>
        </Placemark>
        <Placemark id="1215">
            <name>I014 → H35</name>
            <description>
                
        
<![CDATA[
          <b>P1:</b> I014<br>
          <b>P2:</b> H35<br>
          <hr>
          <b>Distance:</b> 2.769 miles<br>
          <hr>
          <u>Path P1 → P2:</u><br>
          <b>Forward Azimuth at P1 (Az12):</b> 292.005°<br>
          <b>Back Azimuth at P2 (BackAz12):</b> 291.975°<br>
          <hr>
          <u>Path P2 → P1:</u><br>
          <b>Forward Azimuth at P2 (Az21):</b> 111.975°<br>
          <b>Back Azimuth at P1 (BackAz21):</b> 112.005°<br>
          <hr>
          <b>Filter Reason(s):</b> Az12 Whole<br>
          <hr>
          <i>Calculation Method: Spherical</i>
        ]]>                
        
            </description>
            <styleUrl>#1216</styleUrl>
            <LineString id="1214">
                <coordinates>-77.03197530601018,38.90564871624386,0.0 -77.07975099520537,38.92066077312896,0.0</coordinates>
            </LineString>
        </Placemark>
        <Placemark id="1219">
            <name>I069 → OtrA</name>
            <description>
                
        
<![CDATA[
          <b>P1:</b> I069<br>
          <b>P2:</b> OtrA<br>
          <hr>
          <b>Distance:</b> 3.591 miles<br>
          <hr>
          <u>Path P1 → P2:</u><br>
          <b>Forward Azimuth at P1 (Az12):</b> 54.970°<br>
          <b>Back Azimuth at P2 (BackAz12):</b> 55.004°<br>
          <hr>
          <u>Path P2 → P1:</u><br>
          <b>Forward Azimuth at P2 (Az21):</b> 235.004°<br>
          <b>Back Azimuth at P1 (BackAz21):</b> 234.970°<br>
          <hr>
          <b>Filter Reason(s):</b> Az21 Whole<br>
          <hr>
          <i>Calculation Method: Spherical</i>
        ]]>                
        
            </description>
            <styleUrl>#1220</styleUrl>
            <LineString id="1218">
                <coordinates>-77.00659984972448,38.89642237002393,0.0 -76.95188801292042,38.92624596949343,0.0</coordinates>
            </LineString>
        </Placemark>
        <Placemark id="1223">
            <name>I079 → Chk17</name>
            <description>
                
        
<![CDATA[
          <b>P1:</b> I079<br>
          <b>P2:</b> Chk17<br>
          <hr>
          <b>Distance:</b> 4.527 miles<br>
          <hr>
          <u>Path P1 → P2:</u><br>
          <b>Forward Azimuth at P1 (Az12):</b> 27.985°<br>
          <b>Back Azimuth at P2 (BackAz12):</b> 28.010°<br>
          <hr>
          <u>Path P2 → P1:</u><br>
          <b>Forward Azimuth at P2 (Az21):</b> 208.010°<br>
          <b>Back Azimuth at P1 (BackAz21):</b> 207.985°<br>
          <hr>
          <b>Filter Reason(s):</b> Az21 Whole<br>
          <hr>
          <i>Calculation Method: Spherical</i>
        ]]>                
        
            </description>
            <styleUrl>#1224</styleUrl>
            <LineString id="1222">
                <coordinates>-77.0501392974717,38.90252822129722,0.0 -77.01059198844285,38.96039316959799,0.0</coordinates>
            </LineString>
        </Placemark>
        <Placemark id="1227">
            <name>I079 → Chk41</name>
            <description>
                
        
<![CDATA[
          <b>P1:</b> I079<br>
          <b>P2:</b> Chk41<br>
          <hr>
          <b>Distance:</b> 5.026 miles<br>
          <hr>
          <u>Path P1 → P2:</u><br>
          <b>Forward Azimuth at P1 (Az12):</b> 82.001°<br>
          <b>Back Azimuth at P2 (BackAz12):</b> 82.059°<br>
          <hr>
          <u>Path P2 → P1:</u><br>
          <b>Forward Azimuth at P2 (Az21):</b> 262.059°<br>
          <b>Back Azimuth at P1 (BackAz21):</b> 262.001°<br>
          <hr>
          <b>Filter Reason(s):</b> Az12 Whole, Az12 target:82.00<br>
          <hr>
          <i>Calculation Method: Spherical</i>
        ]]>                
        
            </description>
            <styleUrl>#1228</styleUrl>
            <LineString id="1226">
                <coordinates>-77.0501392974717,38.90252822129722,0.0 -76.9575387987198,38.91261730408393,0.0</coordinates>
            </LineString>
        </Placemark>
        <Placemark id="1231">
            <name>I079 → AnOthr01</name>
            <description>
                
        
<![CDATA[
          <b>P1:</b> I079<br>
          <b>P2:</b> AnOthr01<br>
          <hr>
          <b>Distance:</b> 3.681 miles<br>
          <hr>
          <u>Path P1 → P2:</u><br>
          <b>Forward Azimuth at P1 (Az12):</b> 129.004°<br>
          <b>Back Azimuth at P2 (BackAz12):</b> 129.038°<br>
          <hr>
          <u>Path P2 → P1:</u><br>
          <b>Forward Azimuth at P2 (Az21):</b> 309.038°<br>
          <b>Back Azimuth at P1 (BackAz21):</b> 309.004°<br>
          <hr>
          <b>Filter Reason(s):</b> Az12 Whole<br>
          <hr>
          <i>Calculation Method: Spherical</i>
        ]]>                
        
            </description>
            <styleUrl>#1232</styleUrl>
            <LineString id="1230">
                <coordinates>-77.0501392974717,38.90252822129722,0.0 -76.99696100301952,38.86898287196977,0.0</coordinates>
            </LineString>
        </Placemark>
        <Placemark id="1235">
            <name>J → WH</name>
            <description>
                
        
<![CDATA[
          <b>P1:</b> J<br>
          <b>P2:</b> WH<br>
          <hr>
          <b>Distance:</b> 0.552 miles<br>
          <hr>
          <u>Path P1 → P2:</u><br>
          <b>Forward Azimuth at P1 (Az12):</b> 0.000°<br>
          <b>Back Azimuth at P2 (BackAz12):</b> 0.000°<br>
          <hr>
          <u>Path P2 → P1:</u><br>
          <b>Forward Azimuth at P2 (Az21):</b> 180.000°<br>
          <b>Back Azimuth at P1 (BackAz21):</b> 180.000°<br>
          <hr>
          <b>Filter Reason(s):</b> Az12 Whole, Az12 multiple:15.00, Az12 multiple:18.00, Az21 Whole, Az21 multiple:15.00, Az21 multiple:18.00<br>
          <hr>
          <i>Calculation Method: Spherical</i>
        ]]>                
        
            </description>
            <styleUrl>#1236</styleUrl>
            <LineString id="1234">
                <coordinates>-77.03656908080315,38.88980129959375,0.0 -77.036569,38.89778875877805,0.0</coordinates>
            </LineString>
        </Placemark>
        <Placemark id="1239">
            <name>J → Cap</name>
            <description>
                
        
<![CDATA[
          <b>P1:</b> J<br>
          <b>P2:</b> Cap<br>
          <hr>
          <b>Distance:</b> 1.470 miles<br>
          <hr>
          <u>Path P1 → P2:</u><br>
          <b>Forward Azimuth at P1 (Az12):</b> 89.992°<br>
          <b>Back Azimuth at P2 (BackAz12):</b> 90.009°<br>
          <hr>
          <u>Path P2 → P1:</u><br>
          <b>Forward Azimuth at P2 (Az21):</b> 270.009°<br>
          <b>Back Azimuth at P1 (BackAz21):</b> 269.992°<br>
          <hr>
          <b>Filter Reason(s):</b> Az12 multiple:15.00, Az12 multiple:18.00, Az21 Whole, Az21 multiple:15.00, Az21 multiple:18.00<br>
          <hr>
          <i>Calculation Method: Spherical</i>
        ]]>                
        
            </description>
            <styleUrl>#1240</styleUrl>
            <LineString id="1238">
                <coordinates>-77.03656908080315,38.88980129959375,0.0 -77.009227,38.889801,0.0</coordinates>
            </LineString>
        </Placemark>
        <Placemark id="1243">
            <name>J → I010</name>
            <description>
                
        
<![CDATA[
          <b>P1:</b> J<br>
          <b>P2:</b> I010<br>
          <hr>
          <b>Distance:</b> 0.586 miles<br>
          <hr>
          <u>Path P1 → P2:</u><br>
          <b>Forward Azimuth at P1 (Az12):</b> 359.990°<br>
          <b>Back Azimuth at P2 (BackAz12):</b> 359.990°<br>
          <hr>
          <u>Path P2 → P1:</u><br>
          <b>Forward Azimuth at P2 (Az21):</b> 179.990°<br>
          <b>Back Azimuth at P1 (BackAz21):</b> 179.990°<br>
          <hr>
          <b>Filter Reason(s):</b> Az12 multiple:15.00, Az12 multiple:18.00, Az21 multiple:15.00, Az21 multiple:18.00<br>
          <hr>
          <i>Calculation Method: Spherical</i>
        ]]>                
        
            </description>
            <styleUrl>#1244</styleUrl>
            <LineString id="1242">
                <coordinates>-77.03656908080315,38.88980129959375,0.0 -77.03657097283033,38.89828563763562,0.0</coordinates>
            </LineString>
        </Placemark>
        <Placemark id="1247">
            <name>J → Chk51</name>
            <description>
                
        
<![CDATA[
          <b>P1:</b> J<br>
          <b>P2:</b> Chk51<br>
          <hr>
          <b>Distance:</b> 2.490 miles<br>
          <hr>
          <u>Path P1 → P2:</u><br>
          <b>Forward Azimuth at P1 (Az12):</b> 89.994°<br>
          <b>Back Azimuth at P2 (BackAz12):</b> 90.023°<br>
          <hr>
          <u>Path P2 → P1:</u><br>
          <b>Forward Azimuth at P2 (Az21):</b> 270.023°<br>
          <b>Back Azimuth at P1 (BackAz21):</b> 269.994°<br>
          <hr>
          <b>Filter Reason(s):</b> Az12 multiple:15.00, Az12 multiple:18.00<br>
          <hr>
          <i>Calculation Method: Spherical</i>
        ]]>                
        
            </description>
            <styleUrl>#1248</styleUrl>
            <LineString id="1246">
                <coordinates>-77.03656908080315,38.88980129959375,0.0 -76.99025683060958,38.88979572156659,0.0</coordinates>
            </LineString>
        </Placemark>
        <Placemark id="1251">
            <name>J → Chk63</name>
            <description>
                
        
<![CDATA[
          <b>P1:</b> J<br>
          <b>P2:</b> Chk63<br>
          <hr>
          <b>Distance:</b> 0.704 miles<br>
          <hr>
          <u>Path P1 → P2:</u><br>
          <b>Forward Azimuth at P1 (Az12):</b> 0.000°<br>
          <b>Back Azimuth at P2 (BackAz12):</b> 0.000°<br>
          <hr>
          <u>Path P2 → P1:</u><br>
          <b>Forward Azimuth at P2 (Az21):</b> 180.000°<br>
          <b>Back Azimuth at P1 (BackAz21):</b> 180.000°<br>
          <hr>
          <b>Filter Reason(s):</b> Az12 Whole, Az12 multiple:15.00, Az12 multiple:18.00, Az21 Whole, Az21 multiple:15.00, Az21 multiple:18.00<br>
          <hr>
          <i>Calculation Method: Spherical</i>
        ]]>                
        
            </description>
            <styleUrl>#1252</styleUrl>
            <LineString id="1250">
                <coordinates>-77.03656908080315,38.88980129959375,0.0 -77.036569,38.89999431930673,0.0</coordinates>
            </LineString>
        </Placemark>
        <Placemark id="1255">
            <name>J → OtrD</name>
            <description>
                
        
<![CDATA[
          <b>P1:</b> J<br>
          <b>P2:</b> OtrD<br>
          <hr>
          <b>Distance:</b> 6.620 miles<br>
          <hr>
          <u>Path P1 → P2:</u><br>
          <b>Forward Azimuth at P1 (Az12):</b> 90.007°<br>
          <b>Back Azimuth at P2 (BackAz12):</b> 90.084°<br>
          <hr>
          <u>Path P2 → P1:</u><br>
          <b>Forward Azimuth at P2 (Az21):</b> 270.084°<br>
          <b>Back Azimuth at P1 (BackAz21):</b> 270.007°<br>
          <hr>
          <b>Filter Reason(s):</b> Az12 Whole, Az12 multiple:15.00, Az12 multiple:18.00<br>
          <hr>
          <i>Calculation Method: Spherical</i>
        ]]>                
        
            </description>
            <styleUrl>#1256</styleUrl>
            <LineString id="1254">
                <coordinates>-77.03656908080315,38.88980129959375,0.0 -76.91344596466341,38.88972524047381,0.0</coordinates>
            </LineString>
        </Placemark>
        <Placemark id="1259">
            <name>J → H11</name>
            <description>
                
        
<![CDATA[
          <b>P1:</b> J<br>
          <b>P2:</b> H11<br>
          <hr>
          <b>Distance:</b> 2.427 miles<br>
          <hr>
          <u>Path P1 → P2:</u><br>
          <b>Forward Azimuth at P1 (Az12):</b> 44.982°<br>
          <b>Back Azimuth at P2 (BackAz12):</b> 45.002°<br>
          <hr>
          <u>Path P2 → P1:</u><br>
          <b>Forward Azimuth at P2 (Az21):</b> 225.002°<br>
          <b>Back Azimuth at P1 (BackAz21):</b> 224.982°<br>
          <hr>
          <b>Filter Reason(s):</b> Az21 Whole, Az21 multiple:15.00<br>
          <hr>
          <i>Calculation Method: Spherical</i>
        ]]>                
        
            </description>
            <styleUrl>#1260</styleUrl>
            <LineString id="1258">
                <coordinates>-77.03656908080315,38.88980129959375,0.0 -77.0046483262631,38.9146495509119,0.0</coordinates>
            </LineString>
        </Placemark>
        <Placemark id="1263">
            <name>K → B</name>
            <description>
                
        
<![CDATA[
          <b>P1:</b> K<br>
          <b>P2:</b> B<br>
          <hr>
          <b>Distance:</b> 2.288 miles<br>
          <hr>
          <u>Path P1 → P2:</u><br>
          <b>Forward Azimuth at P1 (Az12):</b> 90.008°<br>
          <b>Back Azimuth at P2 (BackAz12):</b> 90.034°<br>
          <hr>
          <u>Path P2 → P1:</u><br>
          <b>Forward Azimuth at P2 (Az21):</b> 270.034°<br>
          <b>Back Azimuth at P1 (BackAz21):</b> 270.008°<br>
          <hr>
          <b>Filter Reason(s):</b> Az12 Whole, Az12 multiple:15.00, Az12 multiple:18.00<br>
          <hr>
          <i>Calculation Method: Spherical</i>
        ]]>                
        
            </description>
            <styleUrl>#1264</styleUrl>
            <LineString id="1262">
                <coordinates>-77.05143450780649,38.89275543287251,0.0 -77.008886,38.892743276,0.0</coordinates>
            </LineString>
        </Placemark>
        <Placemark id="1267">
            <name>K → H71</name>
            <description>
                
        
<![CDATA[
          <b>P1:</b> K<br>
          <b>P2:</b> H71<br>
          <hr>
          <b>Distance:</b> 2.320 miles<br>
          <hr>
          <u>Path P1 → P2:</u><br>
          <b>Forward Azimuth at P1 (Az12):</b> 95.005°<br>
          <b>Back Azimuth at P2 (BackAz12):</b> 95.032°<br>
          <hr>
          <u>Path P2 → P1:</u><br>
          <b>Forward Azimuth at P2 (Az21):</b> 275.032°<br>
          <b>Back Azimuth at P1 (BackAz21):</b> 275.005°<br>
          <hr>
          <b>Filter Reason(s):</b> Az12 Whole<br>
          <hr>
          <i>Calculation Method: Spherical</i>
        ]]>                
        
            </description>
            <styleUrl>#1268</styleUrl>
            <LineString id="1266">
                <coordinates>-77.05143450780649,38.89275543287251,0.0 -77.00844224089784,38.88981684871572,0.0</coordinates>
            </LineString>
        </Placemark>
        <Placemark id="1271">
            <name>K → Eb</name>
            <description>
                
        
<![CDATA[
          <b>P1:</b> K<br>
          <b>P2:</b> Eb<br>
          <hr>
          <b>Distance:</b> 7.649 miles<br>
          <hr>
          <u>Path P1 → P2:</u><br>
          <b>Forward Azimuth at P1 (Az12):</b> 89.901°<br>
          <b>Back Azimuth at P2 (BackAz12):</b> 89.990°<br>
          <hr>
          <u>Path P2 → P1:</u><br>
          <b>Forward Azimuth at P2 (Az21):</b> 269.990°<br>
          <b>Back Azimuth at P1 (BackAz21):</b> 269.901°<br>
          <hr>
          <b>Filter Reason(s):</b> Az21 multiple:15.00, Az21 multiple:18.00<br>
          <hr>
          <i>Calculation Method: Spherical</i>
        ]]>                
        
            </description>
            <styleUrl>#1272</styleUrl>
            <LineString id="1270">
                <coordinates>-77.05143450780649,38.89275543287251,0.0 -76.90916553,38.89286049999997,0.0</coordinates>
            </LineString>
        </Placemark>
        <Placemark id="1275">
            <name>K → KS</name>
            <description>
                
        
<![CDATA[
          <b>P1:</b> K<br>
          <b>P2:</b> KS<br>
          <hr>
          <b>Distance:</b> 7.075 miles<br>
          <hr>
          <u>Path P1 → P2:</u><br>
          <b>Forward Azimuth at P1 (Az12):</b> 180.004°<br>
          <b>Back Azimuth at P2 (BackAz12):</b> 180.004°<br>
          <hr>
          <u>Path P2 → P1:</u><br>
          <b>Forward Azimuth at P2 (Az21):</b> 0.004°<br>
          <b>Back Azimuth at P1 (BackAz21):</b> 0.004°<br>
          <hr>
          <b>Filter Reason(s):</b> Az12 Whole, Az12 multiple:15.00, Az12 multiple:18.00, Az21 Whole, Az21 multiple:15.00, Az21 multiple:18.00<br>
          <hr>
          <i>Calculation Method: Spherical</i>
        ]]>                
        
            </description>
            <styleUrl>#1276</styleUrl>
            <LineString id="1274">
                <coordinates>-77.05143450780649,38.89275543287251,0.0 -77.051444,38.790339,0.0</coordinates>
            </LineString>
        </Placemark>
        <Placemark id="1279">
            <name>K → Chk13</name>
            <description>
                
        
<![CDATA[
          <b>P1:</b> K<br>
          <b>P2:</b> Chk13<br>
          <hr>
          <b>Distance:</b> 5.963 miles<br>
          <hr>
          <u>Path P1 → P2:</u><br>
          <b>Forward Azimuth at P1 (Az12):</b> 8.997°<br>
          <b>Back Azimuth at P2 (BackAz12):</b> 9.008°<br>
          <hr>
          <u>Path P2 → P1:</u><br>
          <b>Forward Azimuth at P2 (Az21):</b> 189.008°<br>
          <b>Back Azimuth at P1 (BackAz21):</b> 188.997°<br>
          <hr>
          <b>Filter Reason(s):</b> Az21 Whole<br>
          <hr>
          <i>Calculation Method: Spherical</i>
        ]]>                
        
            </description>
            <styleUrl>#1280</styleUrl>
            <LineString id="1278">
                <coordinates>-77.05143450780649,38.89275543287251,0.0 -77.0340714747954,38.97800673083694,0.0</coordinates>
            </LineString>
        </Placemark>
        <Placemark id="1283">
            <name>K → Chk21</name>
            <description>
                
        
<![CDATA[
          <b>P1:</b> K<br>
          <b>P2:</b> Chk21<br>
          <hr>
          <b>Distance:</b> 6.138 miles<br>
          <hr>
          <u>Path P1 → P2:</u><br>
          <b>Forward Azimuth at P1 (Az12):</b> 102.940°<br>
          <b>Back Azimuth at P2 (BackAz12):</b> 103.010°<br>
          <hr>
          <u>Path P2 → P1:</u><br>
          <b>Forward Azimuth at P2 (Az21):</b> 283.010°<br>
          <b>Back Azimuth at P1 (BackAz21):</b> 282.940°<br>
          <hr>
          <b>Filter Reason(s):</b> Az21 Whole<br>
          <hr>
          <i>Calculation Method: Spherical</i>
        ]]>                
        
            </description>
            <styleUrl>#1284</styleUrl>
            <LineString id="1282">
                <coordinates>-77.05143450780649,38.89275543287251,0.0 -76.94019736733574,38.87280409544193,0.0</coordinates>
            </LineString>
        </Placemark>
        <Placemark id="1287">
            <name>K → Chk32</name>
            <description>
                
        
<![CDATA[
          <b>P1:</b> K<br>
          <b>P2:</b> Chk32<br>
          <hr>
          <b>Distance:</b> 4.561 miles<br>
          <hr>
          <u>Path P1 → P2:</u><br>
          <b>Forward Azimuth at P1 (Az12):</b> 0.009°<br>
          <b>Back Azimuth at P2 (BackAz12):</b> 0.009°<br>
          <hr>
          <u>Path P2 → P1:</u><br>
          <b>Forward Azimuth at P2 (Az21):</b> 180.009°<br>
          <b>Back Azimuth at P1 (BackAz21):</b> 180.009°<br>
          <hr>
          <b>Filter Reason(s):</b> Az12 Whole, Az12 multiple:15.00, Az12 multiple:18.00, Az21 Whole, Az21 multiple:15.00, Az21 multiple:18.00<br>
          <hr>
          <i>Calculation Method: Spherical</i>
        ]]>                
        
            </description>
            <styleUrl>#1288</styleUrl>
            <LineString id="1286">
                <coordinates>-77.05143450780649,38.89275543287251,0.0 -77.05142116747349,38.95878698101598,0.0</coordinates>
            </LineString>
        </Placemark>
        <Placemark id="1291">
            <name>K → OtrB</name>
            <description>
                
        
<![CDATA[
          <b>P1:</b> K<br>
          <b>P2:</b> OtrB<br>
          <hr>
          <b>Distance:</b> 5.491 miles<br>
          <hr>
          <u>Path P1 → P2:</u><br>
          <b>Forward Azimuth at P1 (Az12):</b> 36.003°<br>
          <b>Back Azimuth at P2 (BackAz12):</b> 36.041°<br>
          <hr>
          <u>Path P2 → P1:</u><br>
          <b>Forward Azimuth at P2 (Az21):</b> 216.041°<br>
          <b>Back Azimuth at P1 (BackAz21):</b> 216.003°<br>
          <hr>
          <b>Filter Reason(s):</b> Az12 Whole, Az12 multiple:18.00<br>
          <hr>
          <i>Calculation Method: Spherical</i>
        ]]>                
        
            </description>
            <styleUrl>#1292</styleUrl>
            <LineString id="1290">
                <coordinates>-77.05143450780649,38.89275543287251,0.0 -76.99134485249716,38.95704643888089,0.0</coordinates>
            </LineString>
        </Placemark>
        <Placemark id="1295">
            <name>K → H33</name>
            <description>
                
        
<![CDATA[
          <b>P1:</b> K<br>
          <b>P2:</b> H33<br>
          <hr>
          <b>Distance:</b> 3.837 miles<br>
          <hr>
          <u>Path P1 → P2:</u><br>
          <b>Forward Azimuth at P1 (Az12):</b> 300.031°<br>
          <b>Back Azimuth at P2 (BackAz12):</b> 299.992°<br>
          <hr>
          <u>Path P2 → P1:</u><br>
          <b>Forward Azimuth at P2 (Az21):</b> 119.992°<br>
          <b>Back Azimuth at P1 (BackAz21):</b> 120.031°<br>
          <hr>
          <b>Filter Reason(s):</b> Az21 multiple:15.00<br>
          <hr>
          <i>Calculation Method: Spherical</i>
        ]]>                
        
            </description>
            <styleUrl>#1296</styleUrl>
            <LineString id="1294">
                <coordinates>-77.05143450780649,38.89275543287251,0.0 -77.11324805943606,38.92053966660955,0.0</coordinates>
            </LineString>
        </Placemark>
        <Placemark id="1299">
            <name>K → H17</name>
            <description>
                
        
<![CDATA[
          <b>P1:</b> K<br>
          <b>P2:</b> H17<br>
          <hr>
          <b>Distance:</b> 1.391 miles<br>
          <hr>
          <u>Path P1 → P2:</u><br>
          <b>Forward Azimuth at P1 (Az12):</b> 235.004°<br>
          <b>Back Azimuth at P2 (BackAz12):</b> 234.990°<br>
          <hr>
          <u>Path P2 → P1:</u><br>
          <b>Forward Azimuth at P2 (Az21):</b> 54.990°<br>
          <b>Back Azimuth at P1 (BackAz21):</b> 55.004°<br>
          <hr>
          <b>Filter Reason(s):</b> Az12 Whole<br>
          <hr>
          <i>Calculation Method: Spherical</i>
        ]]>                
        
            </description>
            <styleUrl>#1300</styleUrl>
            <LineString id="1298">
                <coordinates>-77.05143450780649,38.89275543287251,0.0 -77.07263105649967,38.88120136333437,0.0</coordinates>
            </LineString>
        </Placemark>
        <Placemark id="1303">
            <name>K → H32</name>
            <description>
                
        
<![CDATA[
          <b>P1:</b> K<br>
          <b>P2:</b> H32<br>
          <hr>
          <b>Distance:</b> 3.034 miles<br>
          <hr>
          <u>Path P1 → P2:</u><br>
          <b>Forward Azimuth at P1 (Az12):</b> 316.031°<br>
          <b>Back Azimuth at P2 (BackAz12):</b> 316.006°<br>
          <hr>
          <u>Path P2 → P1:</u><br>
          <b>Forward Azimuth at P2 (Az21):</b> 136.006°<br>
          <b>Back Azimuth at P1 (BackAz21):</b> 136.031°<br>
          <hr>
          <b>Filter Reason(s):</b> Az21 Whole, Az21 target:136.00<br>
          <hr>
          <i>Calculation Method: Spherical</i>
        ]]>                
        
            </description>
            <styleUrl>#1304</styleUrl>
            <LineString id="1302">
                <coordinates>-77.05143450780649,38.89275543287251,0.0 -77.09063005508365,38.9243596243616,0.0</coordinates>
            </LineString>
        </Placemark>
        <Placemark id="1307">
            <name>KS → Chk30</name>
            <description>
                
        
<![CDATA[
          <b>P1:</b> KS<br>
          <b>P2:</b> Chk30<br>
          <hr>
          <b>Distance:</b> 7.476 miles<br>
          <hr>
          <u>Path P1 → P2:</u><br>
          <b>Forward Azimuth at P1 (Az12):</b> 318.060°<br>
          <b>Back Azimuth at P2 (BackAz12):</b> 318.002°<br>
          <hr>
          <u>Path P2 → P1:</u><br>
          <b>Forward Azimuth at P2 (Az21):</b> 138.002°<br>
          <b>Back Azimuth at P1 (BackAz21):</b> 138.060°<br>
          <hr>
          <b>Filter Reason(s):</b> Az21 Whole<br>
          <hr>
          <i>Calculation Method: Spherical</i>
        ]]>                
        
            </description>
            <styleUrl>#1308</styleUrl>
            <LineString id="1306">
                <coordinates>-77.051444,38.790339,0.0 -77.14434316078132,38.87080074981925,0.0</coordinates>
            </LineString>
        </Placemark>
        <Placemark id="1311">
            <name>KS → Chk31</name>
            <description>
                
        
<![CDATA[
          <b>P1:</b> KS<br>
          <b>P2:</b> Chk31<br>
          <hr>
          <b>Distance:</b> 4.774 miles<br>
          <hr>
          <u>Path P1 → P2:</u><br>
          <b>Forward Azimuth at P1 (Az12):</b> 323.008°<br>
          <b>Back Azimuth at P2 (BackAz12):</b> 322.975°<br>
          <hr>
          <u>Path P2 → P1:</u><br>
          <b>Forward Azimuth at P2 (Az21):</b> 142.975°<br>
          <b>Back Azimuth at P1 (BackAz21):</b> 143.008°<br>
          <hr>
          <b>Filter Reason(s):</b> Az12 Whole<br>
          <hr>
          <i>Calculation Method: Spherical</i>
        ]]>                
        
            </description>
            <styleUrl>#1312</styleUrl>
            <LineString id="1310">
                <coordinates>-77.051444,38.790339,0.0 -77.10483209910393,38.84552270708302,0.0</coordinates>
            </LineString>
        </Placemark>
        <Placemark id="1315">
            <name>KS → Chk32</name>
            <description>
                
        
<![CDATA[
          <b>P1:</b> KS<br>
          <b>P2:</b> Chk32<br>
          <hr>
          <b>Distance:</b> 11.636 miles<br>
          <hr>
          <u>Path P1 → P2:</u><br>
          <b>Forward Azimuth at P1 (Az12):</b> 0.006°<br>
          <b>Back Azimuth at P2 (BackAz12):</b> 0.006°<br>
          <hr>
          <u>Path P2 → P1:</u><br>
          <b>Forward Azimuth at P2 (Az21):</b> 180.006°<br>
          <b>Back Azimuth at P1 (BackAz21):</b> 180.006°<br>
          <hr>
          <b>Filter Reason(s):</b> Az12 Whole, Az12 multiple:15.00, Az12 multiple:18.00, Az21 Whole, Az21 multiple:15.00, Az21 multiple:18.00<br>
          <hr>
          <i>Calculation Method: Spherical</i>
        ]]>                
        
            </description>
            <styleUrl>#1316</styleUrl>
            <LineString id="1314">
                <coordinates>-77.051444,38.790339,0.0 -77.05142116747349,38.95878698101598,0.0</coordinates>
            </LineString>
        </Placemark>
        <Placemark id="1319">
            <name>L → CFe</name>
            <description>
                
        
<![CDATA[
          <b>P1:</b> L<br>
          <b>P2:</b> CFe<br>
          <hr>
          <b>Distance:</b> 2.155 miles<br>
          <hr>
          <u>Path P1 → P2:</u><br>
          <b>Forward Azimuth at P1 (Az12):</b> 88.999°<br>
          <b>Back Azimuth at P2 (BackAz12):</b> 89.024°<br>
          <hr>
          <u>Path P2 → P1:</u><br>
          <b>Forward Azimuth at P2 (Az21):</b> 269.024°<br>
          <b>Back Azimuth at P1 (BackAz21):</b> 268.999°<br>
          <hr>
          <b>Filter Reason(s):</b> Az12 target:89.00<br>
          <hr>
          <i>Calculation Method: Spherical</i>
        ]]>                
        
            </description>
            <styleUrl>#1320</styleUrl>
            <LineString id="1318">
                <coordinates>-77.05018442793092,38.88927319319802,0.0 -77.01012017665087,38.88981116007428,0.0</coordinates>
            </LineString>
        </Placemark>
        <Placemark id="1323">
            <name>L → Chk23b</name>
            <description>
                
        
<![CDATA[
          <b>P1:</b> L<br>
          <b>P2:</b> Chk23b<br>
          <hr>
          <b>Distance:</b> 4.338 miles<br>
          <hr>
          <u>Path P1 → P2:</u><br>
          <b>Forward Azimuth at P1 (Az12):</b> 71.000°<br>
          <b>Back Azimuth at P2 (BackAz12):</b> 71.048°<br>
          <hr>
          <u>Path P2 → P1:</u><br>
          <b>Forward Azimuth at P2 (Az21):</b> 251.048°<br>
          <b>Back Azimuth at P1 (BackAz21):</b> 251.000°<br>
          <hr>
          <b>Filter Reason(s):</b> Az12 Whole<br>
          <hr>
          <i>Calculation Method: Spherical</i>
        ]]>                
        
            </description>
            <styleUrl>#1324</styleUrl>
            <LineString id="1322">
                <coordinates>-77.05018442793092,38.88927319319802,0.0 -76.97387114815113,38.90969480185885,0.0</coordinates>
            </LineString>
        </Placemark>
        <Placemark id="1327">
            <name>L → H69</name>
            <description>
                
        
<![CDATA[
          <b>P1:</b> L<br>
          <b>P2:</b> H69<br>
          <hr>
          <b>Distance:</b> 1.489 miles<br>
          <hr>
          <u>Path P1 → P2:</u><br>
          <b>Forward Azimuth at P1 (Az12):</b> 233.138°<br>
          <b>Back Azimuth at P2 (BackAz12):</b> 233.124°<br>
          <hr>
          <u>Path P2 → P1:</u><br>
          <b>Forward Azimuth at P2 (Az21):</b> 53.124°<br>
          <b>Back Azimuth at P1 (BackAz21):</b> 53.138°<br>
          <hr>
          <b>Filter Reason(s):</b> Az21 target:53.13<br>
          <hr>
          <i>Calculation Method: Spherical</i>
        ]]>                
        
            </description>
            <styleUrl>#1328</styleUrl>
            <LineString id="1326">
                <coordinates>-77.05018442793092,38.88927319319802,0.0 -77.07234178427055,38.87633745296441,0.0</coordinates>
            </LineString>
        </Placemark>
        <Placemark id="1331">
            <name>La → Gs2</name>
            <description>
                
        
<![CDATA[
          <b>P1:</b> La<br>
          <b>P2:</b> Gs2<br>
          <hr>
          <b>Distance:</b> 4.755 miles<br>
          <hr>
          <u>Path P1 → P2:</u><br>
          <b>Forward Azimuth at P1 (Az12):</b> 108.994°<br>
          <b>Back Azimuth at P2 (BackAz12):</b> 109.047°<br>
          <hr>
          <u>Path P2 → P1:</u><br>
          <b>Forward Azimuth at P2 (Az21):</b> 289.047°<br>
          <b>Back Azimuth at P1 (BackAz21):</b> 288.994°<br>
          <hr>
          <b>Filter Reason(s):</b> Az12 target:109.00<br>
          <hr>
          <i>Calculation Method: Spherical</i>
        ]]>                
        
            </description>
            <styleUrl>#1332</styleUrl>
            <LineString id="1330">
                <coordinates>-77.05145152722608,38.88816903625909,0.0 -76.96785270415687,38.86573364111086,0.0</coordinates>
            </LineString>
        </Placemark>
        <Placemark id="1335">
            <name>La → KS</name>
            <description>
                
        
<![CDATA[
          <b>P1:</b> La<br>
          <b>P2:</b> KS<br>
          <hr>
          <b>Distance:</b> 6.758 miles<br>
          <hr>
          <u>Path P1 → P2:</u><br>
          <b>Forward Azimuth at P1 (Az12):</b> 179.997°<br>
          <b>Back Azimuth at P2 (BackAz12):</b> 179.997°<br>
          <hr>
          <u>Path P2 → P1:</u><br>
          <b>Forward Azimuth at P2 (Az21):</b> 359.997°<br>
          <b>Back Azimuth at P1 (BackAz21):</b> 359.997°<br>
          <hr>
          <b>Filter Reason(s):</b> Az12 multiple:15.00, Az12 multiple:18.00, Az21 multiple:15.00, Az21 multiple:18.00<br>
          <hr>
          <i>Calculation Method: Spherical</i>
        ]]>                
        
            </description>
            <styleUrl>#1336</styleUrl>
            <LineString id="1334">
                <coordinates>-77.05145152722608,38.88816903625909,0.0 -77.051444,38.790339,0.0</coordinates>
            </LineString>
        </Placemark>
        <Placemark id="1339">
            <name>La → Chk09</name>
            <description>
                
        
<![CDATA[
          <b>P1:</b> La<br>
          <b>P2:</b> Chk09<br>
          <hr>
          <b>Distance:</b> 3.086 miles<br>
          <hr>
          <u>Path P1 → P2:</u><br>
          <b>Forward Azimuth at P1 (Az12):</b> 319.008°<br>
          <b>Back Azimuth at P2 (BackAz12):</b> 318.985°<br>
          <hr>
          <u>Path P2 → P1:</u><br>
          <b>Forward Azimuth at P2 (Az21):</b> 138.985°<br>
          <b>Back Azimuth at P1 (BackAz21):</b> 139.008°<br>
          <hr>
          <b>Filter Reason(s):</b> Az12 Whole<br>
          <hr>
          <i>Calculation Method: Spherical</i>
        ]]>                
        
            </description>
            <styleUrl>#1340</styleUrl>
            <LineString id="1338">
                <coordinates>-77.05145152722608,38.88816903625909,0.0 -77.08911728826524,38.92188332835548,0.0</coordinates>
            </LineString>
        </Placemark>
        <Placemark id="1343">
            <name>La → H11</name>
            <description>
                
        
<![CDATA[
          <b>P1:</b> La<br>
          <b>P2:</b> H11<br>
          <hr>
          <b>Distance:</b> 3.111 miles<br>
          <hr>
          <u>Path P1 → P2:</u><br>
          <b>Forward Azimuth at P1 (Az12):</b> 53.968°<br>
          <b>Back Azimuth at P2 (BackAz12):</b> 53.997°<br>
          <hr>
          <u>Path P2 → P1:</u><br>
          <b>Forward Azimuth at P2 (Az21):</b> 233.997°<br>
          <b>Back Azimuth at P1 (BackAz21):</b> 233.968°<br>
          <hr>
          <b>Filter Reason(s):</b> Az21 multiple:18.00<br>
          <hr>
          <i>Calculation Method: Spherical</i>
        ]]>                
        
            </description>
            <styleUrl>#1344</styleUrl>
            <LineString id="1342">
                <coordinates>-77.05145152722608,38.88816903625909,0.0 -77.0046483262631,38.9146495509119,0.0</coordinates>
            </LineString>
        </Placemark>
        <Placemark id="1347">
            <name>La → SF01</name>
            <description>
                
        
<![CDATA[
          <b>P1:</b> La<br>
          <b>P2:</b> SF01<br>
          <hr>
          <b>Distance:</b> 2.059 miles<br>
          <hr>
          <u>Path P1 → P2:</u><br>
          <b>Forward Azimuth at P1 (Az12):</b> 296.028°<br>
          <b>Back Azimuth at P2 (BackAz12):</b> 296.007°<br>
          <hr>
          <u>Path P2 → P1:</u><br>
          <b>Forward Azimuth at P2 (Az21):</b> 116.007°<br>
          <b>Back Azimuth at P1 (BackAz21):</b> 116.028°<br>
          <hr>
          <b>Filter Reason(s):</b> Az21 Whole<br>
          <hr>
          <i>Calculation Method: Spherical</i>
        ]]>                
        
            </description>
            <styleUrl>#1348</styleUrl>
            <LineString id="1346">
                <coordinates>-77.05145152722608,38.88816903625909,0.0 -77.08586335465753,38.90124200833564,0.0</coordinates>
            </LineString>
        </Placemark>
        <Placemark id="1351">
            <name>M → H35</name>
            <description>
                
        
<![CDATA[
          <b>P1:</b> M<br>
          <b>P2:</b> H35<br>
          <hr>
          <b>Distance:</b> 3.218 miles<br>
          <hr>
          <u>Path P1 → P2:</u><br>
          <b>Forward Azimuth at P1 (Az12):</b> 312.028°<br>
          <b>Back Azimuth at P2 (BackAz12):</b> 312.000°<br>
          <hr>
          <u>Path P2 → P1:</u><br>
          <b>Forward Azimuth at P2 (Az21):</b> 132.000°<br>
          <b>Back Azimuth at P1 (BackAz21):</b> 132.028°<br>
          <hr>
          <b>Filter Reason(s):</b> Az21 Whole<br>
          <hr>
          <i>Calculation Method: Spherical</i>
        ]]>                
        
            </description>
            <styleUrl>#1352</styleUrl>
            <LineString id="1350">
                <coordinates>-77.035278,38.889484,0.0 -77.07975099520537,38.92066077312896,0.0</coordinates>
            </LineString>
        </Placemark>
        <Placemark id="1355">
            <name>MV → Hk</name>
            <description>
                
        
<![CDATA[
          <b>P1:</b> MV<br>
          <b>P2:</b> Hk<br>
          <hr>
          <b>Distance:</b> 11.258 miles<br>
          <hr>
          <u>Path P1 → P2:</u><br>
          <b>Forward Azimuth at P1 (Az12):</b> 349.007°<br>
          <b>Back Azimuth at P2 (BackAz12):</b> 348.982°<br>
          <hr>
          <u>Path P2 → P1:</u><br>
          <b>Forward Azimuth at P2 (Az21):</b> 168.982°<br>
          <b>Back Azimuth at P1 (BackAz21):</b> 169.007°<br>
          <hr>
          <b>Filter Reason(s):</b> Az12 Whole<br>
          <hr>
          <i>Calculation Method: Spherical</i>
        ]]>                
        
            </description>
            <styleUrl>#1356</styleUrl>
            <LineString id="1354">
                <coordinates>-77.01151395666083,38.735159,0.0 -77.051444,38.8951366,0.0</coordinates>
            </LineString>
        </Placemark>
        <Placemark id="1359">
            <name>MV → Chk21</name>
            <description>
                
        
<![CDATA[
          <b>P1:</b> MV<br>
          <b>P2:</b> Chk21<br>
          <hr>
          <b>Distance:</b> 10.254 miles<br>
          <hr>
          <u>Path P1 → P2:</u><br>
          <b>Forward Azimuth at P1 (Az12):</b> 21.965°<br>
          <b>Back Azimuth at P2 (BackAz12):</b> 22.010°<br>
          <hr>
          <u>Path P2 → P1:</u><br>
          <b>Forward Azimuth at P2 (Az21):</b> 202.010°<br>
          <b>Back Azimuth at P1 (BackAz21):</b> 201.965°<br>
          <hr>
          <b>Filter Reason(s):</b> Az21 Whole<br>
          <hr>
          <i>Calculation Method: Spherical</i>
        ]]>                
        
            </description>
            <styleUrl>#1360</styleUrl>
            <LineString id="1358">
                <coordinates>-77.01151395666083,38.735159,0.0 -76.94019736733574,38.87280409544193,0.0</coordinates>
            </LineString>
        </Placemark>
        <Placemark id="1363">
            <name>MV → Chk26</name>
            <description>
                
        
<![CDATA[
          <b>P1:</b> MV<br>
          <b>P2:</b> Chk26<br>
          <hr>
          <b>Distance:</b> 11.658 miles<br>
          <hr>
          <u>Path P1 → P2:</u><br>
          <b>Forward Azimuth at P1 (Az12):</b> 25.944°<br>
          <b>Back Azimuth at P2 (BackAz12):</b> 26.004°<br>
          <hr>
          <u>Path P2 → P1:</u><br>
          <b>Forward Azimuth at P2 (Az21):</b> 206.004°<br>
          <b>Back Azimuth at P1 (BackAz21):</b> 205.944°<br>
          <hr>
          <b>Filter Reason(s):</b> Az21 Whole<br>
          <hr>
          <i>Calculation Method: Spherical</i>
        ]]>                
        
            </description>
            <styleUrl>#1364</styleUrl>
            <LineString id="1362">
                <coordinates>-77.01151395666083,38.735159,0.0 -76.91666542015503,38.88686719010732,0.0</coordinates>
            </LineString>
        </Placemark>
        <Placemark id="1367">
            <name>MV → Chk59</name>
            <description>
                
        
<![CDATA[
          <b>P1:</b> MV<br>
          <b>P2:</b> Chk59<br>
          <hr>
          <b>Distance:</b> 19.062 miles<br>
          <hr>
          <u>Path P1 → P2:</u><br>
          <b>Forward Azimuth at P1 (Az12):</b> 355.004°<br>
          <b>Back Azimuth at P2 (BackAz12):</b> 354.984°<br>
          <hr>
          <u>Path P2 → P1:</u><br>
          <b>Forward Azimuth at P2 (Az21):</b> 174.984°<br>
          <b>Back Azimuth at P1 (BackAz21):</b> 175.004°<br>
          <hr>
          <b>Filter Reason(s):</b> Az12 Whole<br>
          <hr>
          <i>Calculation Method: Spherical</i>
        ]]>                
        
            </description>
            <styleUrl>#1368</styleUrl>
            <LineString id="1366">
                <coordinates>-77.01151395666083,38.735159,0.0 -77.04244035387981,39.01004268273348,0.0</coordinates>
            </LineString>
        </Placemark>
        <Placemark id="1371">
            <name>MV → PO</name>
            <description>
                
        
<![CDATA[
          <b>P1:</b> MV<br>
          <b>P2:</b> PO<br>
          <hr>
          <b>Distance:</b> 14.955 miles<br>
          <hr>
          <u>Path P1 → P2:</u><br>
          <b>Forward Azimuth at P1 (Az12):</b> 337.076°<br>
          <b>Back Azimuth at P2 (BackAz12):</b> 337.008°<br>
          <hr>
          <u>Path P2 → P1:</u><br>
          <b>Forward Azimuth at P2 (Az21):</b> 157.008°<br>
          <b>Back Azimuth at P1 (BackAz21):</b> 157.076°<br>
          <hr>
          <b>Filter Reason(s):</b> Az21 Whole<br>
          <hr>
          <i>Calculation Method: Spherical</i>
        ]]>                
        
            </description>
            <styleUrl>#1372</styleUrl>
            <LineString id="1370">
                <coordinates>-77.01151395666083,38.735159,0.0 -77.1199159,38.93449309999998,0.0</coordinates>
            </LineString>
        </Placemark>
        <Placemark id="1375">
            <name>MV → H65</name>
            <description>
                
        
<![CDATA[
          <b>P1:</b> MV<br>
          <b>P2:</b> H65<br>
          <hr>
          <b>Distance:</b> 12.690 miles<br>
          <hr>
          <u>Path P1 → P2:</u><br>
          <b>Forward Azimuth at P1 (Az12):</b> 1.000°<br>
          <b>Back Azimuth at P2 (BackAz12):</b> 1.002°<br>
          <hr>
          <u>Path P2 → P1:</u><br>
          <b>Forward Azimuth at P2 (Az21):</b> 181.002°<br>
          <b>Back Azimuth at P1 (BackAz21):</b> 181.000°<br>
          <hr>
          <b>Filter Reason(s):</b> Az12 target:1.00, Az21 Whole<br>
          <hr>
          <i>Calculation Method: Spherical</i>
        ]]>                
        
            </description>
            <styleUrl>#1376</styleUrl>
            <LineString id="1374">
                <coordinates>-77.01151395666083,38.735159,0.0 -77.00739402065348,38.91883509061264,0.0</coordinates>
            </LineString>
        </Placemark>
        <Placemark id="1379">
            <name>NOa → La</name>
            <description>
                
        
<![CDATA[
          <b>P1:</b> NOa<br>
          <b>P2:</b> La<br>
          <hr>
          <b>Distance:</b> 2.453 miles<br>
          <hr>
          <u>Path P1 → P2:</u><br>
          <b>Forward Azimuth at P1 (Az12):</b> 160.007°<br>
          <b>Back Azimuth at P2 (BackAz12):</b> 160.017°<br>
          <hr>
          <u>Path P2 → P1:</u><br>
          <b>Forward Azimuth at P2 (Az21):</b> 340.017°<br>
          <b>Back Azimuth at P1 (BackAz21):</b> 340.007°<br>
          <hr>
          <b>Filter Reason(s):</b> Az12 Whole<br>
          <hr>
          <i>Calculation Method: Spherical</i>
        ]]>                
        
            </description>
            <styleUrl>#1380</styleUrl>
            <LineString id="1378">
                <coordinates>-77.06705128052432,38.92154464050518,0.0 -77.05145152722608,38.88816903625909,0.0</coordinates>
            </LineString>
        </Placemark>
        <Placemark id="1383">
            <name>NOa → CFa</name>
            <description>
                
        
<![CDATA[
          <b>P1:</b> NOa<br>
          <b>P2:</b> CFa<br>
          <hr>
          <b>Distance:</b> 3.634 miles<br>
          <hr>
          <u>Path P1 → P2:</u><br>
          <b>Forward Azimuth at P1 (Az12):</b> 125.961°<br>
          <b>Back Azimuth at P2 (BackAz12):</b> 125.995°<br>
          <hr>
          <u>Path P2 → P1:</u><br>
          <b>Forward Azimuth at P2 (Az21):</b> 305.995°<br>
          <b>Back Azimuth at P1 (BackAz21):</b> 305.961°<br>
          <hr>
          <b>Filter Reason(s):</b> Az21 multiple:18.00<br>
          <hr>
          <i>Calculation Method: Spherical</i>
        ]]>                
        
            </description>
            <styleUrl>#1384</styleUrl>
            <LineString id="1382">
                <coordinates>-77.06705128052432,38.92154464050518,0.0 -77.01235207597406,38.89064396166972,0.0</coordinates>
            </LineString>
        </Placemark>
        <Placemark id="1387">
            <name>NOa → Gs1</name>
            <description>
                
        
<![CDATA[
          <b>P1:</b> NOa<br>
          <b>P2:</b> Gs1<br>
          <hr>
          <b>Distance:</b> 2.939 miles<br>
          <hr>
          <u>Path P1 → P2:</u><br>
          <b>Forward Azimuth at P1 (Az12):</b> 289.007°<br>
          <b>Back Azimuth at P2 (BackAz12):</b> 288.974°<br>
          <hr>
          <u>Path P2 → P1:</u><br>
          <b>Forward Azimuth at P2 (Az21):</b> 108.974°<br>
          <b>Back Azimuth at P1 (BackAz21):</b> 109.007°<br>
          <hr>
          <b>Filter Reason(s):</b> Az12 Whole<br>
          <hr>
          <i>Calculation Method: Spherical</i>
        ]]>                
        
            </description>
            <styleUrl>#1388</styleUrl>
            <LineString id="1386">
                <coordinates>-77.06705128052432,38.92154464050518,0.0 -77.11877083238855,38.93539090046842,0.0</coordinates>
            </LineString>
        </Placemark>
        <Placemark id="1391">
            <name>NOa → Gs3</name>
            <description>
                
        
<![CDATA[
          <b>P1:</b> NOa<br>
          <b>P2:</b> Gs3<br>
          <hr>
          <b>Distance:</b> 2.646 miles<br>
          <hr>
          <u>Path P1 → P2:</u><br>
          <b>Forward Azimuth at P1 (Az12):</b> 85.001°<br>
          <b>Back Azimuth at P2 (BackAz12):</b> 85.032°<br>
          <hr>
          <u>Path P2 → P1:</u><br>
          <b>Forward Azimuth at P2 (Az21):</b> 265.032°<br>
          <b>Back Azimuth at P1 (BackAz21):</b> 265.001°<br>
          <hr>
          <b>Filter Reason(s):</b> Az12 Whole<br>
          <hr>
          <i>Calculation Method: Spherical</i>
        ]]>                
        
            </description>
            <styleUrl>#1392</styleUrl>
            <LineString id="1390">
                <coordinates>-77.06705128052432,38.92154464050518,0.0 -77.0180027100891,38.92487183560202,0.0</coordinates>
            </LineString>
        </Placemark>
        <Placemark id="1395">
            <name>NOa → Gs9</name>
            <description>
                
        
<![CDATA[
          <b>P1:</b> NOa<br>
          <b>P2:</b> Gs9<br>
          <hr>
          <b>Distance:</b> 9.084 miles<br>
          <hr>
          <u>Path P1 → P2:</u><br>
          <b>Forward Azimuth at P1 (Az12):</b> 168.000°<br>
          <b>Back Azimuth at P2 (BackAz12):</b> 168.022°<br>
          <hr>
          <u>Path P2 → P1:</u><br>
          <b>Forward Azimuth at P2 (Az21):</b> 348.022°<br>
          <b>Back Azimuth at P1 (BackAz21):</b> 348.000°<br>
          <hr>
          <b>Filter Reason(s):</b> Az12 Whole<br>
          <hr>
          <i>Calculation Method: Spherical</i>
        ]]>                
        
            </description>
            <styleUrl>#1396</styleUrl>
            <LineString id="1394">
                <coordinates>-77.06705128052432,38.92154464050518,0.0 -77.03197308076226,38.79290977473043,0.0</coordinates>
            </LineString>
        </Placemark>
        <Placemark id="1399">
            <name>NOa → Chk18</name>
            <description>
                
        
<![CDATA[
          <b>P1:</b> NOa<br>
          <b>P2:</b> Chk18<br>
          <hr>
          <b>Distance:</b> 3.981 miles<br>
          <hr>
          <u>Path P1 → P2:</u><br>
          <b>Forward Azimuth at P1 (Az12):</b> 218.030°<br>
          <b>Back Azimuth at P2 (BackAz12):</b> 218.001°<br>
          <hr>
          <u>Path P2 → P1:</u><br>
          <b>Forward Azimuth at P2 (Az21):</b> 38.001°<br>
          <b>Back Azimuth at P1 (BackAz21):</b> 38.030°<br>
          <hr>
          <b>Filter Reason(s):</b> Az21 Whole<br>
          <hr>
          <i>Calculation Method: Spherical</i>
        ]]>                
        
            </description>
            <styleUrl>#1400</styleUrl>
            <LineString id="1398">
                <coordinates>-77.06705128052432,38.92154464050518,0.0 -77.11265634246809,38.87614213026904,0.0</coordinates>
            </LineString>
        </Placemark>
        <Placemark id="1403">
            <name>NOa → Chk20</name>
            <description>
                
        
<![CDATA[
          <b>P1:</b> NOa<br>
          <b>P2:</b> Chk20<br>
          <hr>
          <b>Distance:</b> 7.789 miles<br>
          <hr>
          <u>Path P1 → P2:</u><br>
          <b>Forward Azimuth at P1 (Az12):</b> 153.002°<br>
          <b>Back Azimuth at P2 (BackAz12):</b> 153.043°<br>
          <hr>
          <u>Path P2 → P1:</u><br>
          <b>Forward Azimuth at P2 (Az21):</b> 333.043°<br>
          <b>Back Azimuth at P1 (BackAz21):</b> 333.002°<br>
          <hr>
          <b>Filter Reason(s):</b> Az12 Whole<br>
          <hr>
          <i>Calculation Method: Spherical</i>
        ]]>                
        
            </description>
            <styleUrl>#1404</styleUrl>
            <LineString id="1402">
                <coordinates>-77.06705128052432,38.92154464050518,0.0 -77.00135736591604,38.82106536665973,0.0</coordinates>
            </LineString>
        </Placemark>
        <Placemark id="1407">
            <name>NOa → Chk51</name>
            <description>
                
        
<![CDATA[
          <b>P1:</b> NOa<br>
          <b>P2:</b> Chk51<br>
          <hr>
          <b>Distance:</b> 4.675 miles<br>
          <hr>
          <u>Path P1 → P2:</u><br>
          <b>Forward Azimuth at P1 (Az12):</b> 117.956°<br>
          <b>Back Azimuth at P2 (BackAz12):</b> 118.005°<br>
          <hr>
          <u>Path P2 → P1:</u><br>
          <b>Forward Azimuth at P2 (Az21):</b> 298.005°<br>
          <b>Back Azimuth at P1 (BackAz21):</b> 297.956°<br>
          <hr>
          <b>Filter Reason(s):</b> Az21 Whole<br>
          <hr>
          <i>Calculation Method: Spherical</i>
        ]]>                
        
            </description>
            <styleUrl>#1408</styleUrl>
            <LineString id="1406">
                <coordinates>-77.06705128052432,38.92154464050518,0.0 -76.99025683060958,38.88979572156659,0.0</coordinates>
            </LineString>
        </Placemark>
        <Placemark id="1411">
            <name>NOa → RK</name>
            <description>
                
        
<![CDATA[
          <b>P1:</b> NOa<br>
          <b>P2:</b> RK<br>
          <hr>
          <b>Distance:</b> 5.149 miles<br>
          <hr>
          <u>Path P1 → P2:</u><br>
          <b>Forward Azimuth at P1 (Az12):</b> 152.975°<br>
          <b>Back Azimuth at P2 (BackAz12):</b> 153.003°<br>
          <hr>
          <u>Path P2 → P1:</u><br>
          <b>Forward Azimuth at P2 (Az21):</b> 333.003°<br>
          <b>Back Azimuth at P1 (BackAz21):</b> 332.975°<br>
          <hr>
          <b>Filter Reason(s):</b> Az21 Whole<br>
          <hr>
          <i>Calculation Method: Spherical</i>
        ]]>                
        
            </description>
            <styleUrl>#1412</styleUrl>
            <LineString id="1410">
                <coordinates>-77.06705128052432,38.92154464050518,0.0 -77.02356040000001,38.85513800000002,0.0</coordinates>
            </LineString>
        </Placemark>
        <Placemark id="1415">
            <name>NOa → H98</name>
            <description>
                
        
<![CDATA[
          <b>P1:</b> NOa<br>
          <b>P2:</b> H98<br>
          <hr>
          <b>Distance:</b> 2.223 miles<br>
          <hr>
          <u>Path P1 → P2:</u><br>
          <b>Forward Azimuth at P1 (Az12):</b> 43.004°<br>
          <b>Back Azimuth at P2 (BackAz12):</b> 43.022°<br>
          <hr>
          <u>Path P2 → P1:</u><br>
          <b>Forward Azimuth at P2 (Az21):</b> 223.022°<br>
          <b>Back Azimuth at P1 (BackAz21):</b> 223.004°<br>
          <hr>
          <b>Filter Reason(s):</b> Az12 Whole<br>
          <hr>
          <i>Calculation Method: Spherical</i>
        ]]>                
        
            </description>
            <styleUrl>#1416</styleUrl>
            <LineString id="1414">
                <coordinates>-77.06705128052432,38.92154464050518,0.0 -77.0388345966892,38.9450714821746,0.0</coordinates>
            </LineString>
        </Placemark>
        <Placemark id="1419">
            <name>Nb → Chk22</name>
            <description>
                
        
<![CDATA[
          <b>P1:</b> Nb<br>
          <b>P2:</b> Chk22<br>
          <hr>
          <b>Distance:</b> 4.679 miles<br>
          <hr>
          <u>Path P1 → P2:</u><br>
          <b>Forward Azimuth at P1 (Az12):</b> 211.023°<br>
          <b>Back Azimuth at P2 (BackAz12):</b> 210.994°<br>
          <hr>
          <u>Path P2 → P1:</u><br>
          <b>Forward Azimuth at P2 (Az21):</b> 30.994°<br>
          <b>Back Azimuth at P1 (BackAz21):</b> 31.023°<br>
          <hr>
          <b>Filter Reason(s):</b> Az21 target:31.00<br>
          <hr>
          <i>Calculation Method: Spherical</i>
        ]]>                
        
            </description>
            <styleUrl>#1420</styleUrl>
            <LineString id="1418">
                <coordinates>-77.04098558,38.99595650999999,0.0 -77.0858650836171,38.93790243521637,0.0</coordinates>
            </LineString>
        </Placemark>
        <Placemark id="1423">
            <name>Nb → POOthr2c</name>
            <description>
                
        
<![CDATA[
          <b>P1:</b> Nb<br>
          <b>P2:</b> POOthr2c<br>
          <hr>
          <b>Distance:</b> 6.713 miles<br>
          <hr>
          <u>Path P1 → P2:</u><br>
          <b>Forward Azimuth at P1 (Az12):</b> 199.009°<br>
          <b>Back Azimuth at P2 (BackAz12):</b> 198.983°<br>
          <hr>
          <u>Path P2 → P1:</u><br>
          <b>Forward Azimuth at P2 (Az21):</b> 18.983°<br>
          <b>Back Azimuth at P1 (BackAz21):</b> 19.009°<br>
          <hr>
          <b>Filter Reason(s):</b> Az12 Whole<br>
          <hr>
          <i>Calculation Method: Spherical</i>
        ]]>                
        
            </description>
            <styleUrl>#1424</styleUrl>
            <LineString id="1422">
                <coordinates>-77.04098558,38.99595650999999,0.0 -77.08165575743644,38.9040771959102,0.0</coordinates>
            </LineString>
        </Placemark>
        <Placemark id="1427">
            <name>Nb → OtrD</name>
            <description>
                
        
<![CDATA[
          <b>P1:</b> Nb<br>
          <b>P2:</b> OtrD<br>
          <hr>
          <b>Distance:</b> 10.040 miles<br>
          <hr>
          <u>Path P1 → P2:</u><br>
          <b>Forward Azimuth at P1 (Az12):</b> 136.921°<br>
          <b>Back Azimuth at P2 (BackAz12):</b> 137.001°<br>
          <hr>
          <u>Path P2 → P1:</u><br>
          <b>Forward Azimuth at P2 (Az21):</b> 317.001°<br>
          <b>Back Azimuth at P1 (BackAz21):</b> 316.921°<br>
          <hr>
          <b>Filter Reason(s):</b> Az21 Whole<br>
          <hr>
          <i>Calculation Method: Spherical</i>
        ]]>                
        
            </description>
            <styleUrl>#1428</styleUrl>
            <LineString id="1426">
                <coordinates>-77.04098558,38.99595650999999,0.0 -76.91344596466341,38.88972524047381,0.0</coordinates>
            </LineString>
        </Placemark>
        <Placemark id="1431">
            <name>Nb → H23</name>
            <description>
                
        
<![CDATA[
          <b>P1:</b> Nb<br>
          <b>P2:</b> H23<br>
          <hr>
          <b>Distance:</b> 4.671 miles<br>
          <hr>
          <u>Path P1 → P2:</u><br>
          <b>Forward Azimuth at P1 (Az12):</b> 213.004°<br>
          <b>Back Azimuth at P2 (BackAz12):</b> 212.974°<br>
          <hr>
          <u>Path P2 → P1:</u><br>
          <b>Forward Azimuth at P2 (Az21):</b> 32.974°<br>
          <b>Back Azimuth at P1 (BackAz21):</b> 33.004°<br>
          <hr>
          <b>Filter Reason(s):</b> Az12 Whole<br>
          <hr>
          <i>Calculation Method: Spherical</i>
        ]]>                
        
            </description>
            <styleUrl>#1432</styleUrl>
            <LineString id="1430">
                <coordinates>-77.04098558,38.99595650999999,0.0 -77.08834070412745,38.93923731423045,0.0</coordinates>
            </LineString>
        </Placemark>
        <Placemark id="1435">
            <name>Nc → Nb</name>
            <description>
                
        
<![CDATA[
          <b>P1:</b> Nc<br>
          <b>P2:</b> Nb<br>
          <hr>
          <b>Distance:</b> 7.071 miles<br>
          <hr>
          <u>Path P1 → P2:</u><br>
          <b>Forward Azimuth at P1 (Az12):</b> 0.000°<br>
          <b>Back Azimuth at P2 (BackAz12):</b> 0.000°<br>
          <hr>
          <u>Path P2 → P1:</u><br>
          <b>Forward Azimuth at P2 (Az21):</b> 180.000°<br>
          <b>Back Azimuth at P1 (BackAz21):</b> 180.000°<br>
          <hr>
          <b>Filter Reason(s):</b> Az12 Whole, Az12 multiple:15.00, Az12 multiple:18.00, Az21 Whole, Az21 multiple:15.00, Az21 multiple:18.00<br>
          <hr>
          <i>Calculation Method: Spherical</i>
        ]]>                
        
            </description>
            <styleUrl>#1436</styleUrl>
            <LineString id="1434">
                <coordinates>-77.04098558,38.89359614000001,0.0 -77.04098558,38.99595650999999,0.0</coordinates>
            </LineString>
        </Placemark>
        <Placemark id="1439">
            <name>Nc → PenD</name>
            <description>
                
        
<![CDATA[
          <b>P1:</b> Nc<br>
          <b>P2:</b> PenD<br>
          <hr>
          <b>Distance:</b> 1.879 miles<br>
          <hr>
          <u>Path P1 → P2:</u><br>
          <b>Forward Azimuth at P1 (Az12):</b> 210.013°<br>
          <b>Back Azimuth at P2 (BackAz12):</b> 210.002°<br>
          <hr>
          <u>Path P2 → P1:</u><br>
          <b>Forward Azimuth at P2 (Az21):</b> 30.002°<br>
          <b>Back Azimuth at P1 (BackAz21):</b> 30.013°<br>
          <hr>
          <b>Filter Reason(s):</b> Az21 Whole, Az21 multiple:15.00<br>
          <hr>
          <i>Calculation Method: Spherical</i>
        ]]>                
        
            </description>
            <styleUrl>#1440</styleUrl>
            <LineString id="1438">
                <coordinates>-77.04098558,38.89359614000001,0.0 -77.05845931790411,38.87004371204871,0.0</coordinates>
            </LineString>
        </Placemark>
        <Placemark id="1443">
            <name>Nc → Gs9</name>
            <description>
                
        
<![CDATA[
          <b>P1:</b> Nc<br>
          <b>P2:</b> Gs9<br>
          <hr>
          <b>Distance:</b> 6.972 miles<br>
          <hr>
          <u>Path P1 → P2:</u><br>
          <b>Forward Azimuth at P1 (Az12):</b> 176.009°<br>
          <b>Back Azimuth at P2 (BackAz12):</b> 176.015°<br>
          <hr>
          <u>Path P2 → P1:</u><br>
          <b>Forward Azimuth at P2 (Az21):</b> 356.015°<br>
          <b>Back Azimuth at P1 (BackAz21):</b> 356.009°<br>
          <hr>
          <b>Filter Reason(s):</b> Az12 Whole<br>
          <hr>
          <i>Calculation Method: Spherical</i>
        ]]>                
        
            </description>
            <styleUrl>#1444</styleUrl>
            <LineString id="1442">
                <coordinates>-77.04098558,38.89359614000001,0.0 -77.03197308076226,38.79290977473043,0.0</coordinates>
            </LineString>
        </Placemark>
        <Placemark id="1447">
            <name>Nc → Chk27</name>
            <description>
                
        
<![CDATA[
          <b>P1:</b> Nc<br>
          <b>P2:</b> Chk27<br>
          <hr>
          <b>Distance:</b> 5.340 miles<br>
          <hr>
          <u>Path P1 → P2:</u><br>
          <b>Forward Azimuth at P1 (Az12):</b> 344.027°<br>
          <b>Back Azimuth at P2 (BackAz12):</b> 344.010°<br>
          <hr>
          <u>Path P2 → P1:</u><br>
          <b>Forward Azimuth at P2 (Az21):</b> 164.010°<br>
          <b>Back Azimuth at P1 (BackAz21):</b> 164.027°<br>
          <hr>
          <b>Filter Reason(s):</b> Az21 Whole<br>
          <hr>
          <i>Calculation Method: Spherical</i>
        ]]>                
        
            </description>
            <styleUrl>#1448</styleUrl>
            <LineString id="1446">
                <coordinates>-77.04098558,38.89359614000001,0.0 -77.06834544975686,38.96791103163879,0.0</coordinates>
            </LineString>
        </Placemark>
        <Placemark id="1451">
            <name>Nc → Chk36</name>
            <description>
                
        
<![CDATA[
          <b>P1:</b> Nc<br>
          <b>P2:</b> Chk36<br>
          <hr>
          <b>Distance:</b> 2.837 miles<br>
          <hr>
          <u>Path P1 → P2:</u><br>
          <b>Forward Azimuth at P1 (Az12):</b> 64.001°<br>
          <b>Back Azimuth at P2 (BackAz12):</b> 64.031°<br>
          <hr>
          <u>Path P2 → P1:</u><br>
          <b>Forward Azimuth at P2 (Az21):</b> 244.031°<br>
          <b>Back Azimuth at P1 (BackAz21):</b> 244.001°<br>
          <hr>
          <b>Filter Reason(s):</b> Az12 Whole<br>
          <hr>
          <i>Calculation Method: Spherical</i>
        ]]>                
        
            </description>
            <styleUrl>#1452</styleUrl>
            <LineString id="1450">
                <coordinates>-77.04098558,38.89359614000001,0.0 -76.99354755099984,38.91158883943301,0.0</coordinates>
            </LineString>
        </Placemark>
        <Placemark id="1455">
            <name>Nc → Chk52</name>
            <description>
                
        
<![CDATA[
          <b>P1:</b> Nc<br>
          <b>P2:</b> Chk52<br>
          <hr>
          <b>Distance:</b> 2.229 miles<br>
          <hr>
          <u>Path P1 → P2:</u><br>
          <b>Forward Azimuth at P1 (Az12):</b> 90.002°<br>
          <b>Back Azimuth at P2 (BackAz12):</b> 90.028°<br>
          <hr>
          <u>Path P2 → P1:</u><br>
          <b>Forward Azimuth at P2 (Az21):</b> 270.028°<br>
          <b>Back Azimuth at P1 (BackAz21):</b> 270.002°<br>
          <hr>
          <b>Filter Reason(s):</b> Az12 Whole, Az12 multiple:15.00, Az12 multiple:18.00<br>
          <hr>
          <i>Calculation Method: Spherical</i>
        ]]>                
        
            </description>
            <styleUrl>#1456</styleUrl>
            <LineString id="1454">
                <coordinates>-77.04098558,38.89359614000001,0.0 -76.99952509051057,38.89358765171932,0.0</coordinates>
            </LineString>
        </Placemark>
        <Placemark id="1459">
            <name>Nc → AN</name>
            <description>
                
        
<![CDATA[
          <b>P1:</b> Nc<br>
          <b>P2:</b> AN<br>
          <hr>
          <b>Distance:</b> 5.598 miles<br>
          <hr>
          <u>Path P1 → P2:</u><br>
          <b>Forward Azimuth at P1 (Az12):</b> 72.010°<br>
          <b>Back Azimuth at P2 (BackAz12):</b> 72.072°<br>
          <hr>
          <u>Path P2 → P1:</u><br>
          <b>Forward Azimuth at P2 (Az21):</b> 252.072°<br>
          <b>Back Azimuth at P1 (BackAz21):</b> 252.010°<br>
          <hr>
          <b>Filter Reason(s):</b> Az12 Whole, Az12 multiple:18.00<br>
          <hr>
          <i>Calculation Method: Spherical</i>
        ]]>                
        
            </description>
            <styleUrl>#1460</styleUrl>
            <LineString id="1458">
                <coordinates>-77.04098558,38.89359614000001,0.0 -76.94192180000002,38.91858289999999,0.0</coordinates>
            </LineString>
        </Placemark>
        <Placemark id="1463">
            <name>Nc → H65</name>
            <description>
                
        
<![CDATA[
          <b>P1:</b> Nc<br>
          <b>P2:</b> H65<br>
          <hr>
          <b>Distance:</b> 2.510 miles<br>
          <hr>
          <u>Path P1 → P2:</u><br>
          <b>Forward Azimuth at P1 (Az12):</b> 45.994°<br>
          <b>Back Azimuth at P2 (BackAz12):</b> 46.015°<br>
          <hr>
          <u>Path P2 → P1:</u><br>
          <b>Forward Azimuth at P2 (Az21):</b> 226.015°<br>
          <b>Back Azimuth at P1 (BackAz21):</b> 225.994°<br>
          <hr>
          <b>Filter Reason(s):</b> Az12 target:46.00<br>
          <hr>
          <i>Calculation Method: Spherical</i>
        ]]>                
        
            </description>
            <styleUrl>#1464</styleUrl>
            <LineString id="1462">
                <coordinates>-77.04098558,38.89359614000001,0.0 -77.00739402065348,38.91883509061264,0.0</coordinates>
            </LineString>
        </Placemark>
        <Placemark id="1467">
            <name>Nc → SF06</name>
            <description>
                
        
<![CDATA[
          <b>P1:</b> Nc<br>
          <b>P2:</b> SF06<br>
          <hr>
          <b>Distance:</b> 9.305 miles<br>
          <hr>
          <u>Path P1 → P2:</u><br>
          <b>Forward Azimuth at P1 (Az12):</b> 314.991°<br>
          <b>Back Azimuth at P2 (BackAz12):</b> 314.914°<br>
          <hr>
          <u>Path P2 → P1:</u><br>
          <b>Forward Azimuth at P2 (Az21):</b> 134.914°<br>
          <b>Back Azimuth at P1 (BackAz21):</b> 134.991°<br>
          <hr>
          <b>Filter Reason(s):</b> Az12 multiple:15.00<br>
          <hr>
          <i>Calculation Method: Spherical</i>
        ]]>                
        
            </description>
            <styleUrl>#1468</styleUrl>
            <LineString id="1466">
                <coordinates>-77.04098558,38.89359614000001,0.0 -77.16354886186852,38.98876568157223,0.0</coordinates>
            </LineString>
        </Placemark>
        <Placemark id="1471">
            <name>OtrA → H69</name>
            <description>
                
        
<![CDATA[
          <b>P1:</b> OtrA<br>
          <b>P2:</b> H69<br>
          <hr>
          <b>Distance:</b> 7.336 miles<br>
          <hr>
          <u>Path P1 → P2:</u><br>
          <b>Forward Azimuth at P1 (Az12):</b> 242.007°<br>
          <b>Back Azimuth at P2 (BackAz12):</b> 241.931°<br>
          <hr>
          <u>Path P2 → P1:</u><br>
          <b>Forward Azimuth at P2 (Az21):</b> 61.931°<br>
          <b>Back Azimuth at P1 (BackAz21):</b> 62.007°<br>
          <hr>
          <b>Filter Reason(s):</b> Az12 Whole<br>
          <hr>
          <i>Calculation Method: Spherical</i>
        ]]>                
        
            </description>
            <styleUrl>#1472</styleUrl>
            <LineString id="1470">
                <coordinates>-76.95188801292042,38.92624596949343,0.0 -77.07234178427055,38.87633745296441,0.0</coordinates>
            </LineString>
        </Placemark>
        <Placemark id="1475">
            <name>OtrA → H47</name>
            <description>
                
        
<![CDATA[
          <b>P1:</b> OtrA<br>
          <b>P2:</b> H47<br>
          <hr>
          <b>Distance:</b> 3.244 miles<br>
          <hr>
          <u>Path P1 → P2:</u><br>
          <b>Forward Azimuth at P1 (Az12):</b> 285.040°<br>
          <b>Back Azimuth at P2 (BackAz12):</b> 285.003°<br>
          <hr>
          <u>Path P2 → P1:</u><br>
          <b>Forward Azimuth at P2 (Az21):</b> 105.003°<br>
          <b>Back Azimuth at P1 (BackAz21):</b> 105.040°<br>
          <hr>
          <b>Filter Reason(s):</b> Az21 Whole, Az21 multiple:15.00<br>
          <hr>
          <i>Calculation Method: Spherical</i>
        ]]>                
        
            </description>
            <styleUrl>#1476</styleUrl>
            <LineString id="1474">
                <coordinates>-76.95188801292042,38.92624596949343,0.0 -77.01018660152103,38.93841562644008,0.0</coordinates>
            </LineString>
        </Placemark>
        <Placemark id="1479">
            <name>OtrB → H69</name>
            <description>
                
        
<![CDATA[
          <b>P1:</b> OtrB<br>
          <b>P2:</b> H69<br>
          <hr>
          <b>Distance:</b> 7.074 miles<br>
          <hr>
          <u>Path P1 → P2:</u><br>
          <b>Forward Azimuth at P1 (Az12):</b> 218.009°<br>
          <b>Back Azimuth at P2 (BackAz12):</b> 217.959°<br>
          <hr>
          <u>Path P2 → P1:</u><br>
          <b>Forward Azimuth at P2 (Az21):</b> 37.959°<br>
          <b>Back Azimuth at P1 (BackAz21):</b> 38.009°<br>
          <hr>
          <b>Filter Reason(s):</b> Az12 Whole<br>
          <hr>
          <i>Calculation Method: Spherical</i>
        ]]>                
        
            </description>
            <styleUrl>#1480</styleUrl>
            <LineString id="1478">
                <coordinates>-76.99134485249716,38.95704643888089,0.0 -77.07234178427055,38.87633745296441,0.0</coordinates>
            </LineString>
        </Placemark>
        <Placemark id="1483">
            <name>OtrB → SF02</name>
            <description>
                
        
<![CDATA[
          <b>P1:</b> OtrB<br>
          <b>P2:</b> SF02<br>
          <hr>
          <b>Distance:</b> 6.563 miles<br>
          <hr>
          <u>Path P1 → P2:</u><br>
          <b>Forward Azimuth at P1 (Az12):</b> 234.008°<br>
          <b>Back Azimuth at P2 (BackAz12):</b> 233.946°<br>
          <hr>
          <u>Path P2 → P1:</u><br>
          <b>Forward Azimuth at P2 (Az21):</b> 53.946°<br>
          <b>Back Azimuth at P1 (BackAz21):</b> 54.008°<br>
          <hr>
          <b>Filter Reason(s):</b> Az12 Whole, Az12 multiple:18.00<br>
          <hr>
          <i>Calculation Method: Spherical</i>
        ]]>                
        
            </description>
            <styleUrl>#1484</styleUrl>
            <LineString id="1482">
                <coordinates>-76.99134485249716,38.95704643888089,0.0 -77.0901139945135,38.90117456916591,0.0</coordinates>
            </LineString>
        </Placemark>
        <Placemark id="1487">
            <name>OtrC → H47</name>
            <description>
                
        
<![CDATA[
          <b>P1:</b> OtrC<br>
          <b>P2:</b> H47<br>
          <hr>
          <b>Distance:</b> 1.650 miles<br>
          <hr>
          <u>Path P1 → P2:</u><br>
          <b>Forward Azimuth at P1 (Az12):</b> 236.006°<br>
          <b>Back Azimuth at P2 (BackAz12):</b> 235.990°<br>
          <hr>
          <u>Path P2 → P1:</u><br>
          <b>Forward Azimuth at P2 (Az21):</b> 55.990°<br>
          <b>Back Azimuth at P1 (BackAz21):</b> 56.006°<br>
          <hr>
          <b>Filter Reason(s):</b> Az12 Whole<br>
          <hr>
          <i>Calculation Method: Spherical</i>
        ]]>                
        
            </description>
            <styleUrl>#1488</styleUrl>
            <LineString id="1486">
                <coordinates>-76.98472940704961,38.95177142459147,0.0 -77.01018660152103,38.93841562644008,0.0</coordinates>
            </LineString>
        </Placemark>
        <Placemark id="1491">
            <name>P → PenE</name>
            <description>
                
        
<![CDATA[
          <b>P1:</b> P<br>
          <b>P2:</b> PenE<br>
          <hr>
          <b>Distance:</b> 0.149 miles<br>
          <hr>
          <u>Path P1 → P2:</u><br>
          <b>Forward Azimuth at P1 (Az12):</b> 100.006°<br>
          <b>Back Azimuth at P2 (BackAz12):</b> 100.008°<br>
          <hr>
          <u>Path P2 → P1:</u><br>
          <b>Forward Azimuth at P2 (Az21):</b> 280.008°<br>
          <b>Back Azimuth at P1 (BackAz21):</b> 280.006°<br>
          <hr>
          <b>Filter Reason(s):</b> Az12 Whole, Az21 Whole<br>
          <hr>
          <i>Calculation Method: Spherical</i>
        ]]>                
        
            </description>
            <styleUrl>#1492</styleUrl>
            <LineString id="1490">
                <coordinates>-77.05596854698287,38.87100323118176,0.0 -77.05323877107107,38.87062821721818,0.0</coordinates>
            </LineString>
        </Placemark>
        <Placemark id="1495">
            <name>P → Chk49</name>
            <description>
                
        
<![CDATA[
          <b>P1:</b> P<br>
          <b>P2:</b> Chk49<br>
          <hr>
          <b>Distance:</b> 3.023 miles<br>
          <hr>
          <u>Path P1 → P2:</u><br>
          <b>Forward Azimuth at P1 (Az12):</b> 28.002°<br>
          <b>Back Azimuth at P2 (BackAz12):</b> 28.019°<br>
          <hr>
          <u>Path P2 → P1:</u><br>
          <b>Forward Azimuth at P2 (Az21):</b> 208.019°<br>
          <b>Back Azimuth at P1 (BackAz21):</b> 208.002°<br>
          <hr>
          <b>Filter Reason(s):</b> Az12 Whole<br>
          <hr>
          <i>Calculation Method: Spherical</i>
        ]]>                
        
            </description>
            <styleUrl>#1496</styleUrl>
            <LineString id="1494">
                <coordinates>-77.05596854698287,38.87100323118176,0.0 -77.02956862943489,38.90963170613946,0.0</coordinates>
            </LineString>
        </Placemark>
        <Placemark id="1499">
            <name>PO → SF06</name>
            <description>
                
        
<![CDATA[
          <b>P1:</b> PO<br>
          <b>P2:</b> SF06<br>
          <hr>
          <b>Distance:</b> 4.421 miles<br>
          <hr>
          <u>Path P1 → P2:</u><br>
          <b>Forward Azimuth at P1 (Az12):</b> 328.003°<br>
          <b>Back Azimuth at P2 (BackAz12):</b> 327.975°<br>
          <hr>
          <u>Path P2 → P1:</u><br>
          <b>Forward Azimuth at P2 (Az21):</b> 147.975°<br>
          <b>Back Azimuth at P1 (BackAz21):</b> 148.003°<br>
          <hr>
          <b>Filter Reason(s):</b> Az12 Whole<br>
          <hr>
          <i>Calculation Method: Spherical</i>
        ]]>                
        
            </description>
            <styleUrl>#1500</styleUrl>
            <LineString id="1498">
                <coordinates>-77.1199159,38.93449309999998,0.0 -77.16354886186852,38.98876568157223,0.0</coordinates>
            </LineString>
        </Placemark>
        <Placemark id="1503">
            <name>POOthr2a → H39</name>
            <description>
                
        
<![CDATA[
          <b>P1:</b> POOthr2a<br>
          <b>P2:</b> H39<br>
          <hr>
          <b>Distance:</b> 11.388 miles<br>
          <hr>
          <u>Path P1 → P2:</u><br>
          <b>Forward Azimuth at P1 (Az12):</b> 289.634°<br>
          <b>Back Azimuth at P2 (BackAz12):</b> 289.509°<br>
          <hr>
          <u>Path P2 → P1:</u><br>
          <b>Forward Azimuth at P2 (Az21):</b> 109.509°<br>
          <b>Back Azimuth at P1 (BackAz21):</b> 109.634°<br>
          <hr>
          <b>Filter Reason(s):</b> Az21 target:109.50<br>
          <hr>
          <i>Calculation Method: Spherical</i>
        ]]>                
        
            </description>
            <styleUrl>#1504</styleUrl>
            <LineString id="1502">
                <coordinates>-77.04279029496989,38.86374289004072,0.0 -77.24236058241425,38.9189665077175,0.0</coordinates>
            </LineString>
        </Placemark>
        <Placemark id="1507">
            <name>POOthr2c → AnOthr01</name>
            <description>
                
        
<![CDATA[
          <b>P1:</b> POOthr2c<br>
          <b>P2:</b> AnOthr01<br>
          <hr>
          <b>Distance:</b> 5.159 miles<br>
          <hr>
          <u>Path P1 → P2:</u><br>
          <b>Forward Azimuth at P1 (Az12):</b> 118.001°<br>
          <b>Back Azimuth at P2 (BackAz12):</b> 118.054°<br>
          <hr>
          <u>Path P2 → P1:</u><br>
          <b>Forward Azimuth at P2 (Az21):</b> 298.054°<br>
          <b>Back Azimuth at P1 (BackAz21):</b> 298.001°<br>
          <hr>
          <b>Filter Reason(s):</b> Az12 Whole<br>
          <hr>
          <i>Calculation Method: Spherical</i>
        ]]>                
        
            </description>
            <styleUrl>#1508</styleUrl>
            <LineString id="1506">
                <coordinates>-77.08165575743644,38.9040771959102,0.0 -76.99696100301952,38.86898287196977,0.0</coordinates>
            </LineString>
        </Placemark>
        <Placemark id="1511">
            <name>POOthr2c → H32</name>
            <description>
                
        
<![CDATA[
          <b>P1:</b> POOthr2c<br>
          <b>P2:</b> H32<br>
          <hr>
          <b>Distance:</b> 1.482 miles<br>
          <hr>
          <u>Path P1 → P2:</u><br>
          <b>Forward Azimuth at P1 (Az12):</b> 341.005°<br>
          <b>Back Azimuth at P2 (BackAz12):</b> 341.000°<br>
          <hr>
          <u>Path P2 → P1:</u><br>
          <b>Forward Azimuth at P2 (Az21):</b> 161.000°<br>
          <b>Back Azimuth at P1 (BackAz21):</b> 161.005°<br>
          <hr>
          <b>Filter Reason(s):</b> Az12 Whole<br>
          <hr>
          <i>Calculation Method: Spherical</i>
        ]]>                
        
            </description>
            <styleUrl>#1512</styleUrl>
            <LineString id="1510">
                <coordinates>-77.08165575743644,38.9040771959102,0.0 -77.09063005508365,38.9243596243616,0.0</coordinates>
            </LineString>
        </Placemark>
        <Placemark id="1515">
            <name>POOthr3a → H52</name>
            <description>
                
        
<![CDATA[
          <b>P1:</b> POOthr3a<br>
          <b>P2:</b> H52<br>
          <hr>
          <b>Distance:</b> 9.704 miles<br>
          <hr>
          <u>Path P1 → P2:</u><br>
          <b>Forward Azimuth at P1 (Az12):</b> 349.007°<br>
          <b>Back Azimuth at P2 (BackAz12):</b> 348.985°<br>
          <hr>
          <u>Path P2 → P1:</u><br>
          <b>Forward Azimuth at P2 (Az21):</b> 168.985°<br>
          <b>Back Azimuth at P1 (BackAz21):</b> 169.007°<br>
          <hr>
          <b>Filter Reason(s):</b> Az12 Whole<br>
          <hr>
          <i>Calculation Method: Spherical</i>
        ]]>                
        
            </description>
            <styleUrl>#1516</styleUrl>
            <LineString id="1514">
                <coordinates>-77.0402519018478,38.7852261694161,0.0 -77.0746835467705,38.92312150962155,0.0</coordinates>
            </LineString>
        </Placemark>
        <Placemark id="1519">
            <name>POOthr3a → Pk01</name>
            <description>
                
        
<![CDATA[
          <b>P1:</b> POOthr3a<br>
          <b>P2:</b> Pk01<br>
          <hr>
          <b>Distance:</b> 38.022 miles<br>
          <hr>
          <u>Path P1 → P2:</u><br>
          <b>Forward Azimuth at P1 (Az12):</b> 330.222°<br>
          <b>Back Azimuth at P2 (BackAz12):</b> 330.000°<br>
          <hr>
          <u>Path P2 → P1:</u><br>
          <b>Forward Azimuth at P2 (Az21):</b> 150.000°<br>
          <b>Back Azimuth at P1 (BackAz21):</b> 150.222°<br>
          <hr>
          <b>Filter Reason(s):</b> Az21 multiple:15.00<br>
          <hr>
          <i>Calculation Method: Spherical</i>
        ]]>                
        
            </description>
            <styleUrl>#1520</styleUrl>
            <LineString id="1518">
                <coordinates>-77.0402519018478,38.7852261694161,0.0 -77.39330127153266,39.26242301794514,0.0</coordinates>
            </LineString>
        </Placemark>
        <Placemark id="1523">
            <name>POOthr3b → SF03</name>
            <description>
                
        
<![CDATA[
          <b>P1:</b> POOthr3b<br>
          <b>P2:</b> SF03<br>
          <hr>
          <b>Distance:</b> 3.809 miles<br>
          <hr>
          <u>Path P1 → P2:</u><br>
          <b>Forward Azimuth at P1 (Az12):</b> 108.998°<br>
          <b>Back Azimuth at P2 (BackAz12):</b> 109.040°<br>
          <hr>
          <u>Path P2 → P1:</u><br>
          <b>Forward Azimuth at P2 (Az21):</b> 289.040°<br>
          <b>Back Azimuth at P1 (BackAz21):</b> 288.998°<br>
          <hr>
          <b>Filter Reason(s):</b> Az12 target:109.00<br>
          <hr>
          <i>Calculation Method: Spherical</i>
        ]]>                
        
            </description>
            <styleUrl>#1524</styleUrl>
            <LineString id="1522">
                <coordinates>-77.03902815721085,38.79164360258566,0.0 -76.97215841432278,38.77367519361357,0.0</coordinates>
            </LineString>
        </Placemark>
        <Placemark id="1527">
            <name>PenA → Gs1</name>
            <description>
                
        
<![CDATA[
          <b>P1:</b> PenA<br>
          <b>P2:</b> Gs1<br>
          <hr>
          <b>Distance:</b> 5.436 miles<br>
          <hr>
          <u>Path P1 → P2:</u><br>
          <b>Forward Azimuth at P1 (Az12):</b> 323.009°<br>
          <b>Back Azimuth at P2 (BackAz12):</b> 322.971°<br>
          <hr>
          <u>Path P2 → P1:</u><br>
          <b>Forward Azimuth at P2 (Az21):</b> 142.971°<br>
          <b>Back Azimuth at P1 (BackAz21):</b> 143.009°<br>
          <hr>
          <b>Filter Reason(s):</b> Az12 Whole<br>
          <hr>
          <i>Calculation Method: Spherical</i>
        ]]>                
        
            </description>
            <styleUrl>#1528</styleUrl>
            <LineString id="1526">
                <coordinates>-77.05790028667388,38.872552231854,0.0 -77.11877083238855,38.93539090046842,0.0</coordinates>
            </LineString>
        </Placemark>
        <Placemark id="1531">
            <name>PenA → Chk59</name>
            <description>
                
        
<![CDATA[
          <b>P1:</b> PenA<br>
          <b>P2:</b> Chk59<br>
          <hr>
          <b>Distance:</b> 9.534 miles<br>
          <hr>
          <u>Path P1 → P2:</u><br>
          <b>Forward Azimuth at P1 (Az12):</b> 4.993°<br>
          <b>Back Azimuth at P2 (BackAz12):</b> 5.003°<br>
          <hr>
          <u>Path P2 → P1:</u><br>
          <b>Forward Azimuth at P2 (Az21):</b> 185.003°<br>
          <b>Back Azimuth at P1 (BackAz21):</b> 184.993°<br>
          <hr>
          <b>Filter Reason(s):</b> Az21 Whole<br>
          <hr>
          <i>Calculation Method: Spherical</i>
        ]]>                
        
            </description>
            <styleUrl>#1532</styleUrl>
            <LineString id="1530">
                <coordinates>-77.05790028667388,38.872552231854,0.0 -77.04244035387981,39.01004268273348,0.0</coordinates>
            </LineString>
        </Placemark>
        <Placemark id="1535">
            <name>PenA → H38</name>
            <description>
                
        
<![CDATA[
          <b>P1:</b> PenA<br>
          <b>P2:</b> H38<br>
          <hr>
          <b>Distance:</b> 13.718 miles<br>
          <hr>
          <u>Path P1 → P2:</u><br>
          <b>Forward Azimuth at P1 (Az12):</b> 284.001°<br>
          <b>Back Azimuth at P2 (BackAz12):</b> 283.846°<br>
          <hr>
          <u>Path P2 → P1:</u><br>
          <b>Forward Azimuth at P2 (Az21):</b> 103.846°<br>
          <b>Back Azimuth at P1 (BackAz21):</b> 104.001°<br>
          <hr>
          <b>Filter Reason(s):</b> Az12 Whole<br>
          <hr>
          <i>Calculation Method: Spherical</i>
        ]]>                
        
            </description>
            <styleUrl>#1536</styleUrl>
            <LineString id="1534">
                <coordinates>-77.05790028667388,38.872552231854,0.0 -77.30556025520397,38.92033648688445,0.0</coordinates>
            </LineString>
        </Placemark>
        <Placemark id="1539">
            <name>PenB → Chk21</name>
            <description>
                
        
<![CDATA[
          <b>P1:</b> PenB<br>
          <b>P2:</b> Chk21<br>
          <hr>
          <b>Distance:</b> 6.243 miles<br>
          <hr>
          <u>Path P1 → P2:</u><br>
          <b>Forward Azimuth at P1 (Az12):</b> 89.920°<br>
          <b>Back Azimuth at P2 (BackAz12):</b> 89.993°<br>
          <hr>
          <u>Path P2 → P1:</u><br>
          <b>Forward Azimuth at P2 (Az21):</b> 269.993°<br>
          <b>Back Azimuth at P1 (BackAz21):</b> 269.920°<br>
          <hr>
          <b>Filter Reason(s):</b> Az21 multiple:15.00, Az21 multiple:18.00<br>
          <hr>
          <i>Calculation Method: Spherical</i>
        ]]>                
        
            </description>
            <styleUrl>#1540</styleUrl>
            <LineString id="1538">
                <coordinates>-77.05628474196676,38.87273556375202,0.0 -76.94019736733574,38.87280409544193,0.0</coordinates>
            </LineString>
        </Placemark>
        <Placemark id="1543">
            <name>PenC → Chk19</name>
            <description>
                
        
<![CDATA[
          <b>P1:</b> PenC<br>
          <b>P2:</b> Chk19<br>
          <hr>
          <b>Distance:</b> 7.817 miles<br>
          <hr>
          <u>Path P1 → P2:</u><br>
          <b>Forward Azimuth at P1 (Az12):</b> 4.003°<br>
          <b>Back Azimuth at P2 (BackAz12):</b> 4.009°<br>
          <hr>
          <u>Path P2 → P1:</u><br>
          <b>Forward Azimuth at P2 (Az21):</b> 184.009°<br>
          <b>Back Azimuth at P1 (BackAz21):</b> 184.003°<br>
          <hr>
          <b>Filter Reason(s):</b> Az12 Whole, Az21 Whole<br>
          <hr>
          <i>Calculation Method: Spherical</i>
        ]]>                
        
            </description>
            <styleUrl>#1544</styleUrl>
            <LineString id="1542">
                <coordinates>-77.05693269848774,38.87621612361609,0.0 -77.04677082443145,38.98909790584569,0.0</coordinates>
            </LineString>
        </Placemark>
        <Placemark id="1547">
            <name>PenC → H42</name>
            <description>
                
        
<![CDATA[
          <b>P1:</b> PenC<br>
          <b>P2:</b> H42<br>
          <hr>
          <b>Distance:</b> 4.174 miles<br>
          <hr>
          <u>Path P1 → P2:</u><br>
          <b>Forward Azimuth at P1 (Az12):</b> 146.974°<br>
          <b>Back Azimuth at P2 (BackAz12):</b> 147.001°<br>
          <hr>
          <u>Path P2 → P1:</u><br>
          <b>Forward Azimuth at P2 (Az21):</b> 327.001°<br>
          <b>Back Azimuth at P1 (BackAz21):</b> 326.974°<br>
          <hr>
          <b>Filter Reason(s):</b> Az21 Whole<br>
          <hr>
          <i>Calculation Method: Spherical</i>
        ]]>                
        
            </description>
            <styleUrl>#1548</styleUrl>
            <LineString id="1546">
                <coordinates>-77.05693269848774,38.87621612361609,0.0 -77.01466103512618,38.82554707680318,0.0</coordinates>
            </LineString>
        </Placemark>
        <Placemark id="1551">
            <name>PenC → SF01</name>
            <description>
                
        
<![CDATA[
          <b>P1:</b> PenC<br>
          <b>P2:</b> SF01<br>
          <hr>
          <b>Distance:</b> 2.326 miles<br>
          <hr>
          <u>Path P1 → P2:</u><br>
          <b>Forward Azimuth at P1 (Az12):</b> 318.028°<br>
          <b>Back Azimuth at P2 (BackAz12):</b> 318.010°<br>
          <hr>
          <u>Path P2 → P1:</u><br>
          <b>Forward Azimuth at P2 (Az21):</b> 138.010°<br>
          <b>Back Azimuth at P1 (BackAz21):</b> 138.028°<br>
          <hr>
          <b>Filter Reason(s):</b> Az21 Whole<br>
          <hr>
          <i>Calculation Method: Spherical</i>
        ]]>                
        
            </description>
            <styleUrl>#1552</styleUrl>
            <LineString id="1550">
                <coordinates>-77.05693269848774,38.87621612361609,0.0 -77.08586335465753,38.90124200833564,0.0</coordinates>
            </LineString>
        </Placemark>
        <Placemark id="1555">
            <name>PenC → SF02</name>
            <description>
                
        
<![CDATA[
          <b>P1:</b> PenC<br>
          <b>P2:</b> SF02<br>
          <hr>
          <b>Distance:</b> 2.481 miles<br>
          <hr>
          <u>Path P1 → P2:</u><br>
          <b>Forward Azimuth at P1 (Az12):</b> 314.030°<br>
          <b>Back Azimuth at P2 (BackAz12):</b> 314.010°<br>
          <hr>
          <u>Path P2 → P1:</u><br>
          <b>Forward Azimuth at P2 (Az21):</b> 134.010°<br>
          <b>Back Azimuth at P1 (BackAz21):</b> 134.030°<br>
          <hr>
          <b>Filter Reason(s):</b> Az21 Whole, Az21 target:134.00<br>
          <hr>
          <i>Calculation Method: Spherical</i>
        ]]>                
        
            </description>
            <styleUrl>#1556</styleUrl>
            <LineString id="1554">
                <coordinates>-77.05693269848774,38.87621612361609,0.0 -77.0901139945135,38.90117456916591,0.0</coordinates>
            </LineString>
        </Placemark>
        <Placemark id="1559">
            <name>PenD → H37</name>
            <description>
                
        
<![CDATA[
          <b>P1:</b> PenD<br>
          <b>P2:</b> H37<br>
          <hr>
          <b>Distance:</b> 3.427 miles<br>
          <hr>
          <u>Path P1 → P2:</u><br>
          <b>Forward Azimuth at P1 (Az12):</b> 302.041°<br>
          <b>Back Azimuth at P2 (BackAz12):</b> 302.007°<br>
          <hr>
          <u>Path P2 → P1:</u><br>
          <b>Forward Azimuth at P2 (Az21):</b> 122.007°<br>
          <b>Back Azimuth at P1 (BackAz21):</b> 122.041°<br>
          <hr>
          <b>Filter Reason(s):</b> Az21 Whole<br>
          <hr>
          <i>Calculation Method: Spherical</i>
        ]]>                
        
            </description>
            <styleUrl>#1560</styleUrl>
            <LineString id="1558">
                <coordinates>-77.05845931790411,38.87004371204871,0.0 -77.11248589188622,38.89634739382956,0.0</coordinates>
            </LineString>
        </Placemark>
        <Placemark id="1563">
            <name>PenE → KS</name>
            <description>
                
        
<![CDATA[
          <b>P1:</b> PenE<br>
          <b>P2:</b> KS<br>
          <hr>
          <b>Distance:</b> 5.547 miles<br>
          <hr>
          <u>Path P1 → P2:</u><br>
          <b>Forward Azimuth at P1 (Az12):</b> 179.002°<br>
          <b>Back Azimuth at P2 (BackAz12):</b> 179.003°<br>
          <hr>
          <u>Path P2 → P1:</u><br>
          <b>Forward Azimuth at P2 (Az21):</b> 359.003°<br>
          <b>Back Azimuth at P1 (BackAz21):</b> 359.002°<br>
          <hr>
          <b>Filter Reason(s):</b> Az12 Whole, Az12 target:179.00, Az21 Whole, Az21 target:359.00<br>
          <hr>
          <i>Calculation Method: Spherical</i>
        ]]>                
        
            </description>
            <styleUrl>#1564</styleUrl>
            <LineString id="1562">
                <coordinates>-77.05323877107107,38.87062821721818,0.0 -77.051444,38.790339,0.0</coordinates>
            </LineString>
        </Placemark>
        <Placemark id="1567">
            <name>PenE → Chk06</name>
            <description>
                
        
<![CDATA[
          <b>P1:</b> PenE<br>
          <b>P2:</b> Chk06<br>
          <hr>
          <b>Distance:</b> 6.372 miles<br>
          <hr>
          <u>Path P1 → P2:</u><br>
          <b>Forward Azimuth at P1 (Az12):</b> 53.006°<br>
          <b>Back Azimuth at P2 (BackAz12):</b> 53.065°<br>
          <hr>
          <u>Path P2 → P1:</u><br>
          <b>Forward Azimuth at P2 (Az21):</b> 233.065°<br>
          <b>Back Azimuth at P1 (BackAz21):</b> 233.006°<br>
          <hr>
          <b>Filter Reason(s):</b> Az12 Whole<br>
          <hr>
          <i>Calculation Method: Spherical</i>
        ]]>                
        
            </description>
            <styleUrl>#1568</styleUrl>
            <LineString id="1566">
                <coordinates>-77.05323877107107,38.87062821721818,0.0 -76.95853332476764,38.92609741015503,0.0</coordinates>
            </LineString>
        </Placemark>
        <Placemark id="1571">
            <name>PenE → Chk60</name>
            <description>
                
        
<![CDATA[
          <b>P1:</b> PenE<br>
          <b>P2:</b> Chk60<br>
          <hr>
          <b>Distance:</b> 9.342 miles<br>
          <hr>
          <u>Path P1 → P2:</u><br>
          <b>Forward Azimuth at P1 (Az12):</b> 5.003°<br>
          <b>Back Azimuth at P2 (BackAz12):</b> 5.013°<br>
          <hr>
          <u>Path P2 → P1:</u><br>
          <b>Forward Azimuth at P2 (Az21):</b> 185.013°<br>
          <b>Back Azimuth at P1 (BackAz21):</b> 185.003°<br>
          <hr>
          <b>Filter Reason(s):</b> Az12 Whole<br>
          <hr>
          <i>Calculation Method: Spherical</i>
        ]]>                
        
            </description>
            <styleUrl>#1572</styleUrl>
            <LineString id="1570">
                <coordinates>-77.05323877107107,38.87062821721818,0.0 -77.03806204873727,39.00533947251964,0.0</coordinates>
            </LineString>
        </Placemark>
        <Placemark id="1575">
            <name>PenE → AN</name>
            <description>
                
        
<![CDATA[
          <b>P1:</b> PenE<br>
          <b>P2:</b> AN<br>
          <hr>
          <b>Distance:</b> 6.841 miles<br>
          <hr>
          <u>Path P1 → P2:</u><br>
          <b>Forward Azimuth at P1 (Az12):</b> 61.000°<br>
          <b>Back Azimuth at P2 (BackAz12):</b> 61.070°<br>
          <hr>
          <u>Path P2 → P1:</u><br>
          <b>Forward Azimuth at P2 (Az21):</b> 241.070°<br>
          <b>Back Azimuth at P1 (BackAz21):</b> 241.000°<br>
          <hr>
          <b>Filter Reason(s):</b> Az12 Whole, Az12 target:61.00<br>
          <hr>
          <i>Calculation Method: Spherical</i>
        ]]>                
        
            </description>
            <styleUrl>#1576</styleUrl>
            <LineString id="1574">
                <coordinates>-77.05323877107107,38.87062821721818,0.0 -76.94192180000002,38.91858289999999,0.0</coordinates>
            </LineString>
        </Placemark>
        <Placemark id="1579">
            <name>PenE → OtrD</name>
            <description>
                
        
<![CDATA[
          <b>P1:</b> PenE<br>
          <b>P2:</b> OtrD<br>
          <hr>
          <b>Distance:</b> 7.632 miles<br>
          <hr>
          <u>Path P1 → P2:</u><br>
          <b>Forward Azimuth at P1 (Az12):</b> 80.003°<br>
          <b>Back Azimuth at P2 (BackAz12):</b> 80.091°<br>
          <hr>
          <u>Path P2 → P1:</u><br>
          <b>Forward Azimuth at P2 (Az21):</b> 260.091°<br>
          <b>Back Azimuth at P1 (BackAz21):</b> 260.003°<br>
          <hr>
          <b>Filter Reason(s):</b> Az12 Whole<br>
          <hr>
          <i>Calculation Method: Spherical</i>
        ]]>                
        
            </description>
            <styleUrl>#1580</styleUrl>
            <LineString id="1578">
                <coordinates>-77.05323877107107,38.87062821721818,0.0 -76.91344596466341,38.88972524047381,0.0</coordinates>
            </LineString>
        </Placemark>
        <Placemark id="1583">
            <name>PenE → H69</name>
            <description>
                
        
<![CDATA[
          <b>P1:</b> PenE<br>
          <b>P2:</b> H69<br>
          <hr>
          <b>Distance:</b> 1.100 miles<br>
          <hr>
          <u>Path P1 → P2:</u><br>
          <b>Forward Azimuth at P1 (Az12):</b> 291.007°<br>
          <b>Back Azimuth at P2 (BackAz12):</b> 290.995°<br>
          <hr>
          <u>Path P2 → P1:</u><br>
          <b>Forward Azimuth at P2 (Az21):</b> 110.995°<br>
          <b>Back Azimuth at P1 (BackAz21):</b> 111.007°<br>
          <hr>
          <b>Filter Reason(s):</b> Az12 Whole<br>
          <hr>
          <i>Calculation Method: Spherical</i>
        ]]>                
        
            </description>
            <styleUrl>#1584</styleUrl>
            <LineString id="1582">
                <coordinates>-77.05323877107107,38.87062821721818,0.0 -77.07234178427055,38.87633745296441,0.0</coordinates>
            </LineString>
        </Placemark>
        <Placemark id="1587">
            <name>PenF → Chk42</name>
            <description>
                
        
<![CDATA[
          <b>P1:</b> PenF<br>
          <b>P2:</b> Chk42<br>
          <hr>
          <b>Distance:</b> 4.330 miles<br>
          <hr>
          <u>Path P1 → P2:</u><br>
          <b>Forward Azimuth at P1 (Az12):</b> 348.003°<br>
          <b>Back Azimuth at P2 (BackAz12):</b> 347.992°<br>
          <hr>
          <u>Path P2 → P1:</u><br>
          <b>Forward Azimuth at P2 (Az21):</b> 167.992°<br>
          <b>Back Azimuth at P1 (BackAz21):</b> 168.003°<br>
          <hr>
          <b>Filter Reason(s):</b> Az12 Whole<br>
          <hr>
          <i>Calculation Method: Spherical</i>
        ]]>                
        
            </description>
            <styleUrl>#1588</styleUrl>
            <LineString id="1586">
                <coordinates>-77.05555738705385,38.86885600238287,0.0 -77.07230698965536,38.93017051598103,0.0</coordinates>
            </LineString>
        </Placemark>
        <Placemark id="1591">
            <name>PenF → Chk44</name>
            <description>
                
        
<![CDATA[
          <b>P1:</b> PenF<br>
          <b>P2:</b> Chk44<br>
          <hr>
          <b>Distance:</b> 2.891 miles<br>
          <hr>
          <u>Path P1 → P2:</u><br>
          <b>Forward Azimuth at P1 (Az12):</b> 13.009°<br>
          <b>Back Azimuth at P2 (BackAz12):</b> 13.017°<br>
          <hr>
          <u>Path P2 → P1:</u><br>
          <b>Forward Azimuth at P2 (Az21):</b> 193.017°<br>
          <b>Back Azimuth at P1 (BackAz21):</b> 193.009°<br>
          <hr>
          <b>Filter Reason(s):</b> Az12 Whole<br>
          <hr>
          <i>Calculation Method: Spherical</i>
        ]]>                
        
            </description>
            <styleUrl>#1592</styleUrl>
            <LineString id="1590">
                <coordinates>-77.05555738705385,38.86885600238287,0.0 -77.04345033773585,38.9096320124952,0.0</coordinates>
            </LineString>
        </Placemark>
        <Placemark id="1595">
            <name>PenF → Chk54</name>
            <description>
                
        
<![CDATA[
          <b>P1:</b> PenF<br>
          <b>P2:</b> Chk54<br>
          <hr>
          <b>Distance:</b> 12.426 miles<br>
          <hr>
          <u>Path P1 → P2:</u><br>
          <b>Forward Azimuth at P1 (Az12):</b> 177.005°<br>
          <b>Back Azimuth at P2 (BackAz12):</b> 177.013°<br>
          <hr>
          <u>Path P2 → P1:</u><br>
          <b>Forward Azimuth at P2 (Az21):</b> 357.013°<br>
          <b>Back Azimuth at P1 (BackAz21):</b> 357.005°<br>
          <hr>
          <b>Filter Reason(s):</b> Az12 Whole<br>
          <hr>
          <i>Calculation Method: Spherical</i>
        ]]>                
        
            </description>
            <styleUrl>#1596</styleUrl>
            <LineString id="1594">
                <coordinates>-77.05555738705385,38.86885600238287,0.0 -77.04351796976675,38.68922831692476,0.0</coordinates>
            </LineString>
        </Placemark>
        <Placemark id="1599">
            <name>PenG → POOthr2c</name>
            <description>
                
        
<![CDATA[
          <b>P1:</b> PenG<br>
          <b>P2:</b> POOthr2c<br>
          <hr>
          <b>Distance:</b> 2.596 miles<br>
          <hr>
          <u>Path P1 → P2:</u><br>
          <b>Forward Azimuth at P1 (Az12):</b> 326.023°<br>
          <b>Back Azimuth at P2 (BackAz12):</b> 326.006°<br>
          <hr>
          <u>Path P2 → P1:</u><br>
          <b>Forward Azimuth at P2 (Az21):</b> 146.006°<br>
          <b>Back Azimuth at P1 (BackAz21):</b> 146.023°<br>
          <hr>
          <b>Filter Reason(s):</b> Az21 Whole<br>
          <hr>
          <i>Calculation Method: Spherical</i>
        ]]>                
        
            </description>
            <styleUrl>#1600</styleUrl>
            <LineString id="1598">
                <coordinates>-77.05466945787724,38.87291816657935,0.0 -77.08165575743644,38.9040771959102,0.0</coordinates>
            </LineString>
        </Placemark>
        <Placemark id="1603">
            <name>PenG → H99</name>
            <description>
                
        
<![CDATA[
          <b>P1:</b> PenG<br>
          <b>P2:</b> H99<br>
          <hr>
          <b>Distance:</b> 3.093 miles<br>
          <hr>
          <u>Path P1 → P2:</u><br>
          <b>Forward Azimuth at P1 (Az12):</b> 69.009°<br>
          <b>Back Azimuth at P2 (BackAz12):</b> 69.043°<br>
          <hr>
          <u>Path P2 → P1:</u><br>
          <b>Forward Azimuth at P2 (Az21):</b> 249.043°<br>
          <b>Back Azimuth at P1 (BackAz21):</b> 249.009°<br>
          <hr>
          <b>Filter Reason(s):</b> Az12 Whole<br>
          <hr>
          <i>Calculation Method: Spherical</i>
        ]]>                
        
            </description>
            <styleUrl>#1604</styleUrl>
            <LineString id="1602">
                <coordinates>-77.05466945787724,38.87291816657935,0.0 -77.00096480083693,38.8889443857454,0.0</coordinates>
            </LineString>
        </Placemark>
        <Placemark id="1607">
            <name>RCOthr3a → SF01</name>
            <description>
                
        
<![CDATA[
          <b>P1:</b> RCOthr3a<br>
          <b>P2:</b> SF01<br>
          <hr>
          <b>Distance:</b> 6.877 miles<br>
          <hr>
          <u>Path P1 → P2:</u><br>
          <b>Forward Azimuth at P1 (Az12):</b> 202.005°<br>
          <b>Back Azimuth at P2 (BackAz12):</b> 201.975°<br>
          <hr>
          <u>Path P2 → P1:</u><br>
          <b>Forward Azimuth at P2 (Az21):</b> 21.975°<br>
          <b>Back Azimuth at P1 (BackAz21):</b> 22.005°<br>
          <hr>
          <b>Filter Reason(s):</b> Az12 Whole<br>
          <hr>
          <i>Calculation Method: Spherical</i>
        ]]>                
        
            </description>
            <styleUrl>#1608</styleUrl>
            <LineString id="1606">
                <coordinates>-77.03793092768112,38.99355611820573,0.0 -77.08586335465753,38.90124200833564,0.0</coordinates>
            </LineString>
        </Placemark>
        <Placemark id="1611">
            <name>RCrkA → H67</name>
            <description>
                
        
<![CDATA[
          <b>P1:</b> RCrkA<br>
          <b>P2:</b> H67<br>
          <hr>
          <b>Distance:</b> 2.031 miles<br>
          <hr>
          <u>Path P1 → P2:</u><br>
          <b>Forward Azimuth at P1 (Az12):</b> 303.009°<br>
          <b>Back Azimuth at P2 (BackAz12):</b> 302.989°<br>
          <hr>
          <u>Path P2 → P1:</u><br>
          <b>Forward Azimuth at P2 (Az21):</b> 122.989°<br>
          <b>Back Azimuth at P1 (BackAz21):</b> 123.009°<br>
          <hr>
          <b>Filter Reason(s):</b> Az12 Whole<br>
          <hr>
          <i>Calculation Method: Spherical</i>
        ]]>                
        
            </description>
            <styleUrl>#1612</styleUrl>
            <LineString id="1610">
                <coordinates>-77.05755337263248,38.89950909563222,0.0 -77.08923640277803,38.91551942120227,0.0</coordinates>
            </LineString>
        </Placemark>
        <Placemark id="1615">
            <name>RCrkA → H13</name>
            <description>
                
        
<![CDATA[
          <b>P1:</b> RCrkA<br>
          <b>P2:</b> H13<br>
          <hr>
          <b>Distance:</b> 3.992 miles<br>
          <hr>
          <u>Path P1 → P2:</u><br>
          <b>Forward Azimuth at P1 (Az12):</b> 35.973°<br>
          <b>Back Azimuth at P2 (BackAz12):</b> 36.001°<br>
          <hr>
          <u>Path P2 → P1:</u><br>
          <b>Forward Azimuth at P2 (Az21):</b> 216.001°<br>
          <b>Back Azimuth at P1 (BackAz21):</b> 215.973°<br>
          <hr>
          <b>Filter Reason(s):</b> Az21 Whole, Az21 multiple:18.00<br>
          <hr>
          <i>Calculation Method: Spherical</i>
        ]]>                
        
            </description>
            <styleUrl>#1616</styleUrl>
            <LineString id="1614">
                <coordinates>-77.05755337263248,38.89950909563222,0.0 -77.01391219662139,38.94626278806017,0.0</coordinates>
            </LineString>
        </Placemark>
        <Placemark id="1619">
            <name>RCrkA → H32</name>
            <description>
                
        
<![CDATA[
          <b>P1:</b> RCrkA<br>
          <b>P2:</b> H32<br>
          <hr>
          <b>Distance:</b> 2.471 miles<br>
          <hr>
          <u>Path P1 → P2:</u><br>
          <b>Forward Azimuth at P1 (Az12):</b> 314.006°<br>
          <b>Back Azimuth at P2 (BackAz12):</b> 313.985°<br>
          <hr>
          <u>Path P2 → P1:</u><br>
          <b>Forward Azimuth at P2 (Az21):</b> 133.985°<br>
          <b>Back Azimuth at P1 (BackAz21):</b> 134.006°<br>
          <hr>
          <b>Filter Reason(s):</b> Az12 Whole<br>
          <hr>
          <i>Calculation Method: Spherical</i>
        ]]>                
        
            </description>
            <styleUrl>#1620</styleUrl>
            <LineString id="1618">
                <coordinates>-77.05755337263248,38.89950909563222,0.0 -77.09063005508365,38.9243596243616,0.0</coordinates>
            </LineString>
        </Placemark>
        <Placemark id="1623">
            <name>RCrkA → Pk02</name>
            <description>
                
        
<![CDATA[
          <b>P1:</b> RCrkA<br>
          <b>P2:</b> Pk02<br>
          <hr>
          <b>Distance:</b> 48.706 miles<br>
          <hr>
          <u>Path P1 → P2:</u><br>
          <b>Forward Azimuth at P1 (Az12):</b> 321.366°<br>
          <b>Back Azimuth at P2 (BackAz12):</b> 321.006°<br>
          <hr>
          <u>Path P2 → P1:</u><br>
          <b>Forward Azimuth at P2 (Az21):</b> 141.006°<br>
          <b>Back Azimuth at P1 (BackAz21):</b> 141.366°<br>
          <hr>
          <b>Filter Reason(s):</b> Az21 Whole<br>
          <hr>
          <i>Calculation Method: Spherical</i>
        ]]>                
        
            </description>
            <styleUrl>#1624</styleUrl>
            <LineString id="1622">
                <coordinates>-77.05755337263248,38.89950909563222,0.0 -77.627618,39.448887,0.0</coordinates>
            </LineString>
        </Placemark>
        <Placemark id="1627">
            <name>RCrkB → SF03</name>
            <description>
                
        
<![CDATA[
          <b>P1:</b> RCrkB<br>
          <b>P2:</b> SF03<br>
          <hr>
          <b>Distance:</b> 9.959 miles<br>
          <hr>
          <u>Path P1 → P2:</u><br>
          <b>Forward Azimuth at P1 (Az12):</b> 151.951°<br>
          <b>Back Azimuth at P2 (BackAz12):</b> 152.005°<br>
          <hr>
          <u>Path P2 → P1:</u><br>
          <b>Forward Azimuth at P2 (Az21):</b> 332.005°<br>
          <b>Back Azimuth at P1 (BackAz21):</b> 331.951°<br>
          <hr>
          <b>Filter Reason(s):</b> Az21 Whole<br>
          <hr>
          <i>Calculation Method: Spherical</i>
        ]]>                
        
            </description>
            <styleUrl>#1628</styleUrl>
            <LineString id="1626">
                <coordinates>-77.05911419748726,38.90094461320923,0.0 -76.97215841432278,38.77367519361357,0.0</coordinates>
            </LineString>
        </Placemark>
        <Placemark id="1631">
            <name>RCrkB → Pk02</name>
            <description>
                
        
<![CDATA[
          <b>P1:</b> RCrkB<br>
          <b>P2:</b> Pk02<br>
          <hr>
          <b>Distance:</b> 48.576 miles<br>
          <hr>
          <u>Path P1 → P2:</u><br>
          <b>Forward Azimuth at P1 (Az12):</b> 321.369°<br>
          <b>Back Azimuth at P2 (BackAz12):</b> 321.010°<br>
          <hr>
          <u>Path P2 → P1:</u><br>
          <b>Forward Azimuth at P2 (Az21):</b> 141.010°<br>
          <b>Back Azimuth at P1 (BackAz21):</b> 141.369°<br>
          <hr>
          <b>Filter Reason(s):</b> Az21 Whole<br>
          <hr>
          <i>Calculation Method: Spherical</i>
        ]]>                
        
            </description>
            <styleUrl>#1632</styleUrl>
            <LineString id="1630">
                <coordinates>-77.05911419748726,38.90094461320923,0.0 -77.627618,39.448887,0.0</coordinates>
            </LineString>
        </Placemark>
        <Placemark id="1635">
            <name>RK → H70</name>
            <description>
                
        
<![CDATA[
          <b>P1:</b> RK<br>
          <b>P2:</b> H70<br>
          <hr>
          <b>Distance:</b> 2.827 miles<br>
          <hr>
          <u>Path P1 → P2:</u><br>
          <b>Forward Azimuth at P1 (Az12):</b> 297.034°<br>
          <b>Back Azimuth at P2 (BackAz12):</b> 297.004°<br>
          <hr>
          <u>Path P2 → P1:</u><br>
          <b>Forward Azimuth at P2 (Az21):</b> 117.004°<br>
          <b>Back Azimuth at P1 (BackAz21):</b> 117.034°<br>
          <hr>
          <b>Filter Reason(s):</b> Az21 Whole<br>
          <hr>
          <i>Calculation Method: Spherical</i>
        ]]>                
        
            </description>
            <styleUrl>#1636</styleUrl>
            <LineString id="1634">
                <coordinates>-77.02356040000001,38.85513800000002,0.0 -77.07038741369139,38.8737311478417,0.0</coordinates>
            </LineString>
        </Placemark>
        <Placemark id="1639">
            <name>SCa → SCb</name>
            <description>
                
        
<![CDATA[
          <b>P1:</b> SCa<br>
          <b>P2:</b> SCb<br>
          <hr>
          <b>Distance:</b> 0.037 miles<br>
          <hr>
          <u>Path P1 → P2:</u><br>
          <b>Forward Azimuth at P1 (Az12):</b> 90.000°<br>
          <b>Back Azimuth at P2 (BackAz12):</b> 90.000°<br>
          <hr>
          <u>Path P2 → P1:</u><br>
          <b>Forward Azimuth at P2 (Az21):</b> 270.000°<br>
          <b>Back Azimuth at P1 (BackAz21):</b> 270.000°<br>
          <hr>
          <b>Filter Reason(s):</b> Az12 multiple:15.00, Az12 multiple:18.00, Az21 Whole, Az21 multiple:15.00, Az21 multiple:18.00<br>
          <hr>
          <i>Calculation Method: Spherical</i>
        ]]>                
        
            </description>
            <styleUrl>#1640</styleUrl>
            <LineString id="1638">
                <coordinates>-77.00510154468833,38.890621,0.0 -77.00442188577618,38.890621,0.0</coordinates>
            </LineString>
        </Placemark>
        <Placemark id="1643">
            <name>SCa → PenF</name>
            <description>
                
        
<![CDATA[
          <b>P1:</b> SCa<br>
          <b>P2:</b> PenF<br>
          <hr>
          <b>Distance:</b> 3.102 miles<br>
          <hr>
          <u>Path P1 → P2:</u><br>
          <b>Forward Azimuth at P1 (Az12):</b> 241.024°<br>
          <b>Back Azimuth at P2 (BackAz12):</b> 240.992°<br>
          <hr>
          <u>Path P2 → P1:</u><br>
          <b>Forward Azimuth at P2 (Az21):</b> 60.992°<br>
          <b>Back Azimuth at P1 (BackAz21):</b> 61.024°<br>
          <hr>
          <b>Filter Reason(s):</b> Az21 target:61.00<br>
          <hr>
          <i>Calculation Method: Spherical</i>
        ]]>                
        
            </description>
            <styleUrl>#1644</styleUrl>
            <LineString id="1642">
                <coordinates>-77.00510154468833,38.890621,0.0 -77.05555738705385,38.86885600238287,0.0</coordinates>
            </LineString>
        </Placemark>
        <Placemark id="1647">
            <name>SCa → Chk23a</name>
            <description>
                
        
<![CDATA[
          <b>P1:</b> SCa<br>
          <b>P2:</b> Chk23a<br>
          <hr>
          <b>Distance:</b> 2.022 miles<br>
          <hr>
          <u>Path P1 → P2:</u><br>
          <b>Forward Azimuth at P1 (Az12):</b> 51.990°<br>
          <b>Back Azimuth at P2 (BackAz12):</b> 52.009°<br>
          <hr>
          <u>Path P2 → P1:</u><br>
          <b>Forward Azimuth at P2 (Az21):</b> 232.009°<br>
          <b>Back Azimuth at P1 (BackAz21):</b> 231.990°<br>
          <hr>
          <b>Filter Reason(s):</b> Az21 Whole<br>
          <hr>
          <i>Calculation Method: Spherical</i>
        ]]>                
        
            </description>
            <styleUrl>#1648</styleUrl>
            <LineString id="1646">
                <coordinates>-77.00510154468833,38.890621,0.0 -76.97546834269932,38.90863930872903,0.0</coordinates>
            </LineString>
        </Placemark>
        <Placemark id="1651">
            <name>SCa → H23</name>
            <description>
                
        
<![CDATA[
          <b>P1:</b> SCa<br>
          <b>P2:</b> H23<br>
          <hr>
          <b>Distance:</b> 5.594 miles<br>
          <hr>
          <u>Path P1 → P2:</u><br>
          <b>Forward Azimuth at P1 (Az12):</b> 306.919°<br>
          <b>Back Azimuth at P2 (BackAz12):</b> 306.867°<br>
          <hr>
          <u>Path P2 → P1:</u><br>
          <b>Forward Azimuth at P2 (Az21):</b> 126.867°<br>
          <b>Back Azimuth at P1 (BackAz21):</b> 126.919°<br>
          <hr>
          <b>Filter Reason(s):</b> Az21 target:126.87<br>
          <hr>
          <i>Calculation Method: Spherical</i>
        ]]>                
        
            </description>
            <styleUrl>#1652</styleUrl>
            <LineString id="1650">
                <coordinates>-77.00510154468833,38.890621,0.0 -77.08834070412745,38.93923731423045,0.0</coordinates>
            </LineString>
        </Placemark>
        <Placemark id="1655">
            <name>SCb → POOthr2a</name>
            <description>
                
        
<![CDATA[
          <b>P1:</b> SCb<br>
          <b>P2:</b> POOthr2a<br>
          <hr>
          <b>Distance:</b> 2.776 miles<br>
          <hr>
          <u>Path P1 → P2:</u><br>
          <b>Forward Azimuth at P1 (Az12):</b> 228.030°<br>
          <b>Back Azimuth at P2 (BackAz12):</b> 228.005°<br>
          <hr>
          <u>Path P2 → P1:</u><br>
          <b>Forward Azimuth at P2 (Az21):</b> 48.005°<br>
          <b>Back Azimuth at P1 (BackAz21):</b> 48.030°<br>
          <hr>
          <b>Filter Reason(s):</b> Az21 Whole<br>
          <hr>
          <i>Calculation Method: Spherical</i>
        ]]>                
        
            </description>
            <styleUrl>#1656</styleUrl>
            <LineString id="1654">
                <coordinates>-77.00442188577618,38.890621,0.0 -77.04279029496989,38.86374289004072,0.0</coordinates>
            </LineString>
        </Placemark>
        <Placemark id="1659">
            <name>SF01 → Pk03</name>
            <description>
                
        
<![CDATA[
          <b>P1:</b> SF01<br>
          <b>P2:</b> Pk03<br>
          <hr>
          <b>Distance:</b> 32.953 miles<br>
          <hr>
          <u>Path P1 → P2:</u><br>
          <b>Forward Azimuth at P1 (Az12):</b> 270.003°<br>
          <b>Back Azimuth at P2 (BackAz12):</b> 269.618°<br>
          <hr>
          <u>Path P2 → P1:</u><br>
          <b>Forward Azimuth at P2 (Az21):</b> 89.618°<br>
          <b>Back Azimuth at P1 (BackAz21):</b> 90.003°<br>
          <hr>
          <b>Filter Reason(s):</b> Az12 Whole, Az12 multiple:15.00, Az12 multiple:18.00<br>
          <hr>
          <i>Calculation Method: Spherical</i>
        ]]>                
        
            </description>
            <styleUrl>#1660</styleUrl>
            <LineString id="1658">
                <coordinates>-77.08586335465753,38.90124200833564,0.0 -77.698809,38.899665,0.0</coordinates>
            </LineString>
        </Placemark>
        <Placemark id="1663">
            <name>SF02 → Pk03</name>
            <description>
                
        
<![CDATA[
          <b>P1:</b> SF02<br>
          <b>P2:</b> Pk03<br>
          <hr>
          <b>Distance:</b> 32.724 miles<br>
          <hr>
          <u>Path P1 → P2:</u><br>
          <b>Forward Azimuth at P1 (Az12):</b> 270.009°<br>
          <b>Back Azimuth at P2 (BackAz12):</b> 269.626°<br>
          <hr>
          <u>Path P2 → P1:</u><br>
          <b>Forward Azimuth at P2 (Az21):</b> 89.626°<br>
          <b>Back Azimuth at P1 (BackAz21):</b> 90.009°<br>
          <hr>
          <b>Filter Reason(s):</b> Az12 Whole, Az12 multiple:15.00, Az12 multiple:18.00<br>
          <hr>
          <i>Calculation Method: Spherical</i>
        ]]>                
        
            </description>
            <styleUrl>#1664</styleUrl>
            <LineString id="1662">
                <coordinates>-77.0901139945135,38.90117456916591,0.0 -77.698809,38.899665,0.0</coordinates>
            </LineString>
        </Placemark>
        <Placemark id="1667">
            <name>Sb → Eb</name>
            <description>
                
        
<![CDATA[
          <b>P1:</b> Sb<br>
          <b>P2:</b> Eb<br>
          <hr>
          <b>Distance:</b> 10.008 miles<br>
          <hr>
          <u>Path P1 → P2:</u><br>
          <b>Forward Azimuth at P1 (Az12):</b> 44.914°<br>
          <b>Back Azimuth at P2 (BackAz12):</b> 44.996°<br>
          <hr>
          <u>Path P2 → P1:</u><br>
          <b>Forward Azimuth at P2 (Az21):</b> 224.996°<br>
          <b>Back Azimuth at P1 (BackAz21):</b> 224.914°<br>
          <hr>
          <b>Filter Reason(s):</b> Az21 multiple:15.00<br>
          <hr>
          <i>Calculation Method: Spherical</i>
        ]]>                
        
            </description>
            <styleUrl>#1668</styleUrl>
            <LineString id="1666">
                <coordinates>-77.04058603,38.79033915000001,0.0 -76.90916553,38.89286049999997,0.0</coordinates>
            </LineString>
        </Placemark>
        <Placemark id="1671">
            <name>Sb → PenE</name>
            <description>
                
        
<![CDATA[
          <b>P1:</b> Sb<br>
          <b>P2:</b> PenE<br>
          <hr>
          <b>Distance:</b> 5.588 miles<br>
          <hr>
          <u>Path P1 → P2:</u><br>
          <b>Forward Azimuth at P1 (Az12):</b> 353.005°<br>
          <b>Back Azimuth at P2 (BackAz12):</b> 352.997°<br>
          <hr>
          <u>Path P2 → P1:</u><br>
          <b>Forward Azimuth at P2 (Az21):</b> 172.997°<br>
          <b>Back Azimuth at P1 (BackAz21):</b> 173.005°<br>
          <hr>
          <b>Filter Reason(s):</b> Az12 Whole<br>
          <hr>
          <i>Calculation Method: Spherical</i>
        ]]>                
        
            </description>
            <styleUrl>#1672</styleUrl>
            <LineString id="1670">
                <coordinates>-77.04058603,38.79033915000001,0.0 -77.05323877107107,38.87062821721818,0.0</coordinates>
            </LineString>
        </Placemark>
        <Placemark id="1675">
            <name>Sb → I069</name>
            <description>
                
        
<![CDATA[
          <b>P1:</b> Sb<br>
          <b>P2:</b> I069<br>
          <hr>
          <b>Distance:</b> 7.553 miles<br>
          <hr>
          <u>Path P1 → P2:</u><br>
          <b>Forward Azimuth at P1 (Az12):</b> 14.000°<br>
          <b>Back Azimuth at P2 (BackAz12):</b> 14.021°<br>
          <hr>
          <u>Path P2 → P1:</u><br>
          <b>Forward Azimuth at P2 (Az21):</b> 194.021°<br>
          <b>Back Azimuth at P1 (BackAz21):</b> 194.000°<br>
          <hr>
          <b>Filter Reason(s):</b> Az12 Whole<br>
          <hr>
          <i>Calculation Method: Spherical</i>
        ]]>                
        
            </description>
            <styleUrl>#1676</styleUrl>
            <LineString id="1674">
                <coordinates>-77.04058603,38.79033915000001,0.0 -77.00659984972448,38.89642237002393,0.0</coordinates>
            </LineString>
        </Placemark>
        <Placemark id="1679">
            <name>Sb → KS</name>
            <description>
                
        
<![CDATA[
          <b>P1:</b> Sb<br>
          <b>P2:</b> KS<br>
          <hr>
          <b>Distance:</b> 0.585 miles<br>
          <hr>
          <u>Path P1 → P2:</u><br>
          <b>Forward Azimuth at P1 (Az12):</b> 270.002°<br>
          <b>Back Azimuth at P2 (BackAz12):</b> 269.996°<br>
          <hr>
          <u>Path P2 → P1:</u><br>
          <b>Forward Azimuth at P2 (Az21):</b> 89.996°<br>
          <b>Back Azimuth at P1 (BackAz21):</b> 90.002°<br>
          <hr>
          <b>Filter Reason(s):</b> Az12 Whole, Az12 multiple:15.00, Az12 multiple:18.00, Az21 multiple:15.00, Az21 multiple:18.00<br>
          <hr>
          <i>Calculation Method: Spherical</i>
        ]]>                
        
            </description>
            <styleUrl>#1680</styleUrl>
            <LineString id="1678">
                <coordinates>-77.04058603,38.79033915000001,0.0 -77.051444,38.790339,0.0</coordinates>
            </LineString>
        </Placemark>
        <Placemark id="1683">
            <name>Sb → Chk10</name>
            <description>
                
        
<![CDATA[
          <b>P1:</b> Sb<br>
          <b>P2:</b> Chk10<br>
          <hr>
          <b>Distance:</b> 6.748 miles<br>
          <hr>
          <u>Path P1 → P2:</u><br>
          <b>Forward Azimuth at P1 (Az12):</b> 43.006°<br>
          <b>Back Azimuth at P2 (BackAz12):</b> 43.060°<br>
          <hr>
          <u>Path P2 → P1:</u><br>
          <b>Forward Azimuth at P2 (Az21):</b> 223.060°<br>
          <b>Back Azimuth at P1 (BackAz21):</b> 223.006°<br>
          <hr>
          <b>Filter Reason(s):</b> Az12 Whole<br>
          <hr>
          <i>Calculation Method: Spherical</i>
        ]]>                
        
            </description>
            <styleUrl>#1684</styleUrl>
            <LineString id="1682">
                <coordinates>-77.04058603,38.79033915000001,0.0 -76.95502425801097,38.86173720173936,0.0</coordinates>
            </LineString>
        </Placemark>
        <Placemark id="1687">
            <name>Sb → Chk47</name>
            <description>
                
        
<![CDATA[
          <b>P1:</b> Sb<br>
          <b>P2:</b> Chk47<br>
          <hr>
          <b>Distance:</b> 11.068 miles<br>
          <hr>
          <u>Path P1 → P2:</u><br>
          <b>Forward Azimuth at P1 (Az12):</b> 9.991°<br>
          <b>Back Azimuth at P2 (BackAz12):</b> 10.013°<br>
          <hr>
          <u>Path P2 → P1:</u><br>
          <b>Forward Azimuth at P2 (Az21):</b> 190.013°<br>
          <b>Back Azimuth at P1 (BackAz21):</b> 189.991°<br>
          <hr>
          <b>Filter Reason(s):</b> Az12 target:10.00<br>
          <hr>
          <i>Calculation Method: Spherical</i>
        ]]>                
        
            </description>
            <styleUrl>#1688</styleUrl>
            <LineString id="1686">
                <coordinates>-77.04058603,38.79033915000001,0.0 -77.00484480332231,38.94812410619182,0.0</coordinates>
            </LineString>
        </Placemark>
        <Placemark id="1691">
            <name>Sc → Sb</name>
            <description>
                
        
<![CDATA[
          <b>P1:</b> Sc<br>
          <b>P2:</b> Sb<br>
          <hr>
          <b>Distance:</b> 7.071 miles<br>
          <hr>
          <u>Path P1 → P2:</u><br>
          <b>Forward Azimuth at P1 (Az12):</b> 180.000°<br>
          <b>Back Azimuth at P2 (BackAz12):</b> 180.000°<br>
          <hr>
          <u>Path P2 → P1:</u><br>
          <b>Forward Azimuth at P2 (Az21):</b> 0.000°<br>
          <b>Back Azimuth at P1 (BackAz21):</b> 0.000°<br>
          <hr>
          <b>Filter Reason(s):</b> Az12 Whole, Az12 multiple:15.00, Az12 multiple:18.00, Az21 Whole, Az21 multiple:15.00, Az21 multiple:18.00<br>
          <hr>
          <i>Calculation Method: Spherical</i>
        ]]>                
        
            </description>
            <styleUrl>#1692</styleUrl>
            <LineString id="1690">
                <coordinates>-77.04058603,38.89269952,0.0 -77.04058603,38.79033915000001,0.0</coordinates>
            </LineString>
        </Placemark>
        <Placemark id="1695">
            <name>Sc → PenG</name>
            <description>
                
        
<![CDATA[
          <b>P1:</b> Sc<br>
          <b>P2:</b> PenG<br>
          <hr>
          <b>Distance:</b> 1.562 miles<br>
          <hr>
          <u>Path P1 → P2:</u><br>
          <b>Forward Azimuth at P1 (Az12):</b> 209.000°<br>
          <b>Back Azimuth at P2 (BackAz12):</b> 208.991°<br>
          <hr>
          <u>Path P2 → P1:</u><br>
          <b>Forward Azimuth at P2 (Az21):</b> 28.991°<br>
          <b>Back Azimuth at P1 (BackAz21):</b> 29.000°<br>
          <hr>
          <b>Filter Reason(s):</b> Az21 target:29.00<br>
          <hr>
          <i>Calculation Method: Spherical</i>
        ]]>                
        
            </description>
            <styleUrl>#1696</styleUrl>
            <LineString id="1694">
                <coordinates>-77.04058603,38.89269952,0.0 -77.05466945787724,38.87291816657935,0.0</coordinates>
            </LineString>
        </Placemark>
        <Placemark id="1699">
            <name>Sc → Chk17</name>
            <description>
                
        
<![CDATA[
          <b>P1:</b> Sc<br>
          <b>P2:</b> Chk17<br>
          <hr>
          <b>Distance:</b> 4.946 miles<br>
          <hr>
          <u>Path P1 → P2:</u><br>
          <b>Forward Azimuth at P1 (Az12):</b> 19.010°<br>
          <b>Back Azimuth at P2 (BackAz12):</b> 19.028°<br>
          <hr>
          <u>Path P2 → P1:</u><br>
          <b>Forward Azimuth at P2 (Az21):</b> 199.028°<br>
          <b>Back Azimuth at P1 (BackAz21):</b> 199.010°<br>
          <hr>
          <b>Filter Reason(s):</b> Az12 Whole<br>
          <hr>
          <i>Calculation Method: Spherical</i>
        ]]>                
        
            </description>
            <styleUrl>#1700</styleUrl>
            <LineString id="1698">
                <coordinates>-77.04058603,38.89269952,0.0 -77.01059198844285,38.96039316959799,0.0</coordinates>
            </LineString>
        </Placemark>
        <Placemark id="1703">
            <name>Sc → Chk60</name>
            <description>
                
        
<![CDATA[
          <b>P1:</b> Sc<br>
          <b>P2:</b> Chk60<br>
          <hr>
          <b>Distance:</b> 7.782 miles<br>
          <hr>
          <u>Path P1 → P2:</u><br>
          <b>Forward Azimuth at P1 (Az12):</b> 0.998°<br>
          <b>Back Azimuth at P2 (BackAz12):</b> 0.999°<br>
          <hr>
          <u>Path P2 → P1:</u><br>
          <b>Forward Azimuth at P2 (Az21):</b> 180.999°<br>
          <b>Back Azimuth at P1 (BackAz21):</b> 180.998°<br>
          <hr>
          <b>Filter Reason(s):</b> Az12 target:1.00<br>
          <hr>
          <i>Calculation Method: Spherical</i>
        ]]>                
        
            </description>
            <styleUrl>#1704</styleUrl>
            <LineString id="1702">
                <coordinates>-77.04058603,38.89269952,0.0 -77.03806204873727,39.00533947251964,0.0</coordinates>
            </LineString>
        </Placemark>
        <Placemark id="1707">
            <name>WH → H71</name>
            <description>
                
        
<![CDATA[
          <b>P1:</b> WH<br>
          <b>P2:</b> H71<br>
          <hr>
          <b>Distance:</b> 1.609 miles<br>
          <hr>
          <u>Path P1 → P2:</u><br>
          <b>Forward Azimuth at P1 (Az12):</b> 110.001°<br>
          <b>Back Azimuth at P2 (BackAz12):</b> 110.018°<br>
          <hr>
          <u>Path P2 → P1:</u><br>
          <b>Forward Azimuth at P2 (Az21):</b> 290.018°<br>
          <b>Back Azimuth at P1 (BackAz21):</b> 290.001°<br>
          <hr>
          <b>Filter Reason(s):</b> Az12 Whole<br>
          <hr>
          <i>Calculation Method: Spherical</i>
        ]]>                
        
            </description>
            <styleUrl>#1708</styleUrl>
            <LineString id="1706">
                <coordinates>-77.036569,38.89778875877805,0.0 -77.00844224089784,38.88981684871572,0.0</coordinates>
            </LineString>
        </Placemark>
        <Placemark id="1711">
            <name>WH → CFb</name>
            <description>
                
        
<![CDATA[
          <b>P1:</b> WH<br>
          <b>P2:</b> CFb<br>
          <hr>
          <b>Distance:</b> 1.438 miles<br>
          <hr>
          <u>Path P1 → P2:</u><br>
          <b>Forward Azimuth at P1 (Az12):</b> 115.007°<br>
          <b>Back Azimuth at P2 (BackAz12):</b> 115.022°<br>
          <hr>
          <u>Path P2 → P1:</u><br>
          <b>Forward Azimuth at P2 (Az21):</b> 295.022°<br>
          <b>Back Azimuth at P1 (BackAz21):</b> 295.007°<br>
          <hr>
          <b>Filter Reason(s):</b> Az12 Whole<br>
          <hr>
          <i>Calculation Method: Spherical</i>
        ]]>                
        
            </description>
            <styleUrl>#1712</styleUrl>
            <LineString id="1710">
                <coordinates>-77.036569,38.89778875877805,0.0 -77.01233379820508,38.88898718985376,0.0</coordinates>
            </LineString>
        </Placemark>
        <Placemark id="1715">
            <name>WH → Chk04</name>
            <description>
                
        
<![CDATA[
          <b>P1:</b> WH<br>
          <b>P2:</b> Chk04<br>
          <hr>
          <b>Distance:</b> 3.659 miles<br>
          <hr>
          <u>Path P1 → P2:</u><br>
          <b>Forward Azimuth at P1 (Az12):</b> 44.962°<br>
          <b>Back Azimuth at P2 (BackAz12):</b> 44.993°<br>
          <hr>
          <u>Path P2 → P1:</u><br>
          <b>Forward Azimuth at P2 (Az21):</b> 224.993°<br>
          <b>Back Azimuth at P1 (BackAz21):</b> 224.962°<br>
          <hr>
          <b>Filter Reason(s):</b> Az21 multiple:15.00<br>
          <hr>
          <i>Calculation Method: Spherical</i>
        ]]>                
        
            </description>
            <styleUrl>#1716</styleUrl>
            <LineString id="1714">
                <coordinates>-77.036569,38.89778875877805,0.0 -76.9884528433251,38.93525554614944,0.0</coordinates>
            </LineString>
        </Placemark>
        <Placemark id="1719">
            <name>WH → Chk63</name>
            <description>
                
        
<![CDATA[
          <b>P1:</b> WH<br>
          <b>P2:</b> Chk63<br>
          <hr>
          <b>Distance:</b> 0.152 miles<br>
          <hr>
          <u>Path P1 → P2:</u><br>
          <b>Forward Azimuth at P1 (Az12):</b> 0.000°<br>
          <b>Back Azimuth at P2 (BackAz12):</b> 0.000°<br>
          <hr>
          <u>Path P2 → P1:</u><br>
          <b>Forward Azimuth at P2 (Az21):</b> 180.000°<br>
          <b>Back Azimuth at P1 (BackAz21):</b> 180.000°<br>
          <hr>
          <b>Filter Reason(s):</b> Az12 Whole, Az12 multiple:15.00, Az12 multiple:18.00, Az21 Whole, Az21 multiple:15.00, Az21 multiple:18.00<br>
          <hr>
          <i>Calculation Method: Spherical</i>
        ]]>                
        
            </description>
            <styleUrl>#1720</styleUrl>
            <LineString id="1718">
                <coordinates>-77.036569,38.89778875877805,0.0 -77.036569,38.89999431930673,0.0</coordinates>
            </LineString>
        </Placemark>
        <Placemark id="1723">
            <name>WH → RCrkA</name>
            <description>
                
        
<![CDATA[
          <b>P1:</b> WH<br>
          <b>P2:</b> RCrkA<br>
          <hr>
          <b>Distance:</b> 1.134 miles<br>
          <hr>
          <u>Path P1 → P2:</u><br>
          <b>Forward Azimuth at P1 (Az12):</b> 276.020°<br>
          <b>Back Azimuth at P2 (BackAz12):</b> 276.007°<br>
          <hr>
          <u>Path P2 → P1:</u><br>
          <b>Forward Azimuth at P2 (Az21):</b> 96.007°<br>
          <b>Back Azimuth at P1 (BackAz21):</b> 96.020°<br>
          <hr>
          <b>Filter Reason(s):</b> Az21 Whole<br>
          <hr>
          <i>Calculation Method: Spherical</i>
        ]]>                
        
            </description>
            <styleUrl>#1724</styleUrl>
            <LineString id="1722">
                <coordinates>-77.036569,38.89778875877805,0.0 -77.05755337263248,38.89950909563222,0.0</coordinates>
            </LineString>
        </Placemark>
        <Placemark id="1727">
            <name>WH → SF03</name>
            <description>
                
        
<![CDATA[
          <b>P1:</b> WH<br>
          <b>P2:</b> SF03<br>
          <hr>
          <b>Distance:</b> 9.248 miles<br>
          <hr>
          <u>Path P1 → P2:</u><br>
          <b>Forward Azimuth at P1 (Az12):</b> 157.969°<br>
          <b>Back Azimuth at P2 (BackAz12):</b> 158.009°<br>
          <hr>
          <u>Path P2 → P1:</u><br>
          <b>Forward Azimuth at P2 (Az21):</b> 338.009°<br>
          <b>Back Azimuth at P1 (BackAz21):</b> 337.969°<br>
          <hr>
          <b>Filter Reason(s):</b> Az21 Whole<br>
          <hr>
          <i>Calculation Method: Spherical</i>
        ]]>                
        
            </description>
            <styleUrl>#1728</styleUrl>
            <LineString id="1726">
                <coordinates>-77.036569,38.89778875877805,0.0 -76.97215841432278,38.77367519361357,0.0</coordinates>
            </LineString>
        </Placemark>
        <Placemark id="1731">
            <name>WH → Pk03</name>
            <description>
                
        
<![CDATA[
          <b>P1:</b> WH<br>
          <b>P2:</b> Pk03<br>
          <hr>
          <b>Distance:</b> 35.604 miles<br>
          <hr>
          <u>Path P1 → P2:</u><br>
          <b>Forward Azimuth at P1 (Az12):</b> 270.417°<br>
          <b>Back Azimuth at P2 (BackAz12):</b> 270.001°<br>
          <hr>
          <u>Path P2 → P1:</u><br>
          <b>Forward Azimuth at P2 (Az21):</b> 90.001°<br>
          <b>Back Azimuth at P1 (BackAz21):</b> 90.417°<br>
          <hr>
          <b>Filter Reason(s):</b> Az21 Whole, Az21 multiple:15.00, Az21 multiple:18.00<br>
          <hr>
          <i>Calculation Method: Spherical</i>
        ]]>                
        
            </description>
            <styleUrl>#1732</styleUrl>
            <LineString id="1730">
                <coordinates>-77.036569,38.89778875877805,0.0 -77.698809,38.899665,0.0</coordinates>
            </LineString>
        </Placemark>
        <Placemark id="1735">
            <name>WHz → H71</name>
            <description>
                
        
<![CDATA[
          <b>P1:</b> WHz<br>
          <b>P2:</b> H71<br>
          <hr>
          <b>Distance:</b> 1.455 miles<br>
          <hr>
          <u>Path P1 → P2:</u><br>
          <b>Forward Azimuth at P1 (Az12):</b> 107.002°<br>
          <b>Back Azimuth at P2 (BackAz12):</b> 107.019°<br>
          <hr>
          <u>Path P2 → P1:</u><br>
          <b>Forward Azimuth at P2 (Az21):</b> 287.019°<br>
          <b>Back Azimuth at P1 (BackAz21):</b> 287.002°<br>
          <hr>
          <b>Filter Reason(s):</b> Az12 Whole, Az12 target:107.00<br>
          <hr>
          <i>Calculation Method: Spherical</i>
        ]]>                
        
            </description>
            <styleUrl>#1736</styleUrl>
            <LineString id="1734">
                <coordinates>-77.03431133703796,38.89597663639302,0.0 -77.00844224089784,38.88981684871572,0.0</coordinates>
            </LineString>
        </Placemark>
        <Placemark id="1739">
            <name>WHz → I079</name>
            <description>
                
        
<![CDATA[
          <b>P1:</b> WHz<br>
          <b>P2:</b> I079<br>
          <hr>
          <b>Distance:</b> 0.964 miles<br>
          <hr>
          <u>Path P1 → P2:</u><br>
          <b>Forward Azimuth at P1 (Az12):</b> 298.012°<br>
          <b>Back Azimuth at P2 (BackAz12):</b> 298.002°<br>
          <hr>
          <u>Path P2 → P1:</u><br>
          <b>Forward Azimuth at P2 (Az21):</b> 118.002°<br>
          <b>Back Azimuth at P1 (BackAz21):</b> 118.012°<br>
          <hr>
          <b>Filter Reason(s):</b> Az21 Whole<br>
          <hr>
          <i>Calculation Method: Spherical</i>
        ]]>                
        
            </description>
            <styleUrl>#1740</styleUrl>
            <LineString id="1738">
                <coordinates>-77.03431133703796,38.89597663639302,0.0 -77.0501392974717,38.90252822129722,0.0</coordinates>
            </LineString>
        </Placemark>
        <Placemark id="1743">
            <name>WHz → Chk10</name>
            <description>
                
        
<![CDATA[
          <b>P1:</b> WHz<br>
          <b>P2:</b> Chk10<br>
          <hr>
          <b>Distance:</b> 4.876 miles<br>
          <hr>
          <u>Path P1 → P2:</u><br>
          <b>Forward Azimuth at P1 (Az12):</b> 118.993°<br>
          <b>Back Azimuth at P2 (BackAz12):</b> 119.043°<br>
          <hr>
          <u>Path P2 → P1:</u><br>
          <b>Forward Azimuth at P2 (Az21):</b> 299.043°<br>
          <b>Back Azimuth at P1 (BackAz21):</b> 298.993°<br>
          <hr>
          <b>Filter Reason(s):</b> Az12 target:119.00<br>
          <hr>
          <i>Calculation Method: Spherical</i>
        ]]>                
        
            </description>
            <styleUrl>#1744</styleUrl>
            <LineString id="1742">
                <coordinates>-77.03431133703796,38.89597663639302,0.0 -76.95502425801097,38.86173720173936,0.0</coordinates>
            </LineString>
        </Placemark>
        <Placemark id="1747">
            <name>WHz → Chk18</name>
            <description>
                
        
<![CDATA[
          <b>P1:</b> WHz<br>
          <b>P2:</b> Chk18<br>
          <hr>
          <b>Distance:</b> 4.430 miles<br>
          <hr>
          <u>Path P1 → P2:</u><br>
          <b>Forward Azimuth at P1 (Az12):</b> 252.008°<br>
          <b>Back Azimuth at P2 (BackAz12):</b> 251.959°<br>
          <hr>
          <u>Path P2 → P1:</u><br>
          <b>Forward Azimuth at P2 (Az21):</b> 71.959°<br>
          <b>Back Azimuth at P1 (BackAz21):</b> 72.008°<br>
          <hr>
          <b>Filter Reason(s):</b> Az12 Whole, Az12 multiple:18.00<br>
          <hr>
          <i>Calculation Method: Spherical</i>
        ]]>                
        
            </description>
            <styleUrl>#1748</styleUrl>
            <LineString id="1746">
                <coordinates>-77.03431133703796,38.89597663639302,0.0 -77.11265634246809,38.87614213026904,0.0</coordinates>
            </LineString>
        </Placemark>
        <Placemark id="1751">
            <name>WHz → H29</name>
            <description>
                
        
<![CDATA[
          <b>P1:</b> WHz<br>
          <b>P2:</b> H29<br>
          <hr>
          <b>Distance:</b> 4.990 miles<br>
          <hr>
          <u>Path P1 → P2:</u><br>
          <b>Forward Azimuth at P1 (Az12):</b> 283.062°<br>
          <b>Back Azimuth at P2 (BackAz12):</b> 283.006°<br>
          <hr>
          <u>Path P2 → P1:</u><br>
          <b>Forward Azimuth at P2 (Az21):</b> 103.006°<br>
          <b>Back Azimuth at P1 (BackAz21):</b> 103.062°<br>
          <hr>
          <b>Filter Reason(s):</b> Az21 Whole<br>
          <hr>
          <i>Calculation Method: Spherical</i>
        ]]>                
        
            </description>
            <styleUrl>#1752</styleUrl>
            <LineString id="1750">
                <coordinates>-77.03431133703796,38.89597663639302,0.0 -77.12474875900264,38.91226863882422,0.0</coordinates>
            </LineString>
        </Placemark>
        <Placemark id="1755">
            <name>WHz → H65</name>
            <description>
                
        
<![CDATA[
          <b>P1:</b> WHz<br>
          <b>P2:</b> H65<br>
          <hr>
          <b>Distance:</b> 2.142 miles<br>
          <hr>
          <u>Path P1 → P2:</u><br>
          <b>Forward Azimuth at P1 (Az12):</b> 42.492°<br>
          <b>Back Azimuth at P2 (BackAz12):</b> 42.509°<br>
          <hr>
          <u>Path P2 → P1:</u><br>
          <b>Forward Azimuth at P2 (Az21):</b> 222.509°<br>
          <b>Back Azimuth at P1 (BackAz21):</b> 222.492°<br>
          <hr>
          <b>Filter Reason(s):</b> Az12 target:42.50<br>
          <hr>
          <i>Calculation Method: Spherical</i>
        ]]>                
        
            </description>
            <styleUrl>#1756</styleUrl>
            <LineString id="1754">
                <coordinates>-77.03431133703796,38.89597663639302,0.0 -77.00739402065348,38.91883509061264,0.0</coordinates>
            </LineString>
        </Placemark>
        <Placemark id="1759">
            <name>Wb → Gs9</name>
            <description>
                
        
<![CDATA[
          <b>P1:</b> Wb<br>
          <b>P2:</b> Gs9<br>
          <hr>
          <b>Distance:</b> 10.249 miles<br>
          <hr>
          <u>Path P1 → P2:</u><br>
          <b>Forward Azimuth at P1 (Az12):</b> 132.508°<br>
          <b>Back Azimuth at P2 (BackAz12):</b> 132.596°<br>
          <hr>
          <u>Path P2 → P1:</u><br>
          <b>Forward Azimuth at P2 (Az21):</b> 312.596°<br>
          <b>Back Azimuth at P1 (BackAz21):</b> 312.508°<br>
          <hr>
          <b>Filter Reason(s):</b> Az12 target:132.50<br>
          <hr>
          <i>Calculation Method: Spherical</i>
        ]]>                
        
            </description>
            <styleUrl>#1760</styleUrl>
            <LineString id="1758">
                <coordinates>-77.17230114000002,38.89324512999998,0.0 -77.03197308076226,38.79290977473043,0.0</coordinates>
            </LineString>
        </Placemark>
        <Placemark id="1763">
            <name>Wb → Chj24</name>
            <description>
                
        
<![CDATA[
          <b>P1:</b> Wb<br>
          <b>P2:</b> Chj24<br>
          <hr>
          <b>Distance:</b> 7.763 miles<br>
          <hr>
          <u>Path P1 → P2:</u><br>
          <b>Forward Azimuth at P1 (Az12):</b> 45.998°<br>
          <b>Back Azimuth at P2 (BackAz12):</b> 46.063°<br>
          <hr>
          <u>Path P2 → P1:</u><br>
          <b>Forward Azimuth at P2 (Az21):</b> 226.063°<br>
          <b>Back Azimuth at P1 (BackAz21):</b> 225.998°<br>
          <hr>
          <b>Filter Reason(s):</b> Az12 target:46.00<br>
          <hr>
          <i>Calculation Method: Spherical</i>
        ]]>                
        
            </description>
            <styleUrl>#1764</styleUrl>
            <LineString id="1762">
                <coordinates>-77.17230114000002,38.89324512999998,0.0 -77.06832915730651,38.97126514652496,0.0</coordinates>
            </LineString>
        </Placemark>
        <Placemark id="1767">
            <name>Wb → Chk60</name>
            <description>
                
        
<![CDATA[
          <b>P1:</b> Wb<br>
          <b>P2:</b> Chk60<br>
          <hr>
          <b>Distance:</b> 10.582 miles<br>
          <hr>
          <u>Path P1 → P2:</u><br>
          <b>Forward Azimuth at P1 (Az12):</b> 42.922°<br>
          <b>Back Azimuth at P2 (BackAz12):</b> 43.006°<br>
          <hr>
          <u>Path P2 → P1:</u><br>
          <b>Forward Azimuth at P2 (Az21):</b> 223.006°<br>
          <b>Back Azimuth at P1 (BackAz21):</b> 222.922°<br>
          <hr>
          <b>Filter Reason(s):</b> Az21 Whole<br>
          <hr>
          <i>Calculation Method: Spherical</i>
        ]]>                
        
            </description>
            <styleUrl>#1768</styleUrl>
            <LineString id="1766">
                <coordinates>-77.17230114000002,38.89324512999998,0.0 -77.03806204873727,39.00533947251964,0.0</coordinates>
            </LineString>
        </Placemark>
        <Placemark id="1771">
            <name>Wb → H70a</name>
            <description>
                
        
<![CDATA[
          <b>P1:</b> Wb<br>
          <b>P2:</b> H70a<br>
          <hr>
          <b>Distance:</b> 5.820 miles<br>
          <hr>
          <u>Path P1 → P2:</u><br>
          <b>Forward Azimuth at P1 (Az12):</b> 104.942°<br>
          <b>Back Azimuth at P2 (BackAz12):</b> 105.007°<br>
          <hr>
          <u>Path P2 → P1:</u><br>
          <b>Forward Azimuth at P2 (Az21):</b> 285.007°<br>
          <b>Back Azimuth at P1 (BackAz21):</b> 284.942°<br>
          <hr>
          <b>Filter Reason(s):</b> Az21 Whole, Az21 multiple:15.00<br>
          <hr>
          <i>Calculation Method: Spherical</i>
        ]]>                
        
            </description>
            <styleUrl>#1772</styleUrl>
            <LineString id="1770">
                <coordinates>-77.17230114000002,38.89324512999998,0.0 -77.06775220195667,38.87147694689254,0.0</coordinates>
            </LineString>
        </Placemark>
        <Placemark id="1775">
            <name>Wb → Pk01</name>
            <description>
                
        
<![CDATA[
          <b>P1:</b> Wb<br>
          <b>P2:</b> Pk01<br>
          <hr>
          <b>Distance:</b> 28.122 miles<br>
          <hr>
          <u>Path P1 → P2:</u><br>
          <b>Forward Azimuth at P1 (Az12):</b> 335.145°<br>
          <b>Back Azimuth at P2 (BackAz12):</b> 335.006°<br>
          <hr>
          <u>Path P2 → P1:</u><br>
          <b>Forward Azimuth at P2 (Az21):</b> 155.006°<br>
          <b>Back Azimuth at P1 (BackAz21):</b> 155.145°<br>
          <hr>
          <b>Filter Reason(s):</b> Az21 Whole<br>
          <hr>
          <i>Calculation Method: Spherical</i>
        ]]>                
        
            </description>
            <styleUrl>#1776</styleUrl>
            <LineString id="1774">
                <coordinates>-77.17230114000002,38.89324512999998,0.0 -77.39330127153266,39.26242301794514,0.0</coordinates>
            </LineString>
        </Placemark>
        <Placemark id="1779">
            <name>Wc → Wb</name>
            <description>
                
        
<![CDATA[
          <b>P1:</b> Wc<br>
          <b>P2:</b> Wb<br>
          <hr>
          <b>Distance:</b> 7.071 miles<br>
          <hr>
          <u>Path P1 → P2:</u><br>
          <b>Forward Azimuth at P1 (Az12):</b> 270.083°<br>
          <b>Back Azimuth at P2 (BackAz12):</b> 270.000°<br>
          <hr>
          <u>Path P2 → P1:</u><br>
          <b>Forward Azimuth at P2 (Az21):</b> 90.000°<br>
          <b>Back Azimuth at P1 (BackAz21):</b> 90.083°<br>
          <hr>
          <b>Filter Reason(s):</b> Az21 multiple:15.00, Az21 multiple:18.00<br>
          <hr>
          <i>Calculation Method: Spherical</i>
        ]]>                
        
            </description>
            <styleUrl>#1780</styleUrl>
            <LineString id="1778">
                <coordinates>-77.04078625,38.89317136999999,0.0 -77.17230114000002,38.89324512999998,0.0</coordinates>
            </LineString>
        </Placemark>
        <Placemark id="1783">
            <name>Wc → Gs8</name>
            <description>
                
        
<![CDATA[
          <b>P1:</b> Wc<br>
          <b>P2:</b> Gs8<br>
          <hr>
          <b>Distance:</b> 0.183 miles<br>
          <hr>
          <u>Path P1 → P2:</u><br>
          <b>Forward Azimuth at P1 (Az12):</b> 218.004°<br>
          <b>Back Azimuth at P2 (BackAz12):</b> 218.003°<br>
          <hr>
          <u>Path P2 → P1:</u><br>
          <b>Forward Azimuth at P2 (Az21):</b> 38.003°<br>
          <b>Back Azimuth at P1 (BackAz21):</b> 38.004°<br>
          <hr>
          <b>Filter Reason(s):</b> Az12 Whole, Az21 Whole<br>
          <hr>
          <i>Calculation Method: Spherical</i>
        ]]>                
        
            </description>
            <styleUrl>#1784</styleUrl>
            <LineString id="1782">
                <coordinates>-77.04078625,38.89317136999999,0.0 -77.04288644534626,38.89107936946611,0.0</coordinates>
            </LineString>
        </Placemark>
        <Placemark id="1787">
            <name>Wc → Chk27</name>
            <description>
                
        
<![CDATA[
          <b>P1:</b> Wc<br>
          <b>P2:</b> Chk27<br>
          <hr>
          <b>Distance:</b> 5.371 miles<br>
          <hr>
          <u>Path P1 → P2:</u><br>
          <b>Forward Azimuth at P1 (Az12):</b> 344.004°<br>
          <b>Back Azimuth at P2 (BackAz12):</b> 343.986°<br>
          <hr>
          <u>Path P2 → P1:</u><br>
          <b>Forward Azimuth at P2 (Az21):</b> 163.986°<br>
          <b>Back Azimuth at P1 (BackAz21):</b> 164.004°<br>
          <hr>
          <b>Filter Reason(s):</b> Az12 Whole<br>
          <hr>
          <i>Calculation Method: Spherical</i>
        ]]>                
        
            </description>
            <styleUrl>#1788</styleUrl>
            <LineString id="1786">
                <coordinates>-77.04078625,38.89317136999999,0.0 -77.06834544975686,38.96791103163879,0.0</coordinates>
            </LineString>
        </Placemark>
        <Placemark id="1791">
            <name>Wc → H44</name>
            <description>
                
        
<![CDATA[
          <b>P1:</b> Wc<br>
          <b>P2:</b> H44<br>
          <hr>
          <b>Distance:</b> 3.908 miles<br>
          <hr>
          <u>Path P1 → P2:</u><br>
          <b>Forward Azimuth at P1 (Az12):</b> 280.046°<br>
          <b>Back Azimuth at P2 (BackAz12):</b> 280.001°<br>
          <hr>
          <u>Path P2 → P1:</u><br>
          <b>Forward Azimuth at P2 (Az21):</b> 100.001°<br>
          <b>Back Azimuth at P1 (BackAz21):</b> 100.046°<br>
          <hr>
          <b>Filter Reason(s):</b> Az21 Whole<br>
          <hr>
          <i>Calculation Method: Spherical</i>
        ]]>                
        
            </description>
            <styleUrl>#1792</styleUrl>
            <LineString id="1790">
                <coordinates>-77.04078625,38.89317136999999,0.0 -77.1123682030325,38.90301800526387,0.0</coordinates>
            </LineString>
        </Placemark>
        <Placemark id="1795">
            <name>Wc → SF06</name>
            <description>
                
        
<![CDATA[
          <b>P1:</b> Wc<br>
          <b>P2:</b> SF06<br>
          <hr>
          <b>Distance:</b> 9.334 miles<br>
          <hr>
          <u>Path P1 → P2:</u><br>
          <b>Forward Azimuth at P1 (Az12):</b> 315.072°<br>
          <b>Back Azimuth at P2 (BackAz12):</b> 314.994°<br>
          <hr>
          <u>Path P2 → P1:</u><br>
          <b>Forward Azimuth at P2 (Az21):</b> 134.994°<br>
          <b>Back Azimuth at P1 (BackAz21):</b> 135.072°<br>
          <hr>
          <b>Filter Reason(s):</b> Az21 multiple:15.00<br>
          <hr>
          <i>Calculation Method: Spherical</i>
        ]]>                
        
            </description>
            <styleUrl>#1796</styleUrl>
            <LineString id="1794">
                <coordinates>-77.04078625,38.89317136999999,0.0 -77.16354886186852,38.98876568157223,0.0</coordinates>
            </LineString>
        </Placemark>
    </Document>
</kml>
