<?xml version="1.0" encoding="UTF-8"?>
<kml xmlns="http://www.opengis.net/kml/2.2" xmlns:gx="http://www.google.com/kml/ext/2.2">
    <Document id="1">
        <Style id="4">
            <LineStyle id="5">
                <color>FFAAAAFF</color>
                <colorMode>normal</colorMode>
                <width>1.5</width>
            </LineStyle>
        </Style>
        <Style id="8">
            <LineStyle id="9">
                <color>FFAAAAFF</color>
                <colorMode>normal</colorMode>
                <width>1.5</width>
            </LineStyle>
        </Style>
        <Style id="12">
            <LineStyle id="13">
                <color>FFAAAAFF</color>
                <colorMode>normal</colorMode>
                <width>1.5</width>
            </LineStyle>
        </Style>
        <Style id="16">
            <LineStyle id="17">
                <color>FFAAAAFF</color>
                <colorMode>normal</colorMode>
                <width>1.5</width>
            </LineStyle>
        </Style>
        <Style id="20">
            <LineStyle id="21">
                <color>FFAAAAFF</color>
                <colorMode>normal</colorMode>
                <width>1.5</width>
            </LineStyle>
        </Style>
        <Style id="24">
            <LineStyle id="25">
                <color>FFAAAAFF</color>
                <colorMode>normal</colorMode>
                <width>1.5</width>
            </LineStyle>
        </Style>
        <Style id="28">
            <LineStyle id="29">
                <color>FFAAAAFF</color>
                <colorMode>normal</colorMode>
                <width>1.5</width>
            </LineStyle>
        </Style>
        <Style id="32">
            <LineStyle id="33">
                <color>FFAAAAFF</color>
                <colorMode>normal</colorMode>
                <width>1.5</width>
            </LineStyle>
        </Style>
        <Style id="36">
            <LineStyle id="37">
                <color>FFAAAAFF</color>
                <colorMode>normal</colorMode>
                <width>1.5</width>
            </LineStyle>
        </Style>
        <Style id="40">
            <LineStyle id="41">
                <color>FFAAAAFF</color>
                <colorMode>normal</colorMode>
                <width>1.5</width>
            </LineStyle>
        </Style>
        <Style id="44">
            <LineStyle id="45">
                <color>FFAAAAFF</color>
                <colorMode>normal</colorMode>
                <width>1.5</width>
            </LineStyle>
        </Style>
        <Style id="48">
            <LineStyle id="49">
                <color>FFAAAAFF</color>
                <colorMode>normal</colorMode>
                <width>1.5</width>
            </LineStyle>
        </Style>
        <Style id="52">
            <LineStyle id="53">
                <color>FFAAAAFF</color>
                <colorMode>normal</colorMode>
                <width>1.5</width>
            </LineStyle>
        </Style>
        <Style id="56">
            <LineStyle id="57">
                <color>FFAAAAFF</color>
                <colorMode>normal</colorMode>
                <width>1.5</width>
            </LineStyle>
        </Style>
        <Style id="60">
            <LineStyle id="61">
                <color>FFAAAAFF</color>
                <colorMode>normal</colorMode>
                <width>1.5</width>
            </LineStyle>
        </Style>
        <Style id="64">
            <LineStyle id="65">
                <color>FFAAAAFF</color>
                <colorMode>normal</colorMode>
                <width>1.5</width>
            </LineStyle>
        </Style>
        <Style id="68">
            <LineStyle id="69">
                <color>FFAAAAFF</color>
                <colorMode>normal</colorMode>
                <width>1.5</width>
            </LineStyle>
        </Style>
        <Style id="72">
            <LineStyle id="73">
                <color>FFAAAAFF</color>
                <colorMode>normal</colorMode>
                <width>1.5</width>
            </LineStyle>
        </Style>
        <Style id="76">
            <LineStyle id="77">
                <color>FFAAAAFF</color>
                <colorMode>normal</colorMode>
                <width>1.5</width>
            </LineStyle>
        </Style>
        <Style id="80">
            <LineStyle id="81">
                <color>FFAAAAFF</color>
                <colorMode>normal</colorMode>
                <width>1.5</width>
            </LineStyle>
        </Style>
        <Style id="84">
            <LineStyle id="85">
                <color>FFAAAAFF</color>
                <colorMode>normal</colorMode>
                <width>1.5</width>
            </LineStyle>
        </Style>
        <Style id="88">
            <LineStyle id="89">
                <color>FFAAAAFF</color>
                <colorMode>normal</colorMode>
                <width>1.5</width>
            </LineStyle>
        </Style>
        <Style id="92">
            <LineStyle id="93">
                <color>FFAAAAFF</color>
                <colorMode>normal</colorMode>
                <width>1.5</width>
            </LineStyle>
        </Style>
        <Style id="96">
            <LineStyle id="97">
                <color>FFAAAAFF</color>
                <colorMode>normal</colorMode>
                <width>1.5</width>
            </LineStyle>
        </Style>
        <Style id="100">
            <LineStyle id="101">
                <color>FFAAAAFF</color>
                <colorMode>normal</colorMode>
                <width>1.5</width>
            </LineStyle>
        </Style>
        <Style id="104">
            <LineStyle id="105">
                <color>FFAAAAFF</color>
                <colorMode>normal</colorMode>
                <width>1.5</width>
            </LineStyle>
        </Style>
        <Style id="108">
            <LineStyle id="109">
                <color>FFAAAAFF</color>
                <colorMode>normal</colorMode>
                <width>1.5</width>
            </LineStyle>
        </Style>
        <Style id="112">
            <LineStyle id="113">
                <color>FFAAAAFF</color>
                <colorMode>normal</colorMode>
                <width>1.5</width>
            </LineStyle>
        </Style>
        <Style id="116">
            <LineStyle id="117">
                <color>FFAAAAFF</color>
                <colorMode>normal</colorMode>
                <width>1.5</width>
            </LineStyle>
        </Style>
        <Style id="120">
            <LineStyle id="121">
                <color>FFAAAAFF</color>
                <colorMode>normal</colorMode>
                <width>1.5</width>
            </LineStyle>
        </Style>
        <Style id="124">
            <LineStyle id="125">
                <color>FFAAAAFF</color>
                <colorMode>normal</colorMode>
                <width>1.5</width>
            </LineStyle>
        </Style>
        <Style id="128">
            <LineStyle id="129">
                <color>FFAAAAFF</color>
                <colorMode>normal</colorMode>
                <width>1.5</width>
            </LineStyle>
        </Style>
        <Style id="132">
            <LineStyle id="133">
                <color>FFAAAAFF</color>
                <colorMode>normal</colorMode>
                <width>1.5</width>
            </LineStyle>
        </Style>
        <Style id="136">
            <LineStyle id="137">
                <color>FFAAAAFF</color>
                <colorMode>normal</colorMode>
                <width>1.5</width>
            </LineStyle>
        </Style>
        <Style id="140">
            <LineStyle id="141">
                <color>FFAAAAFF</color>
                <colorMode>normal</colorMode>
                <width>1.5</width>
            </LineStyle>
        </Style>
        <Style id="144">
            <LineStyle id="145">
                <color>FFAAAAFF</color>
                <colorMode>normal</colorMode>
                <width>1.5</width>
            </LineStyle>
        </Style>
        <Style id="148">
            <LineStyle id="149">
                <color>FFAAAAFF</color>
                <colorMode>normal</colorMode>
                <width>1.5</width>
            </LineStyle>
        </Style>
        <Style id="152">
            <LineStyle id="153">
                <color>FFAAAAFF</color>
                <colorMode>normal</colorMode>
                <width>1.5</width>
            </LineStyle>
        </Style>
        <Style id="156">
            <LineStyle id="157">
                <color>FFAAAAFF</color>
                <colorMode>normal</colorMode>
                <width>1.5</width>
            </LineStyle>
        </Style>
        <Style id="160">
            <LineStyle id="161">
                <color>FFAAAAFF</color>
                <colorMode>normal</colorMode>
                <width>1.5</width>
            </LineStyle>
        </Style>
        <Style id="164">
            <LineStyle id="165">
                <color>FFAAAAFF</color>
                <colorMode>normal</colorMode>
                <width>1.5</width>
            </LineStyle>
        </Style>
        <Style id="168">
            <LineStyle id="169">
                <color>FFAAAAFF</color>
                <colorMode>normal</colorMode>
                <width>1.5</width>
            </LineStyle>
        </Style>
        <Style id="172">
            <LineStyle id="173">
                <color>FFAAAAFF</color>
                <colorMode>normal</colorMode>
                <width>1.5</width>
            </LineStyle>
        </Style>
        <Style id="176">
            <LineStyle id="177">
                <color>FFAAAAFF</color>
                <colorMode>normal</colorMode>
                <width>1.5</width>
            </LineStyle>
        </Style>
        <Style id="180">
            <LineStyle id="181">
                <color>FFAAAAFF</color>
                <colorMode>normal</colorMode>
                <width>1.5</width>
            </LineStyle>
        </Style>
        <Style id="184">
            <LineStyle id="185">
                <color>FFAAAAFF</color>
                <colorMode>normal</colorMode>
                <width>1.5</width>
            </LineStyle>
        </Style>
        <Style id="188">
            <LineStyle id="189">
                <color>FFAAAAFF</color>
                <colorMode>normal</colorMode>
                <width>1.5</width>
            </LineStyle>
        </Style>
        <Style id="192">
            <LineStyle id="193">
                <color>FFAAAAFF</color>
                <colorMode>normal</colorMode>
                <width>1.5</width>
            </LineStyle>
        </Style>
        <Style id="196">
            <LineStyle id="197">
                <color>FFAAAAFF</color>
                <colorMode>normal</colorMode>
                <width>1.5</width>
            </LineStyle>
        </Style>
        <Style id="200">
            <LineStyle id="201">
                <color>FFAAAAFF</color>
                <colorMode>normal</colorMode>
                <width>1.5</width>
            </LineStyle>
        </Style>
        <Style id="204">
            <LineStyle id="205">
                <color>FFAAAAFF</color>
                <colorMode>normal</colorMode>
                <width>1.5</width>
            </LineStyle>
        </Style>
        <Style id="208">
            <LineStyle id="209">
                <color>FFAAAAFF</color>
                <colorMode>normal</colorMode>
                <width>1.5</width>
            </LineStyle>
        </Style>
        <Style id="212">
            <LineStyle id="213">
                <color>FFAAAAFF</color>
                <colorMode>normal</colorMode>
                <width>1.5</width>
            </LineStyle>
        </Style>
        <Style id="216">
            <LineStyle id="217">
                <color>FFAAAAFF</color>
                <colorMode>normal</colorMode>
                <width>1.5</width>
            </LineStyle>
        </Style>
        <Style id="220">
            <LineStyle id="221">
                <color>FFAAAAFF</color>
                <colorMode>normal</colorMode>
                <width>1.5</width>
            </LineStyle>
        </Style>
        <Style id="224">
            <LineStyle id="225">
                <color>FFAAAAFF</color>
                <colorMode>normal</colorMode>
                <width>1.5</width>
            </LineStyle>
        </Style>
        <Style id="228">
            <LineStyle id="229">
                <color>FFAAAAFF</color>
                <colorMode>normal</colorMode>
                <width>1.5</width>
            </LineStyle>
        </Style>
        <Style id="232">
            <LineStyle id="233">
                <color>FFAAAAFF</color>
                <colorMode>normal</colorMode>
                <width>1.5</width>
            </LineStyle>
        </Style>
        <Style id="236">
            <LineStyle id="237">
                <color>FFAAAAFF</color>
                <colorMode>normal</colorMode>
                <width>1.5</width>
            </LineStyle>
        </Style>
        <Style id="240">
            <LineStyle id="241">
                <color>FFAAAAFF</color>
                <colorMode>normal</colorMode>
                <width>1.5</width>
            </LineStyle>
        </Style>
        <Style id="244">
            <LineStyle id="245">
                <color>FFAAAAFF</color>
                <colorMode>normal</colorMode>
                <width>1.5</width>
            </LineStyle>
        </Style>
        <Style id="248">
            <LineStyle id="249">
                <color>FFAAAAFF</color>
                <colorMode>normal</colorMode>
                <width>1.5</width>
            </LineStyle>
        </Style>
        <Style id="252">
            <LineStyle id="253">
                <color>FFAAAAFF</color>
                <colorMode>normal</colorMode>
                <width>1.5</width>
            </LineStyle>
        </Style>
        <Style id="256">
            <LineStyle id="257">
                <color>FFAAAAFF</color>
                <colorMode>normal</colorMode>
                <width>1.5</width>
            </LineStyle>
        </Style>
        <Style id="260">
            <LineStyle id="261">
                <color>FFAAAAFF</color>
                <colorMode>normal</colorMode>
                <width>1.5</width>
            </LineStyle>
        </Style>
        <Style id="264">
            <LineStyle id="265">
                <color>FFAAAAFF</color>
                <colorMode>normal</colorMode>
                <width>1.5</width>
            </LineStyle>
        </Style>
        <Style id="268">
            <LineStyle id="269">
                <color>FFAAAAFF</color>
                <colorMode>normal</colorMode>
                <width>1.5</width>
            </LineStyle>
        </Style>
        <Style id="272">
            <LineStyle id="273">
                <color>FFAAAAFF</color>
                <colorMode>normal</colorMode>
                <width>1.5</width>
            </LineStyle>
        </Style>
        <Style id="276">
            <LineStyle id="277">
                <color>FFAAAAFF</color>
                <colorMode>normal</colorMode>
                <width>1.5</width>
            </LineStyle>
        </Style>
        <Style id="280">
            <LineStyle id="281">
                <color>FFAAAAFF</color>
                <colorMode>normal</colorMode>
                <width>1.5</width>
            </LineStyle>
        </Style>
        <Style id="284">
            <LineStyle id="285">
                <color>FFAAAAFF</color>
                <colorMode>normal</colorMode>
                <width>1.5</width>
            </LineStyle>
        </Style>
        <Style id="288">
            <LineStyle id="289">
                <color>FFAAAAFF</color>
                <colorMode>normal</colorMode>
                <width>1.5</width>
            </LineStyle>
        </Style>
        <Style id="292">
            <LineStyle id="293">
                <color>FFAAAAFF</color>
                <colorMode>normal</colorMode>
                <width>1.5</width>
            </LineStyle>
        </Style>
        <Style id="296">
            <LineStyle id="297">
                <color>FFAAAAFF</color>
                <colorMode>normal</colorMode>
                <width>1.5</width>
            </LineStyle>
        </Style>
        <Style id="300">
            <LineStyle id="301">
                <color>FFAAAAFF</color>
                <colorMode>normal</colorMode>
                <width>1.5</width>
            </LineStyle>
        </Style>
        <Style id="304">
            <LineStyle id="305">
                <color>FFAAAAFF</color>
                <colorMode>normal</colorMode>
                <width>1.5</width>
            </LineStyle>
        </Style>
        <Style id="308">
            <LineStyle id="309">
                <color>FFAAAAFF</color>
                <colorMode>normal</colorMode>
                <width>1.5</width>
            </LineStyle>
        </Style>
        <Style id="312">
            <LineStyle id="313">
                <color>FFAAAAFF</color>
                <colorMode>normal</colorMode>
                <width>1.5</width>
            </LineStyle>
        </Style>
        <Style id="316">
            <LineStyle id="317">
                <color>FFAAAAFF</color>
                <colorMode>normal</colorMode>
                <width>1.5</width>
            </LineStyle>
        </Style>
        <Style id="320">
            <LineStyle id="321">
                <color>FFAAAAFF</color>
                <colorMode>normal</colorMode>
                <width>1.5</width>
            </LineStyle>
        </Style>
        <Style id="324">
            <LineStyle id="325">
                <color>FFAAAAFF</color>
                <colorMode>normal</colorMode>
                <width>1.5</width>
            </LineStyle>
        </Style>
        <Style id="328">
            <LineStyle id="329">
                <color>FFAAAAFF</color>
                <colorMode>normal</colorMode>
                <width>1.5</width>
            </LineStyle>
        </Style>
        <Style id="332">
            <LineStyle id="333">
                <color>FFAAAAFF</color>
                <colorMode>normal</colorMode>
                <width>1.5</width>
            </LineStyle>
        </Style>
        <Style id="336">
            <LineStyle id="337">
                <color>FFAAAAFF</color>
                <colorMode>normal</colorMode>
                <width>1.5</width>
            </LineStyle>
        </Style>
        <Style id="340">
            <LineStyle id="341">
                <color>FFAAAAFF</color>
                <colorMode>normal</colorMode>
                <width>1.5</width>
            </LineStyle>
        </Style>
        <Style id="344">
            <LineStyle id="345">
                <color>FFAAAAFF</color>
                <colorMode>normal</colorMode>
                <width>1.5</width>
            </LineStyle>
        </Style>
        <Style id="348">
            <LineStyle id="349">
                <color>FFAAAAFF</color>
                <colorMode>normal</colorMode>
                <width>1.5</width>
            </LineStyle>
        </Style>
        <Style id="352">
            <LineStyle id="353">
                <color>FFAAAAFF</color>
                <colorMode>normal</colorMode>
                <width>1.5</width>
            </LineStyle>
        </Style>
        <Style id="356">
            <LineStyle id="357">
                <color>FFAAAAFF</color>
                <colorMode>normal</colorMode>
                <width>1.5</width>
            </LineStyle>
        </Style>
        <Style id="360">
            <LineStyle id="361">
                <color>FFAAAAFF</color>
                <colorMode>normal</colorMode>
                <width>1.5</width>
            </LineStyle>
        </Style>
        <Style id="364">
            <LineStyle id="365">
                <color>FFAAAAFF</color>
                <colorMode>normal</colorMode>
                <width>1.5</width>
            </LineStyle>
        </Style>
        <Style id="368">
            <LineStyle id="369">
                <color>FFAAAAFF</color>
                <colorMode>normal</colorMode>
                <width>1.5</width>
            </LineStyle>
        </Style>
        <Style id="372">
            <LineStyle id="373">
                <color>FFAAAAFF</color>
                <colorMode>normal</colorMode>
                <width>1.5</width>
            </LineStyle>
        </Style>
        <Style id="376">
            <LineStyle id="377">
                <color>FFAAAAFF</color>
                <colorMode>normal</colorMode>
                <width>1.5</width>
            </LineStyle>
        </Style>
        <Style id="380">
            <LineStyle id="381">
                <color>FFAAAAFF</color>
                <colorMode>normal</colorMode>
                <width>1.5</width>
            </LineStyle>
        </Style>
        <Style id="384">
            <LineStyle id="385">
                <color>FFAAAAFF</color>
                <colorMode>normal</colorMode>
                <width>1.5</width>
            </LineStyle>
        </Style>
        <Style id="388">
            <LineStyle id="389">
                <color>FFAAAAFF</color>
                <colorMode>normal</colorMode>
                <width>1.5</width>
            </LineStyle>
        </Style>
        <Style id="392">
            <LineStyle id="393">
                <color>FFAAAAFF</color>
                <colorMode>normal</colorMode>
                <width>1.5</width>
            </LineStyle>
        </Style>
        <Style id="396">
            <LineStyle id="397">
                <color>FFAAAAFF</color>
                <colorMode>normal</colorMode>
                <width>1.5</width>
            </LineStyle>
        </Style>
        <Style id="400">
            <LineStyle id="401">
                <color>FFAAAAFF</color>
                <colorMode>normal</colorMode>
                <width>1.5</width>
            </LineStyle>
        </Style>
        <Style id="404">
            <LineStyle id="405">
                <color>FFAAAAFF</color>
                <colorMode>normal</colorMode>
                <width>1.5</width>
            </LineStyle>
        </Style>
        <Style id="408">
            <LineStyle id="409">
                <color>FFAAAAFF</color>
                <colorMode>normal</colorMode>
                <width>1.5</width>
            </LineStyle>
        </Style>
        <Style id="412">
            <LineStyle id="413">
                <color>FFAAAAFF</color>
                <colorMode>normal</colorMode>
                <width>1.5</width>
            </LineStyle>
        </Style>
        <Style id="416">
            <LineStyle id="417">
                <color>FFAAAAFF</color>
                <colorMode>normal</colorMode>
                <width>1.5</width>
            </LineStyle>
        </Style>
        <Style id="420">
            <LineStyle id="421">
                <color>FFAAAAFF</color>
                <colorMode>normal</colorMode>
                <width>1.5</width>
            </LineStyle>
        </Style>
        <Style id="424">
            <LineStyle id="425">
                <color>FFAAAAFF</color>
                <colorMode>normal</colorMode>
                <width>1.5</width>
            </LineStyle>
        </Style>
        <Style id="428">
            <LineStyle id="429">
                <color>FFAAAAFF</color>
                <colorMode>normal</colorMode>
                <width>1.5</width>
            </LineStyle>
        </Style>
        <Style id="432">
            <LineStyle id="433">
                <color>FFAAAAFF</color>
                <colorMode>normal</colorMode>
                <width>1.5</width>
            </LineStyle>
        </Style>
        <Style id="436">
            <LineStyle id="437">
                <color>FFAAAAFF</color>
                <colorMode>normal</colorMode>
                <width>1.5</width>
            </LineStyle>
        </Style>
        <Style id="440">
            <LineStyle id="441">
                <color>FFAAAAFF</color>
                <colorMode>normal</colorMode>
                <width>1.5</width>
            </LineStyle>
        </Style>
        <Style id="444">
            <LineStyle id="445">
                <color>FFAAAAFF</color>
                <colorMode>normal</colorMode>
                <width>1.5</width>
            </LineStyle>
        </Style>
        <Style id="448">
            <LineStyle id="449">
                <color>FFAAAAFF</color>
                <colorMode>normal</colorMode>
                <width>1.5</width>
            </LineStyle>
        </Style>
        <Style id="452">
            <LineStyle id="453">
                <color>FFAAAAFF</color>
                <colorMode>normal</colorMode>
                <width>1.5</width>
            </LineStyle>
        </Style>
        <Style id="456">
            <LineStyle id="457">
                <color>FFAAAAFF</color>
                <colorMode>normal</colorMode>
                <width>1.5</width>
            </LineStyle>
        </Style>
        <Style id="460">
            <LineStyle id="461">
                <color>FFAAAAFF</color>
                <colorMode>normal</colorMode>
                <width>1.5</width>
            </LineStyle>
        </Style>
        <Style id="464">
            <LineStyle id="465">
                <color>FFAAAAFF</color>
                <colorMode>normal</colorMode>
                <width>1.5</width>
            </LineStyle>
        </Style>
        <Style id="468">
            <LineStyle id="469">
                <color>FFAAAAFF</color>
                <colorMode>normal</colorMode>
                <width>1.5</width>
            </LineStyle>
        </Style>
        <Style id="472">
            <LineStyle id="473">
                <color>FFAAAAFF</color>
                <colorMode>normal</colorMode>
                <width>1.5</width>
            </LineStyle>
        </Style>
        <Style id="476">
            <LineStyle id="477">
                <color>FFAAAAFF</color>
                <colorMode>normal</colorMode>
                <width>1.5</width>
            </LineStyle>
        </Style>
        <Style id="480">
            <LineStyle id="481">
                <color>FFAAAAFF</color>
                <colorMode>normal</colorMode>
                <width>1.5</width>
            </LineStyle>
        </Style>
        <Style id="484">
            <LineStyle id="485">
                <color>FFAAAAFF</color>
                <colorMode>normal</colorMode>
                <width>1.5</width>
            </LineStyle>
        </Style>
        <Style id="488">
            <LineStyle id="489">
                <color>FFAAAAFF</color>
                <colorMode>normal</colorMode>
                <width>1.5</width>
            </LineStyle>
        </Style>
        <Style id="492">
            <LineStyle id="493">
                <color>FFAAAAFF</color>
                <colorMode>normal</colorMode>
                <width>1.5</width>
            </LineStyle>
        </Style>
        <Style id="496">
            <LineStyle id="497">
                <color>FFAAAAFF</color>
                <colorMode>normal</colorMode>
                <width>1.5</width>
            </LineStyle>
        </Style>
        <Style id="500">
            <LineStyle id="501">
                <color>FFAAAAFF</color>
                <colorMode>normal</colorMode>
                <width>1.5</width>
            </LineStyle>
        </Style>
        <Style id="504">
            <LineStyle id="505">
                <color>FFAAAAFF</color>
                <colorMode>normal</colorMode>
                <width>1.5</width>
            </LineStyle>
        </Style>
        <Style id="508">
            <LineStyle id="509">
                <color>FFAAAAFF</color>
                <colorMode>normal</colorMode>
                <width>1.5</width>
            </LineStyle>
        </Style>
        <Style id="512">
            <LineStyle id="513">
                <color>FFAAAAFF</color>
                <colorMode>normal</colorMode>
                <width>1.5</width>
            </LineStyle>
        </Style>
        <Style id="516">
            <LineStyle id="517">
                <color>FFAAAAFF</color>
                <colorMode>normal</colorMode>
                <width>1.5</width>
            </LineStyle>
        </Style>
        <Style id="520">
            <LineStyle id="521">
                <color>FFAAAAFF</color>
                <colorMode>normal</colorMode>
                <width>1.5</width>
            </LineStyle>
        </Style>
        <Style id="524">
            <LineStyle id="525">
                <color>FFAAAAFF</color>
                <colorMode>normal</colorMode>
                <width>1.5</width>
            </LineStyle>
        </Style>
        <Style id="528">
            <LineStyle id="529">
                <color>FFAAAAFF</color>
                <colorMode>normal</colorMode>
                <width>1.5</width>
            </LineStyle>
        </Style>
        <Style id="532">
            <LineStyle id="533">
                <color>FFAAAAFF</color>
                <colorMode>normal</colorMode>
                <width>1.5</width>
            </LineStyle>
        </Style>
        <Style id="536">
            <LineStyle id="537">
                <color>FFAAAAFF</color>
                <colorMode>normal</colorMode>
                <width>1.5</width>
            </LineStyle>
        </Style>
        <Style id="540">
            <LineStyle id="541">
                <color>FFAAAAFF</color>
                <colorMode>normal</colorMode>
                <width>1.5</width>
            </LineStyle>
        </Style>
        <Style id="544">
            <LineStyle id="545">
                <color>FFAAAAFF</color>
                <colorMode>normal</colorMode>
                <width>1.5</width>
            </LineStyle>
        </Style>
        <Style id="548">
            <LineStyle id="549">
                <color>FFAAAAFF</color>
                <colorMode>normal</colorMode>
                <width>1.5</width>
            </LineStyle>
        </Style>
        <Style id="552">
            <LineStyle id="553">
                <color>FFAAAAFF</color>
                <colorMode>normal</colorMode>
                <width>1.5</width>
            </LineStyle>
        </Style>
        <Style id="556">
            <LineStyle id="557">
                <color>FFAAAAFF</color>
                <colorMode>normal</colorMode>
                <width>1.5</width>
            </LineStyle>
        </Style>
        <Style id="560">
            <LineStyle id="561">
                <color>FFAAAAFF</color>
                <colorMode>normal</colorMode>
                <width>1.5</width>
            </LineStyle>
        </Style>
        <Style id="564">
            <LineStyle id="565">
                <color>FFAAAAFF</color>
                <colorMode>normal</colorMode>
                <width>1.5</width>
            </LineStyle>
        </Style>
        <Style id="568">
            <LineStyle id="569">
                <color>FFAAAAFF</color>
                <colorMode>normal</colorMode>
                <width>1.5</width>
            </LineStyle>
        </Style>
        <Style id="572">
            <LineStyle id="573">
                <color>FFAAAAFF</color>
                <colorMode>normal</colorMode>
                <width>1.5</width>
            </LineStyle>
        </Style>
        <Style id="576">
            <LineStyle id="577">
                <color>FFAAAAFF</color>
                <colorMode>normal</colorMode>
                <width>1.5</width>
            </LineStyle>
        </Style>
        <Style id="580">
            <LineStyle id="581">
                <color>FFAAAAFF</color>
                <colorMode>normal</colorMode>
                <width>1.5</width>
            </LineStyle>
        </Style>
        <Style id="584">
            <LineStyle id="585">
                <color>FFAAAAFF</color>
                <colorMode>normal</colorMode>
                <width>1.5</width>
            </LineStyle>
        </Style>
        <Style id="588">
            <LineStyle id="589">
                <color>FFAAAAFF</color>
                <colorMode>normal</colorMode>
                <width>1.5</width>
            </LineStyle>
        </Style>
        <Style id="592">
            <LineStyle id="593">
                <color>FFAAAAFF</color>
                <colorMode>normal</colorMode>
                <width>1.5</width>
            </LineStyle>
        </Style>
        <Style id="596">
            <LineStyle id="597">
                <color>FFAAAAFF</color>
                <colorMode>normal</colorMode>
                <width>1.5</width>
            </LineStyle>
        </Style>
        <Style id="600">
            <LineStyle id="601">
                <color>FFAAAAFF</color>
                <colorMode>normal</colorMode>
                <width>1.5</width>
            </LineStyle>
        </Style>
        <Style id="604">
            <LineStyle id="605">
                <color>FFAAAAFF</color>
                <colorMode>normal</colorMode>
                <width>1.5</width>
            </LineStyle>
        </Style>
        <Style id="608">
            <LineStyle id="609">
                <color>FFAAAAFF</color>
                <colorMode>normal</colorMode>
                <width>1.5</width>
            </LineStyle>
        </Style>
        <Style id="612">
            <LineStyle id="613">
                <color>FFAAAAFF</color>
                <colorMode>normal</colorMode>
                <width>1.5</width>
            </LineStyle>
        </Style>
        <Style id="616">
            <LineStyle id="617">
                <color>FFAAAAFF</color>
                <colorMode>normal</colorMode>
                <width>1.5</width>
            </LineStyle>
        </Style>
        <Style id="620">
            <LineStyle id="621">
                <color>FFAAAAFF</color>
                <colorMode>normal</colorMode>
                <width>1.5</width>
            </LineStyle>
        </Style>
        <Style id="624">
            <LineStyle id="625">
                <color>FFAAAAFF</color>
                <colorMode>normal</colorMode>
                <width>1.5</width>
            </LineStyle>
        </Style>
        <Style id="628">
            <LineStyle id="629">
                <color>FFAAAAFF</color>
                <colorMode>normal</colorMode>
                <width>1.5</width>
            </LineStyle>
        </Style>
        <Style id="632">
            <LineStyle id="633">
                <color>FFAAAAFF</color>
                <colorMode>normal</colorMode>
                <width>1.5</width>
            </LineStyle>
        </Style>
        <Style id="636">
            <LineStyle id="637">
                <color>FFAAAAFF</color>
                <colorMode>normal</colorMode>
                <width>1.5</width>
            </LineStyle>
        </Style>
        <Style id="640">
            <LineStyle id="641">
                <color>FFAAAAFF</color>
                <colorMode>normal</colorMode>
                <width>1.5</width>
            </LineStyle>
        </Style>
        <Style id="644">
            <LineStyle id="645">
                <color>FFAAAAFF</color>
                <colorMode>normal</colorMode>
                <width>1.5</width>
            </LineStyle>
        </Style>
        <Style id="648">
            <LineStyle id="649">
                <color>FFAAAAFF</color>
                <colorMode>normal</colorMode>
                <width>1.5</width>
            </LineStyle>
        </Style>
        <Style id="652">
            <LineStyle id="653">
                <color>FFAAAAFF</color>
                <colorMode>normal</colorMode>
                <width>1.5</width>
            </LineStyle>
        </Style>
        <Style id="656">
            <LineStyle id="657">
                <color>FFAAAAFF</color>
                <colorMode>normal</colorMode>
                <width>1.5</width>
            </LineStyle>
        </Style>
        <Style id="660">
            <LineStyle id="661">
                <color>FFAAAAFF</color>
                <colorMode>normal</colorMode>
                <width>1.5</width>
            </LineStyle>
        </Style>
        <Style id="664">
            <LineStyle id="665">
                <color>FFAAAAFF</color>
                <colorMode>normal</colorMode>
                <width>1.5</width>
            </LineStyle>
        </Style>
        <Style id="668">
            <LineStyle id="669">
                <color>FFAAAAFF</color>
                <colorMode>normal</colorMode>
                <width>1.5</width>
            </LineStyle>
        </Style>
        <Style id="672">
            <LineStyle id="673">
                <color>FFAAAAFF</color>
                <colorMode>normal</colorMode>
                <width>1.5</width>
            </LineStyle>
        </Style>
        <Style id="676">
            <LineStyle id="677">
                <color>FFAAAAFF</color>
                <colorMode>normal</colorMode>
                <width>1.5</width>
            </LineStyle>
        </Style>
        <Style id="680">
            <LineStyle id="681">
                <color>FFAAAAFF</color>
                <colorMode>normal</colorMode>
                <width>1.5</width>
            </LineStyle>
        </Style>
        <Style id="684">
            <LineStyle id="685">
                <color>FFAAAAFF</color>
                <colorMode>normal</colorMode>
                <width>1.5</width>
            </LineStyle>
        </Style>
        <Style id="688">
            <LineStyle id="689">
                <color>FFAAAAFF</color>
                <colorMode>normal</colorMode>
                <width>1.5</width>
            </LineStyle>
        </Style>
        <Style id="692">
            <LineStyle id="693">
                <color>FFAAAAFF</color>
                <colorMode>normal</colorMode>
                <width>1.5</width>
            </LineStyle>
        </Style>
        <Style id="696">
            <LineStyle id="697">
                <color>FFAAAAFF</color>
                <colorMode>normal</colorMode>
                <width>1.5</width>
            </LineStyle>
        </Style>
        <Style id="700">
            <LineStyle id="701">
                <color>FFAAAAFF</color>
                <colorMode>normal</colorMode>
                <width>1.5</width>
            </LineStyle>
        </Style>
        <Style id="704">
            <LineStyle id="705">
                <color>FFAAAAFF</color>
                <colorMode>normal</colorMode>
                <width>1.5</width>
            </LineStyle>
        </Style>
        <Style id="708">
            <LineStyle id="709">
                <color>FFAAAAFF</color>
                <colorMode>normal</colorMode>
                <width>1.5</width>
            </LineStyle>
        </Style>
        <Style id="712">
            <LineStyle id="713">
                <color>FFAAAAFF</color>
                <colorMode>normal</colorMode>
                <width>1.5</width>
            </LineStyle>
        </Style>
        <Style id="716">
            <LineStyle id="717">
                <color>FFAAAAFF</color>
                <colorMode>normal</colorMode>
                <width>1.5</width>
            </LineStyle>
        </Style>
        <Style id="720">
            <LineStyle id="721">
                <color>FFAAAAFF</color>
                <colorMode>normal</colorMode>
                <width>1.5</width>
            </LineStyle>
        </Style>
        <Style id="724">
            <LineStyle id="725">
                <color>FFAAAAFF</color>
                <colorMode>normal</colorMode>
                <width>1.5</width>
            </LineStyle>
        </Style>
        <Style id="728">
            <LineStyle id="729">
                <color>FFAAAAFF</color>
                <colorMode>normal</colorMode>
                <width>1.5</width>
            </LineStyle>
        </Style>
        <Style id="732">
            <LineStyle id="733">
                <color>FFAAAAFF</color>
                <colorMode>normal</colorMode>
                <width>1.5</width>
            </LineStyle>
        </Style>
        <Style id="736">
            <LineStyle id="737">
                <color>FFAAAAFF</color>
                <colorMode>normal</colorMode>
                <width>1.5</width>
            </LineStyle>
        </Style>
        <Style id="740">
            <LineStyle id="741">
                <color>FFAAAAFF</color>
                <colorMode>normal</colorMode>
                <width>1.5</width>
            </LineStyle>
        </Style>
        <Style id="744">
            <LineStyle id="745">
                <color>FFAAAAFF</color>
                <colorMode>normal</colorMode>
                <width>1.5</width>
            </LineStyle>
        </Style>
        <Style id="748">
            <LineStyle id="749">
                <color>FFAAAAFF</color>
                <colorMode>normal</colorMode>
                <width>1.5</width>
            </LineStyle>
        </Style>
        <Style id="752">
            <LineStyle id="753">
                <color>FFAAAAFF</color>
                <colorMode>normal</colorMode>
                <width>1.5</width>
            </LineStyle>
        </Style>
        <Style id="756">
            <LineStyle id="757">
                <color>FFAAAAFF</color>
                <colorMode>normal</colorMode>
                <width>1.5</width>
            </LineStyle>
        </Style>
        <Style id="760">
            <LineStyle id="761">
                <color>FFAAAAFF</color>
                <colorMode>normal</colorMode>
                <width>1.5</width>
            </LineStyle>
        </Style>
        <Style id="764">
            <LineStyle id="765">
                <color>FFAAAAFF</color>
                <colorMode>normal</colorMode>
                <width>1.5</width>
            </LineStyle>
        </Style>
        <Style id="768">
            <LineStyle id="769">
                <color>FFAAAAFF</color>
                <colorMode>normal</colorMode>
                <width>1.5</width>
            </LineStyle>
        </Style>
        <Style id="772">
            <LineStyle id="773">
                <color>FFAAAAFF</color>
                <colorMode>normal</colorMode>
                <width>1.5</width>
            </LineStyle>
        </Style>
        <Style id="776">
            <LineStyle id="777">
                <color>FFAAAAFF</color>
                <colorMode>normal</colorMode>
                <width>1.5</width>
            </LineStyle>
        </Style>
        <Style id="780">
            <LineStyle id="781">
                <color>FFAAAAFF</color>
                <colorMode>normal</colorMode>
                <width>1.5</width>
            </LineStyle>
        </Style>
        <Style id="784">
            <LineStyle id="785">
                <color>FFAAAAFF</color>
                <colorMode>normal</colorMode>
                <width>1.5</width>
            </LineStyle>
        </Style>
        <Style id="788">
            <LineStyle id="789">
                <color>FFAAAAFF</color>
                <colorMode>normal</colorMode>
                <width>1.5</width>
            </LineStyle>
        </Style>
        <Style id="792">
            <LineStyle id="793">
                <color>FFAAAAFF</color>
                <colorMode>normal</colorMode>
                <width>1.5</width>
            </LineStyle>
        </Style>
        <Style id="796">
            <LineStyle id="797">
                <color>FFAAAAFF</color>
                <colorMode>normal</colorMode>
                <width>1.5</width>
            </LineStyle>
        </Style>
        <Style id="800">
            <LineStyle id="801">
                <color>FFAAAAFF</color>
                <colorMode>normal</colorMode>
                <width>1.5</width>
            </LineStyle>
        </Style>
        <Style id="804">
            <LineStyle id="805">
                <color>FFAAAAFF</color>
                <colorMode>normal</colorMode>
                <width>1.5</width>
            </LineStyle>
        </Style>
        <Style id="808">
            <LineStyle id="809">
                <color>FFAAAAFF</color>
                <colorMode>normal</colorMode>
                <width>1.5</width>
            </LineStyle>
        </Style>
        <Style id="812">
            <LineStyle id="813">
                <color>FFAAAAFF</color>
                <colorMode>normal</colorMode>
                <width>1.5</width>
            </LineStyle>
        </Style>
        <Style id="816">
            <LineStyle id="817">
                <color>FFAAAAFF</color>
                <colorMode>normal</colorMode>
                <width>1.5</width>
            </LineStyle>
        </Style>
        <Style id="820">
            <LineStyle id="821">
                <color>FFAAAAFF</color>
                <colorMode>normal</colorMode>
                <width>1.5</width>
            </LineStyle>
        </Style>
        <Style id="824">
            <LineStyle id="825">
                <color>FFAAAAFF</color>
                <colorMode>normal</colorMode>
                <width>1.5</width>
            </LineStyle>
        </Style>
        <Style id="828">
            <LineStyle id="829">
                <color>FFAAAAFF</color>
                <colorMode>normal</colorMode>
                <width>1.5</width>
            </LineStyle>
        </Style>
        <Style id="832">
            <LineStyle id="833">
                <color>FFAAAAFF</color>
                <colorMode>normal</colorMode>
                <width>1.5</width>
            </LineStyle>
        </Style>
        <Style id="836">
            <LineStyle id="837">
                <color>FFAAAAFF</color>
                <colorMode>normal</colorMode>
                <width>1.5</width>
            </LineStyle>
        </Style>
        <Style id="840">
            <LineStyle id="841">
                <color>FFAAAAFF</color>
                <colorMode>normal</colorMode>
                <width>1.5</width>
            </LineStyle>
        </Style>
        <Style id="844">
            <LineStyle id="845">
                <color>FFAAAAFF</color>
                <colorMode>normal</colorMode>
                <width>1.5</width>
            </LineStyle>
        </Style>
        <Style id="848">
            <LineStyle id="849">
                <color>FFAAAAFF</color>
                <colorMode>normal</colorMode>
                <width>1.5</width>
            </LineStyle>
        </Style>
        <Style id="852">
            <LineStyle id="853">
                <color>FFAAAAFF</color>
                <colorMode>normal</colorMode>
                <width>1.5</width>
            </LineStyle>
        </Style>
        <Style id="856">
            <LineStyle id="857">
                <color>FFAAAAFF</color>
                <colorMode>normal</colorMode>
                <width>1.5</width>
            </LineStyle>
        </Style>
        <Style id="860">
            <LineStyle id="861">
                <color>FFAAAAFF</color>
                <colorMode>normal</colorMode>
                <width>1.5</width>
            </LineStyle>
        </Style>
        <Style id="864">
            <LineStyle id="865">
                <color>FFAAAAFF</color>
                <colorMode>normal</colorMode>
                <width>1.5</width>
            </LineStyle>
        </Style>
        <Style id="868">
            <LineStyle id="869">
                <color>FFAAAAFF</color>
                <colorMode>normal</colorMode>
                <width>1.5</width>
            </LineStyle>
        </Style>
        <Style id="872">
            <LineStyle id="873">
                <color>FFAAAAFF</color>
                <colorMode>normal</colorMode>
                <width>1.5</width>
            </LineStyle>
        </Style>
        <Style id="876">
            <LineStyle id="877">
                <color>FFAAAAFF</color>
                <colorMode>normal</colorMode>
                <width>1.5</width>
            </LineStyle>
        </Style>
        <Style id="880">
            <LineStyle id="881">
                <color>FFAAAAFF</color>
                <colorMode>normal</colorMode>
                <width>1.5</width>
            </LineStyle>
        </Style>
        <Style id="884">
            <LineStyle id="885">
                <color>FFAAAAFF</color>
                <colorMode>normal</colorMode>
                <width>1.5</width>
            </LineStyle>
        </Style>
        <Style id="888">
            <LineStyle id="889">
                <color>FFAAAAFF</color>
                <colorMode>normal</colorMode>
                <width>1.5</width>
            </LineStyle>
        </Style>
        <Style id="892">
            <LineStyle id="893">
                <color>FFAAAAFF</color>
                <colorMode>normal</colorMode>
                <width>1.5</width>
            </LineStyle>
        </Style>
        <Style id="896">
            <LineStyle id="897">
                <color>FFAAAAFF</color>
                <colorMode>normal</colorMode>
                <width>1.5</width>
            </LineStyle>
        </Style>
        <Style id="900">
            <LineStyle id="901">
                <color>FFAAAAFF</color>
                <colorMode>normal</colorMode>
                <width>1.5</width>
            </LineStyle>
        </Style>
        <Style id="904">
            <LineStyle id="905">
                <color>FFAAAAFF</color>
                <colorMode>normal</colorMode>
                <width>1.5</width>
            </LineStyle>
        </Style>
        <Style id="908">
            <LineStyle id="909">
                <color>FFAAAAFF</color>
                <colorMode>normal</colorMode>
                <width>1.5</width>
            </LineStyle>
        </Style>
        <Style id="912">
            <LineStyle id="913">
                <color>FFAAAAFF</color>
                <colorMode>normal</colorMode>
                <width>1.5</width>
            </LineStyle>
        </Style>
        <Style id="916">
            <LineStyle id="917">
                <color>FFAAAAFF</color>
                <colorMode>normal</colorMode>
                <width>1.5</width>
            </LineStyle>
        </Style>
        <Style id="920">
            <LineStyle id="921">
                <color>FFAAAAFF</color>
                <colorMode>normal</colorMode>
                <width>1.5</width>
            </LineStyle>
        </Style>
        <Style id="924">
            <LineStyle id="925">
                <color>FFAAAAFF</color>
                <colorMode>normal</colorMode>
                <width>1.5</width>
            </LineStyle>
        </Style>
        <Style id="928">
            <LineStyle id="929">
                <color>FFAAAAFF</color>
                <colorMode>normal</colorMode>
                <width>1.5</width>
            </LineStyle>
        </Style>
        <Style id="932">
            <LineStyle id="933">
                <color>FFAAAAFF</color>
                <colorMode>normal</colorMode>
                <width>1.5</width>
            </LineStyle>
        </Style>
        <Style id="936">
            <LineStyle id="937">
                <color>FFAAAAFF</color>
                <colorMode>normal</colorMode>
                <width>1.5</width>
            </LineStyle>
        </Style>
        <Style id="940">
            <LineStyle id="941">
                <color>FFAAAAFF</color>
                <colorMode>normal</colorMode>
                <width>1.5</width>
            </LineStyle>
        </Style>
        <Style id="944">
            <LineStyle id="945">
                <color>FFAAAAFF</color>
                <colorMode>normal</colorMode>
                <width>1.5</width>
            </LineStyle>
        </Style>
        <Style id="948">
            <LineStyle id="949">
                <color>FFAAAAFF</color>
                <colorMode>normal</colorMode>
                <width>1.5</width>
            </LineStyle>
        </Style>
        <Style id="952">
            <LineStyle id="953">
                <color>FFAAAAFF</color>
                <colorMode>normal</colorMode>
                <width>1.5</width>
            </LineStyle>
        </Style>
        <Style id="956">
            <LineStyle id="957">
                <color>FFAAAAFF</color>
                <colorMode>normal</colorMode>
                <width>1.5</width>
            </LineStyle>
        </Style>
        <Style id="960">
            <LineStyle id="961">
                <color>FFAAAAFF</color>
                <colorMode>normal</colorMode>
                <width>1.5</width>
            </LineStyle>
        </Style>
        <Style id="964">
            <LineStyle id="965">
                <color>FFAAAAFF</color>
                <colorMode>normal</colorMode>
                <width>1.5</width>
            </LineStyle>
        </Style>
        <Style id="968">
            <LineStyle id="969">
                <color>FFAAAAFF</color>
                <colorMode>normal</colorMode>
                <width>1.5</width>
            </LineStyle>
        </Style>
        <Style id="972">
            <LineStyle id="973">
                <color>FFAAAAFF</color>
                <colorMode>normal</colorMode>
                <width>1.5</width>
            </LineStyle>
        </Style>
        <Style id="976">
            <LineStyle id="977">
                <color>FFAAAAFF</color>
                <colorMode>normal</colorMode>
                <width>1.5</width>
            </LineStyle>
        </Style>
        <Style id="980">
            <LineStyle id="981">
                <color>FFAAAAFF</color>
                <colorMode>normal</colorMode>
                <width>1.5</width>
            </LineStyle>
        </Style>
        <Style id="984">
            <LineStyle id="985">
                <color>FFAAAAFF</color>
                <colorMode>normal</colorMode>
                <width>1.5</width>
            </LineStyle>
        </Style>
        <Style id="988">
            <LineStyle id="989">
                <color>FFAAAAFF</color>
                <colorMode>normal</colorMode>
                <width>1.5</width>
            </LineStyle>
        </Style>
        <Style id="992">
            <LineStyle id="993">
                <color>FFAAAAFF</color>
                <colorMode>normal</colorMode>
                <width>1.5</width>
            </LineStyle>
        </Style>
        <Style id="996">
            <LineStyle id="997">
                <color>FFAAAAFF</color>
                <colorMode>normal</colorMode>
                <width>1.5</width>
            </LineStyle>
        </Style>
        <Style id="1000">
            <LineStyle id="1001">
                <color>FFAAAAFF</color>
                <colorMode>normal</colorMode>
                <width>1.5</width>
            </LineStyle>
        </Style>
        <Style id="1004">
            <LineStyle id="1005">
                <color>FFAAAAFF</color>
                <colorMode>normal</colorMode>
                <width>1.5</width>
            </LineStyle>
        </Style>
        <Style id="1008">
            <LineStyle id="1009">
                <color>FFAAAAFF</color>
                <colorMode>normal</colorMode>
                <width>1.5</width>
            </LineStyle>
        </Style>
        <Style id="1012">
            <LineStyle id="1013">
                <color>FFAAAAFF</color>
                <colorMode>normal</colorMode>
                <width>1.5</width>
            </LineStyle>
        </Style>
        <name>Filtered Lines</name>
        <description>Lines generated using Ellipsoidal (WGS84) calculations.</description>
        <Placemark id="3">
            <name>P → PenE</name>
            <description>
                
        
<![CDATA[
          <b>P1:</b> P<br>
          <b>P2:</b> PenE<br>
          <hr>
          <b>Distance:</b> 0.149 miles<br>
          <hr>
          <u>Path P1 → P2:</u><br>
          <b>Forward Azimuth at P1 (Az12):</b> 99.966°<br>
          <b>Back Azimuth at P2 (BackAz12):</b> 99.968°<br>
          <hr>
          <u>Path P2 → P1:</u><br>
          <b>Forward Azimuth at P2 (Az21):</b> 279.968°<br>
          <b>Back Azimuth at P1 (BackAz21):</b> 279.966°<br>
          <hr>
          <b>Filter Reason(s):</b> All Pairs (No Filters)<br>
          <hr>
          <i>Calculation Method: Ellipsoidal (WGS84)</i>
        ]]>                
        
            </description>
            <styleUrl>#4</styleUrl>
            <LineString id="2">
                <coordinates>-77.05596854698287,38.87100323118176,0.0 -77.05323877107107,38.87062821721818,0.0</coordinates>
            </LineString>
        </Placemark>
        <Placemark id="7">
            <name>P → PenF</name>
            <description>
                
        
<![CDATA[
          <b>P1:</b> P<br>
          <b>P2:</b> PenF<br>
          <hr>
          <b>Distance:</b> 0.150 miles<br>
          <hr>
          <u>Path P1 → P2:</u><br>
          <b>Forward Azimuth at P1 (Az12):</b> 171.486°<br>
          <b>Back Azimuth at P2 (BackAz12):</b> 171.487°<br>
          <hr>
          <u>Path P2 → P1:</u><br>
          <b>Forward Azimuth at P2 (Az21):</b> 351.487°<br>
          <b>Back Azimuth at P1 (BackAz21):</b> 351.486°<br>
          <hr>
          <b>Filter Reason(s):</b> All Pairs (No Filters)<br>
          <hr>
          <i>Calculation Method: Ellipsoidal (WGS84)</i>
        ]]>                
        
            </description>
            <styleUrl>#8</styleUrl>
            <LineString id="6">
                <coordinates>-77.05596854698287,38.87100323118176,0.0 -77.05555738705385,38.86885600238287,0.0</coordinates>
            </LineString>
        </Placemark>
        <Placemark id="11">
            <name>P → PenG</name>
            <description>
                
        
<![CDATA[
          <b>P1:</b> P<br>
          <b>P2:</b> PenG<br>
          <hr>
          <b>Distance:</b> 0.150 miles<br>
          <hr>
          <u>Path P1 → P2:</u><br>
          <b>Forward Azimuth at P1 (Az12):</b> 27.938°<br>
          <b>Back Azimuth at P2 (BackAz12):</b> 27.939°<br>
          <hr>
          <u>Path P2 → P1:</u><br>
          <b>Forward Azimuth at P2 (Az21):</b> 207.939°<br>
          <b>Back Azimuth at P1 (BackAz21):</b> 207.938°<br>
          <hr>
          <b>Filter Reason(s):</b> All Pairs (No Filters)<br>
          <hr>
          <i>Calculation Method: Ellipsoidal (WGS84)</i>
        ]]>                
        
            </description>
            <styleUrl>#12</styleUrl>
            <LineString id="10">
                <coordinates>-77.05596854698287,38.87100323118176,0.0 -77.05466945787724,38.87291816657935,0.0</coordinates>
            </LineString>
        </Placemark>
        <Placemark id="15">
            <name>P → PenB</name>
            <description>
                
        
<![CDATA[
          <b>P1:</b> P<br>
          <b>P2:</b> PenB<br>
          <hr>
          <b>Distance:</b> 0.121 miles<br>
          <hr>
          <u>Path P1 → P2:</u><br>
          <b>Forward Azimuth at P1 (Az12):</b> 351.880°<br>
          <b>Back Azimuth at P2 (BackAz12):</b> 351.879°<br>
          <hr>
          <u>Path P2 → P1:</u><br>
          <b>Forward Azimuth at P2 (Az21):</b> 171.879°<br>
          <b>Back Azimuth at P1 (BackAz21):</b> 171.880°<br>
          <hr>
          <b>Filter Reason(s):</b> All Pairs (No Filters)<br>
          <hr>
          <i>Calculation Method: Ellipsoidal (WGS84)</i>
        ]]>                
        
            </description>
            <styleUrl>#16</styleUrl>
            <LineString id="14">
                <coordinates>-77.05596854698287,38.87100323118176,0.0 -77.05628474196676,38.87273556375202,0.0</coordinates>
            </LineString>
        </Placemark>
        <Placemark id="19">
            <name>P → PenA</name>
            <description>
                
        
<![CDATA[
          <b>P1:</b> P<br>
          <b>P2:</b> PenA<br>
          <hr>
          <b>Distance:</b> 0.149 miles<br>
          <hr>
          <u>Path P1 → P2:</u><br>
          <b>Forward Azimuth at P1 (Az12):</b> 315.729°<br>
          <b>Back Azimuth at P2 (BackAz12):</b> 315.728°<br>
          <hr>
          <u>Path P2 → P1:</u><br>
          <b>Forward Azimuth at P2 (Az21):</b> 135.728°<br>
          <b>Back Azimuth at P1 (BackAz21):</b> 135.729°<br>
          <hr>
          <b>Filter Reason(s):</b> All Pairs (No Filters)<br>
          <hr>
          <i>Calculation Method: Ellipsoidal (WGS84)</i>
        ]]>                
        
            </description>
            <styleUrl>#20</styleUrl>
            <LineString id="18">
                <coordinates>-77.05596854698287,38.87100323118176,0.0 -77.05790028667388,38.872552231854,0.0</coordinates>
            </LineString>
        </Placemark>
        <Placemark id="23">
            <name>P → PenD</name>
            <description>
                
        
<![CDATA[
          <b>P1:</b> P<br>
          <b>P2:</b> PenD<br>
          <hr>
          <b>Distance:</b> 0.150 miles<br>
          <hr>
          <u>Path P1 → P2:</u><br>
          <b>Forward Azimuth at P1 (Az12):</b> 243.768°<br>
          <b>Back Azimuth at P2 (BackAz12):</b> 243.766°<br>
          <hr>
          <u>Path P2 → P1:</u><br>
          <b>Forward Azimuth at P2 (Az21):</b> 63.766°<br>
          <b>Back Azimuth at P1 (BackAz21):</b> 63.768°<br>
          <hr>
          <b>Filter Reason(s):</b> All Pairs (No Filters)<br>
          <hr>
          <i>Calculation Method: Ellipsoidal (WGS84)</i>
        ]]>                
        
            </description>
            <styleUrl>#24</styleUrl>
            <LineString id="22">
                <coordinates>-77.05596854698287,38.87100323118176,0.0 -77.05845931790411,38.87004371204871,0.0</coordinates>
            </LineString>
        </Placemark>
        <Placemark id="27">
            <name>P → PenC</name>
            <description>
                
        
<![CDATA[
          <b>P1:</b> P<br>
          <b>P2:</b> PenC<br>
          <hr>
          <b>Distance:</b> 0.363 miles<br>
          <hr>
          <u>Path P1 → P2:</u><br>
          <b>Forward Azimuth at P1 (Az12):</b> 351.773°<br>
          <b>Back Azimuth at P2 (BackAz12):</b> 351.773°<br>
          <hr>
          <u>Path P2 → P1:</u><br>
          <b>Forward Azimuth at P2 (Az21):</b> 171.773°<br>
          <b>Back Azimuth at P1 (BackAz21):</b> 171.773°<br>
          <hr>
          <b>Filter Reason(s):</b> All Pairs (No Filters)<br>
          <hr>
          <i>Calculation Method: Ellipsoidal (WGS84)</i>
        ]]>                
        
            </description>
            <styleUrl>#28</styleUrl>
            <LineString id="26">
                <coordinates>-77.05596854698287,38.87100323118176,0.0 -77.05693269848774,38.87621612361609,0.0</coordinates>
            </LineString>
        </Placemark>
        <Placemark id="31">
            <name>P → K</name>
            <description>
                
        
<![CDATA[
          <b>P1:</b> P<br>
          <b>P2:</b> K<br>
          <hr>
          <b>Distance:</b> 1.520 miles<br>
          <hr>
          <u>Path P1 → P2:</u><br>
          <b>Forward Azimuth at P1 (Az12):</b> 9.235°<br>
          <b>Back Azimuth at P2 (BackAz12):</b> 9.238°<br>
          <hr>
          <u>Path P2 → P1:</u><br>
          <b>Forward Azimuth at P2 (Az21):</b> 189.238°<br>
          <b>Back Azimuth at P1 (BackAz21):</b> 189.235°<br>
          <hr>
          <b>Filter Reason(s):</b> All Pairs (No Filters)<br>
          <hr>
          <i>Calculation Method: Ellipsoidal (WGS84)</i>
        ]]>                
        
            </description>
            <styleUrl>#32</styleUrl>
            <LineString id="30">
                <coordinates>-77.05596854698287,38.87100323118176,0.0 -77.051444,38.892751,0.0</coordinates>
            </LineString>
        </Placemark>
        <Placemark id="35">
            <name>P → J</name>
            <description>
                
        
<![CDATA[
          <b>P1:</b> P<br>
          <b>P2:</b> J<br>
          <hr>
          <b>Distance:</b> 1.666 miles<br>
          <hr>
          <u>Path P1 → P2:</u><br>
          <b>Forward Azimuth at P1 (Az12):</b> 38.885°<br>
          <b>Back Azimuth at P2 (BackAz12):</b> 38.897°<br>
          <hr>
          <u>Path P2 → P1:</u><br>
          <b>Forward Azimuth at P2 (Az21):</b> 218.897°<br>
          <b>Back Azimuth at P1 (BackAz21):</b> 218.885°<br>
          <hr>
          <b>Filter Reason(s):</b> All Pairs (No Filters)<br>
          <hr>
          <i>Calculation Method: Ellipsoidal (WGS84)</i>
        ]]>                
        
            </description>
            <styleUrl>#36</styleUrl>
            <LineString id="34">
                <coordinates>-77.05596854698287,38.87100323118176,0.0 -77.03656908080315,38.88980129959375,0.0</coordinates>
            </LineString>
        </Placemark>
        <Placemark id="39">
            <name>P → Cap</name>
            <description>
                
        
<![CDATA[
          <b>P1:</b> P<br>
          <b>P2:</b> Cap<br>
          <hr>
          <b>Distance:</b> 2.834 miles<br>
          <hr>
          <u>Path P1 → P2:</u><br>
          <b>Forward Azimuth at P1 (Az12):</b> 62.759°<br>
          <b>Back Azimuth at P2 (BackAz12):</b> 62.788°<br>
          <hr>
          <u>Path P2 → P1:</u><br>
          <b>Forward Azimuth at P2 (Az21):</b> 242.788°<br>
          <b>Back Azimuth at P1 (BackAz21):</b> 242.759°<br>
          <hr>
          <b>Filter Reason(s):</b> All Pairs (No Filters)<br>
          <hr>
          <i>Calculation Method: Ellipsoidal (WGS84)</i>
        ]]>                
        
            </description>
            <styleUrl>#40</styleUrl>
            <LineString id="38">
                <coordinates>-77.05596854698287,38.87100323118176,0.0 -77.009227,38.889801,0.0</coordinates>
            </LineString>
        </Placemark>
        <Placemark id="43">
            <name>P → WH</name>
            <description>
                
        
<![CDATA[
          <b>P1:</b> P<br>
          <b>P2:</b> WH<br>
          <hr>
          <b>Distance:</b> 2.123 miles<br>
          <hr>
          <u>Path P1 → P2:</u><br>
          <b>Forward Azimuth at P1 (Az12):</b> 29.507°<br>
          <b>Back Azimuth at P2 (BackAz12):</b> 29.519°<br>
          <hr>
          <u>Path P2 → P1:</u><br>
          <b>Forward Azimuth at P2 (Az21):</b> 209.519°<br>
          <b>Back Azimuth at P1 (BackAz21):</b> 209.507°<br>
          <hr>
          <b>Filter Reason(s):</b> All Pairs (No Filters)<br>
          <hr>
          <i>Calculation Method: Ellipsoidal (WGS84)</i>
        ]]>                
        
            </description>
            <styleUrl>#44</styleUrl>
            <LineString id="42">
                <coordinates>-77.05596854698287,38.87100323118176,0.0 -77.036569,38.89778875877805,0.0</coordinates>
            </LineString>
        </Placemark>
        <Placemark id="47">
            <name>P → M</name>
            <description>
                
        
<![CDATA[
          <b>P1:</b> P<br>
          <b>P2:</b> M<br>
          <hr>
          <b>Distance:</b> 1.694 miles<br>
          <hr>
          <u>Path P1 → P2:</u><br>
          <b>Forward Azimuth at P1 (Az12):</b> 41.183°<br>
          <b>Back Azimuth at P2 (BackAz12):</b> 41.196°<br>
          <hr>
          <u>Path P2 → P1:</u><br>
          <b>Forward Azimuth at P2 (Az21):</b> 221.196°<br>
          <b>Back Azimuth at P1 (BackAz21):</b> 221.183°<br>
          <hr>
          <b>Filter Reason(s):</b> All Pairs (No Filters)<br>
          <hr>
          <i>Calculation Method: Ellipsoidal (WGS84)</i>
        ]]>                
        
            </description>
            <styleUrl>#48</styleUrl>
            <LineString id="46">
                <coordinates>-77.05596854698287,38.87100323118176,0.0 -77.035278,38.889484,0.0</coordinates>
            </LineString>
        </Placemark>
        <Placemark id="51">
            <name>P → Sc</name>
            <description>
                
        
<![CDATA[
          <b>P1:</b> P<br>
          <b>P2:</b> Sc<br>
          <hr>
          <b>Distance:</b> 1.711 miles<br>
          <hr>
          <u>Path P1 → P2:</u><br>
          <b>Forward Azimuth at P1 (Az12):</b> 28.989°<br>
          <b>Back Azimuth at P2 (BackAz12):</b> 28.998°<br>
          <hr>
          <u>Path P2 → P1:</u><br>
          <b>Forward Azimuth at P2 (Az21):</b> 208.998°<br>
          <b>Back Azimuth at P1 (BackAz21):</b> 208.989°<br>
          <hr>
          <b>Filter Reason(s):</b> All Pairs (No Filters)<br>
          <hr>
          <i>Calculation Method: Ellipsoidal (WGS84)</i>
        ]]>                
        
            </description>
            <styleUrl>#52</styleUrl>
            <LineString id="50">
                <coordinates>-77.05596854698287,38.87100323118176,0.0 -77.04058603,38.89269952,0.0</coordinates>
            </LineString>
        </Placemark>
        <Placemark id="55">
            <name>P → Ec</name>
            <description>
                
        
<![CDATA[
          <b>P1:</b> P<br>
          <b>P2:</b> Ec<br>
          <hr>
          <b>Distance:</b> 1.714 miles<br>
          <hr>
          <u>Path P1 → P2:</u><br>
          <b>Forward Azimuth at P1 (Az12):</b> 28.744°<br>
          <b>Back Azimuth at P2 (BackAz12):</b> 28.753°<br>
          <hr>
          <u>Path P2 → P1:</u><br>
          <b>Forward Azimuth at P2 (Az21):</b> 208.753°<br>
          <b>Back Azimuth at P1 (BackAz21):</b> 208.744°<br>
          <hr>
          <b>Filter Reason(s):</b> All Pairs (No Filters)<br>
          <hr>
          <i>Calculation Method: Ellipsoidal (WGS84)</i>
        ]]>                
        
            </description>
            <styleUrl>#56</styleUrl>
            <LineString id="54">
                <coordinates>-77.05596854698287,38.87100323118176,0.0 -77.0406797,38.89278669999997,0.0</coordinates>
            </LineString>
        </Placemark>
        <Placemark id="59">
            <name>P → Nc</name>
            <description>
                
        
<![CDATA[
          <b>P1:</b> P<br>
          <b>P2:</b> Nc<br>
          <hr>
          <b>Distance:</b> 1.755 miles<br>
          <hr>
          <u>Path P1 → P2:</u><br>
          <b>Forward Azimuth at P1 (Az12):</b> 27.395°<br>
          <b>Back Azimuth at P2 (BackAz12):</b> 27.404°<br>
          <hr>
          <u>Path P2 → P1:</u><br>
          <b>Forward Azimuth at P2 (Az21):</b> 207.404°<br>
          <b>Back Azimuth at P1 (BackAz21):</b> 207.395°<br>
          <hr>
          <b>Filter Reason(s):</b> All Pairs (No Filters)<br>
          <hr>
          <i>Calculation Method: Ellipsoidal (WGS84)</i>
        ]]>                
        
            </description>
            <styleUrl>#60</styleUrl>
            <LineString id="58">
                <coordinates>-77.05596854698287,38.87100323118176,0.0 -77.04098558,38.89359614000001,0.0</coordinates>
            </LineString>
        </Placemark>
        <Placemark id="63">
            <name>P → Wc</name>
            <description>
                
        
<![CDATA[
          <b>P1:</b> P<br>
          <b>P2:</b> Wc<br>
          <hr>
          <b>Distance:</b> 1.734 miles<br>
          <hr>
          <u>Path P1 → P2:</u><br>
          <b>Forward Azimuth at P1 (Az12):</b> 28.156°<br>
          <b>Back Azimuth at P2 (BackAz12):</b> 28.165°<br>
          <hr>
          <u>Path P2 → P1:</u><br>
          <b>Forward Azimuth at P2 (Az21):</b> 208.165°<br>
          <b>Back Azimuth at P1 (BackAz21):</b> 208.156°<br>
          <hr>
          <b>Filter Reason(s):</b> All Pairs (No Filters)<br>
          <hr>
          <i>Calculation Method: Ellipsoidal (WGS84)</i>
        ]]>                
        
            </description>
            <styleUrl>#64</styleUrl>
            <LineString id="62">
                <coordinates>-77.05596854698287,38.87100323118176,0.0 -77.04078625,38.89317136999999,0.0</coordinates>
            </LineString>
        </Placemark>
        <Placemark id="67">
            <name>P → Hk</name>
            <description>
                
        
<![CDATA[
          <b>P1:</b> P<br>
          <b>P2:</b> Hk<br>
          <hr>
          <b>Distance:</b> 1.683 miles<br>
          <hr>
          <u>Path P1 → P2:</u><br>
          <b>Forward Azimuth at P1 (Az12):</b> 8.335°<br>
          <b>Back Azimuth at P2 (BackAz12):</b> 8.338°<br>
          <hr>
          <u>Path P2 → P1:</u><br>
          <b>Forward Azimuth at P2 (Az21):</b> 188.338°<br>
          <b>Back Azimuth at P1 (BackAz21):</b> 188.335°<br>
          <hr>
          <b>Filter Reason(s):</b> All Pairs (No Filters)<br>
          <hr>
          <i>Calculation Method: Ellipsoidal (WGS84)</i>
        ]]>                
        
            </description>
            <styleUrl>#68</styleUrl>
            <LineString id="66">
                <coordinates>-77.05596854698287,38.87100323118176,0.0 -77.051444,38.8951366,0.0</coordinates>
            </LineString>
        </Placemark>
        <Placemark id="71">
            <name>P → NOa</name>
            <description>
                
        
<![CDATA[
          <b>P1:</b> P<br>
          <b>P2:</b> NOa<br>
          <hr>
          <b>Distance:</b> 3.537 miles<br>
          <hr>
          <u>Path P1 → P2:</u><br>
          <b>Forward Azimuth at P1 (Az12):</b> 350.280°<br>
          <b>Back Azimuth at P2 (BackAz12):</b> 350.273°<br>
          <hr>
          <u>Path P2 → P1:</u><br>
          <b>Forward Azimuth at P2 (Az21):</b> 170.273°<br>
          <b>Back Azimuth at P1 (BackAz21):</b> 170.280°<br>
          <hr>
          <b>Filter Reason(s):</b> All Pairs (No Filters)<br>
          <hr>
          <i>Calculation Method: Ellipsoidal (WGS84)</i>
        ]]>                
        
            </description>
            <styleUrl>#72</styleUrl>
            <LineString id="70">
                <coordinates>-77.05596854698287,38.87100323118176,0.0 -77.06705128052432,38.92154464050518,0.0</coordinates>
            </LineString>
        </Placemark>
        <Placemark id="75">
            <name>P → CCnrA</name>
            <description>
                
        
<![CDATA[
          <b>P1:</b> P<br>
          <b>P2:</b> CCnrA<br>
          <hr>
          <b>Distance:</b> 2.833 miles<br>
          <hr>
          <u>Path P1 → P2:</u><br>
          <b>Forward Azimuth at P1 (Az12):</b> 64.277°<br>
          <b>Back Azimuth at P2 (BackAz12):</b> 64.307°<br>
          <hr>
          <u>Path P2 → P1:</u><br>
          <b>Forward Azimuth at P2 (Az21):</b> 244.307°<br>
          <b>Back Azimuth at P1 (BackAz21):</b> 244.277°<br>
          <hr>
          <b>Filter Reason(s):</b> All Pairs (No Filters)<br>
          <hr>
          <i>Calculation Method: Ellipsoidal (WGS84)</i>
        ]]>                
        
            </description>
            <styleUrl>#76</styleUrl>
            <LineString id="74">
                <coordinates>-77.05596854698287,38.87100323118176,0.0 -77.00861883736764,38.88882152017216,0.0</coordinates>
            </LineString>
        </Placemark>
        <Placemark id="79">
            <name>P → PO</name>
            <description>
                
        
<![CDATA[
          <b>P1:</b> P<br>
          <b>P2:</b> PO<br>
          <hr>
          <b>Distance:</b> 5.573 miles<br>
          <hr>
          <u>Path P1 → P2:</u><br>
          <b>Forward Azimuth at P1 (Az12):</b> 321.817°<br>
          <b>Back Azimuth at P2 (BackAz12):</b> 321.776°<br>
          <hr>
          <u>Path P2 → P1:</u><br>
          <b>Forward Azimuth at P2 (Az21):</b> 141.776°<br>
          <b>Back Azimuth at P1 (BackAz21):</b> 141.817°<br>
          <hr>
          <b>Filter Reason(s):</b> All Pairs (No Filters)<br>
          <hr>
          <i>Calculation Method: Ellipsoidal (WGS84)</i>
        ]]>                
        
            </description>
            <styleUrl>#80</styleUrl>
            <LineString id="78">
                <coordinates>-77.05596854698287,38.87100323118176,0.0 -77.1199159,38.93449309999998,0.0</coordinates>
            </LineString>
        </Placemark>
        <Placemark id="83">
            <name>P → AN</name>
            <description>
                
        
<![CDATA[
          <b>P1:</b> P<br>
          <b>P2:</b> AN<br>
          <hr>
          <b>Distance:</b> 6.969 miles<br>
          <hr>
          <u>Path P1 → P2:</u><br>
          <b>Forward Azimuth at P1 (Az12):</b> 61.869°<br>
          <b>Back Azimuth at P2 (BackAz12):</b> 61.940°<br>
          <hr>
          <u>Path P2 → P1:</u><br>
          <b>Forward Azimuth at P2 (Az21):</b> 241.940°<br>
          <b>Back Azimuth at P1 (BackAz21):</b> 241.869°<br>
          <hr>
          <b>Filter Reason(s):</b> All Pairs (No Filters)<br>
          <hr>
          <i>Calculation Method: Ellipsoidal (WGS84)</i>
        ]]>                
        
            </description>
            <styleUrl>#84</styleUrl>
            <LineString id="82">
                <coordinates>-77.05596854698287,38.87100323118176,0.0 -76.94192180000002,38.91858289999999,0.0</coordinates>
            </LineString>
        </Placemark>
        <Placemark id="87">
            <name>P → RC</name>
            <description>
                
        
<![CDATA[
          <b>P1:</b> P<br>
          <b>P2:</b> RC<br>
          <hr>
          <b>Distance:</b> 7.992 miles<br>
          <hr>
          <u>Path P1 → P2:</u><br>
          <b>Forward Azimuth at P1 (Az12):</b> 1.409°<br>
          <b>Back Azimuth at P2 (BackAz12):</b> 1.411°<br>
          <hr>
          <u>Path P2 → P1:</u><br>
          <b>Forward Azimuth at P2 (Az21):</b> 181.411°<br>
          <b>Back Azimuth at P1 (BackAz21):</b> 181.409°<br>
          <hr>
          <b>Filter Reason(s):</b> All Pairs (No Filters)<br>
          <hr>
          <i>Calculation Method: Ellipsoidal (WGS84)</i>
        ]]>                
        
            </description>
            <styleUrl>#88</styleUrl>
            <LineString id="86">
                <coordinates>-77.05596854698287,38.87100323118176,0.0 -77.05231894611552,38.98682226543504,0.0</coordinates>
            </LineString>
        </Placemark>
        <Placemark id="91">
            <name>PenE → PenF</name>
            <description>
                
        
<![CDATA[
          <b>P1:</b> PenE<br>
          <b>P2:</b> PenF<br>
          <hr>
          <b>Distance:</b> 0.175 miles<br>
          <hr>
          <u>Path P1 → P2:</u><br>
          <b>Forward Azimuth at P1 (Az12):</b> 225.646°<br>
          <b>Back Azimuth at P2 (BackAz12):</b> 225.645°<br>
          <hr>
          <u>Path P2 → P1:</u><br>
          <b>Forward Azimuth at P2 (Az21):</b> 45.645°<br>
          <b>Back Azimuth at P1 (BackAz21):</b> 45.646°<br>
          <hr>
          <b>Filter Reason(s):</b> All Pairs (No Filters)<br>
          <hr>
          <i>Calculation Method: Ellipsoidal (WGS84)</i>
        ]]>                
        
            </description>
            <styleUrl>#92</styleUrl>
            <LineString id="90">
                <coordinates>-77.05323877107107,38.87062821721818,0.0 -77.05555738705385,38.86885600238287,0.0</coordinates>
            </LineString>
        </Placemark>
        <Placemark id="95">
            <name>PenE → PenG</name>
            <description>
                
        
<![CDATA[
          <b>P1:</b> PenE<br>
          <b>P2:</b> PenG<br>
          <hr>
          <b>Distance:</b> 0.176 miles<br>
          <hr>
          <u>Path P1 → P2:</u><br>
          <b>Forward Azimuth at P1 (Az12):</b> 333.969°<br>
          <b>Back Azimuth at P2 (BackAz12):</b> 333.969°<br>
          <hr>
          <u>Path P2 → P1:</u><br>
          <b>Forward Azimuth at P2 (Az21):</b> 153.969°<br>
          <b>Back Azimuth at P1 (BackAz21):</b> 153.969°<br>
          <hr>
          <b>Filter Reason(s):</b> All Pairs (No Filters)<br>
          <hr>
          <i>Calculation Method: Ellipsoidal (WGS84)</i>
        ]]>                
        
            </description>
            <styleUrl>#96</styleUrl>
            <LineString id="94">
                <coordinates>-77.05323877107107,38.87062821721818,0.0 -77.05466945787724,38.87291816657935,0.0</coordinates>
            </LineString>
        </Placemark>
        <Placemark id="99">
            <name>PenE → PenB</name>
            <description>
                
        
<![CDATA[
          <b>P1:</b> PenE<br>
          <b>P2:</b> PenB<br>
          <hr>
          <b>Distance:</b> 0.219 miles<br>
          <hr>
          <u>Path P1 → P2:</u><br>
          <b>Forward Azimuth at P1 (Az12):</b> 311.510°<br>
          <b>Back Azimuth at P2 (BackAz12):</b> 311.508°<br>
          <hr>
          <u>Path P2 → P1:</u><br>
          <b>Forward Azimuth at P2 (Az21):</b> 131.508°<br>
          <b>Back Azimuth at P1 (BackAz21):</b> 131.510°<br>
          <hr>
          <b>Filter Reason(s):</b> All Pairs (No Filters)<br>
          <hr>
          <i>Calculation Method: Ellipsoidal (WGS84)</i>
        ]]>                
        
            </description>
            <styleUrl>#100</styleUrl>
            <LineString id="98">
                <coordinates>-77.05323877107107,38.87062821721818,0.0 -77.05628474196676,38.87273556375202,0.0</coordinates>
            </LineString>
        </Placemark>
        <Placemark id="103">
            <name>PenE → PenA</name>
            <description>
                
        
<![CDATA[
          <b>P1:</b> PenE<br>
          <b>P2:</b> PenA<br>
          <hr>
          <b>Distance:</b> 0.284 miles<br>
          <hr>
          <u>Path P1 → P2:</u><br>
          <b>Forward Azimuth at P1 (Az12):</b> 297.835°<br>
          <b>Back Azimuth at P2 (BackAz12):</b> 297.832°<br>
          <hr>
          <u>Path P2 → P1:</u><br>
          <b>Forward Azimuth at P2 (Az21):</b> 117.832°<br>
          <b>Back Azimuth at P1 (BackAz21):</b> 117.835°<br>
          <hr>
          <b>Filter Reason(s):</b> All Pairs (No Filters)<br>
          <hr>
          <i>Calculation Method: Ellipsoidal (WGS84)</i>
        ]]>                
        
            </description>
            <styleUrl>#104</styleUrl>
            <LineString id="102">
                <coordinates>-77.05323877107107,38.87062821721818,0.0 -77.05790028667388,38.872552231854,0.0</coordinates>
            </LineString>
        </Placemark>
        <Placemark id="107">
            <name>PenE → PenD</name>
            <description>
                
        
<![CDATA[
          <b>P1:</b> PenE<br>
          <b>P2:</b> PenD<br>
          <hr>
          <b>Distance:</b> 0.284 miles<br>
          <hr>
          <u>Path P1 → P2:</u><br>
          <b>Forward Azimuth at P1 (Az12):</b> 261.851°<br>
          <b>Back Azimuth at P2 (BackAz12):</b> 261.848°<br>
          <hr>
          <u>Path P2 → P1:</u><br>
          <b>Forward Azimuth at P2 (Az21):</b> 81.848°<br>
          <b>Back Azimuth at P1 (BackAz21):</b> 81.851°<br>
          <hr>
          <b>Filter Reason(s):</b> All Pairs (No Filters)<br>
          <hr>
          <i>Calculation Method: Ellipsoidal (WGS84)</i>
        ]]>                
        
            </description>
            <styleUrl>#108</styleUrl>
            <LineString id="106">
                <coordinates>-77.05323877107107,38.87062821721818,0.0 -77.05845931790411,38.87004371204871,0.0</coordinates>
            </LineString>
        </Placemark>
        <Placemark id="111">
            <name>PenE → PenC</name>
            <description>
                
        
<![CDATA[
          <b>P1:</b> PenE<br>
          <b>P2:</b> PenC<br>
          <hr>
          <b>Distance:</b> 0.434 miles<br>
          <hr>
          <u>Path P1 → P2:</u><br>
          <b>Forward Azimuth at P1 (Az12):</b> 332.673°<br>
          <b>Back Azimuth at P2 (BackAz12):</b> 332.671°<br>
          <hr>
          <u>Path P2 → P1:</u><br>
          <b>Forward Azimuth at P2 (Az21):</b> 152.671°<br>
          <b>Back Azimuth at P1 (BackAz21):</b> 152.673°<br>
          <hr>
          <b>Filter Reason(s):</b> All Pairs (No Filters)<br>
          <hr>
          <i>Calculation Method: Ellipsoidal (WGS84)</i>
        ]]>                
        
            </description>
            <styleUrl>#112</styleUrl>
            <LineString id="110">
                <coordinates>-77.05323877107107,38.87062821721818,0.0 -77.05693269848774,38.87621612361609,0.0</coordinates>
            </LineString>
        </Placemark>
        <Placemark id="115">
            <name>PenE → K</name>
            <description>
                
        
<![CDATA[
          <b>P1:</b> PenE<br>
          <b>P2:</b> K<br>
          <hr>
          <b>Distance:</b> 1.529 miles<br>
          <hr>
          <u>Path P1 → P2:</u><br>
          <b>Forward Azimuth at P1 (Az12):</b> 3.628°<br>
          <b>Back Azimuth at P2 (BackAz12):</b> 3.629°<br>
          <hr>
          <u>Path P2 → P1:</u><br>
          <b>Forward Azimuth at P2 (Az21):</b> 183.629°<br>
          <b>Back Azimuth at P1 (BackAz21):</b> 183.628°<br>
          <hr>
          <b>Filter Reason(s):</b> All Pairs (No Filters)<br>
          <hr>
          <i>Calculation Method: Ellipsoidal (WGS84)</i>
        ]]>                
        
            </description>
            <styleUrl>#116</styleUrl>
            <LineString id="114">
                <coordinates>-77.05323877107107,38.87062821721818,0.0 -77.051444,38.892751,0.0</coordinates>
            </LineString>
        </Placemark>
        <Placemark id="119">
            <name>PenE → J</name>
            <description>
                
        
<![CDATA[
          <b>P1:</b> PenE<br>
          <b>P2:</b> J<br>
          <hr>
          <b>Distance:</b> 1.599 miles<br>
          <hr>
          <u>Path P1 → P2:</u><br>
          <b>Forward Azimuth at P1 (Az12):</b> 34.194°<br>
          <b>Back Azimuth at P2 (BackAz12):</b> 34.205°<br>
          <hr>
          <u>Path P2 → P1:</u><br>
          <b>Forward Azimuth at P2 (Az21):</b> 214.205°<br>
          <b>Back Azimuth at P1 (BackAz21):</b> 214.194°<br>
          <hr>
          <b>Filter Reason(s):</b> All Pairs (No Filters)<br>
          <hr>
          <i>Calculation Method: Ellipsoidal (WGS84)</i>
        ]]>                
        
            </description>
            <styleUrl>#120</styleUrl>
            <LineString id="118">
                <coordinates>-77.05323877107107,38.87062821721818,0.0 -77.03656908080315,38.88980129959375,0.0</coordinates>
            </LineString>
        </Placemark>
        <Placemark id="123">
            <name>PenE → Cap</name>
            <description>
                
        
<![CDATA[
          <b>P1:</b> PenE<br>
          <b>P2:</b> Cap<br>
          <hr>
          <b>Distance:</b> 2.717 miles<br>
          <hr>
          <u>Path P1 → P2:</u><br>
          <b>Forward Azimuth at P1 (Az12):</b> 60.854°<br>
          <b>Back Azimuth at P2 (BackAz12):</b> 60.882°<br>
          <hr>
          <u>Path P2 → P1:</u><br>
          <b>Forward Azimuth at P2 (Az21):</b> 240.882°<br>
          <b>Back Azimuth at P1 (BackAz21):</b> 240.854°<br>
          <hr>
          <b>Filter Reason(s):</b> All Pairs (No Filters)<br>
          <hr>
          <i>Calculation Method: Ellipsoidal (WGS84)</i>
        ]]>                
        
            </description>
            <styleUrl>#124</styleUrl>
            <LineString id="122">
                <coordinates>-77.05323877107107,38.87062821721818,0.0 -77.009227,38.889801,0.0</coordinates>
            </LineString>
        </Placemark>
        <Placemark id="127">
            <name>PenE → WH</name>
            <description>
                
        
<![CDATA[
          <b>P1:</b> PenE<br>
          <b>P2:</b> WH<br>
          <hr>
          <b>Distance:</b> 2.078 miles<br>
          <hr>
          <u>Path P1 → P2:</u><br>
          <b>Forward Azimuth at P1 (Az12):</b> 25.622°<br>
          <b>Back Azimuth at P2 (BackAz12):</b> 25.632°<br>
          <hr>
          <u>Path P2 → P1:</u><br>
          <b>Forward Azimuth at P2 (Az21):</b> 205.632°<br>
          <b>Back Azimuth at P1 (BackAz21):</b> 205.622°<br>
          <hr>
          <b>Filter Reason(s):</b> All Pairs (No Filters)<br>
          <hr>
          <i>Calculation Method: Ellipsoidal (WGS84)</i>
        ]]>                
        
            </description>
            <styleUrl>#128</styleUrl>
            <LineString id="126">
                <coordinates>-77.05323877107107,38.87062821721818,0.0 -77.036569,38.89778875877805,0.0</coordinates>
            </LineString>
        </Placemark>
        <Placemark id="131">
            <name>PenE → M</name>
            <description>
                
        
<![CDATA[
          <b>P1:</b> PenE<br>
          <b>P2:</b> M<br>
          <hr>
          <b>Distance:</b> 1.622 miles<br>
          <hr>
          <u>Path P1 → P2:</u><br>
          <b>Forward Azimuth at P1 (Az12):</b> 36.664°<br>
          <b>Back Azimuth at P2 (BackAz12):</b> 36.675°<br>
          <hr>
          <u>Path P2 → P1:</u><br>
          <b>Forward Azimuth at P2 (Az21):</b> 216.675°<br>
          <b>Back Azimuth at P1 (BackAz21):</b> 216.664°<br>
          <hr>
          <b>Filter Reason(s):</b> All Pairs (No Filters)<br>
          <hr>
          <i>Calculation Method: Ellipsoidal (WGS84)</i>
        ]]>                
        
            </description>
            <styleUrl>#132</styleUrl>
            <LineString id="130">
                <coordinates>-77.05323877107107,38.87062821721818,0.0 -77.035278,38.889484,0.0</coordinates>
            </LineString>
        </Placemark>
        <Placemark id="135">
            <name>PenE → Sc</name>
            <description>
                
        
<![CDATA[
          <b>P1:</b> PenE<br>
          <b>P2:</b> Sc<br>
          <hr>
          <b>Distance:</b> 1.668 miles<br>
          <hr>
          <u>Path P1 → P2:</u><br>
          <b>Forward Azimuth at P1 (Az12):</b> 24.132°<br>
          <b>Back Azimuth at P2 (BackAz12):</b> 24.140°<br>
          <hr>
          <u>Path P2 → P1:</u><br>
          <b>Forward Azimuth at P2 (Az21):</b> 204.140°<br>
          <b>Back Azimuth at P1 (BackAz21):</b> 204.132°<br>
          <hr>
          <b>Filter Reason(s):</b> All Pairs (No Filters)<br>
          <hr>
          <i>Calculation Method: Ellipsoidal (WGS84)</i>
        ]]>                
        
            </description>
            <styleUrl>#136</styleUrl>
            <LineString id="134">
                <coordinates>-77.05323877107107,38.87062821721818,0.0 -77.04058603,38.89269952,0.0</coordinates>
            </LineString>
        </Placemark>
        <Placemark id="139">
            <name>PenE → Ec</name>
            <description>
                
        
<![CDATA[
          <b>P1:</b> PenE<br>
          <b>P2:</b> Ec<br>
          <hr>
          <b>Distance:</b> 1.672 miles<br>
          <hr>
          <u>Path P1 → P2:</u><br>
          <b>Forward Azimuth at P1 (Az12):</b> 23.890°<br>
          <b>Back Azimuth at P2 (BackAz12):</b> 23.898°<br>
          <hr>
          <u>Path P2 → P1:</u><br>
          <b>Forward Azimuth at P2 (Az21):</b> 203.898°<br>
          <b>Back Azimuth at P1 (BackAz21):</b> 203.890°<br>
          <hr>
          <b>Filter Reason(s):</b> All Pairs (No Filters)<br>
          <hr>
          <i>Calculation Method: Ellipsoidal (WGS84)</i>
        ]]>                
        
            </description>
            <styleUrl>#140</styleUrl>
            <LineString id="138">
                <coordinates>-77.05323877107107,38.87062821721818,0.0 -77.0406797,38.89278669999997,0.0</coordinates>
            </LineString>
        </Placemark>
        <Placemark id="143">
            <name>PenE → Nc</name>
            <description>
                
        
<![CDATA[
          <b>P1:</b> PenE<br>
          <b>P2:</b> Nc<br>
          <hr>
          <b>Distance:</b> 1.717 miles<br>
          <hr>
          <u>Path P1 → P2:</u><br>
          <b>Forward Azimuth at P1 (Az12):</b> 22.632°<br>
          <b>Back Azimuth at P2 (BackAz12):</b> 22.639°<br>
          <hr>
          <u>Path P2 → P1:</u><br>
          <b>Forward Azimuth at P2 (Az21):</b> 202.639°<br>
          <b>Back Azimuth at P1 (BackAz21):</b> 202.632°<br>
          <hr>
          <b>Filter Reason(s):</b> All Pairs (No Filters)<br>
          <hr>
          <i>Calculation Method: Ellipsoidal (WGS84)</i>
        ]]>                
        
            </description>
            <styleUrl>#144</styleUrl>
            <LineString id="142">
                <coordinates>-77.05323877107107,38.87062821721818,0.0 -77.04098558,38.89359614000001,0.0</coordinates>
            </LineString>
        </Placemark>
        <Placemark id="147">
            <name>PenE → Wc</name>
            <description>
                
        
<![CDATA[
          <b>P1:</b> PenE<br>
          <b>P2:</b> Wc<br>
          <hr>
          <b>Distance:</b> 1.694 miles<br>
          <hr>
          <u>Path P1 → P2:</u><br>
          <b>Forward Azimuth at P1 (Az12):</b> 23.349°<br>
          <b>Back Azimuth at P2 (BackAz12):</b> 23.356°<br>
          <hr>
          <u>Path P2 → P1:</u><br>
          <b>Forward Azimuth at P2 (Az21):</b> 203.356°<br>
          <b>Back Azimuth at P1 (BackAz21):</b> 203.349°<br>
          <hr>
          <b>Filter Reason(s):</b> All Pairs (No Filters)<br>
          <hr>
          <i>Calculation Method: Ellipsoidal (WGS84)</i>
        ]]>                
        
            </description>
            <styleUrl>#148</styleUrl>
            <LineString id="146">
                <coordinates>-77.05323877107107,38.87062821721818,0.0 -77.04078625,38.89317136999999,0.0</coordinates>
            </LineString>
        </Placemark>
        <Placemark id="151">
            <name>PenE → Hk</name>
            <description>
                
        
<![CDATA[
          <b>P1:</b> PenE<br>
          <b>P2:</b> Hk<br>
          <hr>
          <b>Distance:</b> 1.693 miles<br>
          <hr>
          <u>Path P1 → P2:</u><br>
          <b>Forward Azimuth at P1 (Az12):</b> 3.275°<br>
          <b>Back Azimuth at P2 (BackAz12):</b> 3.276°<br>
          <hr>
          <u>Path P2 → P1:</u><br>
          <b>Forward Azimuth at P2 (Az21):</b> 183.276°<br>
          <b>Back Azimuth at P1 (BackAz21):</b> 183.275°<br>
          <hr>
          <b>Filter Reason(s):</b> All Pairs (No Filters)<br>
          <hr>
          <i>Calculation Method: Ellipsoidal (WGS84)</i>
        ]]>                
        
            </description>
            <styleUrl>#152</styleUrl>
            <LineString id="150">
                <coordinates>-77.05323877107107,38.87062821721818,0.0 -77.051444,38.8951366,0.0</coordinates>
            </LineString>
        </Placemark>
        <Placemark id="155">
            <name>PenE → NOa</name>
            <description>
                
        
<![CDATA[
          <b>P1:</b> PenE<br>
          <b>P2:</b> NOa<br>
          <hr>
          <b>Distance:</b> 3.590 miles<br>
          <hr>
          <u>Path P1 → P2:</u><br>
          <b>Forward Azimuth at P1 (Az12):</b> 348.035°<br>
          <b>Back Azimuth at P2 (BackAz12):</b> 348.027°<br>
          <hr>
          <u>Path P2 → P1:</u><br>
          <b>Forward Azimuth at P2 (Az21):</b> 168.027°<br>
          <b>Back Azimuth at P1 (BackAz21):</b> 168.035°<br>
          <hr>
          <b>Filter Reason(s):</b> All Pairs (No Filters)<br>
          <hr>
          <i>Calculation Method: Ellipsoidal (WGS84)</i>
        ]]>                
        
            </description>
            <styleUrl>#156</styleUrl>
            <LineString id="154">
                <coordinates>-77.05323877107107,38.87062821721818,0.0 -77.06705128052432,38.92154464050518,0.0</coordinates>
            </LineString>
        </Placemark>
        <Placemark id="159">
            <name>PenE → CCnrA</name>
            <description>
                
        
<![CDATA[
          <b>P1:</b> PenE<br>
          <b>P2:</b> CCnrA<br>
          <hr>
          <b>Distance:</b> 2.713 miles<br>
          <hr>
          <u>Path P1 → P2:</u><br>
          <b>Forward Azimuth at P1 (Az12):</b> 62.438°<br>
          <b>Back Azimuth at P2 (BackAz12):</b> 62.466°<br>
          <hr>
          <u>Path P2 → P1:</u><br>
          <b>Forward Azimuth at P2 (Az21):</b> 242.466°<br>
          <b>Back Azimuth at P1 (BackAz21):</b> 242.438°<br>
          <hr>
          <b>Filter Reason(s):</b> All Pairs (No Filters)<br>
          <hr>
          <i>Calculation Method: Ellipsoidal (WGS84)</i>
        ]]>                
        
            </description>
            <styleUrl>#160</styleUrl>
            <LineString id="158">
                <coordinates>-77.05323877107107,38.87062821721818,0.0 -77.00861883736764,38.88882152017216,0.0</coordinates>
            </LineString>
        </Placemark>
        <Placemark id="163">
            <name>PenE → PO</name>
            <description>
                
        
<![CDATA[
          <b>P1:</b> PenE<br>
          <b>P2:</b> PO<br>
          <hr>
          <b>Distance:</b> 5.685 miles<br>
          <hr>
          <u>Path P1 → P2:</u><br>
          <b>Forward Azimuth at P1 (Az12):</b> 320.813°<br>
          <b>Back Azimuth at P2 (BackAz12):</b> 320.772°<br>
          <hr>
          <u>Path P2 → P1:</u><br>
          <b>Forward Azimuth at P2 (Az21):</b> 140.772°<br>
          <b>Back Azimuth at P1 (BackAz21):</b> 140.813°<br>
          <hr>
          <b>Filter Reason(s):</b> All Pairs (No Filters)<br>
          <hr>
          <i>Calculation Method: Ellipsoidal (WGS84)</i>
        ]]>                
        
            </description>
            <styleUrl>#164</styleUrl>
            <LineString id="162">
                <coordinates>-77.05323877107107,38.87062821721818,0.0 -77.1199159,38.93449309999998,0.0</coordinates>
            </LineString>
        </Placemark>
        <Placemark id="167">
            <name>PenE → AN</name>
            <description>
                
        
<![CDATA[
          <b>P1:</b> PenE<br>
          <b>P2:</b> AN<br>
          <hr>
          <b>Distance:</b> 6.852 miles<br>
          <hr>
          <u>Path P1 → P2:</u><br>
          <b>Forward Azimuth at P1 (Az12):</b> 61.099°<br>
          <b>Back Azimuth at P2 (BackAz12):</b> 61.169°<br>
          <hr>
          <u>Path P2 → P1:</u><br>
          <b>Forward Azimuth at P2 (Az21):</b> 241.169°<br>
          <b>Back Azimuth at P1 (BackAz21):</b> 241.099°<br>
          <hr>
          <b>Filter Reason(s):</b> All Pairs (No Filters)<br>
          <hr>
          <i>Calculation Method: Ellipsoidal (WGS84)</i>
        ]]>                
        
            </description>
            <styleUrl>#168</styleUrl>
            <LineString id="166">
                <coordinates>-77.05323877107107,38.87062821721818,0.0 -76.94192180000002,38.91858289999999,0.0</coordinates>
            </LineString>
        </Placemark>
        <Placemark id="171">
            <name>PenE → RC</name>
            <description>
                
        
<![CDATA[
          <b>P1:</b> PenE<br>
          <b>P2:</b> RC<br>
          <hr>
          <b>Distance:</b> 8.015 miles<br>
          <hr>
          <u>Path P1 → P2:</u><br>
          <b>Forward Azimuth at P1 (Az12):</b> 0.354°<br>
          <b>Back Azimuth at P2 (BackAz12):</b> 0.355°<br>
          <hr>
          <u>Path P2 → P1:</u><br>
          <b>Forward Azimuth at P2 (Az21):</b> 180.355°<br>
          <b>Back Azimuth at P1 (BackAz21):</b> 180.354°<br>
          <hr>
          <b>Filter Reason(s):</b> All Pairs (No Filters)<br>
          <hr>
          <i>Calculation Method: Ellipsoidal (WGS84)</i>
        ]]>                
        
            </description>
            <styleUrl>#172</styleUrl>
            <LineString id="170">
                <coordinates>-77.05323877107107,38.87062821721818,0.0 -77.05231894611552,38.98682226543504,0.0</coordinates>
            </LineString>
        </Placemark>
        <Placemark id="175">
            <name>PenF → PenG</name>
            <description>
                
        
<![CDATA[
          <b>P1:</b> PenF<br>
          <b>P2:</b> PenG<br>
          <hr>
          <b>Distance:</b> 0.284 miles<br>
          <hr>
          <u>Path P1 → P2:</u><br>
          <b>Forward Azimuth at P1 (Az12):</b> 9.697°<br>
          <b>Back Azimuth at P2 (BackAz12):</b> 9.697°<br>
          <hr>
          <u>Path P2 → P1:</u><br>
          <b>Forward Azimuth at P2 (Az21):</b> 189.697°<br>
          <b>Back Azimuth at P1 (BackAz21):</b> 189.697°<br>
          <hr>
          <b>Filter Reason(s):</b> All Pairs (No Filters)<br>
          <hr>
          <i>Calculation Method: Ellipsoidal (WGS84)</i>
        ]]>                
        
            </description>
            <styleUrl>#176</styleUrl>
            <LineString id="174">
                <coordinates>-77.05555738705385,38.86885600238287,0.0 -77.05466945787724,38.87291816657935,0.0</coordinates>
            </LineString>
        </Placemark>
        <Placemark id="179">
            <name>PenF → PenB</name>
            <description>
                
        
<![CDATA[
          <b>P1:</b> PenF<br>
          <b>P2:</b> PenB<br>
          <hr>
          <b>Distance:</b> 0.270 miles<br>
          <hr>
          <u>Path P1 → P2:</u><br>
          <b>Forward Azimuth at P1 (Az12):</b> 351.662°<br>
          <b>Back Azimuth at P2 (BackAz12):</b> 351.662°<br>
          <hr>
          <u>Path P2 → P1:</u><br>
          <b>Forward Azimuth at P2 (Az21):</b> 171.662°<br>
          <b>Back Azimuth at P1 (BackAz21):</b> 171.662°<br>
          <hr>
          <b>Filter Reason(s):</b> All Pairs (No Filters)<br>
          <hr>
          <i>Calculation Method: Ellipsoidal (WGS84)</i>
        ]]>                
        
            </description>
            <styleUrl>#180</styleUrl>
            <LineString id="178">
                <coordinates>-77.05555738705385,38.86885600238287,0.0 -77.05628474196676,38.87273556375202,0.0</coordinates>
            </LineString>
        </Placemark>
        <Placemark id="183">
            <name>PenF → PenA</name>
            <description>
                
        
<![CDATA[
          <b>P1:</b> PenF<br>
          <b>P2:</b> PenA<br>
          <hr>
          <b>Distance:</b> 0.285 miles<br>
          <hr>
          <u>Path P1 → P2:</u><br>
          <b>Forward Azimuth at P1 (Az12):</b> 333.641°<br>
          <b>Back Azimuth at P2 (BackAz12):</b> 333.640°<br>
          <hr>
          <u>Path P2 → P1:</u><br>
          <b>Forward Azimuth at P2 (Az21):</b> 153.640°<br>
          <b>Back Azimuth at P1 (BackAz21):</b> 153.641°<br>
          <hr>
          <b>Filter Reason(s):</b> All Pairs (No Filters)<br>
          <hr>
          <i>Calculation Method: Ellipsoidal (WGS84)</i>
        ]]>                
        
            </description>
            <styleUrl>#184</styleUrl>
            <LineString id="182">
                <coordinates>-77.05555738705385,38.86885600238287,0.0 -77.05790028667388,38.872552231854,0.0</coordinates>
            </LineString>
        </Placemark>
        <Placemark id="187">
            <name>PenF → PenD</name>
            <description>
                
        
<![CDATA[
          <b>P1:</b> PenF<br>
          <b>P2:</b> PenD<br>
          <hr>
          <b>Distance:</b> 0.177 miles<br>
          <hr>
          <u>Path P1 → P2:</u><br>
          <b>Forward Azimuth at P1 (Az12):</b> 297.635°<br>
          <b>Back Azimuth at P2 (BackAz12):</b> 297.633°<br>
          <hr>
          <u>Path P2 → P1:</u><br>
          <b>Forward Azimuth at P2 (Az21):</b> 117.633°<br>
          <b>Back Azimuth at P1 (BackAz21):</b> 117.635°<br>
          <hr>
          <b>Filter Reason(s):</b> All Pairs (No Filters)<br>
          <hr>
          <i>Calculation Method: Ellipsoidal (WGS84)</i>
        ]]>                
        
            </description>
            <styleUrl>#188</styleUrl>
            <LineString id="186">
                <coordinates>-77.05555738705385,38.86885600238287,0.0 -77.05845931790411,38.87004371204871,0.0</coordinates>
            </LineString>
        </Placemark>
        <Placemark id="191">
            <name>PenF → PenC</name>
            <description>
                
        
<![CDATA[
          <b>P1:</b> PenF<br>
          <b>P2:</b> PenC<br>
          <hr>
          <b>Distance:</b> 0.513 miles<br>
          <hr>
          <u>Path P1 → P2:</u><br>
          <b>Forward Azimuth at P1 (Az12):</b> 351.690°<br>
          <b>Back Azimuth at P2 (BackAz12):</b> 351.689°<br>
          <hr>
          <u>Path P2 → P1:</u><br>
          <b>Forward Azimuth at P2 (Az21):</b> 171.689°<br>
          <b>Back Azimuth at P1 (BackAz21):</b> 171.690°<br>
          <hr>
          <b>Filter Reason(s):</b> All Pairs (No Filters)<br>
          <hr>
          <i>Calculation Method: Ellipsoidal (WGS84)</i>
        ]]>                
        
            </description>
            <styleUrl>#192</styleUrl>
            <LineString id="190">
                <coordinates>-77.05555738705385,38.86885600238287,0.0 -77.05693269848774,38.87621612361609,0.0</coordinates>
            </LineString>
        </Placemark>
        <Placemark id="195">
            <name>PenF → K</name>
            <description>
                
        
<![CDATA[
          <b>P1:</b> PenF<br>
          <b>P2:</b> K<br>
          <hr>
          <b>Distance:</b> 1.663 miles<br>
          <hr>
          <u>Path P1 → P2:</u><br>
          <b>Forward Azimuth at P1 (Az12):</b> 7.662°<br>
          <b>Back Azimuth at P2 (BackAz12):</b> 7.665°<br>
          <hr>
          <u>Path P2 → P1:</u><br>
          <b>Forward Azimuth at P2 (Az21):</b> 187.665°<br>
          <b>Back Azimuth at P1 (BackAz21):</b> 187.662°<br>
          <hr>
          <b>Filter Reason(s):</b> All Pairs (No Filters)<br>
          <hr>
          <i>Calculation Method: Ellipsoidal (WGS84)</i>
        ]]>                
        
            </description>
            <styleUrl>#196</styleUrl>
            <LineString id="194">
                <coordinates>-77.05555738705385,38.86885600238287,0.0 -77.051444,38.892751,0.0</coordinates>
            </LineString>
        </Placemark>
        <Placemark id="199">
            <name>PenF → J</name>
            <description>
                
        
<![CDATA[
          <b>P1:</b> PenF<br>
          <b>P2:</b> J<br>
          <hr>
          <b>Distance:</b> 1.771 miles<br>
          <hr>
          <u>Path P1 → P2:</u><br>
          <b>Forward Azimuth at P1 (Az12):</b> 35.316°<br>
          <b>Back Azimuth at P2 (BackAz12):</b> 35.328°<br>
          <hr>
          <u>Path P2 → P1:</u><br>
          <b>Forward Azimuth at P2 (Az21):</b> 215.328°<br>
          <b>Back Azimuth at P1 (BackAz21):</b> 215.316°<br>
          <hr>
          <b>Filter Reason(s):</b> All Pairs (No Filters)<br>
          <hr>
          <i>Calculation Method: Ellipsoidal (WGS84)</i>
        ]]>                
        
            </description>
            <styleUrl>#200</styleUrl>
            <LineString id="198">
                <coordinates>-77.05555738705385,38.86885600238287,0.0 -77.03656908080315,38.88980129959375,0.0</coordinates>
            </LineString>
        </Placemark>
        <Placemark id="203">
            <name>PenF → Cap</name>
            <description>
                
        
<![CDATA[
          <b>P1:</b> PenF<br>
          <b>P2:</b> Cap<br>
          <hr>
          <b>Distance:</b> 2.886 miles<br>
          <hr>
          <u>Path P1 → P2:</u><br>
          <b>Forward Azimuth at P1 (Az12):</b> 59.942°<br>
          <b>Back Azimuth at P2 (BackAz12):</b> 59.971°<br>
          <hr>
          <u>Path P2 → P1:</u><br>
          <b>Forward Azimuth at P2 (Az21):</b> 239.971°<br>
          <b>Back Azimuth at P1 (BackAz21):</b> 239.942°<br>
          <hr>
          <b>Filter Reason(s):</b> All Pairs (No Filters)<br>
          <hr>
          <i>Calculation Method: Ellipsoidal (WGS84)</i>
        ]]>                
        
            </description>
            <styleUrl>#204</styleUrl>
            <LineString id="202">
                <coordinates>-77.05555738705385,38.86885600238287,0.0 -77.009227,38.889801,0.0</coordinates>
            </LineString>
        </Placemark>
        <Placemark id="207">
            <name>PenF → WH</name>
            <description>
                
        
<![CDATA[
          <b>P1:</b> PenF<br>
          <b>P2:</b> WH<br>
          <hr>
          <b>Distance:</b> 2.243 miles<br>
          <hr>
          <u>Path P1 → P2:</u><br>
          <b>Forward Azimuth at P1 (Az12):</b> 27.150°<br>
          <b>Back Azimuth at P2 (BackAz12):</b> 27.162°<br>
          <hr>
          <u>Path P2 → P1:</u><br>
          <b>Forward Azimuth at P2 (Az21):</b> 207.162°<br>
          <b>Back Azimuth at P1 (BackAz21):</b> 207.150°<br>
          <hr>
          <b>Filter Reason(s):</b> All Pairs (No Filters)<br>
          <hr>
          <i>Calculation Method: Ellipsoidal (WGS84)</i>
        ]]>                
        
            </description>
            <styleUrl>#208</styleUrl>
            <LineString id="206">
                <coordinates>-77.05555738705385,38.86885600238287,0.0 -77.036569,38.89778875877805,0.0</coordinates>
            </LineString>
        </Placemark>
        <Placemark id="211">
            <name>PenF → M</name>
            <description>
                
        
<![CDATA[
          <b>P1:</b> PenF<br>
          <b>P2:</b> M<br>
          <hr>
          <b>Distance:</b> 1.795 miles<br>
          <hr>
          <u>Path P1 → P2:</u><br>
          <b>Forward Azimuth at P1 (Az12):</b> 37.534°<br>
          <b>Back Azimuth at P2 (BackAz12):</b> 37.547°<br>
          <hr>
          <u>Path P2 → P1:</u><br>
          <b>Forward Azimuth at P2 (Az21):</b> 217.547°<br>
          <b>Back Azimuth at P1 (BackAz21):</b> 217.534°<br>
          <hr>
          <b>Filter Reason(s):</b> All Pairs (No Filters)<br>
          <hr>
          <i>Calculation Method: Ellipsoidal (WGS84)</i>
        ]]>                
        
            </description>
            <styleUrl>#212</styleUrl>
            <LineString id="210">
                <coordinates>-77.05555738705385,38.86885600238287,0.0 -77.035278,38.889484,0.0</coordinates>
            </LineString>
        </Placemark>
        <Placemark id="215">
            <name>PenF → Sc</name>
            <description>
                
        
<![CDATA[
          <b>P1:</b> PenF<br>
          <b>P2:</b> Sc<br>
          <hr>
          <b>Distance:</b> 1.832 miles<br>
          <hr>
          <u>Path P1 → P2:</u><br>
          <b>Forward Azimuth at P1 (Az12):</b> 26.137°<br>
          <b>Back Azimuth at P2 (BackAz12):</b> 26.146°<br>
          <hr>
          <u>Path P2 → P1:</u><br>
          <b>Forward Azimuth at P2 (Az21):</b> 206.146°<br>
          <b>Back Azimuth at P1 (BackAz21):</b> 206.137°<br>
          <hr>
          <b>Filter Reason(s):</b> All Pairs (No Filters)<br>
          <hr>
          <i>Calculation Method: Ellipsoidal (WGS84)</i>
        ]]>                
        
            </description>
            <styleUrl>#216</styleUrl>
            <LineString id="214">
                <coordinates>-77.05555738705385,38.86885600238287,0.0 -77.04058603,38.89269952,0.0</coordinates>
            </LineString>
        </Placemark>
        <Placemark id="219">
            <name>PenF → Ec</name>
            <description>
                
        
<![CDATA[
          <b>P1:</b> PenF<br>
          <b>P2:</b> Ec<br>
          <hr>
          <b>Distance:</b> 1.835 miles<br>
          <hr>
          <u>Path P1 → P2:</u><br>
          <b>Forward Azimuth at P1 (Az12):</b> 25.912°<br>
          <b>Back Azimuth at P2 (BackAz12):</b> 25.922°<br>
          <hr>
          <u>Path P2 → P1:</u><br>
          <b>Forward Azimuth at P2 (Az21):</b> 205.922°<br>
          <b>Back Azimuth at P1 (BackAz21):</b> 205.912°<br>
          <hr>
          <b>Filter Reason(s):</b> All Pairs (No Filters)<br>
          <hr>
          <i>Calculation Method: Ellipsoidal (WGS84)</i>
        ]]>                
        
            </description>
            <styleUrl>#220</styleUrl>
            <LineString id="218">
                <coordinates>-77.05555738705385,38.86885600238287,0.0 -77.0406797,38.89278669999997,0.0</coordinates>
            </LineString>
        </Placemark>
        <Placemark id="223">
            <name>PenF → Nc</name>
            <description>
                
        
<![CDATA[
          <b>P1:</b> PenF<br>
          <b>P2:</b> Nc<br>
          <hr>
          <b>Distance:</b> 1.879 miles<br>
          <hr>
          <u>Path P1 → P2:</u><br>
          <b>Forward Azimuth at P1 (Az12):</b> 24.716°<br>
          <b>Back Azimuth at P2 (BackAz12):</b> 24.725°<br>
          <hr>
          <u>Path P2 → P1:</u><br>
          <b>Forward Azimuth at P2 (Az21):</b> 204.725°<br>
          <b>Back Azimuth at P1 (BackAz21):</b> 204.716°<br>
          <hr>
          <b>Filter Reason(s):</b> All Pairs (No Filters)<br>
          <hr>
          <i>Calculation Method: Ellipsoidal (WGS84)</i>
        ]]>                
        
            </description>
            <styleUrl>#224</styleUrl>
            <LineString id="222">
                <coordinates>-77.05555738705385,38.86885600238287,0.0 -77.04098558,38.89359614000001,0.0</coordinates>
            </LineString>
        </Placemark>
        <Placemark id="227">
            <name>PenF → Wc</name>
            <description>
                
        
<![CDATA[
          <b>P1:</b> PenF<br>
          <b>P2:</b> Wc<br>
          <hr>
          <b>Distance:</b> 1.857 miles<br>
          <hr>
          <u>Path P1 → P2:</u><br>
          <b>Forward Azimuth at P1 (Az12):</b> 25.395°<br>
          <b>Back Azimuth at P2 (BackAz12):</b> 25.404°<br>
          <hr>
          <u>Path P2 → P1:</u><br>
          <b>Forward Azimuth at P2 (Az21):</b> 205.404°<br>
          <b>Back Azimuth at P1 (BackAz21):</b> 205.395°<br>
          <hr>
          <b>Filter Reason(s):</b> All Pairs (No Filters)<br>
          <hr>
          <i>Calculation Method: Ellipsoidal (WGS84)</i>
        ]]>                
        
            </description>
            <styleUrl>#228</styleUrl>
            <LineString id="226">
                <coordinates>-77.05555738705385,38.86885600238287,0.0 -77.04078625,38.89317136999999,0.0</coordinates>
            </LineString>
        </Placemark>
        <Placemark id="231">
            <name>PenF → Hk</name>
            <description>
                
        
<![CDATA[
          <b>P1:</b> PenF<br>
          <b>P2:</b> Hk<br>
          <hr>
          <b>Distance:</b> 1.826 miles<br>
          <hr>
          <u>Path P1 → P2:</u><br>
          <b>Forward Azimuth at P1 (Az12):</b> 6.973°<br>
          <b>Back Azimuth at P2 (BackAz12):</b> 6.976°<br>
          <hr>
          <u>Path P2 → P1:</u><br>
          <b>Forward Azimuth at P2 (Az21):</b> 186.976°<br>
          <b>Back Azimuth at P1 (BackAz21):</b> 186.973°<br>
          <hr>
          <b>Filter Reason(s):</b> All Pairs (No Filters)<br>
          <hr>
          <i>Calculation Method: Ellipsoidal (WGS84)</i>
        ]]>                
        
            </description>
            <styleUrl>#232</styleUrl>
            <LineString id="230">
                <coordinates>-77.05555738705385,38.86885600238287,0.0 -77.051444,38.8951366,0.0</coordinates>
            </LineString>
        </Placemark>
        <Placemark id="235">
            <name>PenF → NOa</name>
            <description>
                
        
<![CDATA[
          <b>P1:</b> PenF<br>
          <b>P2:</b> NOa<br>
          <hr>
          <b>Distance:</b> 3.687 miles<br>
          <hr>
          <u>Path P1 → P2:</u><br>
          <b>Forward Azimuth at P1 (Az12):</b> 350.329°<br>
          <b>Back Azimuth at P2 (BackAz12):</b> 350.322°<br>
          <hr>
          <u>Path P2 → P1:</u><br>
          <b>Forward Azimuth at P2 (Az21):</b> 170.322°<br>
          <b>Back Azimuth at P1 (BackAz21):</b> 170.329°<br>
          <hr>
          <b>Filter Reason(s):</b> All Pairs (No Filters)<br>
          <hr>
          <i>Calculation Method: Ellipsoidal (WGS84)</i>
        ]]>                
        
            </description>
            <styleUrl>#236</styleUrl>
            <LineString id="234">
                <coordinates>-77.05555738705385,38.86885600238287,0.0 -77.06705128052432,38.92154464050518,0.0</coordinates>
            </LineString>
        </Placemark>
        <Placemark id="239">
            <name>PenF → CCnrA</name>
            <description>
                
        
<![CDATA[
          <b>P1:</b> PenF<br>
          <b>P2:</b> CCnrA<br>
          <hr>
          <b>Distance:</b> 2.881 miles<br>
          <hr>
          <u>Path P1 → P2:</u><br>
          <b>Forward Azimuth at P1 (Az12):</b> 61.431°<br>
          <b>Back Azimuth at P2 (BackAz12):</b> 61.461°<br>
          <hr>
          <u>Path P2 → P1:</u><br>
          <b>Forward Azimuth at P2 (Az21):</b> 241.461°<br>
          <b>Back Azimuth at P1 (BackAz21):</b> 241.431°<br>
          <hr>
          <b>Filter Reason(s):</b> All Pairs (No Filters)<br>
          <hr>
          <i>Calculation Method: Ellipsoidal (WGS84)</i>
        ]]>                
        
            </description>
            <styleUrl>#240</styleUrl>
            <LineString id="238">
                <coordinates>-77.05555738705385,38.86885600238287,0.0 -77.00861883736764,38.88882152017216,0.0</coordinates>
            </LineString>
        </Placemark>
        <Placemark id="243">
            <name>PenF → PO</name>
            <description>
                
        
<![CDATA[
          <b>P1:</b> PenF<br>
          <b>P2:</b> PO<br>
          <hr>
          <b>Distance:</b> 5.704 miles<br>
          <hr>
          <u>Path P1 → P2:</u><br>
          <b>Forward Azimuth at P1 (Az12):</b> 322.562°<br>
          <b>Back Azimuth at P2 (BackAz12):</b> 322.521°<br>
          <hr>
          <u>Path P2 → P1:</u><br>
          <b>Forward Azimuth at P2 (Az21):</b> 142.521°<br>
          <b>Back Azimuth at P1 (BackAz21):</b> 142.562°<br>
          <hr>
          <b>Filter Reason(s):</b> All Pairs (No Filters)<br>
          <hr>
          <i>Calculation Method: Ellipsoidal (WGS84)</i>
        ]]>                
        
            </description>
            <styleUrl>#244</styleUrl>
            <LineString id="242">
                <coordinates>-77.05555738705385,38.86885600238287,0.0 -77.1199159,38.93449309999998,0.0</coordinates>
            </LineString>
        </Placemark>
        <Placemark id="247">
            <name>PenF → AN</name>
            <description>
                
        
<![CDATA[
          <b>P1:</b> PenF<br>
          <b>P2:</b> AN<br>
          <hr>
          <b>Distance:</b> 7.021 miles<br>
          <hr>
          <u>Path P1 → P2:</u><br>
          <b>Forward Azimuth at P1 (Az12):</b> 60.717°<br>
          <b>Back Azimuth at P2 (BackAz12):</b> 60.789°<br>
          <hr>
          <u>Path P2 → P1:</u><br>
          <b>Forward Azimuth at P2 (Az21):</b> 240.789°<br>
          <b>Back Azimuth at P1 (BackAz21):</b> 240.717°<br>
          <hr>
          <b>Filter Reason(s):</b> All Pairs (No Filters)<br>
          <hr>
          <i>Calculation Method: Ellipsoidal (WGS84)</i>
        ]]>                
        
            </description>
            <styleUrl>#248</styleUrl>
            <LineString id="246">
                <coordinates>-77.05555738705385,38.86885600238287,0.0 -76.94192180000002,38.91858289999999,0.0</coordinates>
            </LineString>
        </Placemark>
        <Placemark id="251">
            <name>PenF → RC</name>
            <description>
                
        
<![CDATA[
          <b>P1:</b> PenF<br>
          <b>P2:</b> RC<br>
          <hr>
          <b>Distance:</b> 8.139 miles<br>
          <hr>
          <u>Path P1 → P2:</u><br>
          <b>Forward Azimuth at P1 (Az12):</b> 1.227°<br>
          <b>Back Azimuth at P2 (BackAz12):</b> 1.229°<br>
          <hr>
          <u>Path P2 → P1:</u><br>
          <b>Forward Azimuth at P2 (Az21):</b> 181.229°<br>
          <b>Back Azimuth at P1 (BackAz21):</b> 181.227°<br>
          <hr>
          <b>Filter Reason(s):</b> All Pairs (No Filters)<br>
          <hr>
          <i>Calculation Method: Ellipsoidal (WGS84)</i>
        ]]>                
        
            </description>
            <styleUrl>#252</styleUrl>
            <LineString id="250">
                <coordinates>-77.05555738705385,38.86885600238287,0.0 -77.05231894611552,38.98682226543504,0.0</coordinates>
            </LineString>
        </Placemark>
        <Placemark id="255">
            <name>PenG → PenB</name>
            <description>
                
        
<![CDATA[
          <b>P1:</b> PenG<br>
          <b>P2:</b> PenB<br>
          <hr>
          <b>Distance:</b> 0.088 miles<br>
          <hr>
          <u>Path P1 → P2:</u><br>
          <b>Forward Azimuth at P1 (Az12):</b> 261.772°<br>
          <b>Back Azimuth at P2 (BackAz12):</b> 261.771°<br>
          <hr>
          <u>Path P2 → P1:</u><br>
          <b>Forward Azimuth at P2 (Az21):</b> 81.771°<br>
          <b>Back Azimuth at P1 (BackAz21):</b> 81.772°<br>
          <hr>
          <b>Filter Reason(s):</b> All Pairs (No Filters)<br>
          <hr>
          <i>Calculation Method: Ellipsoidal (WGS84)</i>
        ]]>                
        
            </description>
            <styleUrl>#256</styleUrl>
            <LineString id="254">
                <coordinates>-77.05466945787724,38.87291816657935,0.0 -77.05628474196676,38.87273556375202,0.0</coordinates>
            </LineString>
        </Placemark>
        <Placemark id="259">
            <name>PenG → PenA</name>
            <description>
                
        
<![CDATA[
          <b>P1:</b> PenG<br>
          <b>P2:</b> PenA<br>
          <hr>
          <b>Distance:</b> 0.176 miles<br>
          <hr>
          <u>Path P1 → P2:</u><br>
          <b>Forward Azimuth at P1 (Az12):</b> 261.757°<br>
          <b>Back Azimuth at P2 (BackAz12):</b> 261.755°<br>
          <hr>
          <u>Path P2 → P1:</u><br>
          <b>Forward Azimuth at P2 (Az21):</b> 81.755°<br>
          <b>Back Azimuth at P1 (BackAz21):</b> 81.757°<br>
          <hr>
          <b>Filter Reason(s):</b> All Pairs (No Filters)<br>
          <hr>
          <i>Calculation Method: Ellipsoidal (WGS84)</i>
        ]]>                
        
            </description>
            <styleUrl>#260</styleUrl>
            <LineString id="258">
                <coordinates>-77.05466945787724,38.87291816657935,0.0 -77.05790028667388,38.872552231854,0.0</coordinates>
            </LineString>
        </Placemark>
        <Placemark id="263">
            <name>PenG → PenD</name>
            <description>
                
        
<![CDATA[
          <b>P1:</b> PenG<br>
          <b>P2:</b> PenD<br>
          <hr>
          <b>Distance:</b> 0.285 miles<br>
          <hr>
          <u>Path P1 → P2:</u><br>
          <b>Forward Azimuth at P1 (Az12):</b> 225.867°<br>
          <b>Back Azimuth at P2 (BackAz12):</b> 225.865°<br>
          <hr>
          <u>Path P2 → P1:</u><br>
          <b>Forward Azimuth at P2 (Az21):</b> 45.865°<br>
          <b>Back Azimuth at P1 (BackAz21):</b> 45.867°<br>
          <hr>
          <b>Filter Reason(s):</b> All Pairs (No Filters)<br>
          <hr>
          <i>Calculation Method: Ellipsoidal (WGS84)</i>
        ]]>                
        
            </description>
            <styleUrl>#264</styleUrl>
            <LineString id="262">
                <coordinates>-77.05466945787724,38.87291816657935,0.0 -77.05845931790411,38.87004371204871,0.0</coordinates>
            </LineString>
        </Placemark>
        <Placemark id="267">
            <name>PenG → PenC</name>
            <description>
                
        
<![CDATA[
          <b>P1:</b> PenG<br>
          <b>P2:</b> PenC<br>
          <hr>
          <b>Distance:</b> 0.258 miles<br>
          <hr>
          <u>Path P1 → P2:</u><br>
          <b>Forward Azimuth at P1 (Az12):</b> 331.790°<br>
          <b>Back Azimuth at P2 (BackAz12):</b> 331.788°<br>
          <hr>
          <u>Path P2 → P1:</u><br>
          <b>Forward Azimuth at P2 (Az21):</b> 151.788°<br>
          <b>Back Azimuth at P1 (BackAz21):</b> 151.790°<br>
          <hr>
          <b>Filter Reason(s):</b> All Pairs (No Filters)<br>
          <hr>
          <i>Calculation Method: Ellipsoidal (WGS84)</i>
        ]]>                
        
            </description>
            <styleUrl>#268</styleUrl>
            <LineString id="266">
                <coordinates>-77.05466945787724,38.87291816657935,0.0 -77.05693269848774,38.87621612361609,0.0</coordinates>
            </LineString>
        </Placemark>
        <Placemark id="271">
            <name>PenG → K</name>
            <description>
                
        
<![CDATA[
          <b>P1:</b> PenG<br>
          <b>P2:</b> K<br>
          <hr>
          <b>Distance:</b> 1.379 miles<br>
          <hr>
          <u>Path P1 → P2:</u><br>
          <b>Forward Azimuth at P1 (Az12):</b> 7.243°<br>
          <b>Back Azimuth at P2 (BackAz12):</b> 7.245°<br>
          <hr>
          <u>Path P2 → P1:</u><br>
          <b>Forward Azimuth at P2 (Az21):</b> 187.245°<br>
          <b>Back Azimuth at P1 (BackAz21):</b> 187.243°<br>
          <hr>
          <b>Filter Reason(s):</b> All Pairs (No Filters)<br>
          <hr>
          <i>Calculation Method: Ellipsoidal (WGS84)</i>
        ]]>                
        
            </description>
            <styleUrl>#272</styleUrl>
            <LineString id="270">
                <coordinates>-77.05466945787724,38.87291816657935,0.0 -77.051444,38.892751,0.0</coordinates>
            </LineString>
        </Placemark>
        <Placemark id="275">
            <name>PenG → J</name>
            <description>
                
        
<![CDATA[
          <b>P1:</b> PenG<br>
          <b>P2:</b> J<br>
          <hr>
          <b>Distance:</b> 1.519 miles<br>
          <hr>
          <u>Path P1 → P2:</u><br>
          <b>Forward Azimuth at P1 (Az12):</b> 39.957°<br>
          <b>Back Azimuth at P2 (BackAz12):</b> 39.968°<br>
          <hr>
          <u>Path P2 → P1:</u><br>
          <b>Forward Azimuth at P2 (Az21):</b> 219.968°<br>
          <b>Back Azimuth at P1 (BackAz21):</b> 219.957°<br>
          <hr>
          <b>Filter Reason(s):</b> All Pairs (No Filters)<br>
          <hr>
          <i>Calculation Method: Ellipsoidal (WGS84)</i>
        ]]>                
        
            </description>
            <styleUrl>#276</styleUrl>
            <LineString id="274">
                <coordinates>-77.05466945787724,38.87291816657935,0.0 -77.03656908080315,38.88980129959375,0.0</coordinates>
            </LineString>
        </Placemark>
        <Placemark id="279">
            <name>PenG → Cap</name>
            <description>
                
        
<![CDATA[
          <b>P1:</b> PenG<br>
          <b>P2:</b> Cap<br>
          <hr>
          <b>Distance:</b> 2.713 miles<br>
          <hr>
          <u>Path P1 → P2:</u><br>
          <b>Forward Azimuth at P1 (Az12):</b> 64.563°<br>
          <b>Back Azimuth at P2 (BackAz12):</b> 64.592°<br>
          <hr>
          <u>Path P2 → P1:</u><br>
          <b>Forward Azimuth at P2 (Az21):</b> 244.592°<br>
          <b>Back Azimuth at P1 (BackAz21):</b> 244.563°<br>
          <hr>
          <b>Filter Reason(s):</b> All Pairs (No Filters)<br>
          <hr>
          <i>Calculation Method: Ellipsoidal (WGS84)</i>
        ]]>                
        
            </description>
            <styleUrl>#280</styleUrl>
            <LineString id="278">
                <coordinates>-77.05466945787724,38.87291816657935,0.0 -77.009227,38.889801,0.0</coordinates>
            </LineString>
        </Placemark>
        <Placemark id="283">
            <name>PenG → WH</name>
            <description>
                
        
<![CDATA[
          <b>P1:</b> PenG<br>
          <b>P2:</b> WH<br>
          <hr>
          <b>Distance:</b> 1.974 miles<br>
          <hr>
          <u>Path P1 → P2:</u><br>
          <b>Forward Azimuth at P1 (Az12):</b> 29.627°<br>
          <b>Back Azimuth at P2 (BackAz12):</b> 29.638°<br>
          <hr>
          <u>Path P2 → P1:</u><br>
          <b>Forward Azimuth at P2 (Az21):</b> 209.638°<br>
          <b>Back Azimuth at P1 (BackAz21):</b> 209.627°<br>
          <hr>
          <b>Filter Reason(s):</b> All Pairs (No Filters)<br>
          <hr>
          <i>Calculation Method: Ellipsoidal (WGS84)</i>
        ]]>                
        
            </description>
            <styleUrl>#284</styleUrl>
            <LineString id="282">
                <coordinates>-77.05466945787724,38.87291816657935,0.0 -77.036569,38.89778875877805,0.0</coordinates>
            </LineString>
        </Placemark>
        <Placemark id="287">
            <name>PenG → M</name>
            <description>
                
        
<![CDATA[
          <b>P1:</b> PenG<br>
          <b>P2:</b> M<br>
          <hr>
          <b>Distance:</b> 1.549 miles<br>
          <hr>
          <u>Path P1 → P2:</u><br>
          <b>Forward Azimuth at P1 (Az12):</b> 42.451°<br>
          <b>Back Azimuth at P2 (BackAz12):</b> 42.463°<br>
          <hr>
          <u>Path P2 → P1:</u><br>
          <b>Forward Azimuth at P2 (Az21):</b> 222.463°<br>
          <b>Back Azimuth at P1 (BackAz21):</b> 222.451°<br>
          <hr>
          <b>Filter Reason(s):</b> All Pairs (No Filters)<br>
          <hr>
          <i>Calculation Method: Ellipsoidal (WGS84)</i>
        ]]>                
        
            </description>
            <styleUrl>#288</styleUrl>
            <LineString id="286">
                <coordinates>-77.05466945787724,38.87291816657935,0.0 -77.035278,38.889484,0.0</coordinates>
            </LineString>
        </Placemark>
        <Placemark id="291">
            <name>PenG → Sc</name>
            <description>
                
        
<![CDATA[
          <b>P1:</b> PenG<br>
          <b>P2:</b> Sc<br>
          <hr>
          <b>Distance:</b> 1.562 miles<br>
          <hr>
          <u>Path P1 → P2:</u><br>
          <b>Forward Azimuth at P1 (Az12):</b> 29.090°<br>
          <b>Back Azimuth at P2 (BackAz12):</b> 29.099°<br>
          <hr>
          <u>Path P2 → P1:</u><br>
          <b>Forward Azimuth at P2 (Az21):</b> 209.099°<br>
          <b>Back Azimuth at P1 (BackAz21):</b> 209.090°<br>
          <hr>
          <b>Filter Reason(s):</b> All Pairs (No Filters)<br>
          <hr>
          <i>Calculation Method: Ellipsoidal (WGS84)</i>
        ]]>                
        
            </description>
            <styleUrl>#292</styleUrl>
            <LineString id="290">
                <coordinates>-77.05466945787724,38.87291816657935,0.0 -77.04058603,38.89269952,0.0</coordinates>
            </LineString>
        </Placemark>
        <Placemark id="295">
            <name>PenG → Ec</name>
            <description>
                
        
<![CDATA[
          <b>P1:</b> PenG<br>
          <b>P2:</b> Ec<br>
          <hr>
          <b>Distance:</b> 1.564 miles<br>
          <hr>
          <u>Path P1 → P2:</u><br>
          <b>Forward Azimuth at P1 (Az12):</b> 28.822°<br>
          <b>Back Azimuth at P2 (BackAz12):</b> 28.830°<br>
          <hr>
          <u>Path P2 → P1:</u><br>
          <b>Forward Azimuth at P2 (Az21):</b> 208.830°<br>
          <b>Back Azimuth at P1 (BackAz21):</b> 208.822°<br>
          <hr>
          <b>Filter Reason(s):</b> All Pairs (No Filters)<br>
          <hr>
          <i>Calculation Method: Ellipsoidal (WGS84)</i>
        ]]>                
        
            </description>
            <styleUrl>#296</styleUrl>
            <LineString id="294">
                <coordinates>-77.05466945787724,38.87291816657935,0.0 -77.0406797,38.89278669999997,0.0</coordinates>
            </LineString>
        </Placemark>
        <Placemark id="299">
            <name>PenG → Nc</name>
            <description>
                
        
<![CDATA[
          <b>P1:</b> PenG<br>
          <b>P2:</b> Nc<br>
          <hr>
          <b>Distance:</b> 1.606 miles<br>
          <hr>
          <u>Path P1 → P2:</u><br>
          <b>Forward Azimuth at P1 (Az12):</b> 27.345°<br>
          <b>Back Azimuth at P2 (BackAz12):</b> 27.354°<br>
          <hr>
          <u>Path P2 → P1:</u><br>
          <b>Forward Azimuth at P2 (Az21):</b> 207.354°<br>
          <b>Back Azimuth at P1 (BackAz21):</b> 207.345°<br>
          <hr>
          <b>Filter Reason(s):</b> All Pairs (No Filters)<br>
          <hr>
          <i>Calculation Method: Ellipsoidal (WGS84)</i>
        ]]>                
        
            </description>
            <styleUrl>#300</styleUrl>
            <LineString id="298">
                <coordinates>-77.05466945787724,38.87291816657935,0.0 -77.04098558,38.89359614000001,0.0</coordinates>
            </LineString>
        </Placemark>
        <Placemark id="303">
            <name>PenG → Wc</name>
            <description>
                
        
<![CDATA[
          <b>P1:</b> PenG<br>
          <b>P2:</b> Wc<br>
          <hr>
          <b>Distance:</b> 1.585 miles<br>
          <hr>
          <u>Path P1 → P2:</u><br>
          <b>Forward Azimuth at P1 (Az12):</b> 28.177°<br>
          <b>Back Azimuth at P2 (BackAz12):</b> 28.186°<br>
          <hr>
          <u>Path P2 → P1:</u><br>
          <b>Forward Azimuth at P2 (Az21):</b> 208.186°<br>
          <b>Back Azimuth at P1 (BackAz21):</b> 208.177°<br>
          <hr>
          <b>Filter Reason(s):</b> All Pairs (No Filters)<br>
          <hr>
          <i>Calculation Method: Ellipsoidal (WGS84)</i>
        ]]>                
        
            </description>
            <styleUrl>#304</styleUrl>
            <LineString id="302">
                <coordinates>-77.05466945787724,38.87291816657935,0.0 -77.04078625,38.89317136999999,0.0</coordinates>
            </LineString>
        </Placemark>
        <Placemark id="307">
            <name>PenG → Hk</name>
            <description>
                
        
<![CDATA[
          <b>P1:</b> PenG<br>
          <b>P2:</b> Hk<br>
          <hr>
          <b>Distance:</b> 1.542 miles<br>
          <hr>
          <u>Path P1 → P2:</u><br>
          <b>Forward Azimuth at P1 (Az12):</b> 6.472°<br>
          <b>Back Azimuth at P2 (BackAz12):</b> 6.474°<br>
          <hr>
          <u>Path P2 → P1:</u><br>
          <b>Forward Azimuth at P2 (Az21):</b> 186.474°<br>
          <b>Back Azimuth at P1 (BackAz21):</b> 186.472°<br>
          <hr>
          <b>Filter Reason(s):</b> All Pairs (No Filters)<br>
          <hr>
          <i>Calculation Method: Ellipsoidal (WGS84)</i>
        ]]>                
        
            </description>
            <styleUrl>#308</styleUrl>
            <LineString id="306">
                <coordinates>-77.05466945787724,38.87291816657935,0.0 -77.051444,38.8951366,0.0</coordinates>
            </LineString>
        </Placemark>
        <Placemark id="311">
            <name>PenG → NOa</name>
            <description>
                
        
<![CDATA[
          <b>P1:</b> PenG<br>
          <b>P2:</b> NOa<br>
          <hr>
          <b>Distance:</b> 3.420 miles<br>
          <hr>
          <u>Path P1 → P2:</u><br>
          <b>Forward Azimuth at P1 (Az12):</b> 348.750°<br>
          <b>Back Azimuth at P2 (BackAz12):</b> 348.742°<br>
          <hr>
          <u>Path P2 → P1:</u><br>
          <b>Forward Azimuth at P2 (Az21):</b> 168.742°<br>
          <b>Back Azimuth at P1 (BackAz21):</b> 168.750°<br>
          <hr>
          <b>Filter Reason(s):</b> All Pairs (No Filters)<br>
          <hr>
          <i>Calculation Method: Ellipsoidal (WGS84)</i>
        ]]>                
        
            </description>
            <styleUrl>#312</styleUrl>
            <LineString id="310">
                <coordinates>-77.05466945787724,38.87291816657935,0.0 -77.06705128052432,38.92154464050518,0.0</coordinates>
            </LineString>
        </Placemark>
        <Placemark id="315">
            <name>PenG → CCnrA</name>
            <description>
                
        
<![CDATA[
          <b>P1:</b> PenG<br>
          <b>P2:</b> CCnrA<br>
          <hr>
          <b>Distance:</b> 2.714 miles<br>
          <hr>
          <u>Path P1 → P2:</u><br>
          <b>Forward Azimuth at P1 (Az12):</b> 66.148°<br>
          <b>Back Azimuth at P2 (BackAz12):</b> 66.177°<br>
          <hr>
          <u>Path P2 → P1:</u><br>
          <b>Forward Azimuth at P2 (Az21):</b> 246.177°<br>
          <b>Back Azimuth at P1 (BackAz21):</b> 246.148°<br>
          <hr>
          <b>Filter Reason(s):</b> All Pairs (No Filters)<br>
          <hr>
          <i>Calculation Method: Ellipsoidal (WGS84)</i>
        ]]>                
        
            </description>
            <styleUrl>#316</styleUrl>
            <LineString id="314">
                <coordinates>-77.05466945787724,38.87291816657935,0.0 -77.00861883736764,38.88882152017216,0.0</coordinates>
            </LineString>
        </Placemark>
        <Placemark id="319">
            <name>PenG → PO</name>
            <description>
                
        
<![CDATA[
          <b>P1:</b> PenG<br>
          <b>P2:</b> PO<br>
          <hr>
          <b>Distance:</b> 5.514 miles<br>
          <hr>
          <u>Path P1 → P2:</u><br>
          <b>Forward Azimuth at P1 (Az12):</b> 320.397°<br>
          <b>Back Azimuth at P2 (BackAz12):</b> 320.356°<br>
          <hr>
          <u>Path P2 → P1:</u><br>
          <b>Forward Azimuth at P2 (Az21):</b> 140.356°<br>
          <b>Back Azimuth at P1 (BackAz21):</b> 140.397°<br>
          <hr>
          <b>Filter Reason(s):</b> All Pairs (No Filters)<br>
          <hr>
          <i>Calculation Method: Ellipsoidal (WGS84)</i>
        ]]>                
        
            </description>
            <styleUrl>#320</styleUrl>
            <LineString id="318">
                <coordinates>-77.05466945787724,38.87291816657935,0.0 -77.1199159,38.93449309999998,0.0</coordinates>
            </LineString>
        </Placemark>
        <Placemark id="323">
            <name>PenG → AN</name>
            <description>
                
        
<![CDATA[
          <b>P1:</b> PenG<br>
          <b>P2:</b> AN<br>
          <hr>
          <b>Distance:</b> 6.846 miles<br>
          <hr>
          <u>Path P1 → P2:</u><br>
          <b>Forward Azimuth at P1 (Az12):</b> 62.568°<br>
          <b>Back Azimuth at P2 (BackAz12):</b> 62.639°<br>
          <hr>
          <u>Path P2 → P1:</u><br>
          <b>Forward Azimuth at P2 (Az21):</b> 242.639°<br>
          <b>Back Azimuth at P1 (BackAz21):</b> 242.568°<br>
          <hr>
          <b>Filter Reason(s):</b> All Pairs (No Filters)<br>
          <hr>
          <i>Calculation Method: Ellipsoidal (WGS84)</i>
        ]]>                
        
            </description>
            <styleUrl>#324</styleUrl>
            <LineString id="322">
                <coordinates>-77.05466945787724,38.87291816657935,0.0 -76.94192180000002,38.91858289999999,0.0</coordinates>
            </LineString>
        </Placemark>
        <Placemark id="327">
            <name>PenG → RC</name>
            <description>
                
        
<![CDATA[
          <b>P1:</b> PenG<br>
          <b>P2:</b> RC<br>
          <hr>
          <b>Distance:</b> 7.858 miles<br>
          <hr>
          <u>Path P1 → P2:</u><br>
          <b>Forward Azimuth at P1 (Az12):</b> 0.923°<br>
          <b>Back Azimuth at P2 (BackAz12):</b> 0.924°<br>
          <hr>
          <u>Path P2 → P1:</u><br>
          <b>Forward Azimuth at P2 (Az21):</b> 180.924°<br>
          <b>Back Azimuth at P1 (BackAz21):</b> 180.923°<br>
          <hr>
          <b>Filter Reason(s):</b> All Pairs (No Filters)<br>
          <hr>
          <i>Calculation Method: Ellipsoidal (WGS84)</i>
        ]]>                
        
            </description>
            <styleUrl>#328</styleUrl>
            <LineString id="326">
                <coordinates>-77.05466945787724,38.87291816657935,0.0 -77.05231894611552,38.98682226543504,0.0</coordinates>
            </LineString>
        </Placemark>
        <Placemark id="331">
            <name>PenB → PenA</name>
            <description>
                
        
<![CDATA[
          <b>P1:</b> PenB<br>
          <b>P2:</b> PenA<br>
          <hr>
          <b>Distance:</b> 0.088 miles<br>
          <hr>
          <u>Path P1 → P2:</u><br>
          <b>Forward Azimuth at P1 (Az12):</b> 261.741°<br>
          <b>Back Azimuth at P2 (BackAz12):</b> 261.740°<br>
          <hr>
          <u>Path P2 → P1:</u><br>
          <b>Forward Azimuth at P2 (Az21):</b> 81.740°<br>
          <b>Back Azimuth at P1 (BackAz21):</b> 81.741°<br>
          <hr>
          <b>Filter Reason(s):</b> All Pairs (No Filters)<br>
          <hr>
          <i>Calculation Method: Ellipsoidal (WGS84)</i>
        ]]>                
        
            </description>
            <styleUrl>#332</styleUrl>
            <LineString id="330">
                <coordinates>-77.05628474196676,38.87273556375202,0.0 -77.05790028667388,38.872552231854,0.0</coordinates>
            </LineString>
        </Placemark>
        <Placemark id="335">
            <name>PenB → PenD</name>
            <description>
                
        
<![CDATA[
          <b>P1:</b> PenB<br>
          <b>P2:</b> PenD<br>
          <hr>
          <b>Distance:</b> 0.220 miles<br>
          <hr>
          <u>Path P1 → P2:</u><br>
          <b>Forward Azimuth at P1 (Az12):</b> 212.274°<br>
          <b>Back Azimuth at P2 (BackAz12):</b> 212.272°<br>
          <hr>
          <u>Path P2 → P1:</u><br>
          <b>Forward Azimuth at P2 (Az21):</b> 32.272°<br>
          <b>Back Azimuth at P1 (BackAz21):</b> 32.274°<br>
          <hr>
          <b>Filter Reason(s):</b> All Pairs (No Filters)<br>
          <hr>
          <i>Calculation Method: Ellipsoidal (WGS84)</i>
        ]]>                
        
            </description>
            <styleUrl>#336</styleUrl>
            <LineString id="334">
                <coordinates>-77.05628474196676,38.87273556375202,0.0 -77.05845931790411,38.87004371204871,0.0</coordinates>
            </LineString>
        </Placemark>
        <Placemark id="339">
            <name>PenB → PenC</name>
            <description>
                
        
<![CDATA[
          <b>P1:</b> PenB<br>
          <b>P2:</b> PenC<br>
          <hr>
          <b>Distance:</b> 0.243 miles<br>
          <hr>
          <u>Path P1 → P2:</u><br>
          <b>Forward Azimuth at P1 (Az12):</b> 351.720°<br>
          <b>Back Azimuth at P2 (BackAz12):</b> 351.720°<br>
          <hr>
          <u>Path P2 → P1:</u><br>
          <b>Forward Azimuth at P2 (Az21):</b> 171.720°<br>
          <b>Back Azimuth at P1 (BackAz21):</b> 171.720°<br>
          <hr>
          <b>Filter Reason(s):</b> All Pairs (No Filters)<br>
          <hr>
          <i>Calculation Method: Ellipsoidal (WGS84)</i>
        ]]>                
        
            </description>
            <styleUrl>#340</styleUrl>
            <LineString id="338">
                <coordinates>-77.05628474196676,38.87273556375202,0.0 -77.05693269848774,38.87621612361609,0.0</coordinates>
            </LineString>
        </Placemark>
        <Placemark id="343">
            <name>PenB → K</name>
            <description>
                
        
<![CDATA[
          <b>P1:</b> PenB<br>
          <b>P2:</b> K<br>
          <hr>
          <b>Distance:</b> 1.405 miles<br>
          <hr>
          <u>Path P1 → P2:</u><br>
          <b>Forward Azimuth at P1 (Az12):</b> 10.703°<br>
          <b>Back Azimuth at P2 (BackAz12):</b> 10.706°<br>
          <hr>
          <u>Path P2 → P1:</u><br>
          <b>Forward Azimuth at P2 (Az21):</b> 190.706°<br>
          <b>Back Azimuth at P1 (BackAz21):</b> 190.703°<br>
          <hr>
          <b>Filter Reason(s):</b> All Pairs (No Filters)<br>
          <hr>
          <i>Calculation Method: Ellipsoidal (WGS84)</i>
        ]]>                
        
            </description>
            <styleUrl>#344</styleUrl>
            <LineString id="342">
                <coordinates>-77.05628474196676,38.87273556375202,0.0 -77.051444,38.892751,0.0</coordinates>
            </LineString>
        </Placemark>
        <Placemark id="347">
            <name>PenB → J</name>
            <description>
                
        
<![CDATA[
          <b>P1:</b> PenB<br>
          <b>P2:</b> J<br>
          <hr>
          <b>Distance:</b> 1.586 miles<br>
          <hr>
          <u>Path P1 → P2:</u><br>
          <b>Forward Azimuth at P1 (Az12):</b> 42.076°<br>
          <b>Back Azimuth at P2 (BackAz12):</b> 42.088°<br>
          <hr>
          <u>Path P2 → P1:</u><br>
          <b>Forward Azimuth at P2 (Az21):</b> 222.088°<br>
          <b>Back Azimuth at P1 (BackAz21):</b> 222.076°<br>
          <hr>
          <b>Filter Reason(s):</b> All Pairs (No Filters)<br>
          <hr>
          <i>Calculation Method: Ellipsoidal (WGS84)</i>
        ]]>                
        
            </description>
            <styleUrl>#348</styleUrl>
            <LineString id="346">
                <coordinates>-77.05628474196676,38.87273556375202,0.0 -77.03656908080315,38.88980129959375,0.0</coordinates>
            </LineString>
        </Placemark>
        <Placemark id="351">
            <name>PenB → Cap</name>
            <description>
                
        
<![CDATA[
          <b>P1:</b> PenB<br>
          <b>P2:</b> Cap<br>
          <hr>
          <b>Distance:</b> 2.797 miles<br>
          <hr>
          <u>Path P1 → P2:</u><br>
          <b>Forward Azimuth at P1 (Az12):</b> 65.096°<br>
          <b>Back Azimuth at P2 (BackAz12):</b> 65.125°<br>
          <hr>
          <u>Path P2 → P1:</u><br>
          <b>Forward Azimuth at P2 (Az21):</b> 245.125°<br>
          <b>Back Azimuth at P1 (BackAz21):</b> 245.096°<br>
          <hr>
          <b>Filter Reason(s):</b> All Pairs (No Filters)<br>
          <hr>
          <i>Calculation Method: Ellipsoidal (WGS84)</i>
        ]]>                
        
            </description>
            <styleUrl>#352</styleUrl>
            <LineString id="350">
                <coordinates>-77.05628474196676,38.87273556375202,0.0 -77.009227,38.889801,0.0</coordinates>
            </LineString>
        </Placemark>
        <Placemark id="355">
            <name>PenB → WH</name>
            <description>
                
        
<![CDATA[
          <b>P1:</b> PenB<br>
          <b>P2:</b> WH<br>
          <hr>
          <b>Distance:</b> 2.029 miles<br>
          <hr>
          <u>Path P1 → P2:</u><br>
          <b>Forward Azimuth at P1 (Az12):</b> 31.588°<br>
          <b>Back Azimuth at P2 (BackAz12):</b> 31.601°<br>
          <hr>
          <u>Path P2 → P1:</u><br>
          <b>Forward Azimuth at P2 (Az21):</b> 211.601°<br>
          <b>Back Azimuth at P1 (BackAz21):</b> 211.588°<br>
          <hr>
          <b>Filter Reason(s):</b> All Pairs (No Filters)<br>
          <hr>
          <i>Calculation Method: Ellipsoidal (WGS84)</i>
        ]]>                
        
            </description>
            <styleUrl>#356</styleUrl>
            <LineString id="354">
                <coordinates>-77.05628474196676,38.87273556375202,0.0 -77.036569,38.89778875877805,0.0</coordinates>
            </LineString>
        </Placemark>
        <Placemark id="359">
            <name>PenB → M</name>
            <description>
                
        
<![CDATA[
          <b>P1:</b> PenB<br>
          <b>P2:</b> M<br>
          <hr>
          <b>Distance:</b> 1.618 miles<br>
          <hr>
          <u>Path P1 → P2:</u><br>
          <b>Forward Azimuth at P1 (Az12):</b> 44.425°<br>
          <b>Back Azimuth at P2 (BackAz12):</b> 44.438°<br>
          <hr>
          <u>Path P2 → P1:</u><br>
          <b>Forward Azimuth at P2 (Az21):</b> 224.438°<br>
          <b>Back Azimuth at P1 (BackAz21):</b> 224.425°<br>
          <hr>
          <b>Filter Reason(s):</b> All Pairs (No Filters)<br>
          <hr>
          <i>Calculation Method: Ellipsoidal (WGS84)</i>
        ]]>                
        
            </description>
            <styleUrl>#360</styleUrl>
            <LineString id="358">
                <coordinates>-77.05628474196676,38.87273556375202,0.0 -77.035278,38.889484,0.0</coordinates>
            </LineString>
        </Placemark>
        <Placemark id="363">
            <name>PenB → Sc</name>
            <description>
                
        
<![CDATA[
          <b>P1:</b> PenB<br>
          <b>P2:</b> Sc<br>
          <hr>
          <b>Distance:</b> 1.616 miles<br>
          <hr>
          <u>Path P1 → P2:</u><br>
          <b>Forward Azimuth at P1 (Az12):</b> 31.571°<br>
          <b>Back Azimuth at P2 (BackAz12):</b> 31.581°<br>
          <hr>
          <u>Path P2 → P1:</u><br>
          <b>Forward Azimuth at P2 (Az21):</b> 211.581°<br>
          <b>Back Azimuth at P1 (BackAz21):</b> 211.571°<br>
          <hr>
          <b>Filter Reason(s):</b> All Pairs (No Filters)<br>
          <hr>
          <i>Calculation Method: Ellipsoidal (WGS84)</i>
        ]]>                
        
            </description>
            <styleUrl>#364</styleUrl>
            <LineString id="362">
                <coordinates>-77.05628474196676,38.87273556375202,0.0 -77.04058603,38.89269952,0.0</coordinates>
            </LineString>
        </Placemark>
        <Placemark id="367">
            <name>PenB → Ec</name>
            <description>
                
        
<![CDATA[
          <b>P1:</b> PenB<br>
          <b>P2:</b> Ec<br>
          <hr>
          <b>Distance:</b> 1.619 miles<br>
          <hr>
          <u>Path P1 → P2:</u><br>
          <b>Forward Azimuth at P1 (Az12):</b> 31.307°<br>
          <b>Back Azimuth at P2 (BackAz12):</b> 31.317°<br>
          <hr>
          <u>Path P2 → P1:</u><br>
          <b>Forward Azimuth at P2 (Az21):</b> 211.317°<br>
          <b>Back Azimuth at P1 (BackAz21):</b> 211.307°<br>
          <hr>
          <b>Filter Reason(s):</b> All Pairs (No Filters)<br>
          <hr>
          <i>Calculation Method: Ellipsoidal (WGS84)</i>
        ]]>                
        
            </description>
            <styleUrl>#368</styleUrl>
            <LineString id="366">
                <coordinates>-77.05628474196676,38.87273556375202,0.0 -77.0406797,38.89278669999997,0.0</coordinates>
            </LineString>
        </Placemark>
        <Placemark id="371">
            <name>PenB → Nc</name>
            <description>
                
        
<![CDATA[
          <b>P1:</b> PenB<br>
          <b>P2:</b> Nc<br>
          <hr>
          <b>Distance:</b> 1.659 miles<br>
          <hr>
          <u>Path P1 → P2:</u><br>
          <b>Forward Azimuth at P1 (Az12):</b> 29.818°<br>
          <b>Back Azimuth at P2 (BackAz12):</b> 29.827°<br>
          <hr>
          <u>Path P2 → P1:</u><br>
          <b>Forward Azimuth at P2 (Az21):</b> 209.827°<br>
          <b>Back Azimuth at P1 (BackAz21):</b> 209.818°<br>
          <hr>
          <b>Filter Reason(s):</b> All Pairs (No Filters)<br>
          <hr>
          <i>Calculation Method: Ellipsoidal (WGS84)</i>
        ]]>                
        
            </description>
            <styleUrl>#372</styleUrl>
            <LineString id="370">
                <coordinates>-77.05628474196676,38.87273556375202,0.0 -77.04098558,38.89359614000001,0.0</coordinates>
            </LineString>
        </Placemark>
        <Placemark id="375">
            <name>PenB → Wc</name>
            <description>
                
        
<![CDATA[
          <b>P1:</b> PenB<br>
          <b>P2:</b> Wc<br>
          <hr>
          <b>Distance:</b> 1.639 miles<br>
          <hr>
          <u>Path P1 → P2:</u><br>
          <b>Forward Azimuth at P1 (Az12):</b> 30.653°<br>
          <b>Back Azimuth at P2 (BackAz12):</b> 30.663°<br>
          <hr>
          <u>Path P2 → P1:</u><br>
          <b>Forward Azimuth at P2 (Az21):</b> 210.663°<br>
          <b>Back Azimuth at P1 (BackAz21):</b> 210.653°<br>
          <hr>
          <b>Filter Reason(s):</b> All Pairs (No Filters)<br>
          <hr>
          <i>Calculation Method: Ellipsoidal (WGS84)</i>
        ]]>                
        
            </description>
            <styleUrl>#376</styleUrl>
            <LineString id="374">
                <coordinates>-77.05628474196676,38.87273556375202,0.0 -77.04078625,38.89317136999999,0.0</coordinates>
            </LineString>
        </Placemark>
        <Placemark id="379">
            <name>PenB → Hk</name>
            <description>
                
        
<![CDATA[
          <b>P1:</b> PenB<br>
          <b>P2:</b> Hk<br>
          <hr>
          <b>Distance:</b> 1.567 miles<br>
          <hr>
          <u>Path P1 → P2:</u><br>
          <b>Forward Azimuth at P1 (Az12):</b> 9.585°<br>
          <b>Back Azimuth at P2 (BackAz12):</b> 9.588°<br>
          <hr>
          <u>Path P2 → P1:</u><br>
          <b>Forward Azimuth at P2 (Az21):</b> 189.588°<br>
          <b>Back Azimuth at P1 (BackAz21):</b> 189.585°<br>
          <hr>
          <b>Filter Reason(s):</b> All Pairs (No Filters)<br>
          <hr>
          <i>Calculation Method: Ellipsoidal (WGS84)</i>
        ]]>                
        
            </description>
            <styleUrl>#380</styleUrl>
            <LineString id="378">
                <coordinates>-77.05628474196676,38.87273556375202,0.0 -77.051444,38.8951366,0.0</coordinates>
            </LineString>
        </Placemark>
        <Placemark id="383">
            <name>PenB → NOa</name>
            <description>
                
        
<![CDATA[
          <b>P1:</b> PenB<br>
          <b>P2:</b> NOa<br>
          <hr>
          <b>Distance:</b> 3.417 miles<br>
          <hr>
          <u>Path P1 → P2:</u><br>
          <b>Forward Azimuth at P1 (Az12):</b> 350.223°<br>
          <b>Back Azimuth at P2 (BackAz12):</b> 350.216°<br>
          <hr>
          <u>Path P2 → P1:</u><br>
          <b>Forward Azimuth at P2 (Az21):</b> 170.216°<br>
          <b>Back Azimuth at P1 (BackAz21):</b> 170.223°<br>
          <hr>
          <b>Filter Reason(s):</b> All Pairs (No Filters)<br>
          <hr>
          <i>Calculation Method: Ellipsoidal (WGS84)</i>
        ]]>                
        
            </description>
            <styleUrl>#384</styleUrl>
            <LineString id="382">
                <coordinates>-77.05628474196676,38.87273556375202,0.0 -77.06705128052432,38.92154464050518,0.0</coordinates>
            </LineString>
        </Placemark>
        <Placemark id="387">
            <name>PenB → CCnrA</name>
            <description>
                
        
<![CDATA[
          <b>P1:</b> PenB<br>
          <b>P2:</b> CCnrA<br>
          <hr>
          <b>Distance:</b> 2.799 miles<br>
          <hr>
          <u>Path P1 → P2:</u><br>
          <b>Forward Azimuth at P1 (Az12):</b> 66.633°<br>
          <b>Back Azimuth at P2 (BackAz12):</b> 66.663°<br>
          <hr>
          <u>Path P2 → P1:</u><br>
          <b>Forward Azimuth at P2 (Az21):</b> 246.663°<br>
          <b>Back Azimuth at P1 (BackAz21):</b> 246.633°<br>
          <hr>
          <b>Filter Reason(s):</b> All Pairs (No Filters)<br>
          <hr>
          <i>Calculation Method: Ellipsoidal (WGS84)</i>
        ]]>                
        
            </description>
            <styleUrl>#388</styleUrl>
            <LineString id="386">
                <coordinates>-77.05628474196676,38.87273556375202,0.0 -77.00861883736764,38.88882152017216,0.0</coordinates>
            </LineString>
        </Placemark>
        <Placemark id="391">
            <name>PenB → PO</name>
            <description>
                
        
<![CDATA[
          <b>P1:</b> PenB<br>
          <b>P2:</b> PO<br>
          <hr>
          <b>Distance:</b> 5.469 miles<br>
          <hr>
          <u>Path P1 → P2:</u><br>
          <b>Forward Azimuth at P1 (Az12):</b> 321.183°<br>
          <b>Back Azimuth at P2 (BackAz12):</b> 321.143°<br>
          <hr>
          <u>Path P2 → P1:</u><br>
          <b>Forward Azimuth at P2 (Az21):</b> 141.143°<br>
          <b>Back Azimuth at P1 (BackAz21):</b> 141.183°<br>
          <hr>
          <b>Filter Reason(s):</b> All Pairs (No Filters)<br>
          <hr>
          <i>Calculation Method: Ellipsoidal (WGS84)</i>
        ]]>                
        
            </description>
            <styleUrl>#392</styleUrl>
            <LineString id="390">
                <coordinates>-77.05628474196676,38.87273556375202,0.0 -77.1199159,38.93449309999998,0.0</coordinates>
            </LineString>
        </Placemark>
        <Placemark id="395">
            <name>PenB → AN</name>
            <description>
                
        
<![CDATA[
          <b>P1:</b> PenB<br>
          <b>P2:</b> AN<br>
          <hr>
          <b>Distance:</b> 6.929 miles<br>
          <hr>
          <u>Path P1 → P2:</u><br>
          <b>Forward Azimuth at P1 (Az12):</b> 62.806°<br>
          <b>Back Azimuth at P2 (BackAz12):</b> 62.878°<br>
          <hr>
          <u>Path P2 → P1:</u><br>
          <b>Forward Azimuth at P2 (Az21):</b> 242.878°<br>
          <b>Back Azimuth at P1 (BackAz21):</b> 242.806°<br>
          <hr>
          <b>Filter Reason(s):</b> All Pairs (No Filters)<br>
          <hr>
          <i>Calculation Method: Ellipsoidal (WGS84)</i>
        ]]>                
        
            </description>
            <styleUrl>#396</styleUrl>
            <LineString id="394">
                <coordinates>-77.05628474196676,38.87273556375202,0.0 -76.94192180000002,38.91858289999999,0.0</coordinates>
            </LineString>
        </Placemark>
        <Placemark id="399">
            <name>PenB → RC</name>
            <description>
                
        
<![CDATA[
          <b>P1:</b> PenB<br>
          <b>P2:</b> RC<br>
          <hr>
          <b>Distance:</b> 7.873 miles<br>
          <hr>
          <u>Path P1 → P2:</u><br>
          <b>Forward Azimuth at P1 (Az12):</b> 1.554°<br>
          <b>Back Azimuth at P2 (BackAz12):</b> 1.557°<br>
          <hr>
          <u>Path P2 → P1:</u><br>
          <b>Forward Azimuth at P2 (Az21):</b> 181.557°<br>
          <b>Back Azimuth at P1 (BackAz21):</b> 181.554°<br>
          <hr>
          <b>Filter Reason(s):</b> All Pairs (No Filters)<br>
          <hr>
          <i>Calculation Method: Ellipsoidal (WGS84)</i>
        ]]>                
        
            </description>
            <styleUrl>#400</styleUrl>
            <LineString id="398">
                <coordinates>-77.05628474196676,38.87273556375202,0.0 -77.05231894611552,38.98682226543504,0.0</coordinates>
            </LineString>
        </Placemark>
        <Placemark id="403">
            <name>PenA → PenD</name>
            <description>
                
        
<![CDATA[
          <b>P1:</b> PenA<br>
          <b>P2:</b> PenD<br>
          <hr>
          <b>Distance:</b> 0.176 miles<br>
          <hr>
          <u>Path P1 → P2:</u><br>
          <b>Forward Azimuth at P1 (Az12):</b> 189.883°<br>
          <b>Back Azimuth at P2 (BackAz12):</b> 189.882°<br>
          <hr>
          <u>Path P2 → P1:</u><br>
          <b>Forward Azimuth at P2 (Az21):</b> 9.882°<br>
          <b>Back Azimuth at P1 (BackAz21):</b> 9.883°<br>
          <hr>
          <b>Filter Reason(s):</b> All Pairs (No Filters)<br>
          <hr>
          <i>Calculation Method: Ellipsoidal (WGS84)</i>
        ]]>                
        
            </description>
            <styleUrl>#404</styleUrl>
            <LineString id="402">
                <coordinates>-77.05790028667388,38.872552231854,0.0 -77.05845931790411,38.87004371204871,0.0</coordinates>
            </LineString>
        </Placemark>
        <Placemark id="407">
            <name>PenA → PenC</name>
            <description>
                
        
<![CDATA[
          <b>P1:</b> PenA<br>
          <b>P2:</b> PenC<br>
          <hr>
          <b>Distance:</b> 0.258 miles<br>
          <hr>
          <u>Path P1 → P2:</u><br>
          <b>Forward Azimuth at P1 (Az12):</b> 11.664°<br>
          <b>Back Azimuth at P2 (BackAz12):</b> 11.664°<br>
          <hr>
          <u>Path P2 → P1:</u><br>
          <b>Forward Azimuth at P2 (Az21):</b> 191.664°<br>
          <b>Back Azimuth at P1 (BackAz21):</b> 191.664°<br>
          <hr>
          <b>Filter Reason(s):</b> All Pairs (No Filters)<br>
          <hr>
          <i>Calculation Method: Ellipsoidal (WGS84)</i>
        ]]>                
        
            </description>
            <styleUrl>#408</styleUrl>
            <LineString id="406">
                <coordinates>-77.05790028667388,38.872552231854,0.0 -77.05693269848774,38.87621612361609,0.0</coordinates>
            </LineString>
        </Placemark>
        <Placemark id="411">
            <name>PenA → K</name>
            <description>
                
        
<![CDATA[
          <b>P1:</b> PenA<br>
          <b>P2:</b> K<br>
          <hr>
          <b>Distance:</b> 1.436 miles<br>
          <hr>
          <u>Path P1 → P2:</u><br>
          <b>Forward Azimuth at P1 (Az12):</b> 14.025°<br>
          <b>Back Azimuth at P2 (BackAz12):</b> 14.029°<br>
          <hr>
          <u>Path P2 → P1:</u><br>
          <b>Forward Azimuth at P2 (Az21):</b> 194.029°<br>
          <b>Back Azimuth at P1 (BackAz21):</b> 194.025°<br>
          <hr>
          <b>Filter Reason(s):</b> All Pairs (No Filters)<br>
          <hr>
          <i>Calculation Method: Ellipsoidal (WGS84)</i>
        ]]>                
        
            </description>
            <styleUrl>#412</styleUrl>
            <LineString id="410">
                <coordinates>-77.05790028667388,38.872552231854,0.0 -77.051444,38.892751,0.0</coordinates>
            </LineString>
        </Placemark>
        <Placemark id="415">
            <name>PenA → J</name>
            <description>
                
        
<![CDATA[
          <b>P1:</b> PenA<br>
          <b>P2:</b> J<br>
          <hr>
          <b>Distance:</b> 1.655 miles<br>
          <hr>
          <u>Path P1 → P2:</u><br>
          <b>Forward Azimuth at P1 (Az12):</b> 44.021°<br>
          <b>Back Azimuth at P2 (BackAz12):</b> 44.034°<br>
          <hr>
          <u>Path P2 → P1:</u><br>
          <b>Forward Azimuth at P2 (Az21):</b> 224.034°<br>
          <b>Back Azimuth at P1 (BackAz21):</b> 224.021°<br>
          <hr>
          <b>Filter Reason(s):</b> All Pairs (No Filters)<br>
          <hr>
          <i>Calculation Method: Ellipsoidal (WGS84)</i>
        ]]>                
        
            </description>
            <styleUrl>#416</styleUrl>
            <LineString id="414">
                <coordinates>-77.05790028667388,38.872552231854,0.0 -77.03656908080315,38.88980129959375,0.0</coordinates>
            </LineString>
        </Placemark>
        <Placemark id="419">
            <name>PenA → Cap</name>
            <description>
                
        
<![CDATA[
          <b>P1:</b> PenA<br>
          <b>P2:</b> Cap<br>
          <hr>
          <b>Distance:</b> 2.881 miles<br>
          <hr>
          <u>Path P1 → P2:</u><br>
          <b>Forward Azimuth at P1 (Az12):</b> 65.596°<br>
          <b>Back Azimuth at P2 (BackAz12):</b> 65.626°<br>
          <hr>
          <u>Path P2 → P1:</u><br>
          <b>Forward Azimuth at P2 (Az21):</b> 245.626°<br>
          <b>Back Azimuth at P1 (BackAz21):</b> 245.596°<br>
          <hr>
          <b>Filter Reason(s):</b> All Pairs (No Filters)<br>
          <hr>
          <i>Calculation Method: Ellipsoidal (WGS84)</i>
        ]]>                
        
            </description>
            <styleUrl>#420</styleUrl>
            <LineString id="418">
                <coordinates>-77.05790028667388,38.872552231854,0.0 -77.009227,38.889801,0.0</coordinates>
            </LineString>
        </Placemark>
        <Placemark id="423">
            <name>PenA → WH</name>
            <description>
                
        
<![CDATA[
          <b>P1:</b> PenA<br>
          <b>P2:</b> WH<br>
          <hr>
          <b>Distance:</b> 2.086 miles<br>
          <hr>
          <u>Path P1 → P2:</u><br>
          <b>Forward Azimuth at P1 (Az12):</b> 33.444°<br>
          <b>Back Azimuth at P2 (BackAz12):</b> 33.457°<br>
          <hr>
          <u>Path P2 → P1:</u><br>
          <b>Forward Azimuth at P2 (Az21):</b> 213.457°<br>
          <b>Back Azimuth at P1 (BackAz21):</b> 213.444°<br>
          <hr>
          <b>Filter Reason(s):</b> All Pairs (No Filters)<br>
          <hr>
          <i>Calculation Method: Ellipsoidal (WGS84)</i>
        ]]>                
        
            </description>
            <styleUrl>#424</styleUrl>
            <LineString id="422">
                <coordinates>-77.05790028667388,38.872552231854,0.0 -77.036569,38.89778875877805,0.0</coordinates>
            </LineString>
        </Placemark>
        <Placemark id="427">
            <name>PenA → M</name>
            <description>
                
        
<![CDATA[
          <b>P1:</b> PenA<br>
          <b>P2:</b> M<br>
          <hr>
          <b>Distance:</b> 1.689 miles<br>
          <hr>
          <u>Path P1 → P2:</u><br>
          <b>Forward Azimuth at P1 (Az12):</b> 46.235°<br>
          <b>Back Azimuth at P2 (BackAz12):</b> 46.249°<br>
          <hr>
          <u>Path P2 → P1:</u><br>
          <b>Forward Azimuth at P2 (Az21):</b> 226.249°<br>
          <b>Back Azimuth at P1 (BackAz21):</b> 226.235°<br>
          <hr>
          <b>Filter Reason(s):</b> All Pairs (No Filters)<br>
          <hr>
          <i>Calculation Method: Ellipsoidal (WGS84)</i>
        ]]>                
        
            </description>
            <styleUrl>#428</styleUrl>
            <LineString id="426">
                <coordinates>-77.05790028667388,38.872552231854,0.0 -77.035278,38.889484,0.0</coordinates>
            </LineString>
        </Placemark>
        <Placemark id="431">
            <name>PenA → Sc</name>
            <description>
                
        
<![CDATA[
          <b>P1:</b> PenA<br>
          <b>P2:</b> Sc<br>
          <hr>
          <b>Distance:</b> 1.674 miles<br>
          <hr>
          <u>Path P1 → P2:</u><br>
          <b>Forward Azimuth at P1 (Az12):</b> 33.884°<br>
          <b>Back Azimuth at P2 (BackAz12):</b> 33.895°<br>
          <hr>
          <u>Path P2 → P1:</u><br>
          <b>Forward Azimuth at P2 (Az21):</b> 213.895°<br>
          <b>Back Azimuth at P1 (BackAz21):</b> 213.884°<br>
          <hr>
          <b>Filter Reason(s):</b> All Pairs (No Filters)<br>
          <hr>
          <i>Calculation Method: Ellipsoidal (WGS84)</i>
        ]]>                
        
            </description>
            <styleUrl>#432</styleUrl>
            <LineString id="430">
                <coordinates>-77.05790028667388,38.872552231854,0.0 -77.04058603,38.89269952,0.0</coordinates>
            </LineString>
        </Placemark>
        <Placemark id="435">
            <name>PenA → Ec</name>
            <description>
                
        
<![CDATA[
          <b>P1:</b> PenA<br>
          <b>P2:</b> Ec<br>
          <hr>
          <b>Distance:</b> 1.676 miles<br>
          <hr>
          <u>Path P1 → P2:</u><br>
          <b>Forward Azimuth at P1 (Az12):</b> 33.626°<br>
          <b>Back Azimuth at P2 (BackAz12):</b> 33.637°<br>
          <hr>
          <u>Path P2 → P1:</u><br>
          <b>Forward Azimuth at P2 (Az21):</b> 213.637°<br>
          <b>Back Azimuth at P1 (BackAz21):</b> 213.626°<br>
          <hr>
          <b>Filter Reason(s):</b> All Pairs (No Filters)<br>
          <hr>
          <i>Calculation Method: Ellipsoidal (WGS84)</i>
        ]]>                
        
            </description>
            <styleUrl>#436</styleUrl>
            <LineString id="434">
                <coordinates>-77.05790028667388,38.872552231854,0.0 -77.0406797,38.89278669999997,0.0</coordinates>
            </LineString>
        </Placemark>
        <Placemark id="439">
            <name>PenA → Nc</name>
            <description>
                
        
<![CDATA[
          <b>P1:</b> PenA<br>
          <b>P2:</b> Nc<br>
          <hr>
          <b>Distance:</b> 1.714 miles<br>
          <hr>
          <u>Path P1 → P2:</u><br>
          <b>Forward Azimuth at P1 (Az12):</b> 32.133°<br>
          <b>Back Azimuth at P2 (BackAz12):</b> 32.144°<br>
          <hr>
          <u>Path P2 → P1:</u><br>
          <b>Forward Azimuth at P2 (Az21):</b> 212.144°<br>
          <b>Back Azimuth at P1 (BackAz21):</b> 212.133°<br>
          <hr>
          <b>Filter Reason(s):</b> All Pairs (No Filters)<br>
          <hr>
          <i>Calculation Method: Ellipsoidal (WGS84)</i>
        ]]>                
        
            </description>
            <styleUrl>#440</styleUrl>
            <LineString id="438">
                <coordinates>-77.05790028667388,38.872552231854,0.0 -77.04098558,38.89359614000001,0.0</coordinates>
            </LineString>
        </Placemark>
        <Placemark id="443">
            <name>PenA → Wc</name>
            <description>
                
        
<![CDATA[
          <b>P1:</b> PenA<br>
          <b>P2:</b> Wc<br>
          <hr>
          <b>Distance:</b> 1.695 miles<br>
          <hr>
          <u>Path P1 → P2:</u><br>
          <b>Forward Azimuth at P1 (Az12):</b> 32.968°<br>
          <b>Back Azimuth at P2 (BackAz12):</b> 32.979°<br>
          <hr>
          <u>Path P2 → P1:</u><br>
          <b>Forward Azimuth at P2 (Az21):</b> 212.979°<br>
          <b>Back Azimuth at P1 (BackAz21):</b> 212.968°<br>
          <hr>
          <b>Filter Reason(s):</b> All Pairs (No Filters)<br>
          <hr>
          <i>Calculation Method: Ellipsoidal (WGS84)</i>
        ]]>                
        
            </description>
            <styleUrl>#444</styleUrl>
            <LineString id="442">
                <coordinates>-77.05790028667388,38.872552231854,0.0 -77.04078625,38.89317136999999,0.0</coordinates>
            </LineString>
        </Placemark>
        <Placemark id="447">
            <name>PenA → Hk</name>
            <description>
                
        
<![CDATA[
          <b>P1:</b> PenA<br>
          <b>P2:</b> Hk<br>
          <hr>
          <b>Distance:</b> 1.596 miles<br>
          <hr>
          <u>Path P1 → P2:</u><br>
          <b>Forward Azimuth at P1 (Az12):</b> 12.593°<br>
          <b>Back Azimuth at P2 (BackAz12):</b> 12.597°<br>
          <hr>
          <u>Path P2 → P1:</u><br>
          <b>Forward Azimuth at P2 (Az21):</b> 192.597°<br>
          <b>Back Azimuth at P1 (BackAz21):</b> 192.593°<br>
          <hr>
          <b>Filter Reason(s):</b> All Pairs (No Filters)<br>
          <hr>
          <i>Calculation Method: Ellipsoidal (WGS84)</i>
        ]]>                
        
            </description>
            <styleUrl>#448</styleUrl>
            <LineString id="446">
                <coordinates>-77.05790028667388,38.872552231854,0.0 -77.051444,38.8951366,0.0</coordinates>
            </LineString>
        </Placemark>
        <Placemark id="451">
            <name>PenA → NOa</name>
            <description>
                
        
<![CDATA[
          <b>P1:</b> PenA<br>
          <b>P2:</b> NOa<br>
          <hr>
          <b>Distance:</b> 3.415 miles<br>
          <hr>
          <u>Path P1 → P2:</u><br>
          <b>Forward Azimuth at P1 (Az12):</b> 351.698°<br>
          <b>Back Azimuth at P2 (BackAz12):</b> 351.693°<br>
          <hr>
          <u>Path P2 → P1:</u><br>
          <b>Forward Azimuth at P2 (Az21):</b> 171.693°<br>
          <b>Back Azimuth at P1 (BackAz21):</b> 171.698°<br>
          <hr>
          <b>Filter Reason(s):</b> All Pairs (No Filters)<br>
          <hr>
          <i>Calculation Method: Ellipsoidal (WGS84)</i>
        ]]>                
        
            </description>
            <styleUrl>#452</styleUrl>
            <LineString id="450">
                <coordinates>-77.05790028667388,38.872552231854,0.0 -77.06705128052432,38.92154464050518,0.0</coordinates>
            </LineString>
        </Placemark>
        <Placemark id="455">
            <name>PenA → CCnrA</name>
            <description>
                
        
<![CDATA[
          <b>P1:</b> PenA<br>
          <b>P2:</b> CCnrA<br>
          <hr>
          <b>Distance:</b> 2.884 miles<br>
          <hr>
          <u>Path P1 → P2:</u><br>
          <b>Forward Azimuth at P1 (Az12):</b> 67.087°<br>
          <b>Back Azimuth at P2 (BackAz12):</b> 67.118°<br>
          <hr>
          <u>Path P2 → P1:</u><br>
          <b>Forward Azimuth at P2 (Az21):</b> 247.118°<br>
          <b>Back Azimuth at P1 (BackAz21):</b> 247.087°<br>
          <hr>
          <b>Filter Reason(s):</b> All Pairs (No Filters)<br>
          <hr>
          <i>Calculation Method: Ellipsoidal (WGS84)</i>
        ]]>                
        
            </description>
            <styleUrl>#456</styleUrl>
            <LineString id="454">
                <coordinates>-77.05790028667388,38.872552231854,0.0 -77.00861883736764,38.88882152017216,0.0</coordinates>
            </LineString>
        </Placemark>
        <Placemark id="459">
            <name>PenA → PO</name>
            <description>
                
        
<![CDATA[
          <b>P1:</b> PenA<br>
          <b>P2:</b> PO<br>
          <hr>
          <b>Distance:</b> 5.425 miles<br>
          <hr>
          <u>Path P1 → P2:</u><br>
          <b>Forward Azimuth at P1 (Az12):</b> 321.983°<br>
          <b>Back Azimuth at P2 (BackAz12):</b> 321.944°<br>
          <hr>
          <u>Path P2 → P1:</u><br>
          <b>Forward Azimuth at P2 (Az21):</b> 141.944°<br>
          <b>Back Azimuth at P1 (BackAz21):</b> 141.983°<br>
          <hr>
          <b>Filter Reason(s):</b> All Pairs (No Filters)<br>
          <hr>
          <i>Calculation Method: Ellipsoidal (WGS84)</i>
        ]]>                
        
            </description>
            <styleUrl>#460</styleUrl>
            <LineString id="458">
                <coordinates>-77.05790028667388,38.872552231854,0.0 -77.1199159,38.93449309999998,0.0</coordinates>
            </LineString>
        </Placemark>
        <Placemark id="463">
            <name>PenA → AN</name>
            <description>
                
        
<![CDATA[
          <b>P1:</b> PenA<br>
          <b>P2:</b> AN<br>
          <hr>
          <b>Distance:</b> 7.012 miles<br>
          <hr>
          <u>Path P1 → P2:</u><br>
          <b>Forward Azimuth at P1 (Az12):</b> 63.039°<br>
          <b>Back Azimuth at P2 (BackAz12):</b> 63.111°<br>
          <hr>
          <u>Path P2 → P1:</u><br>
          <b>Forward Azimuth at P2 (Az21):</b> 243.111°<br>
          <b>Back Azimuth at P1 (BackAz21):</b> 243.039°<br>
          <hr>
          <b>Filter Reason(s):</b> All Pairs (No Filters)<br>
          <hr>
          <i>Calculation Method: Ellipsoidal (WGS84)</i>
        ]]>                
        
            </description>
            <styleUrl>#464</styleUrl>
            <LineString id="462">
                <coordinates>-77.05790028667388,38.872552231854,0.0 -76.94192180000002,38.91858289999999,0.0</coordinates>
            </LineString>
        </Placemark>
        <Placemark id="467">
            <name>PenA → RC</name>
            <description>
                
        
<![CDATA[
          <b>P1:</b> PenA<br>
          <b>P2:</b> RC<br>
          <hr>
          <b>Distance:</b> 7.888 miles<br>
          <hr>
          <u>Path P1 → P2:</u><br>
          <b>Forward Azimuth at P1 (Az12):</b> 2.183°<br>
          <b>Back Azimuth at P2 (BackAz12):</b> 2.187°<br>
          <hr>
          <u>Path P2 → P1:</u><br>
          <b>Forward Azimuth at P2 (Az21):</b> 182.187°<br>
          <b>Back Azimuth at P1 (BackAz21):</b> 182.183°<br>
          <hr>
          <b>Filter Reason(s):</b> All Pairs (No Filters)<br>
          <hr>
          <i>Calculation Method: Ellipsoidal (WGS84)</i>
        ]]>                
        
            </description>
            <styleUrl>#468</styleUrl>
            <LineString id="466">
                <coordinates>-77.05790028667388,38.872552231854,0.0 -77.05231894611552,38.98682226543504,0.0</coordinates>
            </LineString>
        </Placemark>
        <Placemark id="471">
            <name>PenD → PenC</name>
            <description>
                
        
<![CDATA[
          <b>P1:</b> PenD<br>
          <b>P2:</b> PenC<br>
          <hr>
          <b>Distance:</b> 0.434 miles<br>
          <hr>
          <u>Path P1 → P2:</u><br>
          <b>Forward Azimuth at P1 (Az12):</b> 10.942°<br>
          <b>Back Azimuth at P2 (BackAz12):</b> 10.943°<br>
          <hr>
          <u>Path P2 → P1:</u><br>
          <b>Forward Azimuth at P2 (Az21):</b> 190.943°<br>
          <b>Back Azimuth at P1 (BackAz21):</b> 190.942°<br>
          <hr>
          <b>Filter Reason(s):</b> All Pairs (No Filters)<br>
          <hr>
          <i>Calculation Method: Ellipsoidal (WGS84)</i>
        ]]>                
        
            </description>
            <styleUrl>#472</styleUrl>
            <LineString id="470">
                <coordinates>-77.05845931790411,38.87004371204871,0.0 -77.05693269848774,38.87621612361609,0.0</coordinates>
            </LineString>
        </Placemark>
        <Placemark id="475">
            <name>PenD → K</name>
            <description>
                
        
<![CDATA[
          <b>P1:</b> PenD<br>
          <b>P2:</b> K<br>
          <hr>
          <b>Distance:</b> 1.611 miles<br>
          <hr>
          <u>Path P1 → P2:</u><br>
          <b>Forward Azimuth at P1 (Az12):</b> 13.574°<br>
          <b>Back Azimuth at P2 (BackAz12):</b> 13.578°<br>
          <hr>
          <u>Path P2 → P1:</u><br>
          <b>Forward Azimuth at P2 (Az21):</b> 193.578°<br>
          <b>Back Azimuth at P1 (BackAz21):</b> 193.574°<br>
          <hr>
          <b>Filter Reason(s):</b> All Pairs (No Filters)<br>
          <hr>
          <i>Calculation Method: Ellipsoidal (WGS84)</i>
        ]]>                
        
            </description>
            <styleUrl>#476</styleUrl>
            <LineString id="474">
                <coordinates>-77.05845931790411,38.87004371204871,0.0 -77.051444,38.892751,0.0</coordinates>
            </LineString>
        </Placemark>
        <Placemark id="479">
            <name>PenD → J</name>
            <description>
                
        
<![CDATA[
          <b>P1:</b> PenD<br>
          <b>P2:</b> J<br>
          <hr>
          <b>Distance:</b> 1.803 miles<br>
          <hr>
          <u>Path P1 → P2:</u><br>
          <b>Forward Azimuth at P1 (Az12):</b> 40.886°<br>
          <b>Back Azimuth at P2 (BackAz12):</b> 40.900°<br>
          <hr>
          <u>Path P2 → P1:</u><br>
          <b>Forward Azimuth at P2 (Az21):</b> 220.900°<br>
          <b>Back Azimuth at P1 (BackAz21):</b> 220.886°<br>
          <hr>
          <b>Filter Reason(s):</b> All Pairs (No Filters)<br>
          <hr>
          <i>Calculation Method: Ellipsoidal (WGS84)</i>
        ]]>                
        
            </description>
            <styleUrl>#480</styleUrl>
            <LineString id="478">
                <coordinates>-77.05845931790411,38.87004371204871,0.0 -77.03656908080315,38.88980129959375,0.0</coordinates>
            </LineString>
        </Placemark>
        <Placemark id="483">
            <name>PenD → Cap</name>
            <description>
                
        
<![CDATA[
          <b>P1:</b> PenD<br>
          <b>P2:</b> Cap<br>
          <hr>
          <b>Distance:</b> 2.984 miles<br>
          <hr>
          <u>Path P1 → P2:</u><br>
          <b>Forward Azimuth at P1 (Az12):</b> 62.808°<br>
          <b>Back Azimuth at P2 (BackAz12):</b> 62.839°<br>
          <hr>
          <u>Path P2 → P1:</u><br>
          <b>Forward Azimuth at P2 (Az21):</b> 242.839°<br>
          <b>Back Azimuth at P1 (BackAz21):</b> 242.808°<br>
          <hr>
          <b>Filter Reason(s):</b> All Pairs (No Filters)<br>
          <hr>
          <i>Calculation Method: Ellipsoidal (WGS84)</i>
        ]]>                
        
            </description>
            <styleUrl>#484</styleUrl>
            <LineString id="482">
                <coordinates>-77.05845931790411,38.87004371204871,0.0 -77.009227,38.889801,0.0</coordinates>
            </LineString>
        </Placemark>
        <Placemark id="487">
            <name>PenD → WH</name>
            <description>
                
        
<![CDATA[
          <b>P1:</b> PenD<br>
          <b>P2:</b> WH<br>
          <hr>
          <b>Distance:</b> 2.249 miles<br>
          <hr>
          <u>Path P1 → P2:</u><br>
          <b>Forward Azimuth at P1 (Az12):</b> 31.654°<br>
          <b>Back Azimuth at P2 (BackAz12):</b> 31.668°<br>
          <hr>
          <u>Path P2 → P1:</u><br>
          <b>Forward Azimuth at P2 (Az21):</b> 211.668°<br>
          <b>Back Azimuth at P1 (BackAz21):</b> 211.654°<br>
          <hr>
          <b>Filter Reason(s):</b> All Pairs (No Filters)<br>
          <hr>
          <i>Calculation Method: Ellipsoidal (WGS84)</i>
        ]]>                
        
            </description>
            <styleUrl>#488</styleUrl>
            <LineString id="486">
                <coordinates>-77.05845931790411,38.87004371204871,0.0 -77.036569,38.89778875877805,0.0</coordinates>
            </LineString>
        </Placemark>
        <Placemark id="491">
            <name>PenD → M</name>
            <description>
                
        
<![CDATA[
          <b>P1:</b> PenD<br>
          <b>P2:</b> M<br>
          <hr>
          <b>Distance:</b> 1.833 miles<br>
          <hr>
          <u>Path P1 → P2:</u><br>
          <b>Forward Azimuth at P1 (Az12):</b> 42.979°<br>
          <b>Back Azimuth at P2 (BackAz12):</b> 42.993°<br>
          <hr>
          <u>Path P2 → P1:</u><br>
          <b>Forward Azimuth at P2 (Az21):</b> 222.993°<br>
          <b>Back Azimuth at P1 (BackAz21):</b> 222.979°<br>
          <hr>
          <b>Filter Reason(s):</b> All Pairs (No Filters)<br>
          <hr>
          <i>Calculation Method: Ellipsoidal (WGS84)</i>
        ]]>                
        
            </description>
            <styleUrl>#492</styleUrl>
            <LineString id="490">
                <coordinates>-77.05845931790411,38.87004371204871,0.0 -77.035278,38.889484,0.0</coordinates>
            </LineString>
        </Placemark>
        <Placemark id="495">
            <name>PenD → Sc</name>
            <description>
                
        
<![CDATA[
          <b>P1:</b> PenD<br>
          <b>P2:</b> Sc<br>
          <hr>
          <b>Distance:</b> 1.836 miles<br>
          <hr>
          <u>Path P1 → P2:</u><br>
          <b>Forward Azimuth at P1 (Az12):</b> 31.654°<br>
          <b>Back Azimuth at P2 (BackAz12):</b> 31.665°<br>
          <hr>
          <u>Path P2 → P1:</u><br>
          <b>Forward Azimuth at P2 (Az21):</b> 211.665°<br>
          <b>Back Azimuth at P1 (BackAz21):</b> 211.654°<br>
          <hr>
          <b>Filter Reason(s):</b> All Pairs (No Filters)<br>
          <hr>
          <i>Calculation Method: Ellipsoidal (WGS84)</i>
        ]]>                
        
            </description>
            <styleUrl>#496</styleUrl>
            <LineString id="494">
                <coordinates>-77.05845931790411,38.87004371204871,0.0 -77.04058603,38.89269952,0.0</coordinates>
            </LineString>
        </Placemark>
        <Placemark id="499">
            <name>PenD → Ec</name>
            <description>
                
        
<![CDATA[
          <b>P1:</b> PenD<br>
          <b>P2:</b> Ec<br>
          <hr>
          <b>Distance:</b> 1.839 miles<br>
          <hr>
          <u>Path P1 → P2:</u><br>
          <b>Forward Azimuth at P1 (Az12):</b> 31.421°<br>
          <b>Back Azimuth at P2 (BackAz12):</b> 31.432°<br>
          <hr>
          <u>Path P2 → P1:</u><br>
          <b>Forward Azimuth at P2 (Az21):</b> 211.432°<br>
          <b>Back Azimuth at P1 (BackAz21):</b> 211.421°<br>
          <hr>
          <b>Filter Reason(s):</b> All Pairs (No Filters)<br>
          <hr>
          <i>Calculation Method: Ellipsoidal (WGS84)</i>
        ]]>                
        
            </description>
            <styleUrl>#500</styleUrl>
            <LineString id="498">
                <coordinates>-77.05845931790411,38.87004371204871,0.0 -77.0406797,38.89278669999997,0.0</coordinates>
            </LineString>
        </Placemark>
        <Placemark id="503">
            <name>PenD → Nc</name>
            <description>
                
        
<![CDATA[
          <b>P1:</b> PenD<br>
          <b>P2:</b> Nc<br>
          <hr>
          <b>Distance:</b> 1.878 miles<br>
          <hr>
          <u>Path P1 → P2:</u><br>
          <b>Forward Azimuth at P1 (Az12):</b> 30.104°<br>
          <b>Back Azimuth at P2 (BackAz12):</b> 30.115°<br>
          <hr>
          <u>Path P2 → P1:</u><br>
          <b>Forward Azimuth at P2 (Az21):</b> 210.115°<br>
          <b>Back Azimuth at P1 (BackAz21):</b> 210.104°<br>
          <hr>
          <b>Filter Reason(s):</b> All Pairs (No Filters)<br>
          <hr>
          <i>Calculation Method: Ellipsoidal (WGS84)</i>
        ]]>                
        
            </description>
            <styleUrl>#504</styleUrl>
            <LineString id="502">
                <coordinates>-77.05845931790411,38.87004371204871,0.0 -77.04098558,38.89359614000001,0.0</coordinates>
            </LineString>
        </Placemark>
        <Placemark id="507">
            <name>PenD → Wc</name>
            <description>
                
        
<![CDATA[
          <b>P1:</b> PenD<br>
          <b>P2:</b> Wc<br>
          <hr>
          <b>Distance:</b> 1.858 miles<br>
          <hr>
          <u>Path P1 → P2:</u><br>
          <b>Forward Azimuth at P1 (Az12):</b> 30.843°<br>
          <b>Back Azimuth at P2 (BackAz12):</b> 30.855°<br>
          <hr>
          <u>Path P2 → P1:</u><br>
          <b>Forward Azimuth at P2 (Az21):</b> 210.855°<br>
          <b>Back Azimuth at P1 (BackAz21):</b> 210.843°<br>
          <hr>
          <b>Filter Reason(s):</b> All Pairs (No Filters)<br>
          <hr>
          <i>Calculation Method: Ellipsoidal (WGS84)</i>
        ]]>                
        
            </description>
            <styleUrl>#508</styleUrl>
            <LineString id="506">
                <coordinates>-77.05845931790411,38.87004371204871,0.0 -77.04078625,38.89317136999999,0.0</coordinates>
            </LineString>
        </Placemark>
        <Placemark id="511">
            <name>PenD → Hk</name>
            <description>
                
        
<![CDATA[
          <b>P1:</b> PenD<br>
          <b>P2:</b> Hk<br>
          <hr>
          <b>Distance:</b> 1.772 miles<br>
          <hr>
          <u>Path P1 → P2:</u><br>
          <b>Forward Azimuth at P1 (Az12):</b> 12.324°<br>
          <b>Back Azimuth at P2 (BackAz12):</b> 12.329°<br>
          <hr>
          <u>Path P2 → P1:</u><br>
          <b>Forward Azimuth at P2 (Az21):</b> 192.329°<br>
          <b>Back Azimuth at P1 (BackAz21):</b> 192.324°<br>
          <hr>
          <b>Filter Reason(s):</b> All Pairs (No Filters)<br>
          <hr>
          <i>Calculation Method: Ellipsoidal (WGS84)</i>
        ]]>                
        
            </description>
            <styleUrl>#512</styleUrl>
            <LineString id="510">
                <coordinates>-77.05845931790411,38.87004371204871,0.0 -77.051444,38.8951366,0.0</coordinates>
            </LineString>
        </Placemark>
        <Placemark id="515">
            <name>PenD → NOa</name>
            <description>
                
        
<![CDATA[
          <b>P1:</b> PenD<br>
          <b>P2:</b> NOa<br>
          <hr>
          <b>Distance:</b> 3.583 miles<br>
          <hr>
          <u>Path P1 → P2:</u><br>
          <b>Forward Azimuth at P1 (Az12):</b> 352.575°<br>
          <b>Back Azimuth at P2 (BackAz12):</b> 352.569°<br>
          <hr>
          <u>Path P2 → P1:</u><br>
          <b>Forward Azimuth at P2 (Az21):</b> 172.569°<br>
          <b>Back Azimuth at P1 (BackAz21):</b> 172.575°<br>
          <hr>
          <b>Filter Reason(s):</b> All Pairs (No Filters)<br>
          <hr>
          <i>Calculation Method: Ellipsoidal (WGS84)</i>
        ]]>                
        
            </description>
            <styleUrl>#516</styleUrl>
            <LineString id="514">
                <coordinates>-77.05845931790411,38.87004371204871,0.0 -77.06705128052432,38.92154464050518,0.0</coordinates>
            </LineString>
        </Placemark>
        <Placemark id="519">
            <name>PenD → CCnrA</name>
            <description>
                
        
<![CDATA[
          <b>P1:</b> PenD<br>
          <b>P2:</b> CCnrA<br>
          <hr>
          <b>Distance:</b> 2.983 miles<br>
          <hr>
          <u>Path P1 → P2:</u><br>
          <b>Forward Azimuth at P1 (Az12):</b> 64.250°<br>
          <b>Back Azimuth at P2 (BackAz12):</b> 64.281°<br>
          <hr>
          <u>Path P2 → P1:</u><br>
          <b>Forward Azimuth at P2 (Az21):</b> 244.281°<br>
          <b>Back Azimuth at P1 (BackAz21):</b> 244.250°<br>
          <hr>
          <b>Filter Reason(s):</b> All Pairs (No Filters)<br>
          <hr>
          <i>Calculation Method: Ellipsoidal (WGS84)</i>
        ]]>                
        
            </description>
            <styleUrl>#520</styleUrl>
            <LineString id="518">
                <coordinates>-77.05845931790411,38.87004371204871,0.0 -77.00861883736764,38.88882152017216,0.0</coordinates>
            </LineString>
        </Placemark>
        <Placemark id="523">
            <name>PenD → PO</name>
            <description>
                
        
<![CDATA[
          <b>P1:</b> PenD<br>
          <b>P2:</b> PO<br>
          <hr>
          <b>Distance:</b> 5.544 miles<br>
          <hr>
          <u>Path P1 → P2:</u><br>
          <b>Forward Azimuth at P1 (Az12):</b> 323.329°<br>
          <b>Back Azimuth at P2 (BackAz12):</b> 323.291°<br>
          <hr>
          <u>Path P2 → P1:</u><br>
          <b>Forward Azimuth at P2 (Az21):</b> 143.291°<br>
          <b>Back Azimuth at P1 (BackAz21):</b> 143.329°<br>
          <hr>
          <b>Filter Reason(s):</b> All Pairs (No Filters)<br>
          <hr>
          <i>Calculation Method: Ellipsoidal (WGS84)</i>
        ]]>                
        
            </description>
            <styleUrl>#524</styleUrl>
            <LineString id="522">
                <coordinates>-77.05845931790411,38.87004371204871,0.0 -77.1199159,38.93449309999998,0.0</coordinates>
            </LineString>
        </Placemark>
        <Placemark id="527">
            <name>PenD → AN</name>
            <description>
                
        
<![CDATA[
          <b>P1:</b> PenD<br>
          <b>P2:</b> AN<br>
          <hr>
          <b>Distance:</b> 7.119 miles<br>
          <hr>
          <u>Path P1 → P2:</u><br>
          <b>Forward Azimuth at P1 (Az12):</b> 61.907°<br>
          <b>Back Azimuth at P2 (BackAz12):</b> 61.980°<br>
          <hr>
          <u>Path P2 → P1:</u><br>
          <b>Forward Azimuth at P2 (Az21):</b> 241.980°<br>
          <b>Back Azimuth at P1 (BackAz21):</b> 241.907°<br>
          <hr>
          <b>Filter Reason(s):</b> All Pairs (No Filters)<br>
          <hr>
          <i>Calculation Method: Ellipsoidal (WGS84)</i>
        ]]>                
        
            </description>
            <styleUrl>#528</styleUrl>
            <LineString id="526">
                <coordinates>-77.05845931790411,38.87004371204871,0.0 -76.94192180000002,38.91858289999999,0.0</coordinates>
            </LineString>
        </Placemark>
        <Placemark id="531">
            <name>PenD → RC</name>
            <description>
                
        
<![CDATA[
          <b>P1:</b> PenD<br>
          <b>P2:</b> RC<br>
          <hr>
          <b>Distance:</b> 8.062 miles<br>
          <hr>
          <u>Path P1 → P2:</u><br>
          <b>Forward Azimuth at P1 (Az12):</b> 2.350°<br>
          <b>Back Azimuth at P2 (BackAz12):</b> 2.354°<br>
          <hr>
          <u>Path P2 → P1:</u><br>
          <b>Forward Azimuth at P2 (Az21):</b> 182.354°<br>
          <b>Back Azimuth at P1 (BackAz21):</b> 182.350°<br>
          <hr>
          <b>Filter Reason(s):</b> All Pairs (No Filters)<br>
          <hr>
          <i>Calculation Method: Ellipsoidal (WGS84)</i>
        ]]>                
        
            </description>
            <styleUrl>#532</styleUrl>
            <LineString id="530">
                <coordinates>-77.05845931790411,38.87004371204871,0.0 -77.05231894611552,38.98682226543504,0.0</coordinates>
            </LineString>
        </Placemark>
        <Placemark id="535">
            <name>PenC → K</name>
            <description>
                
        
<![CDATA[
          <b>P1:</b> PenC<br>
          <b>P2:</b> K<br>
          <hr>
          <b>Distance:</b> 1.178 miles<br>
          <hr>
          <u>Path P1 → P2:</u><br>
          <b>Forward Azimuth at P1 (Az12):</b> 14.543°<br>
          <b>Back Azimuth at P2 (BackAz12):</b> 14.546°<br>
          <hr>
          <u>Path P2 → P1:</u><br>
          <b>Forward Azimuth at P2 (Az21):</b> 194.546°<br>
          <b>Back Azimuth at P1 (BackAz21):</b> 194.543°<br>
          <hr>
          <b>Filter Reason(s):</b> All Pairs (No Filters)<br>
          <hr>
          <i>Calculation Method: Ellipsoidal (WGS84)</i>
        ]]>                
        
            </description>
            <styleUrl>#536</styleUrl>
            <LineString id="534">
                <coordinates>-77.05693269848774,38.87621612361609,0.0 -77.051444,38.892751,0.0</coordinates>
            </LineString>
        </Placemark>
        <Placemark id="539">
            <name>PenC → J</name>
            <description>
                
        
<![CDATA[
          <b>P1:</b> PenC<br>
          <b>P2:</b> J<br>
          <hr>
          <b>Distance:</b> 1.443 miles<br>
          <hr>
          <u>Path P1 → P2:</u><br>
          <b>Forward Azimuth at P1 (Az12):</b> 49.512°<br>
          <b>Back Azimuth at P2 (BackAz12):</b> 49.524°<br>
          <hr>
          <u>Path P2 → P1:</u><br>
          <b>Forward Azimuth at P2 (Az21):</b> 229.524°<br>
          <b>Back Azimuth at P1 (BackAz21):</b> 229.512°<br>
          <hr>
          <b>Filter Reason(s):</b> All Pairs (No Filters)<br>
          <hr>
          <i>Calculation Method: Ellipsoidal (WGS84)</i>
        ]]>                
        
            </description>
            <styleUrl>#540</styleUrl>
            <LineString id="538">
                <coordinates>-77.05693269848774,38.87621612361609,0.0 -77.03656908080315,38.88980129959375,0.0</coordinates>
            </LineString>
        </Placemark>
        <Placemark id="543">
            <name>PenC → Cap</name>
            <description>
                
        
<![CDATA[
          <b>P1:</b> PenC<br>
          <b>P2:</b> Cap<br>
          <hr>
          <b>Distance:</b> 2.737 miles<br>
          <hr>
          <u>Path P1 → P2:</u><br>
          <b>Forward Azimuth at P1 (Az12):</b> 69.967°<br>
          <b>Back Azimuth at P2 (BackAz12):</b> 69.997°<br>
          <hr>
          <u>Path P2 → P1:</u><br>
          <b>Forward Azimuth at P2 (Az21):</b> 249.997°<br>
          <b>Back Azimuth at P1 (BackAz21):</b> 249.967°<br>
          <hr>
          <b>Filter Reason(s):</b> All Pairs (No Filters)<br>
          <hr>
          <i>Calculation Method: Ellipsoidal (WGS84)</i>
        ]]>                
        
            </description>
            <styleUrl>#544</styleUrl>
            <LineString id="542">
                <coordinates>-77.05693269848774,38.87621612361609,0.0 -77.009227,38.889801,0.0</coordinates>
            </LineString>
        </Placemark>
        <Placemark id="547">
            <name>PenC → WH</name>
            <description>
                
        
<![CDATA[
          <b>P1:</b> PenC<br>
          <b>P2:</b> WH<br>
          <hr>
          <b>Distance:</b> 1.849 miles<br>
          <hr>
          <u>Path P1 → P2:</u><br>
          <b>Forward Azimuth at P1 (Az12):</b> 36.412°<br>
          <b>Back Azimuth at P2 (BackAz12):</b> 36.425°<br>
          <hr>
          <u>Path P2 → P1:</u><br>
          <b>Forward Azimuth at P2 (Az21):</b> 216.425°<br>
          <b>Back Azimuth at P1 (BackAz21):</b> 216.412°<br>
          <hr>
          <b>Filter Reason(s):</b> All Pairs (No Filters)<br>
          <hr>
          <i>Calculation Method: Ellipsoidal (WGS84)</i>
        ]]>                
        
            </description>
            <styleUrl>#548</styleUrl>
            <LineString id="546">
                <coordinates>-77.05693269848774,38.87621612361609,0.0 -77.036569,38.89778875877805,0.0</coordinates>
            </LineString>
        </Placemark>
        <Placemark id="551">
            <name>PenC → M</name>
            <description>
                
        
<![CDATA[
          <b>P1:</b> PenC<br>
          <b>P2:</b> M<br>
          <hr>
          <b>Distance:</b> 1.483 miles<br>
          <hr>
          <u>Path P1 → P2:</u><br>
          <b>Forward Azimuth at P1 (Az12):</b> 51.900°<br>
          <b>Back Azimuth at P2 (BackAz12):</b> 51.914°<br>
          <hr>
          <u>Path P2 → P1:</u><br>
          <b>Forward Azimuth at P2 (Az21):</b> 231.914°<br>
          <b>Back Azimuth at P1 (BackAz21):</b> 231.900°<br>
          <hr>
          <b>Filter Reason(s):</b> All Pairs (No Filters)<br>
          <hr>
          <i>Calculation Method: Ellipsoidal (WGS84)</i>
        ]]>                
        
            </description>
            <styleUrl>#552</styleUrl>
            <LineString id="550">
                <coordinates>-77.05693269848774,38.87621612361609,0.0 -77.035278,38.889484,0.0</coordinates>
            </LineString>
        </Placemark>
        <Placemark id="555">
            <name>PenC → Sc</name>
            <description>
                
        
<![CDATA[
          <b>P1:</b> PenC<br>
          <b>P2:</b> Sc<br>
          <hr>
          <b>Distance:</b> 1.439 miles<br>
          <hr>
          <u>Path P1 → P2:</u><br>
          <b>Forward Azimuth at P1 (Az12):</b> 37.774°<br>
          <b>Back Azimuth at P2 (BackAz12):</b> 37.785°<br>
          <hr>
          <u>Path P2 → P1:</u><br>
          <b>Forward Azimuth at P2 (Az21):</b> 217.785°<br>
          <b>Back Azimuth at P1 (BackAz21):</b> 217.774°<br>
          <hr>
          <b>Filter Reason(s):</b> All Pairs (No Filters)<br>
          <hr>
          <i>Calculation Method: Ellipsoidal (WGS84)</i>
        ]]>                
        
            </description>
            <styleUrl>#556</styleUrl>
            <LineString id="554">
                <coordinates>-77.05693269848774,38.87621612361609,0.0 -77.04058603,38.89269952,0.0</coordinates>
            </LineString>
        </Placemark>
        <Placemark id="559">
            <name>PenC → Ec</name>
            <description>
                
        
<![CDATA[
          <b>P1:</b> PenC<br>
          <b>P2:</b> Ec<br>
          <hr>
          <b>Distance:</b> 1.440 miles<br>
          <hr>
          <u>Path P1 → P2:</u><br>
          <b>Forward Azimuth at P1 (Az12):</b> 37.469°<br>
          <b>Back Azimuth at P2 (BackAz12):</b> 37.479°<br>
          <hr>
          <u>Path P2 → P1:</u><br>
          <b>Forward Azimuth at P2 (Az21):</b> 217.479°<br>
          <b>Back Azimuth at P1 (BackAz21):</b> 217.469°<br>
          <hr>
          <b>Filter Reason(s):</b> All Pairs (No Filters)<br>
          <hr>
          <i>Calculation Method: Ellipsoidal (WGS84)</i>
        ]]>                
        
            </description>
            <styleUrl>#560</styleUrl>
            <LineString id="558">
                <coordinates>-77.05693269848774,38.87621612361609,0.0 -77.0406797,38.89278669999997,0.0</coordinates>
            </LineString>
        </Placemark>
        <Placemark id="563">
            <name>PenC → Nc</name>
            <description>
                
        
<![CDATA[
          <b>P1:</b> PenC<br>
          <b>P2:</b> Nc<br>
          <hr>
          <b>Distance:</b> 1.475 miles<br>
          <hr>
          <u>Path P1 → P2:</u><br>
          <b>Forward Azimuth at P1 (Az12):</b> 35.641°<br>
          <b>Back Azimuth at P2 (BackAz12):</b> 35.651°<br>
          <hr>
          <u>Path P2 → P1:</u><br>
          <b>Forward Azimuth at P2 (Az21):</b> 215.651°<br>
          <b>Back Azimuth at P1 (BackAz21):</b> 215.641°<br>
          <hr>
          <b>Filter Reason(s):</b> All Pairs (No Filters)<br>
          <hr>
          <i>Calculation Method: Ellipsoidal (WGS84)</i>
        ]]>                
        
            </description>
            <styleUrl>#564</styleUrl>
            <LineString id="562">
                <coordinates>-77.05693269848774,38.87621612361609,0.0 -77.04098558,38.89359614000001,0.0</coordinates>
            </LineString>
        </Placemark>
        <Placemark id="567">
            <name>PenC → Wc</name>
            <description>
                
        
<![CDATA[
          <b>P1:</b> PenC<br>
          <b>P2:</b> Wc<br>
          <hr>
          <b>Distance:</b> 1.458 miles<br>
          <hr>
          <u>Path P1 → P2:</u><br>
          <b>Forward Azimuth at P1 (Az12):</b> 36.655°<br>
          <b>Back Azimuth at P2 (BackAz12):</b> 36.666°<br>
          <hr>
          <u>Path P2 → P1:</u><br>
          <b>Forward Azimuth at P2 (Az21):</b> 216.666°<br>
          <b>Back Azimuth at P1 (BackAz21):</b> 216.655°<br>
          <hr>
          <b>Filter Reason(s):</b> All Pairs (No Filters)<br>
          <hr>
          <i>Calculation Method: Ellipsoidal (WGS84)</i>
        ]]>                
        
            </description>
            <styleUrl>#568</styleUrl>
            <LineString id="566">
                <coordinates>-77.05693269848774,38.87621612361609,0.0 -77.04078625,38.89317136999999,0.0</coordinates>
            </LineString>
        </Placemark>
        <Placemark id="571">
            <name>PenC → Hk</name>
            <description>
                
        
<![CDATA[
          <b>P1:</b> PenC<br>
          <b>P2:</b> Hk<br>
          <hr>
          <b>Distance:</b> 1.338 miles<br>
          <hr>
          <u>Path P1 → P2:</u><br>
          <b>Forward Azimuth at P1 (Az12):</b> 12.773°<br>
          <b>Back Azimuth at P2 (BackAz12):</b> 12.776°<br>
          <hr>
          <u>Path P2 → P1:</u><br>
          <b>Forward Azimuth at P2 (Az21):</b> 192.776°<br>
          <b>Back Azimuth at P1 (BackAz21):</b> 192.773°<br>
          <hr>
          <b>Filter Reason(s):</b> All Pairs (No Filters)<br>
          <hr>
          <i>Calculation Method: Ellipsoidal (WGS84)</i>
        ]]>                
        
            </description>
            <styleUrl>#572</styleUrl>
            <LineString id="570">
                <coordinates>-77.05693269848774,38.87621612361609,0.0 -77.051444,38.8951366,0.0</coordinates>
            </LineString>
        </Placemark>
        <Placemark id="575">
            <name>PenC → NOa</name>
            <description>
                
        
<![CDATA[
          <b>P1:</b> PenC<br>
          <b>P2:</b> NOa<br>
          <hr>
          <b>Distance:</b> 3.174 miles<br>
          <hr>
          <u>Path P1 → P2:</u><br>
          <b>Forward Azimuth at P1 (Az12):</b> 350.108°<br>
          <b>Back Azimuth at P2 (BackAz12):</b> 350.102°<br>
          <hr>
          <u>Path P2 → P1:</u><br>
          <b>Forward Azimuth at P2 (Az21):</b> 170.102°<br>
          <b>Back Azimuth at P1 (BackAz21):</b> 170.108°<br>
          <hr>
          <b>Filter Reason(s):</b> All Pairs (No Filters)<br>
          <hr>
          <i>Calculation Method: Ellipsoidal (WGS84)</i>
        ]]>                
        
            </description>
            <styleUrl>#576</styleUrl>
            <LineString id="574">
                <coordinates>-77.05693269848774,38.87621612361609,0.0 -77.06705128052432,38.92154464050518,0.0</coordinates>
            </LineString>
        </Placemark>
        <Placemark id="579">
            <name>PenC → CCnrA</name>
            <description>
                
        
<![CDATA[
          <b>P1:</b> PenC<br>
          <b>P2:</b> CCnrA<br>
          <hr>
          <b>Distance:</b> 2.746 miles<br>
          <hr>
          <u>Path P1 → P2:</u><br>
          <b>Forward Azimuth at P1 (Az12):</b> 71.526°<br>
          <b>Back Azimuth at P2 (BackAz12):</b> 71.556°<br>
          <hr>
          <u>Path P2 → P1:</u><br>
          <b>Forward Azimuth at P2 (Az21):</b> 251.556°<br>
          <b>Back Azimuth at P1 (BackAz21):</b> 251.526°<br>
          <hr>
          <b>Filter Reason(s):</b> All Pairs (No Filters)<br>
          <hr>
          <i>Calculation Method: Ellipsoidal (WGS84)</i>
        ]]>                
        
            </description>
            <styleUrl>#580</styleUrl>
            <LineString id="578">
                <coordinates>-77.05693269848774,38.87621612361609,0.0 -77.00861883736764,38.88882152017216,0.0</coordinates>
            </LineString>
        </Placemark>
        <Placemark id="583">
            <name>PenC → PO</name>
            <description>
                
        
<![CDATA[
          <b>P1:</b> PenC<br>
          <b>P2:</b> PO<br>
          <hr>
          <b>Distance:</b> 5.262 miles<br>
          <hr>
          <u>Path P1 → P2:</u><br>
          <b>Forward Azimuth at P1 (Az12):</b> 319.840°<br>
          <b>Back Azimuth at P2 (BackAz12):</b> 319.800°<br>
          <hr>
          <u>Path P2 → P1:</u><br>
          <b>Forward Azimuth at P2 (Az21):</b> 139.800°<br>
          <b>Back Azimuth at P1 (BackAz21):</b> 139.840°<br>
          <hr>
          <b>Filter Reason(s):</b> All Pairs (No Filters)<br>
          <hr>
          <i>Calculation Method: Ellipsoidal (WGS84)</i>
        ]]>                
        
            </description>
            <styleUrl>#584</styleUrl>
            <LineString id="582">
                <coordinates>-77.05693269848774,38.87621612361609,0.0 -77.1199159,38.93449309999998,0.0</coordinates>
            </LineString>
        </Placemark>
        <Placemark id="587">
            <name>PenC → AN</name>
            <description>
                
        
<![CDATA[
          <b>P1:</b> PenC<br>
          <b>P2:</b> AN<br>
          <hr>
          <b>Distance:</b> 6.854 miles<br>
          <hr>
          <u>Path P1 → P2:</u><br>
          <b>Forward Azimuth at P1 (Az12):</b> 64.725°<br>
          <b>Back Azimuth at P2 (BackAz12):</b> 64.797°<br>
          <hr>
          <u>Path P2 → P1:</u><br>
          <b>Forward Azimuth at P2 (Az21):</b> 244.797°<br>
          <b>Back Azimuth at P1 (BackAz21):</b> 244.725°<br>
          <hr>
          <b>Filter Reason(s):</b> All Pairs (No Filters)<br>
          <hr>
          <i>Calculation Method: Ellipsoidal (WGS84)</i>
        ]]>                
        
            </description>
            <styleUrl>#588</styleUrl>
            <LineString id="586">
                <coordinates>-77.05693269848774,38.87621612361609,0.0 -76.94192180000002,38.91858289999999,0.0</coordinates>
            </LineString>
        </Placemark>
        <Placemark id="591">
            <name>PenC → RC</name>
            <description>
                
        
<![CDATA[
          <b>P1:</b> PenC<br>
          <b>P2:</b> RC<br>
          <hr>
          <b>Distance:</b> 7.634 miles<br>
          <hr>
          <u>Path P1 → P2:</u><br>
          <b>Forward Azimuth at P1 (Az12):</b> 1.865°<br>
          <b>Back Azimuth at P2 (BackAz12):</b> 1.868°<br>
          <hr>
          <u>Path P2 → P1:</u><br>
          <b>Forward Azimuth at P2 (Az21):</b> 181.868°<br>
          <b>Back Azimuth at P1 (BackAz21):</b> 181.865°<br>
          <hr>
          <b>Filter Reason(s):</b> All Pairs (No Filters)<br>
          <hr>
          <i>Calculation Method: Ellipsoidal (WGS84)</i>
        ]]>                
        
            </description>
            <styleUrl>#592</styleUrl>
            <LineString id="590">
                <coordinates>-77.05693269848774,38.87621612361609,0.0 -77.05231894611552,38.98682226543504,0.0</coordinates>
            </LineString>
        </Placemark>
        <Placemark id="595">
            <name>K → J</name>
            <description>
                
        
<![CDATA[
          <b>P1:</b> K<br>
          <b>P2:</b> J<br>
          <hr>
          <b>Distance:</b> 0.827 miles<br>
          <hr>
          <u>Path P1 → P2:</u><br>
          <b>Forward Azimuth at P1 (Az12):</b> 104.233°<br>
          <b>Back Azimuth at P2 (BackAz12):</b> 104.242°<br>
          <hr>
          <u>Path P2 → P1:</u><br>
          <b>Forward Azimuth at P2 (Az21):</b> 284.242°<br>
          <b>Back Azimuth at P1 (BackAz21):</b> 284.233°<br>
          <hr>
          <b>Filter Reason(s):</b> All Pairs (No Filters)<br>
          <hr>
          <i>Calculation Method: Ellipsoidal (WGS84)</i>
        ]]>                
        
            </description>
            <styleUrl>#596</styleUrl>
            <LineString id="594">
                <coordinates>-77.051444,38.892751,0.0 -77.03656908080315,38.88980129959375,0.0</coordinates>
            </LineString>
        </Placemark>
        <Placemark id="599">
            <name>K → Cap</name>
            <description>
                
        
<![CDATA[
          <b>P1:</b> K<br>
          <b>P2:</b> Cap<br>
          <hr>
          <b>Distance:</b> 2.285 miles<br>
          <hr>
          <u>Path P1 → P2:</u><br>
          <b>Forward Azimuth at P1 (Az12):</b> 95.096°<br>
          <b>Back Azimuth at P2 (BackAz12):</b> 95.123°<br>
          <hr>
          <u>Path P2 → P1:</u><br>
          <b>Forward Azimuth at P2 (Az21):</b> 275.123°<br>
          <b>Back Azimuth at P1 (BackAz21):</b> 275.096°<br>
          <hr>
          <b>Filter Reason(s):</b> All Pairs (No Filters)<br>
          <hr>
          <i>Calculation Method: Ellipsoidal (WGS84)</i>
        ]]>                
        
            </description>
            <styleUrl>#600</styleUrl>
            <LineString id="598">
                <coordinates>-77.051444,38.892751,0.0 -77.009227,38.889801,0.0</coordinates>
            </LineString>
        </Placemark>
        <Placemark id="603">
            <name>K → WH</name>
            <description>
                
        
<![CDATA[
          <b>P1:</b> K<br>
          <b>P2:</b> WH<br>
          <hr>
          <b>Distance:</b> 0.874 miles<br>
          <hr>
          <u>Path P1 → P2:</u><br>
          <b>Forward Azimuth at P1 (Az12):</b> 66.564°<br>
          <b>Back Azimuth at P2 (BackAz12):</b> 66.574°<br>
          <hr>
          <u>Path P2 → P1:</u><br>
          <b>Forward Azimuth at P2 (Az21):</b> 246.574°<br>
          <b>Back Azimuth at P1 (BackAz21):</b> 246.564°<br>
          <hr>
          <b>Filter Reason(s):</b> All Pairs (No Filters)<br>
          <hr>
          <i>Calculation Method: Ellipsoidal (WGS84)</i>
        ]]>                
        
            </description>
            <styleUrl>#604</styleUrl>
            <LineString id="602">
                <coordinates>-77.051444,38.892751,0.0 -77.036569,38.89778875877805,0.0</coordinates>
            </LineString>
        </Placemark>
        <Placemark id="607">
            <name>K → M</name>
            <description>
                
        
<![CDATA[
          <b>P1:</b> K<br>
          <b>P2:</b> M<br>
          <hr>
          <b>Distance:</b> 0.900 miles<br>
          <hr>
          <u>Path P1 → P2:</u><br>
          <b>Forward Azimuth at P1 (Az12):</b> 104.493°<br>
          <b>Back Azimuth at P2 (BackAz12):</b> 104.503°<br>
          <hr>
          <u>Path P2 → P1:</u><br>
          <b>Forward Azimuth at P2 (Az21):</b> 284.503°<br>
          <b>Back Azimuth at P1 (BackAz21):</b> 284.493°<br>
          <hr>
          <b>Filter Reason(s):</b> All Pairs (No Filters)<br>
          <hr>
          <i>Calculation Method: Ellipsoidal (WGS84)</i>
        ]]>                
        
            </description>
            <styleUrl>#608</styleUrl>
            <LineString id="606">
                <coordinates>-77.051444,38.892751,0.0 -77.035278,38.889484,0.0</coordinates>
            </LineString>
        </Placemark>
        <Placemark id="611">
            <name>K → Sc</name>
            <description>
                
        
<![CDATA[
          <b>P1:</b> K<br>
          <b>P2:</b> Sc<br>
          <hr>
          <b>Distance:</b> 0.585 miles<br>
          <hr>
          <u>Path P1 → P2:</u><br>
          <b>Forward Azimuth at P1 (Az12):</b> 90.344°<br>
          <b>Back Azimuth at P2 (BackAz12):</b> 90.351°<br>
          <hr>
          <u>Path P2 → P1:</u><br>
          <b>Forward Azimuth at P2 (Az21):</b> 270.351°<br>
          <b>Back Azimuth at P1 (BackAz21):</b> 270.344°<br>
          <hr>
          <b>Filter Reason(s):</b> All Pairs (No Filters)<br>
          <hr>
          <i>Calculation Method: Ellipsoidal (WGS84)</i>
        ]]>                
        
            </description>
            <styleUrl>#612</styleUrl>
            <LineString id="610">
                <coordinates>-77.051444,38.892751,0.0 -77.04058603,38.89269952,0.0</coordinates>
            </LineString>
        </Placemark>
        <Placemark id="615">
            <name>K → Ec</name>
            <description>
                
        
<![CDATA[
          <b>P1:</b> K<br>
          <b>P2:</b> Ec<br>
          <hr>
          <b>Distance:</b> 0.580 miles<br>
          <hr>
          <u>Path P1 → P2:</u><br>
          <b>Forward Azimuth at P1 (Az12):</b> 89.753°<br>
          <b>Back Azimuth at P2 (BackAz12):</b> 89.760°<br>
          <hr>
          <u>Path P2 → P1:</u><br>
          <b>Forward Azimuth at P2 (Az21):</b> 269.760°<br>
          <b>Back Azimuth at P1 (BackAz21):</b> 269.753°<br>
          <hr>
          <b>Filter Reason(s):</b> All Pairs (No Filters)<br>
          <hr>
          <i>Calculation Method: Ellipsoidal (WGS84)</i>
        ]]>                
        
            </description>
            <styleUrl>#616</styleUrl>
            <LineString id="614">
                <coordinates>-77.051444,38.892751,0.0 -77.0406797,38.89278669999997,0.0</coordinates>
            </LineString>
        </Placemark>
        <Placemark id="619">
            <name>K → Nc</name>
            <description>
                
        
<![CDATA[
          <b>P1:</b> K<br>
          <b>P2:</b> Nc<br>
          <hr>
          <b>Distance:</b> 0.567 miles<br>
          <hr>
          <u>Path P1 → P2:</u><br>
          <b>Forward Azimuth at P1 (Az12):</b> 84.093°<br>
          <b>Back Azimuth at P2 (BackAz12):</b> 84.100°<br>
          <hr>
          <u>Path P2 → P1:</u><br>
          <b>Forward Azimuth at P2 (Az21):</b> 264.100°<br>
          <b>Back Azimuth at P1 (BackAz21):</b> 264.093°<br>
          <hr>
          <b>Filter Reason(s):</b> All Pairs (No Filters)<br>
          <hr>
          <i>Calculation Method: Ellipsoidal (WGS84)</i>
        ]]>                
        
            </description>
            <styleUrl>#620</styleUrl>
            <LineString id="618">
                <coordinates>-77.051444,38.892751,0.0 -77.04098558,38.89359614000001,0.0</coordinates>
            </LineString>
        </Placemark>
        <Placemark id="623">
            <name>K → Wc</name>
            <description>
                
        
<![CDATA[
          <b>P1:</b> K<br>
          <b>P2:</b> Wc<br>
          <hr>
          <b>Distance:</b> 0.575 miles<br>
          <hr>
          <u>Path P1 → P2:</u><br>
          <b>Forward Azimuth at P1 (Az12):</b> 87.107°<br>
          <b>Back Azimuth at P2 (BackAz12):</b> 87.114°<br>
          <hr>
          <u>Path P2 → P1:</u><br>
          <b>Forward Azimuth at P2 (Az21):</b> 267.114°<br>
          <b>Back Azimuth at P1 (BackAz21):</b> 267.107°<br>
          <hr>
          <b>Filter Reason(s):</b> All Pairs (No Filters)<br>
          <hr>
          <i>Calculation Method: Ellipsoidal (WGS84)</i>
        ]]>                
        
            </description>
            <styleUrl>#624</styleUrl>
            <LineString id="622">
                <coordinates>-77.051444,38.892751,0.0 -77.04078625,38.89317136999999,0.0</coordinates>
            </LineString>
        </Placemark>
        <Placemark id="627">
            <name>K → Hk</name>
            <description>
                
        
<![CDATA[
          <b>P1:</b> K<br>
          <b>P2:</b> Hk<br>
          <hr>
          <b>Distance:</b> 0.165 miles<br>
          <hr>
          <u>Path P1 → P2:</u><br>
          <b>Forward Azimuth at P1 (Az12):</b> 0.000°<br>
          <b>Back Azimuth at P2 (BackAz12):</b> 0.000°<br>
          <hr>
          <u>Path P2 → P1:</u><br>
          <b>Forward Azimuth at P2 (Az21):</b> 180.000°<br>
          <b>Back Azimuth at P1 (BackAz21):</b> 180.000°<br>
          <hr>
          <b>Filter Reason(s):</b> All Pairs (No Filters)<br>
          <hr>
          <i>Calculation Method: Ellipsoidal (WGS84)</i>
        ]]>                
        
            </description>
            <styleUrl>#628</styleUrl>
            <LineString id="626">
                <coordinates>-77.051444,38.892751,0.0 -77.051444,38.8951366,0.0</coordinates>
            </LineString>
        </Placemark>
        <Placemark id="631">
            <name>K → NOa</name>
            <description>
                
        
<![CDATA[
          <b>P1:</b> K<br>
          <b>P2:</b> NOa<br>
          <hr>
          <b>Distance:</b> 2.157 miles<br>
          <hr>
          <u>Path P1 → P2:</u><br>
          <b>Forward Azimuth at P1 (Az12):</b> 337.051°<br>
          <b>Back Azimuth at P2 (BackAz12):</b> 337.042°<br>
          <hr>
          <u>Path P2 → P1:</u><br>
          <b>Forward Azimuth at P2 (Az21):</b> 157.042°<br>
          <b>Back Azimuth at P1 (BackAz21):</b> 157.051°<br>
          <hr>
          <b>Filter Reason(s):</b> All Pairs (No Filters)<br>
          <hr>
          <i>Calculation Method: Ellipsoidal (WGS84)</i>
        ]]>                
        
            </description>
            <styleUrl>#632</styleUrl>
            <LineString id="630">
                <coordinates>-77.051444,38.892751,0.0 -77.06705128052432,38.92154464050518,0.0</coordinates>
            </LineString>
        </Placemark>
        <Placemark id="635">
            <name>K → CCnrA</name>
            <description>
                
        
<![CDATA[
          <b>P1:</b> K<br>
          <b>P2:</b> CCnrA<br>
          <hr>
          <b>Distance:</b> 2.325 miles<br>
          <hr>
          <u>Path P1 → P2:</u><br>
          <b>Forward Azimuth at P1 (Az12):</b> 96.683°<br>
          <b>Back Azimuth at P2 (BackAz12):</b> 96.710°<br>
          <hr>
          <u>Path P2 → P1:</u><br>
          <b>Forward Azimuth at P2 (Az21):</b> 276.710°<br>
          <b>Back Azimuth at P1 (BackAz21):</b> 276.683°<br>
          <hr>
          <b>Filter Reason(s):</b> All Pairs (No Filters)<br>
          <hr>
          <i>Calculation Method: Ellipsoidal (WGS84)</i>
        ]]>                
        
            </description>
            <styleUrl>#636</styleUrl>
            <LineString id="634">
                <coordinates>-77.051444,38.892751,0.0 -77.00861883736764,38.88882152017216,0.0</coordinates>
            </LineString>
        </Placemark>
        <Placemark id="639">
            <name>K → PO</name>
            <description>
                
        
<![CDATA[
          <b>P1:</b> K<br>
          <b>P2:</b> PO<br>
          <hr>
          <b>Distance:</b> 4.681 miles<br>
          <hr>
          <u>Path P1 → P2:</u><br>
          <b>Forward Azimuth at P1 (Az12):</b> 307.986°<br>
          <b>Back Azimuth at P2 (BackAz12):</b> 307.943°<br>
          <hr>
          <u>Path P2 → P1:</u><br>
          <b>Forward Azimuth at P2 (Az21):</b> 127.943°<br>
          <b>Back Azimuth at P1 (BackAz21):</b> 127.986°<br>
          <hr>
          <b>Filter Reason(s):</b> All Pairs (No Filters)<br>
          <hr>
          <i>Calculation Method: Ellipsoidal (WGS84)</i>
        ]]>                
        
            </description>
            <styleUrl>#640</styleUrl>
            <LineString id="638">
                <coordinates>-77.051444,38.892751,0.0 -77.1199159,38.93449309999998,0.0</coordinates>
            </LineString>
        </Placemark>
        <Placemark id="643">
            <name>K → AN</name>
            <description>
                
        
<![CDATA[
          <b>P1:</b> K<br>
          <b>P2:</b> AN<br>
          <hr>
          <b>Distance:</b> 6.166 miles<br>
          <hr>
          <u>Path P1 → P2:</u><br>
          <b>Forward Azimuth at P1 (Az12):</b> 73.169°<br>
          <b>Back Azimuth at P2 (BackAz12):</b> 73.237°<br>
          <hr>
          <u>Path P2 → P1:</u><br>
          <b>Forward Azimuth at P2 (Az21):</b> 253.237°<br>
          <b>Back Azimuth at P1 (BackAz21):</b> 253.169°<br>
          <hr>
          <b>Filter Reason(s):</b> All Pairs (No Filters)<br>
          <hr>
          <i>Calculation Method: Ellipsoidal (WGS84)</i>
        ]]>                
        
            </description>
            <styleUrl>#644</styleUrl>
            <LineString id="642">
                <coordinates>-77.051444,38.892751,0.0 -76.94192180000002,38.91858289999999,0.0</coordinates>
            </LineString>
        </Placemark>
        <Placemark id="647">
            <name>K → RC</name>
            <description>
                
        
<![CDATA[
          <b>P1:</b> K<br>
          <b>P2:</b> RC<br>
          <hr>
          <b>Distance:</b> 6.489 miles<br>
          <hr>
          <u>Path P1 → P2:</u><br>
          <b>Forward Azimuth at P1 (Az12):</b> 359.584°<br>
          <b>Back Azimuth at P2 (BackAz12):</b> 359.584°<br>
          <hr>
          <u>Path P2 → P1:</u><br>
          <b>Forward Azimuth at P2 (Az21):</b> 179.584°<br>
          <b>Back Azimuth at P1 (BackAz21):</b> 179.584°<br>
          <hr>
          <b>Filter Reason(s):</b> All Pairs (No Filters)<br>
          <hr>
          <i>Calculation Method: Ellipsoidal (WGS84)</i>
        ]]>                
        
            </description>
            <styleUrl>#648</styleUrl>
            <LineString id="646">
                <coordinates>-77.051444,38.892751,0.0 -77.05231894611552,38.98682226543504,0.0</coordinates>
            </LineString>
        </Placemark>
        <Placemark id="651">
            <name>J → Cap</name>
            <description>
                
        
<![CDATA[
          <b>P1:</b> J<br>
          <b>P2:</b> Cap<br>
          <hr>
          <b>Distance:</b> 1.474 miles<br>
          <hr>
          <u>Path P1 → P2:</u><br>
          <b>Forward Azimuth at P1 (Az12):</b> 89.992°<br>
          <b>Back Azimuth at P2 (BackAz12):</b> 90.009°<br>
          <hr>
          <u>Path P2 → P1:</u><br>
          <b>Forward Azimuth at P2 (Az21):</b> 270.009°<br>
          <b>Back Azimuth at P1 (BackAz21):</b> 269.992°<br>
          <hr>
          <b>Filter Reason(s):</b> All Pairs (No Filters)<br>
          <hr>
          <i>Calculation Method: Ellipsoidal (WGS84)</i>
        ]]>                
        
            </description>
            <styleUrl>#652</styleUrl>
            <LineString id="650">
                <coordinates>-77.03656908080315,38.88980129959375,0.0 -77.009227,38.889801,0.0</coordinates>
            </LineString>
        </Placemark>
        <Placemark id="655">
            <name>J → WH</name>
            <description>
                
        
<![CDATA[
          <b>P1:</b> J<br>
          <b>P2:</b> WH<br>
          <hr>
          <b>Distance:</b> 0.551 miles<br>
          <hr>
          <u>Path P1 → P2:</u><br>
          <b>Forward Azimuth at P1 (Az12):</b> 0.000°<br>
          <b>Back Azimuth at P2 (BackAz12):</b> 0.000°<br>
          <hr>
          <u>Path P2 → P1:</u><br>
          <b>Forward Azimuth at P2 (Az21):</b> 180.000°<br>
          <b>Back Azimuth at P1 (BackAz21):</b> 180.000°<br>
          <hr>
          <b>Filter Reason(s):</b> All Pairs (No Filters)<br>
          <hr>
          <i>Calculation Method: Ellipsoidal (WGS84)</i>
        ]]>                
        
            </description>
            <styleUrl>#656</styleUrl>
            <LineString id="654">
                <coordinates>-77.03656908080315,38.88980129959375,0.0 -77.036569,38.89778875877805,0.0</coordinates>
            </LineString>
        </Placemark>
        <Placemark id="659">
            <name>J → M</name>
            <description>
                
        
<![CDATA[
          <b>P1:</b> J<br>
          <b>P2:</b> M<br>
          <hr>
          <b>Distance:</b> 0.073 miles<br>
          <hr>
          <u>Path P1 → P2:</u><br>
          <b>Forward Azimuth at P1 (Az12):</b> 107.456°<br>
          <b>Back Azimuth at P2 (BackAz12):</b> 107.457°<br>
          <hr>
          <u>Path P2 → P1:</u><br>
          <b>Forward Azimuth at P2 (Az21):</b> 287.457°<br>
          <b>Back Azimuth at P1 (BackAz21):</b> 287.456°<br>
          <hr>
          <b>Filter Reason(s):</b> All Pairs (No Filters)<br>
          <hr>
          <i>Calculation Method: Ellipsoidal (WGS84)</i>
        ]]>                
        
            </description>
            <styleUrl>#660</styleUrl>
            <LineString id="658">
                <coordinates>-77.03656908080315,38.88980129959375,0.0 -77.035278,38.889484,0.0</coordinates>
            </LineString>
        </Placemark>
        <Placemark id="663">
            <name>J → Sc</name>
            <description>
                
        
<![CDATA[
          <b>P1:</b> J<br>
          <b>P2:</b> Sc<br>
          <hr>
          <b>Distance:</b> 0.295 miles<br>
          <hr>
          <u>Path P1 → P2:</u><br>
          <b>Forward Azimuth at P1 (Az12):</b> 312.715°<br>
          <b>Back Azimuth at P2 (BackAz12):</b> 312.712°<br>
          <hr>
          <u>Path P2 → P1:</u><br>
          <b>Forward Azimuth at P2 (Az21):</b> 132.712°<br>
          <b>Back Azimuth at P1 (BackAz21):</b> 132.715°<br>
          <hr>
          <b>Filter Reason(s):</b> All Pairs (No Filters)<br>
          <hr>
          <i>Calculation Method: Ellipsoidal (WGS84)</i>
        ]]>                
        
            </description>
            <styleUrl>#664</styleUrl>
            <LineString id="662">
                <coordinates>-77.03656908080315,38.88980129959375,0.0 -77.04058603,38.89269952,0.0</coordinates>
            </LineString>
        </Placemark>
        <Placemark id="667">
            <name>J → Ec</name>
            <description>
                
        
<![CDATA[
          <b>P1:</b> J<br>
          <b>P2:</b> Ec<br>
          <hr>
          <b>Distance:</b> 0.303 miles<br>
          <hr>
          <u>Path P1 → P2:</u><br>
          <b>Forward Azimuth at P1 (Az12):</b> 312.903°<br>
          <b>Back Azimuth at P2 (BackAz12):</b> 312.900°<br>
          <hr>
          <u>Path P2 → P1:</u><br>
          <b>Forward Azimuth at P2 (Az21):</b> 132.900°<br>
          <b>Back Azimuth at P1 (BackAz21):</b> 132.903°<br>
          <hr>
          <b>Filter Reason(s):</b> All Pairs (No Filters)<br>
          <hr>
          <i>Calculation Method: Ellipsoidal (WGS84)</i>
        ]]>                
        
            </description>
            <styleUrl>#668</styleUrl>
            <LineString id="666">
                <coordinates>-77.03656908080315,38.88980129959375,0.0 -77.0406797,38.89278669999997,0.0</coordinates>
            </LineString>
        </Placemark>
        <Placemark id="671">
            <name>J → Nc</name>
            <description>
                
        
<![CDATA[
          <b>P1:</b> J<br>
          <b>P2:</b> Nc<br>
          <hr>
          <b>Distance:</b> 0.354 miles<br>
          <hr>
          <u>Path P1 → P2:</u><br>
          <b>Forward Azimuth at P1 (Az12):</b> 317.714°<br>
          <b>Back Azimuth at P2 (BackAz12):</b> 317.711°<br>
          <hr>
          <u>Path P2 → P1:</u><br>
          <b>Forward Azimuth at P2 (Az21):</b> 137.711°<br>
          <b>Back Azimuth at P1 (BackAz21):</b> 137.714°<br>
          <hr>
          <b>Filter Reason(s):</b> All Pairs (No Filters)<br>
          <hr>
          <i>Calculation Method: Ellipsoidal (WGS84)</i>
        ]]>                
        
            </description>
            <styleUrl>#672</styleUrl>
            <LineString id="670">
                <coordinates>-77.03656908080315,38.88980129959375,0.0 -77.04098558,38.89359614000001,0.0</coordinates>
            </LineString>
        </Placemark>
        <Placemark id="675">
            <name>J → Wc</name>
            <description>
                
        
<![CDATA[
          <b>P1:</b> J<br>
          <b>P2:</b> Wc<br>
          <hr>
          <b>Distance:</b> 0.325 miles<br>
          <hr>
          <u>Path P1 → P2:</u><br>
          <b>Forward Azimuth at P1 (Az12):</b> 315.640°<br>
          <b>Back Azimuth at P2 (BackAz12):</b> 315.637°<br>
          <hr>
          <u>Path P2 → P1:</u><br>
          <b>Forward Azimuth at P2 (Az21):</b> 135.637°<br>
          <b>Back Azimuth at P1 (BackAz21):</b> 135.640°<br>
          <hr>
          <b>Filter Reason(s):</b> All Pairs (No Filters)<br>
          <hr>
          <i>Calculation Method: Ellipsoidal (WGS84)</i>
        ]]>                
        
            </description>
            <styleUrl>#676</styleUrl>
            <LineString id="674">
                <coordinates>-77.03656908080315,38.88980129959375,0.0 -77.04078625,38.89317136999999,0.0</coordinates>
            </LineString>
        </Placemark>
        <Placemark id="679">
            <name>J → Hk</name>
            <description>
                
        
<![CDATA[
          <b>P1:</b> J<br>
          <b>P2:</b> Hk<br>
          <hr>
          <b>Distance:</b> 0.882 miles<br>
          <hr>
          <u>Path P1 → P2:</u><br>
          <b>Forward Azimuth at P1 (Az12):</b> 294.658°<br>
          <b>Back Azimuth at P2 (BackAz12):</b> 294.648°<br>
          <hr>
          <u>Path P2 → P1:</u><br>
          <b>Forward Azimuth at P2 (Az21):</b> 114.648°<br>
          <b>Back Azimuth at P1 (BackAz21):</b> 114.658°<br>
          <hr>
          <b>Filter Reason(s):</b> All Pairs (No Filters)<br>
          <hr>
          <i>Calculation Method: Ellipsoidal (WGS84)</i>
        ]]>                
        
            </description>
            <styleUrl>#680</styleUrl>
            <LineString id="678">
                <coordinates>-77.03656908080315,38.88980129959375,0.0 -77.051444,38.8951366,0.0</coordinates>
            </LineString>
        </Placemark>
        <Placemark id="683">
            <name>J → NOa</name>
            <description>
                
        
<![CDATA[
          <b>P1:</b> J<br>
          <b>P2:</b> NOa<br>
          <hr>
          <b>Distance:</b> 2.738 miles<br>
          <hr>
          <u>Path P1 → P2:</u><br>
          <b>Forward Azimuth at P1 (Az12):</b> 323.128°<br>
          <b>Back Azimuth at P2 (BackAz12):</b> 323.109°<br>
          <hr>
          <u>Path P2 → P1:</u><br>
          <b>Forward Azimuth at P2 (Az21):</b> 143.109°<br>
          <b>Back Azimuth at P1 (BackAz21):</b> 143.128°<br>
          <hr>
          <b>Filter Reason(s):</b> All Pairs (No Filters)<br>
          <hr>
          <i>Calculation Method: Ellipsoidal (WGS84)</i>
        ]]>                
        
            </description>
            <styleUrl>#684</styleUrl>
            <LineString id="682">
                <coordinates>-77.03656908080315,38.88980129959375,0.0 -77.06705128052432,38.92154464050518,0.0</coordinates>
            </LineString>
        </Placemark>
        <Placemark id="687">
            <name>J → CCnrA</name>
            <description>
                
        
<![CDATA[
          <b>P1:</b> J<br>
          <b>P2:</b> CCnrA<br>
          <hr>
          <b>Distance:</b> 1.508 miles<br>
          <hr>
          <u>Path P1 → P2:</u><br>
          <b>Forward Azimuth at P1 (Az12):</b> 92.559°<br>
          <b>Back Azimuth at P2 (BackAz12):</b> 92.577°<br>
          <hr>
          <u>Path P2 → P1:</u><br>
          <b>Forward Azimuth at P2 (Az21):</b> 272.577°<br>
          <b>Back Azimuth at P1 (BackAz21):</b> 272.559°<br>
          <hr>
          <b>Filter Reason(s):</b> All Pairs (No Filters)<br>
          <hr>
          <i>Calculation Method: Ellipsoidal (WGS84)</i>
        ]]>                
        
            </description>
            <styleUrl>#688</styleUrl>
            <LineString id="686">
                <coordinates>-77.03656908080315,38.88980129959375,0.0 -77.00861883736764,38.88882152017216,0.0</coordinates>
            </LineString>
        </Placemark>
        <Placemark id="691">
            <name>J → PO</name>
            <description>
                
        
<![CDATA[
          <b>P1:</b> J<br>
          <b>P2:</b> PO<br>
          <hr>
          <b>Distance:</b> 5.448 miles<br>
          <hr>
          <u>Path P1 → P2:</u><br>
          <b>Forward Azimuth at P1 (Az12):</b> 304.489°<br>
          <b>Back Azimuth at P2 (BackAz12):</b> 304.437°<br>
          <hr>
          <u>Path P2 → P1:</u><br>
          <b>Forward Azimuth at P2 (Az21):</b> 124.437°<br>
          <b>Back Azimuth at P1 (BackAz21):</b> 124.489°<br>
          <hr>
          <b>Filter Reason(s):</b> All Pairs (No Filters)<br>
          <hr>
          <i>Calculation Method: Ellipsoidal (WGS84)</i>
        ]]>                
        
            </description>
            <styleUrl>#692</styleUrl>
            <LineString id="690">
                <coordinates>-77.03656908080315,38.88980129959375,0.0 -77.1199159,38.93449309999998,0.0</coordinates>
            </LineString>
        </Placemark>
        <Placemark id="695">
            <name>J → AN</name>
            <description>
                
        
<![CDATA[
          <b>P1:</b> J<br>
          <b>P2:</b> AN<br>
          <hr>
          <b>Distance:</b> 5.474 miles<br>
          <hr>
          <u>Path P1 → P2:</u><br>
          <b>Forward Azimuth at P1 (Az12):</b> 68.705°<br>
          <b>Back Azimuth at P2 (BackAz12):</b> 68.765°<br>
          <hr>
          <u>Path P2 → P1:</u><br>
          <b>Forward Azimuth at P2 (Az21):</b> 248.765°<br>
          <b>Back Azimuth at P1 (BackAz21):</b> 248.705°<br>
          <hr>
          <b>Filter Reason(s):</b> All Pairs (No Filters)<br>
          <hr>
          <i>Calculation Method: Ellipsoidal (WGS84)</i>
        ]]>                
        
            </description>
            <styleUrl>#696</styleUrl>
            <LineString id="694">
                <coordinates>-77.03656908080315,38.88980129959375,0.0 -76.94192180000002,38.91858289999999,0.0</coordinates>
            </LineString>
        </Placemark>
        <Placemark id="699">
            <name>J → RC</name>
            <description>
                
        
<![CDATA[
          <b>P1:</b> J<br>
          <b>P2:</b> RC<br>
          <hr>
          <b>Distance:</b> 6.746 miles<br>
          <hr>
          <u>Path P1 → P2:</u><br>
          <b>Forward Azimuth at P1 (Az12):</b> 352.779°<br>
          <b>Back Azimuth at P2 (BackAz12):</b> 352.769°<br>
          <hr>
          <u>Path P2 → P1:</u><br>
          <b>Forward Azimuth at P2 (Az21):</b> 172.769°<br>
          <b>Back Azimuth at P1 (BackAz21):</b> 172.779°<br>
          <hr>
          <b>Filter Reason(s):</b> All Pairs (No Filters)<br>
          <hr>
          <i>Calculation Method: Ellipsoidal (WGS84)</i>
        ]]>                
        
            </description>
            <styleUrl>#700</styleUrl>
            <LineString id="698">
                <coordinates>-77.03656908080315,38.88980129959375,0.0 -77.05231894611552,38.98682226543504,0.0</coordinates>
            </LineString>
        </Placemark>
        <Placemark id="703">
            <name>Cap → WH</name>
            <description>
                
        
<![CDATA[
          <b>P1:</b> Cap<br>
          <b>P2:</b> WH<br>
          <hr>
          <b>Distance:</b> 1.574 miles<br>
          <hr>
          <u>Path P1 → P2:</u><br>
          <b>Forward Azimuth at P1 (Az12):</b> 290.506°<br>
          <b>Back Azimuth at P2 (BackAz12):</b> 290.489°<br>
          <hr>
          <u>Path P2 → P1:</u><br>
          <b>Forward Azimuth at P2 (Az21):</b> 110.489°<br>
          <b>Back Azimuth at P1 (BackAz21):</b> 110.506°<br>
          <hr>
          <b>Filter Reason(s):</b> All Pairs (No Filters)<br>
          <hr>
          <i>Calculation Method: Ellipsoidal (WGS84)</i>
        ]]>                
        
            </description>
            <styleUrl>#704</styleUrl>
            <LineString id="702">
                <coordinates>-77.009227,38.889801,0.0 -77.036569,38.89778875877805,0.0</coordinates>
            </LineString>
        </Placemark>
        <Placemark id="707">
            <name>Cap → M</name>
            <description>
                
        
<![CDATA[
          <b>P1:</b> Cap<br>
          <b>P2:</b> M<br>
          <hr>
          <b>Distance:</b> 1.405 miles<br>
          <hr>
          <u>Path P1 → P2:</u><br>
          <b>Forward Azimuth at P1 (Az12):</b> 269.116°<br>
          <b>Back Azimuth at P2 (BackAz12):</b> 269.100°<br>
          <hr>
          <u>Path P2 → P1:</u><br>
          <b>Forward Azimuth at P2 (Az21):</b> 89.100°<br>
          <b>Back Azimuth at P1 (BackAz21):</b> 89.116°<br>
          <hr>
          <b>Filter Reason(s):</b> All Pairs (No Filters)<br>
          <hr>
          <i>Calculation Method: Ellipsoidal (WGS84)</i>
        ]]>                
        
            </description>
            <styleUrl>#708</styleUrl>
            <LineString id="706">
                <coordinates>-77.009227,38.889801,0.0 -77.035278,38.889484,0.0</coordinates>
            </LineString>
        </Placemark>
        <Placemark id="711">
            <name>Cap → Sc</name>
            <description>
                
        
<![CDATA[
          <b>P1:</b> Cap<br>
          <b>P2:</b> Sc<br>
          <hr>
          <b>Distance:</b> 1.702 miles<br>
          <hr>
          <u>Path P1 → P2:</u><br>
          <b>Forward Azimuth at P1 (Az12):</b> 276.755°<br>
          <b>Back Azimuth at P2 (BackAz12):</b> 276.735°<br>
          <hr>
          <u>Path P2 → P1:</u><br>
          <b>Forward Azimuth at P2 (Az21):</b> 96.735°<br>
          <b>Back Azimuth at P1 (BackAz21):</b> 96.755°<br>
          <hr>
          <b>Filter Reason(s):</b> All Pairs (No Filters)<br>
          <hr>
          <i>Calculation Method: Ellipsoidal (WGS84)</i>
        ]]>                
        
            </description>
            <styleUrl>#712</styleUrl>
            <LineString id="710">
                <coordinates>-77.009227,38.889801,0.0 -77.04058603,38.89269952,0.0</coordinates>
            </LineString>
        </Placemark>
        <Placemark id="715">
            <name>Cap → Ec</name>
            <description>
                
        
<![CDATA[
          <b>P1:</b> Cap<br>
          <b>P2:</b> Ec<br>
          <hr>
          <b>Distance:</b> 1.708 miles<br>
          <hr>
          <u>Path P1 → P2:</u><br>
          <b>Forward Azimuth at P1 (Az12):</b> 276.935°<br>
          <b>Back Azimuth at P2 (BackAz12):</b> 276.916°<br>
          <hr>
          <u>Path P2 → P1:</u><br>
          <b>Forward Azimuth at P2 (Az21):</b> 96.916°<br>
          <b>Back Azimuth at P1 (BackAz21):</b> 96.935°<br>
          <hr>
          <b>Filter Reason(s):</b> All Pairs (No Filters)<br>
          <hr>
          <i>Calculation Method: Ellipsoidal (WGS84)</i>
        ]]>                
        
            </description>
            <styleUrl>#716</styleUrl>
            <LineString id="714">
                <coordinates>-77.009227,38.889801,0.0 -77.0406797,38.89278669999997,0.0</coordinates>
            </LineString>
        </Placemark>
        <Placemark id="719">
            <name>Cap → Nc</name>
            <description>
                
        
<![CDATA[
          <b>P1:</b> Cap<br>
          <b>P2:</b> Nc<br>
          <hr>
          <b>Distance:</b> 1.732 miles<br>
          <hr>
          <u>Path P1 → P2:</u><br>
          <b>Forward Azimuth at P1 (Az12):</b> 278.704°<br>
          <b>Back Azimuth at P2 (BackAz12):</b> 278.684°<br>
          <hr>
          <u>Path P2 → P1:</u><br>
          <b>Forward Azimuth at P2 (Az21):</b> 98.684°<br>
          <b>Back Azimuth at P1 (BackAz21):</b> 98.704°<br>
          <hr>
          <b>Filter Reason(s):</b> All Pairs (No Filters)<br>
          <hr>
          <i>Calculation Method: Ellipsoidal (WGS84)</i>
        ]]>                
        
            </description>
            <styleUrl>#720</styleUrl>
            <LineString id="718">
                <coordinates>-77.009227,38.889801,0.0 -77.04098558,38.89359614000001,0.0</coordinates>
            </LineString>
        </Placemark>
        <Placemark id="723">
            <name>Cap → Wc</name>
            <description>
                
        
<![CDATA[
          <b>P1:</b> Cap<br>
          <b>P2:</b> Wc<br>
          <hr>
          <b>Distance:</b> 1.717 miles<br>
          <hr>
          <u>Path P1 → P2:</u><br>
          <b>Forward Azimuth at P1 (Az12):</b> 277.791°<br>
          <b>Back Azimuth at P2 (BackAz12):</b> 277.771°<br>
          <hr>
          <u>Path P2 → P1:</u><br>
          <b>Forward Azimuth at P2 (Az21):</b> 97.771°<br>
          <b>Back Azimuth at P1 (BackAz21):</b> 97.791°<br>
          <hr>
          <b>Filter Reason(s):</b> All Pairs (No Filters)<br>
          <hr>
          <i>Calculation Method: Ellipsoidal (WGS84)</i>
        ]]>                
        
            </description>
            <styleUrl>#724</styleUrl>
            <LineString id="722">
                <coordinates>-77.009227,38.889801,0.0 -77.04078625,38.89317136999999,0.0</coordinates>
            </LineString>
        </Placemark>
        <Placemark id="727">
            <name>Cap → Hk</name>
            <description>
                
        
<![CDATA[
          <b>P1:</b> Cap<br>
          <b>P2:</b> Hk<br>
          <hr>
          <b>Distance:</b> 2.305 miles<br>
          <hr>
          <u>Path P1 → P2:</u><br>
          <b>Forward Azimuth at P1 (Az12):</b> 279.200°<br>
          <b>Back Azimuth at P2 (BackAz12):</b> 279.173°<br>
          <hr>
          <u>Path P2 → P1:</u><br>
          <b>Forward Azimuth at P2 (Az21):</b> 99.173°<br>
          <b>Back Azimuth at P1 (BackAz21):</b> 99.200°<br>
          <hr>
          <b>Filter Reason(s):</b> All Pairs (No Filters)<br>
          <hr>
          <i>Calculation Method: Ellipsoidal (WGS84)</i>
        ]]>                
        
            </description>
            <styleUrl>#728</styleUrl>
            <LineString id="726">
                <coordinates>-77.009227,38.889801,0.0 -77.051444,38.8951366,0.0</coordinates>
            </LineString>
        </Placemark>
        <Placemark id="731">
            <name>Cap → NOa</name>
            <description>
                
        
<![CDATA[
          <b>P1:</b> Cap<br>
          <b>P2:</b> NOa<br>
          <hr>
          <b>Distance:</b> 3.809 miles<br>
          <hr>
          <u>Path P1 → P2:</u><br>
          <b>Forward Azimuth at P1 (Az12):</b> 305.109°<br>
          <b>Back Azimuth at P2 (BackAz12):</b> 305.073°<br>
          <hr>
          <u>Path P2 → P1:</u><br>
          <b>Forward Azimuth at P2 (Az21):</b> 125.073°<br>
          <b>Back Azimuth at P1 (BackAz21):</b> 125.109°<br>
          <hr>
          <b>Filter Reason(s):</b> All Pairs (No Filters)<br>
          <hr>
          <i>Calculation Method: Ellipsoidal (WGS84)</i>
        ]]>                
        
            </description>
            <styleUrl>#732</styleUrl>
            <LineString id="730">
                <coordinates>-77.009227,38.889801,0.0 -77.06705128052432,38.92154464050518,0.0</coordinates>
            </LineString>
        </Placemark>
        <Placemark id="735">
            <name>Cap → CCnrA</name>
            <description>
                
        
<![CDATA[
          <b>P1:</b> Cap<br>
          <b>P2:</b> CCnrA<br>
          <hr>
          <b>Distance:</b> 0.075 miles<br>
          <hr>
          <u>Path P1 → P2:</u><br>
          <b>Forward Azimuth at P1 (Az12):</b> 154.114°<br>
          <b>Back Azimuth at P2 (BackAz12):</b> 154.115°<br>
          <hr>
          <u>Path P2 → P1:</u><br>
          <b>Forward Azimuth at P2 (Az21):</b> 334.115°<br>
          <b>Back Azimuth at P1 (BackAz21):</b> 334.114°<br>
          <hr>
          <b>Filter Reason(s):</b> All Pairs (No Filters)<br>
          <hr>
          <i>Calculation Method: Ellipsoidal (WGS84)</i>
        ]]>                
        
            </description>
            <styleUrl>#736</styleUrl>
            <LineString id="734">
                <coordinates>-77.009227,38.889801,0.0 -77.00861883736764,38.88882152017216,0.0</coordinates>
            </LineString>
        </Placemark>
        <Placemark id="739">
            <name>Cap → PO</name>
            <description>
                
        
<![CDATA[
          <b>P1:</b> Cap<br>
          <b>P2:</b> PO<br>
          <hr>
          <b>Distance:</b> 6.715 miles<br>
          <hr>
          <u>Path P1 → P2:</u><br>
          <b>Forward Azimuth at P1 (Az12):</b> 297.364°<br>
          <b>Back Azimuth at P2 (BackAz12):</b> 297.295°<br>
          <hr>
          <u>Path P2 → P1:</u><br>
          <b>Forward Azimuth at P2 (Az21):</b> 117.295°<br>
          <b>Back Azimuth at P1 (BackAz21):</b> 117.364°<br>
          <hr>
          <b>Filter Reason(s):</b> All Pairs (No Filters)<br>
          <hr>
          <i>Calculation Method: Ellipsoidal (WGS84)</i>
        ]]>                
        
            </description>
            <styleUrl>#740</styleUrl>
            <LineString id="738">
                <coordinates>-77.009227,38.889801,0.0 -77.1199159,38.93449309999998,0.0</coordinates>
            </LineString>
        </Placemark>
        <Placemark id="743">
            <name>Cap → AN</name>
            <description>
                
        
<![CDATA[
          <b>P1:</b> Cap<br>
          <b>P2:</b> AN<br>
          <hr>
          <b>Distance:</b> 4.135 miles<br>
          <hr>
          <u>Path P1 → P2:</u><br>
          <b>Forward Azimuth at P1 (Az12):</b> 61.288°<br>
          <b>Back Azimuth at P2 (BackAz12):</b> 61.330°<br>
          <hr>
          <u>Path P2 → P1:</u><br>
          <b>Forward Azimuth at P2 (Az21):</b> 241.330°<br>
          <b>Back Azimuth at P1 (BackAz21):</b> 241.288°<br>
          <hr>
          <b>Filter Reason(s):</b> All Pairs (No Filters)<br>
          <hr>
          <i>Calculation Method: Ellipsoidal (WGS84)</i>
        ]]>                
        
            </description>
            <styleUrl>#744</styleUrl>
            <LineString id="742">
                <coordinates>-77.009227,38.889801,0.0 -76.94192180000002,38.91858289999999,0.0</coordinates>
            </LineString>
        </Placemark>
        <Placemark id="747">
            <name>Cap → RC</name>
            <description>
                
        
<![CDATA[
          <b>P1:</b> Cap<br>
          <b>P2:</b> RC<br>
          <hr>
          <b>Distance:</b> 7.084 miles<br>
          <hr>
          <u>Path P1 → P2:</u><br>
          <b>Forward Azimuth at P1 (Az12):</b> 340.883°<br>
          <b>Back Azimuth at P2 (BackAz12):</b> 340.856°<br>
          <hr>
          <u>Path P2 → P1:</u><br>
          <b>Forward Azimuth at P2 (Az21):</b> 160.856°<br>
          <b>Back Azimuth at P1 (BackAz21):</b> 160.883°<br>
          <hr>
          <b>Filter Reason(s):</b> All Pairs (No Filters)<br>
          <hr>
          <i>Calculation Method: Ellipsoidal (WGS84)</i>
        ]]>                
        
            </description>
            <styleUrl>#748</styleUrl>
            <LineString id="746">
                <coordinates>-77.009227,38.889801,0.0 -77.05231894611552,38.98682226543504,0.0</coordinates>
            </LineString>
        </Placemark>
        <Placemark id="751">
            <name>WH → M</name>
            <description>
                
        
<![CDATA[
          <b>P1:</b> WH<br>
          <b>P2:</b> M<br>
          <hr>
          <b>Distance:</b> 0.577 miles<br>
          <hr>
          <u>Path P1 → P2:</u><br>
          <b>Forward Azimuth at P1 (Az12):</b> 173.073°<br>
          <b>Back Azimuth at P2 (BackAz12):</b> 173.074°<br>
          <hr>
          <u>Path P2 → P1:</u><br>
          <b>Forward Azimuth at P2 (Az21):</b> 353.074°<br>
          <b>Back Azimuth at P1 (BackAz21):</b> 353.073°<br>
          <hr>
          <b>Filter Reason(s):</b> All Pairs (No Filters)<br>
          <hr>
          <i>Calculation Method: Ellipsoidal (WGS84)</i>
        ]]>                
        
            </description>
            <styleUrl>#752</styleUrl>
            <LineString id="750">
                <coordinates>-77.036569,38.89778875877805,0.0 -77.035278,38.889484,0.0</coordinates>
            </LineString>
        </Placemark>
        <Placemark id="755">
            <name>WH → Sc</name>
            <description>
                
        
<![CDATA[
          <b>P1:</b> WH<br>
          <b>P2:</b> Sc<br>
          <hr>
          <b>Distance:</b> 0.412 miles<br>
          <hr>
          <u>Path P1 → P2:</u><br>
          <b>Forward Azimuth at P1 (Az12):</b> 211.669°<br>
          <b>Back Azimuth at P2 (BackAz12):</b> 211.666°<br>
          <hr>
          <u>Path P2 → P1:</u><br>
          <b>Forward Azimuth at P2 (Az21):</b> 31.666°<br>
          <b>Back Azimuth at P1 (BackAz21):</b> 31.669°<br>
          <hr>
          <b>Filter Reason(s):</b> All Pairs (No Filters)<br>
          <hr>
          <i>Calculation Method: Ellipsoidal (WGS84)</i>
        ]]>                
        
            </description>
            <styleUrl>#756</styleUrl>
            <LineString id="754">
                <coordinates>-77.036569,38.89778875877805,0.0 -77.04058603,38.89269952,0.0</coordinates>
            </LineString>
        </Placemark>
        <Placemark id="759">
            <name>WH → Ec</name>
            <description>
                
        
<![CDATA[
          <b>P1:</b> WH<br>
          <b>P2:</b> Ec<br>
          <hr>
          <b>Distance:</b> 0.410 miles<br>
          <hr>
          <u>Path P1 → P2:</u><br>
          <b>Forward Azimuth at P1 (Az12):</b> 212.710°<br>
          <b>Back Azimuth at P2 (BackAz12):</b> 212.708°<br>
          <hr>
          <u>Path P2 → P1:</u><br>
          <b>Forward Azimuth at P2 (Az21):</b> 32.708°<br>
          <b>Back Azimuth at P1 (BackAz21):</b> 32.710°<br>
          <hr>
          <b>Filter Reason(s):</b> All Pairs (No Filters)<br>
          <hr>
          <i>Calculation Method: Ellipsoidal (WGS84)</i>
        ]]>                
        
            </description>
            <styleUrl>#760</styleUrl>
            <LineString id="758">
                <coordinates>-77.036569,38.89778875877805,0.0 -77.0406797,38.89278669999997,0.0</coordinates>
            </LineString>
        </Placemark>
        <Placemark id="763">
            <name>WH → Nc</name>
            <description>
                
        
<![CDATA[
          <b>P1:</b> WH<br>
          <b>P2:</b> Nc<br>
          <hr>
          <b>Distance:</b> 0.375 miles<br>
          <hr>
          <u>Path P1 → P2:</u><br>
          <b>Forward Azimuth at P1 (Az12):</b> 219.463°<br>
          <b>Back Azimuth at P2 (BackAz12):</b> 219.460°<br>
          <hr>
          <u>Path P2 → P1:</u><br>
          <b>Forward Azimuth at P2 (Az21):</b> 39.460°<br>
          <b>Back Azimuth at P1 (BackAz21):</b> 39.463°<br>
          <hr>
          <b>Filter Reason(s):</b> All Pairs (No Filters)<br>
          <hr>
          <i>Calculation Method: Ellipsoidal (WGS84)</i>
        ]]>                
        
            </description>
            <styleUrl>#764</styleUrl>
            <LineString id="762">
                <coordinates>-77.036569,38.89778875877805,0.0 -77.04098558,38.89359614000001,0.0</coordinates>
            </LineString>
        </Placemark>
        <Placemark id="767">
            <name>WH → Wc</name>
            <description>
                
        
<![CDATA[
          <b>P1:</b> WH<br>
          <b>P2:</b> Wc<br>
          <hr>
          <b>Distance:</b> 0.391 miles<br>
          <hr>
          <u>Path P1 → P2:</u><br>
          <b>Forward Azimuth at P1 (Az12):</b> 215.519°<br>
          <b>Back Azimuth at P2 (BackAz12):</b> 215.516°<br>
          <hr>
          <u>Path P2 → P1:</u><br>
          <b>Forward Azimuth at P2 (Az21):</b> 35.516°<br>
          <b>Back Azimuth at P1 (BackAz21):</b> 35.519°<br>
          <hr>
          <b>Filter Reason(s):</b> All Pairs (No Filters)<br>
          <hr>
          <i>Calculation Method: Ellipsoidal (WGS84)</i>
        ]]>                
        
            </description>
            <styleUrl>#768</styleUrl>
            <LineString id="766">
                <coordinates>-77.036569,38.89778875877805,0.0 -77.04078625,38.89317136999999,0.0</coordinates>
            </LineString>
        </Placemark>
        <Placemark id="771">
            <name>WH → Hk</name>
            <description>
                
        
<![CDATA[
          <b>P1:</b> WH<br>
          <b>P2:</b> Hk<br>
          <hr>
          <b>Distance:</b> 0.822 miles<br>
          <hr>
          <u>Path P1 → P2:</u><br>
          <b>Forward Azimuth at P1 (Az12):</b> 257.152°<br>
          <b>Back Azimuth at P2 (BackAz12):</b> 257.143°<br>
          <hr>
          <u>Path P2 → P1:</u><br>
          <b>Forward Azimuth at P2 (Az21):</b> 77.143°<br>
          <b>Back Azimuth at P1 (BackAz21):</b> 77.152°<br>
          <hr>
          <b>Filter Reason(s):</b> All Pairs (No Filters)<br>
          <hr>
          <i>Calculation Method: Ellipsoidal (WGS84)</i>
        ]]>                
        
            </description>
            <styleUrl>#772</styleUrl>
            <LineString id="770">
                <coordinates>-77.036569,38.89778875877805,0.0 -77.051444,38.8951366,0.0</coordinates>
            </LineString>
        </Placemark>
        <Placemark id="775">
            <name>WH → NOa</name>
            <description>
                
        
<![CDATA[
          <b>P1:</b> WH<br>
          <b>P2:</b> NOa<br>
          <hr>
          <b>Distance:</b> 2.320 miles<br>
          <hr>
          <u>Path P1 → P2:</u><br>
          <b>Forward Azimuth at P1 (Az12):</b> 314.937°<br>
          <b>Back Azimuth at P2 (BackAz12):</b> 314.918°<br>
          <hr>
          <u>Path P2 → P1:</u><br>
          <b>Forward Azimuth at P2 (Az21):</b> 134.918°<br>
          <b>Back Azimuth at P1 (BackAz21):</b> 134.937°<br>
          <hr>
          <b>Filter Reason(s):</b> All Pairs (No Filters)<br>
          <hr>
          <i>Calculation Method: Ellipsoidal (WGS84)</i>
        ]]>                
        
            </description>
            <styleUrl>#776</styleUrl>
            <LineString id="774">
                <coordinates>-77.036569,38.89778875877805,0.0 -77.06705128052432,38.92154464050518,0.0</coordinates>
            </LineString>
        </Placemark>
        <Placemark id="779">
            <name>WH → CCnrA</name>
            <description>
                
        
<![CDATA[
          <b>P1:</b> WH<br>
          <b>P2:</b> CCnrA<br>
          <hr>
          <b>Distance:</b> 1.629 miles<br>
          <hr>
          <u>Path P1 → P2:</u><br>
          <b>Forward Azimuth at P1 (Az12):</b> 112.311°<br>
          <b>Back Azimuth at P2 (BackAz12):</b> 112.329°<br>
          <hr>
          <u>Path P2 → P1:</u><br>
          <b>Forward Azimuth at P2 (Az21):</b> 292.329°<br>
          <b>Back Azimuth at P1 (BackAz21):</b> 292.311°<br>
          <hr>
          <b>Filter Reason(s):</b> All Pairs (No Filters)<br>
          <hr>
          <i>Calculation Method: Ellipsoidal (WGS84)</i>
        ]]>                
        
            </description>
            <styleUrl>#780</styleUrl>
            <LineString id="778">
                <coordinates>-77.036569,38.89778875877805,0.0 -77.00861883736764,38.88882152017216,0.0</coordinates>
            </LineString>
        </Placemark>
        <Placemark id="783">
            <name>WH → PO</name>
            <description>
                
        
<![CDATA[
          <b>P1:</b> WH<br>
          <b>P2:</b> PO<br>
          <hr>
          <b>Distance:</b> 5.156 miles<br>
          <hr>
          <u>Path P1 → P2:</u><br>
          <b>Forward Azimuth at P1 (Az12):</b> 299.436°<br>
          <b>Back Azimuth at P2 (BackAz12):</b> 299.383°<br>
          <hr>
          <u>Path P2 → P1:</u><br>
          <b>Forward Azimuth at P2 (Az21):</b> 119.383°<br>
          <b>Back Azimuth at P1 (BackAz21):</b> 119.436°<br>
          <hr>
          <b>Filter Reason(s):</b> All Pairs (No Filters)<br>
          <hr>
          <i>Calculation Method: Ellipsoidal (WGS84)</i>
        ]]>                
        
            </description>
            <styleUrl>#784</styleUrl>
            <LineString id="782">
                <coordinates>-77.036569,38.89778875877805,0.0 -77.1199159,38.93449309999998,0.0</coordinates>
            </LineString>
        </Placemark>
        <Placemark id="787">
            <name>WH → AN</name>
            <description>
                
        
<![CDATA[
          <b>P1:</b> WH<br>
          <b>P2:</b> AN<br>
          <hr>
          <b>Distance:</b> 5.299 miles<br>
          <hr>
          <u>Path P1 → P2:</u><br>
          <b>Forward Azimuth at P1 (Az12):</b> 74.265°<br>
          <b>Back Azimuth at P2 (BackAz12):</b> 74.324°<br>
          <hr>
          <u>Path P2 → P1:</u><br>
          <b>Forward Azimuth at P2 (Az21):</b> 254.324°<br>
          <b>Back Azimuth at P1 (BackAz21):</b> 254.265°<br>
          <hr>
          <b>Filter Reason(s):</b> All Pairs (No Filters)<br>
          <hr>
          <i>Calculation Method: Ellipsoidal (WGS84)</i>
        ]]>                
        
            </description>
            <styleUrl>#788</styleUrl>
            <LineString id="786">
                <coordinates>-77.036569,38.89778875877805,0.0 -76.94192180000002,38.91858289999999,0.0</coordinates>
            </LineString>
        </Placemark>
        <Placemark id="791">
            <name>WH → RC</name>
            <description>
                
        
<![CDATA[
          <b>P1:</b> WH<br>
          <b>P2:</b> RC<br>
          <hr>
          <b>Distance:</b> 6.200 miles<br>
          <hr>
          <u>Path P1 → P2:</u><br>
          <b>Forward Azimuth at P1 (Az12):</b> 352.139°<br>
          <b>Back Azimuth at P2 (BackAz12):</b> 352.129°<br>
          <hr>
          <u>Path P2 → P1:</u><br>
          <b>Forward Azimuth at P2 (Az21):</b> 172.129°<br>
          <b>Back Azimuth at P1 (BackAz21):</b> 172.139°<br>
          <hr>
          <b>Filter Reason(s):</b> All Pairs (No Filters)<br>
          <hr>
          <i>Calculation Method: Ellipsoidal (WGS84)</i>
        ]]>                
        
            </description>
            <styleUrl>#792</styleUrl>
            <LineString id="790">
                <coordinates>-77.036569,38.89778875877805,0.0 -77.05231894611552,38.98682226543504,0.0</coordinates>
            </LineString>
        </Placemark>
        <Placemark id="795">
            <name>M → Sc</name>
            <description>
                
        
<![CDATA[
          <b>P1:</b> M<br>
          <b>P2:</b> Sc<br>
          <hr>
          <b>Distance:</b> 0.362 miles<br>
          <hr>
          <u>Path P1 → P2:</u><br>
          <b>Forward Azimuth at P1 (Az12):</b> 307.782°<br>
          <b>Back Azimuth at P2 (BackAz12):</b> 307.779°<br>
          <hr>
          <u>Path P2 → P1:</u><br>
          <b>Forward Azimuth at P2 (Az21):</b> 127.779°<br>
          <b>Back Azimuth at P1 (BackAz21):</b> 127.782°<br>
          <hr>
          <b>Filter Reason(s):</b> All Pairs (No Filters)<br>
          <hr>
          <i>Calculation Method: Ellipsoidal (WGS84)</i>
        ]]>                
        
            </description>
            <styleUrl>#796</styleUrl>
            <LineString id="794">
                <coordinates>-77.035278,38.889484,0.0 -77.04058603,38.89269952,0.0</coordinates>
            </LineString>
        </Placemark>
        <Placemark id="799">
            <name>M → Ec</name>
            <description>
                
        
<![CDATA[
          <b>P1:</b> M<br>
          <b>P2:</b> Ec<br>
          <hr>
          <b>Distance:</b> 0.370 miles<br>
          <hr>
          <u>Path P1 → P2:</u><br>
          <b>Forward Azimuth at P1 (Az12):</b> 308.039°<br>
          <b>Back Azimuth at P2 (BackAz12):</b> 308.036°<br>
          <hr>
          <u>Path P2 → P1:</u><br>
          <b>Forward Azimuth at P2 (Az21):</b> 128.036°<br>
          <b>Back Azimuth at P1 (BackAz21):</b> 128.039°<br>
          <hr>
          <b>Filter Reason(s):</b> All Pairs (No Filters)<br>
          <hr>
          <i>Calculation Method: Ellipsoidal (WGS84)</i>
        ]]>                
        
            </description>
            <styleUrl>#800</styleUrl>
            <LineString id="798">
                <coordinates>-77.035278,38.889484,0.0 -77.0406797,38.89278669999997,0.0</coordinates>
            </LineString>
        </Placemark>
        <Placemark id="803">
            <name>M → Nc</name>
            <description>
                
        
<![CDATA[
          <b>P1:</b> M<br>
          <b>P2:</b> Nc<br>
          <hr>
          <b>Distance:</b> 0.418 miles<br>
          <hr>
          <u>Path P1 → P2:</u><br>
          <b>Forward Azimuth at P1 (Az12):</b> 312.674°<br>
          <b>Back Azimuth at P2 (BackAz12):</b> 312.671°<br>
          <hr>
          <u>Path P2 → P1:</u><br>
          <b>Forward Azimuth at P2 (Az21):</b> 132.671°<br>
          <b>Back Azimuth at P1 (BackAz21):</b> 132.674°<br>
          <hr>
          <b>Filter Reason(s):</b> All Pairs (No Filters)<br>
          <hr>
          <i>Calculation Method: Ellipsoidal (WGS84)</i>
        ]]>                
        
            </description>
            <styleUrl>#804</styleUrl>
            <LineString id="802">
                <coordinates>-77.035278,38.889484,0.0 -77.04098558,38.89359614000001,0.0</coordinates>
            </LineString>
        </Placemark>
        <Placemark id="807">
            <name>M → Wc</name>
            <description>
                
        
<![CDATA[
          <b>P1:</b> M<br>
          <b>P2:</b> Wc<br>
          <hr>
          <b>Distance:</b> 0.391 miles<br>
          <hr>
          <u>Path P1 → P2:</u><br>
          <b>Forward Azimuth at P1 (Az12):</b> 310.584°<br>
          <b>Back Azimuth at P2 (BackAz12):</b> 310.581°<br>
          <hr>
          <u>Path P2 → P1:</u><br>
          <b>Forward Azimuth at P2 (Az21):</b> 130.581°<br>
          <b>Back Azimuth at P1 (BackAz21):</b> 130.584°<br>
          <hr>
          <b>Filter Reason(s):</b> All Pairs (No Filters)<br>
          <hr>
          <i>Calculation Method: Ellipsoidal (WGS84)</i>
        ]]>                
        
            </description>
            <styleUrl>#808</styleUrl>
            <LineString id="806">
                <coordinates>-77.035278,38.889484,0.0 -77.04078625,38.89317136999999,0.0</coordinates>
            </LineString>
        </Placemark>
        <Placemark id="811">
            <name>M → Hk</name>
            <description>
                
        
<![CDATA[
          <b>P1:</b> M<br>
          <b>P2:</b> Hk<br>
          <hr>
          <b>Distance:</b> 0.955 miles<br>
          <hr>
          <u>Path P1 → P2:</u><br>
          <b>Forward Azimuth at P1 (Az12):</b> 294.110°<br>
          <b>Back Azimuth at P2 (BackAz12):</b> 294.100°<br>
          <hr>
          <u>Path P2 → P1:</u><br>
          <b>Forward Azimuth at P2 (Az21):</b> 114.100°<br>
          <b>Back Azimuth at P1 (BackAz21):</b> 114.110°<br>
          <hr>
          <b>Filter Reason(s):</b> All Pairs (No Filters)<br>
          <hr>
          <i>Calculation Method: Ellipsoidal (WGS84)</i>
        ]]>                
        
            </description>
            <styleUrl>#812</styleUrl>
            <LineString id="810">
                <coordinates>-77.035278,38.889484,0.0 -77.051444,38.8951366,0.0</coordinates>
            </LineString>
        </Placemark>
        <Placemark id="815">
            <name>M → NOa</name>
            <description>
                
        
<![CDATA[
          <b>P1:</b> M<br>
          <b>P2:</b> NOa<br>
          <hr>
          <b>Distance:</b> 2.797 miles<br>
          <hr>
          <u>Path P1 → P2:</u><br>
          <b>Forward Azimuth at P1 (Az12):</b> 322.257°<br>
          <b>Back Azimuth at P2 (BackAz12):</b> 322.237°<br>
          <hr>
          <u>Path P2 → P1:</u><br>
          <b>Forward Azimuth at P2 (Az21):</b> 142.237°<br>
          <b>Back Azimuth at P1 (BackAz21):</b> 142.257°<br>
          <hr>
          <b>Filter Reason(s):</b> All Pairs (No Filters)<br>
          <hr>
          <i>Calculation Method: Ellipsoidal (WGS84)</i>
        ]]>                
        
            </description>
            <styleUrl>#816</styleUrl>
            <LineString id="814">
                <coordinates>-77.035278,38.889484,0.0 -77.06705128052432,38.92154464050518,0.0</coordinates>
            </LineString>
        </Placemark>
        <Placemark id="819">
            <name>M → CCnrA</name>
            <description>
                
        
<![CDATA[
          <b>P1:</b> M<br>
          <b>P2:</b> CCnrA<br>
          <hr>
          <b>Distance:</b> 1.438 miles<br>
          <hr>
          <u>Path P1 → P2:</u><br>
          <b>Forward Azimuth at P1 (Az12):</b> 91.813°<br>
          <b>Back Azimuth at P2 (BackAz12):</b> 91.830°<br>
          <hr>
          <u>Path P2 → P1:</u><br>
          <b>Forward Azimuth at P2 (Az21):</b> 271.830°<br>
          <b>Back Azimuth at P1 (BackAz21):</b> 271.813°<br>
          <hr>
          <b>Filter Reason(s):</b> All Pairs (No Filters)<br>
          <hr>
          <i>Calculation Method: Ellipsoidal (WGS84)</i>
        ]]>                
        
            </description>
            <styleUrl>#820</styleUrl>
            <LineString id="818">
                <coordinates>-77.035278,38.889484,0.0 -77.00861883736764,38.88882152017216,0.0</coordinates>
            </LineString>
        </Placemark>
        <Placemark id="823">
            <name>M → PO</name>
            <description>
                
        
<![CDATA[
          <b>P1:</b> M<br>
          <b>P2:</b> PO<br>
          <hr>
          <b>Distance:</b> 5.518 miles<br>
          <hr>
          <u>Path P1 → P2:</u><br>
          <b>Forward Azimuth at P1 (Az12):</b> 304.268°<br>
          <b>Back Azimuth at P2 (BackAz12):</b> 304.215°<br>
          <hr>
          <u>Path P2 → P1:</u><br>
          <b>Forward Azimuth at P2 (Az21):</b> 124.215°<br>
          <b>Back Azimuth at P1 (BackAz21):</b> 124.268°<br>
          <hr>
          <b>Filter Reason(s):</b> All Pairs (No Filters)<br>
          <hr>
          <i>Calculation Method: Ellipsoidal (WGS84)</i>
        ]]>                
        
            </description>
            <styleUrl>#824</styleUrl>
            <LineString id="822">
                <coordinates>-77.035278,38.889484,0.0 -77.1199159,38.93449309999998,0.0</coordinates>
            </LineString>
        </Placemark>
        <Placemark id="827">
            <name>M → AN</name>
            <description>
                
        
<![CDATA[
          <b>P1:</b> M<br>
          <b>P2:</b> AN<br>
          <hr>
          <b>Distance:</b> 5.417 miles<br>
          <hr>
          <u>Path P1 → P2:</u><br>
          <b>Forward Azimuth at P1 (Az12):</b> 68.223°<br>
          <b>Back Azimuth at P2 (BackAz12):</b> 68.282°<br>
          <hr>
          <u>Path P2 → P1:</u><br>
          <b>Forward Azimuth at P2 (Az21):</b> 248.282°<br>
          <b>Back Azimuth at P1 (BackAz21):</b> 248.223°<br>
          <hr>
          <b>Filter Reason(s):</b> All Pairs (No Filters)<br>
          <hr>
          <i>Calculation Method: Ellipsoidal (WGS84)</i>
        ]]>                
        
            </description>
            <styleUrl>#828</styleUrl>
            <LineString id="826">
                <coordinates>-77.035278,38.889484,0.0 -76.94192180000002,38.91858289999999,0.0</coordinates>
            </LineString>
        </Placemark>
        <Placemark id="831">
            <name>M → RC</name>
            <description>
                
        
<![CDATA[
          <b>P1:</b> M<br>
          <b>P2:</b> RC<br>
          <hr>
          <b>Distance:</b> 6.777 miles<br>
          <hr>
          <u>Path P1 → P2:</u><br>
          <b>Forward Azimuth at P1 (Az12):</b> 352.220°<br>
          <b>Back Azimuth at P2 (BackAz12):</b> 352.209°<br>
          <hr>
          <u>Path P2 → P1:</u><br>
          <b>Forward Azimuth at P2 (Az21):</b> 172.209°<br>
          <b>Back Azimuth at P1 (BackAz21):</b> 172.220°<br>
          <hr>
          <b>Filter Reason(s):</b> All Pairs (No Filters)<br>
          <hr>
          <i>Calculation Method: Ellipsoidal (WGS84)</i>
        ]]>                
        
            </description>
            <styleUrl>#832</styleUrl>
            <LineString id="830">
                <coordinates>-77.035278,38.889484,0.0 -77.05231894611552,38.98682226543504,0.0</coordinates>
            </LineString>
        </Placemark>
        <Placemark id="835">
            <name>Sc → Ec</name>
            <description>
                
        
<![CDATA[
          <b>P1:</b> Sc<br>
          <b>P2:</b> Ec<br>
          <hr>
          <b>Distance:</b> 0.008 miles<br>
          <hr>
          <u>Path P1 → P2:</u><br>
          <b>Forward Azimuth at P1 (Az12):</b> 319.981°<br>
          <b>Back Azimuth at P2 (BackAz12):</b> 319.981°<br>
          <hr>
          <u>Path P2 → P1:</u><br>
          <b>Forward Azimuth at P2 (Az21):</b> 139.981°<br>
          <b>Back Azimuth at P1 (BackAz21):</b> 139.981°<br>
          <hr>
          <b>Filter Reason(s):</b> All Pairs (No Filters)<br>
          <hr>
          <i>Calculation Method: Ellipsoidal (WGS84)</i>
        ]]>                
        
            </description>
            <styleUrl>#836</styleUrl>
            <LineString id="834">
                <coordinates>-77.04058603,38.89269952,0.0 -77.0406797,38.89278669999997,0.0</coordinates>
            </LineString>
        </Placemark>
        <Placemark id="839">
            <name>Sc → Nc</name>
            <description>
                
        
<![CDATA[
          <b>P1:</b> Sc<br>
          <b>P2:</b> Nc<br>
          <hr>
          <b>Distance:</b> 0.065 miles<br>
          <hr>
          <u>Path P1 → P2:</u><br>
          <b>Forward Azimuth at P1 (Az12):</b> 340.800°<br>
          <b>Back Azimuth at P2 (BackAz12):</b> 340.799°<br>
          <hr>
          <u>Path P2 → P1:</u><br>
          <b>Forward Azimuth at P2 (Az21):</b> 160.799°<br>
          <b>Back Azimuth at P1 (BackAz21):</b> 160.800°<br>
          <hr>
          <b>Filter Reason(s):</b> All Pairs (No Filters)<br>
          <hr>
          <i>Calculation Method: Ellipsoidal (WGS84)</i>
        ]]>                
        
            </description>
            <styleUrl>#840</styleUrl>
            <LineString id="838">
                <coordinates>-77.04058603,38.89269952,0.0 -77.04098558,38.89359614000001,0.0</coordinates>
            </LineString>
        </Placemark>
        <Placemark id="843">
            <name>Sc → Wc</name>
            <description>
                
        
<![CDATA[
          <b>P1:</b> Sc<br>
          <b>P2:</b> Wc<br>
          <hr>
          <b>Distance:</b> 0.034 miles<br>
          <hr>
          <u>Path P1 → P2:</u><br>
          <b>Forward Azimuth at P1 (Az12):</b> 341.654°<br>
          <b>Back Azimuth at P2 (BackAz12):</b> 341.654°<br>
          <hr>
          <u>Path P2 → P1:</u><br>
          <b>Forward Azimuth at P2 (Az21):</b> 161.654°<br>
          <b>Back Azimuth at P1 (BackAz21):</b> 161.654°<br>
          <hr>
          <b>Filter Reason(s):</b> All Pairs (No Filters)<br>
          <hr>
          <i>Calculation Method: Ellipsoidal (WGS84)</i>
        ]]>                
        
            </description>
            <styleUrl>#844</styleUrl>
            <LineString id="842">
                <coordinates>-77.04058603,38.89269952,0.0 -77.04078625,38.89317136999999,0.0</coordinates>
            </LineString>
        </Placemark>
        <Placemark id="847">
            <name>Sc → Hk</name>
            <description>
                
        
<![CDATA[
          <b>P1:</b> Sc<br>
          <b>P2:</b> Hk<br>
          <hr>
          <b>Distance:</b> 0.609 miles<br>
          <hr>
          <u>Path P1 → P2:</u><br>
          <b>Forward Azimuth at P1 (Az12):</b> 286.028°<br>
          <b>Back Azimuth at P2 (BackAz12):</b> 286.021°<br>
          <hr>
          <u>Path P2 → P1:</u><br>
          <b>Forward Azimuth at P2 (Az21):</b> 106.021°<br>
          <b>Back Azimuth at P1 (BackAz21):</b> 106.028°<br>
          <hr>
          <b>Filter Reason(s):</b> All Pairs (No Filters)<br>
          <hr>
          <i>Calculation Method: Ellipsoidal (WGS84)</i>
        ]]>                
        
            </description>
            <styleUrl>#848</styleUrl>
            <LineString id="846">
                <coordinates>-77.04058603,38.89269952,0.0 -77.051444,38.8951366,0.0</coordinates>
            </LineString>
        </Placemark>
        <Placemark id="851">
            <name>Sc → NOa</name>
            <description>
                
        
<![CDATA[
          <b>P1:</b> Sc<br>
          <b>P2:</b> NOa<br>
          <hr>
          <b>Distance:</b> 2.448 miles<br>
          <hr>
          <u>Path P1 → P2:</u><br>
          <b>Forward Azimuth at P1 (Az12):</b> 324.372°<br>
          <b>Back Azimuth at P2 (BackAz12):</b> 324.356°<br>
          <hr>
          <u>Path P2 → P1:</u><br>
          <b>Forward Azimuth at P2 (Az21):</b> 144.356°<br>
          <b>Back Azimuth at P1 (BackAz21):</b> 144.372°<br>
          <hr>
          <b>Filter Reason(s):</b> All Pairs (No Filters)<br>
          <hr>
          <i>Calculation Method: Ellipsoidal (WGS84)</i>
        ]]>                
        
            </description>
            <styleUrl>#852</styleUrl>
            <LineString id="850">
                <coordinates>-77.04058603,38.89269952,0.0 -77.06705128052432,38.92154464050518,0.0</coordinates>
            </LineString>
        </Placemark>
        <Placemark id="855">
            <name>Sc → CCnrA</name>
            <description>
                
        
<![CDATA[
          <b>P1:</b> Sc<br>
          <b>P2:</b> CCnrA<br>
          <hr>
          <b>Distance:</b> 1.744 miles<br>
          <hr>
          <u>Path P1 → P2:</u><br>
          <b>Forward Azimuth at P1 (Az12):</b> 98.813°<br>
          <b>Back Azimuth at P2 (BackAz12):</b> 98.833°<br>
          <hr>
          <u>Path P2 → P1:</u><br>
          <b>Forward Azimuth at P2 (Az21):</b> 278.833°<br>
          <b>Back Azimuth at P1 (BackAz21):</b> 278.813°<br>
          <hr>
          <b>Filter Reason(s):</b> All Pairs (No Filters)<br>
          <hr>
          <i>Calculation Method: Ellipsoidal (WGS84)</i>
        ]]>                
        
            </description>
            <styleUrl>#856</styleUrl>
            <LineString id="854">
                <coordinates>-77.04058603,38.89269952,0.0 -77.00861883736764,38.88882152017216,0.0</coordinates>
            </LineString>
        </Placemark>
        <Placemark id="859">
            <name>Sc → PO</name>
            <description>
                
        
<![CDATA[
          <b>P1:</b> Sc<br>
          <b>P2:</b> PO<br>
          <hr>
          <b>Distance:</b> 5.157 miles<br>
          <hr>
          <u>Path P1 → P2:</u><br>
          <b>Forward Azimuth at P1 (Az12):</b> 304.018°<br>
          <b>Back Azimuth at P2 (BackAz12):</b> 303.968°<br>
          <hr>
          <u>Path P2 → P1:</u><br>
          <b>Forward Azimuth at P2 (Az21):</b> 123.968°<br>
          <b>Back Azimuth at P1 (BackAz21):</b> 124.018°<br>
          <hr>
          <b>Filter Reason(s):</b> All Pairs (No Filters)<br>
          <hr>
          <i>Calculation Method: Ellipsoidal (WGS84)</i>
        ]]>                
        
            </description>
            <styleUrl>#860</styleUrl>
            <LineString id="858">
                <coordinates>-77.04058603,38.89269952,0.0 -77.1199159,38.93449309999998,0.0</coordinates>
            </LineString>
        </Placemark>
        <Placemark id="863">
            <name>Sc → AN</name>
            <description>
                
        
<![CDATA[
          <b>P1:</b> Sc<br>
          <b>P2:</b> AN<br>
          <hr>
          <b>Distance:</b> 5.610 miles<br>
          <hr>
          <u>Path P1 → P2:</u><br>
          <b>Forward Azimuth at P1 (Az12):</b> 71.410°<br>
          <b>Back Azimuth at P2 (BackAz12):</b> 71.472°<br>
          <hr>
          <u>Path P2 → P1:</u><br>
          <b>Forward Azimuth at P2 (Az21):</b> 251.472°<br>
          <b>Back Azimuth at P1 (BackAz21):</b> 251.410°<br>
          <hr>
          <b>Filter Reason(s):</b> All Pairs (No Filters)<br>
          <hr>
          <i>Calculation Method: Ellipsoidal (WGS84)</i>
        ]]>                
        
            </description>
            <styleUrl>#864</styleUrl>
            <LineString id="862">
                <coordinates>-77.04058603,38.89269952,0.0 -76.94192180000002,38.91858289999999,0.0</coordinates>
            </LineString>
        </Placemark>
        <Placemark id="867">
            <name>Sc → RC</name>
            <description>
                
        
<![CDATA[
          <b>P1:</b> Sc<br>
          <b>P2:</b> RC<br>
          <hr>
          <b>Distance:</b> 6.523 miles<br>
          <hr>
          <u>Path P1 → P2:</u><br>
          <b>Forward Azimuth at P1 (Az12):</b> 354.443°<br>
          <b>Back Azimuth at P2 (BackAz12):</b> 354.436°<br>
          <hr>
          <u>Path P2 → P1:</u><br>
          <b>Forward Azimuth at P2 (Az21):</b> 174.436°<br>
          <b>Back Azimuth at P1 (BackAz21):</b> 174.443°<br>
          <hr>
          <b>Filter Reason(s):</b> All Pairs (No Filters)<br>
          <hr>
          <i>Calculation Method: Ellipsoidal (WGS84)</i>
        ]]>                
        
            </description>
            <styleUrl>#868</styleUrl>
            <LineString id="866">
                <coordinates>-77.04058603,38.89269952,0.0 -77.05231894611552,38.98682226543504,0.0</coordinates>
            </LineString>
        </Placemark>
        <Placemark id="871">
            <name>Ec → Nc</name>
            <description>
                
        
<![CDATA[
          <b>P1:</b> Ec<br>
          <b>P2:</b> Nc<br>
          <hr>
          <b>Distance:</b> 0.058 miles<br>
          <hr>
          <u>Path P1 → P2:</u><br>
          <b>Forward Azimuth at P1 (Az12):</b> 343.547°<br>
          <b>Back Azimuth at P2 (BackAz12):</b> 343.547°<br>
          <hr>
          <u>Path P2 → P1:</u><br>
          <b>Forward Azimuth at P2 (Az21):</b> 163.547°<br>
          <b>Back Azimuth at P1 (BackAz21):</b> 163.547°<br>
          <hr>
          <b>Filter Reason(s):</b> All Pairs (No Filters)<br>
          <hr>
          <i>Calculation Method: Ellipsoidal (WGS84)</i>
        ]]>                
        
            </description>
            <styleUrl>#872</styleUrl>
            <LineString id="870">
                <coordinates>-77.0406797,38.89278669999997,0.0 -77.04098558,38.89359614000001,0.0</coordinates>
            </LineString>
        </Placemark>
        <Placemark id="875">
            <name>Ec → Wc</name>
            <description>
                
        
<![CDATA[
          <b>P1:</b> Ec<br>
          <b>P2:</b> Wc<br>
          <hr>
          <b>Distance:</b> 0.027 miles<br>
          <hr>
          <u>Path P1 → P2:</u><br>
          <b>Forward Azimuth at P1 (Az12):</b> 347.786°<br>
          <b>Back Azimuth at P2 (BackAz12):</b> 347.786°<br>
          <hr>
          <u>Path P2 → P1:</u><br>
          <b>Forward Azimuth at P2 (Az21):</b> 167.786°<br>
          <b>Back Azimuth at P1 (BackAz21):</b> 167.786°<br>
          <hr>
          <b>Filter Reason(s):</b> All Pairs (No Filters)<br>
          <hr>
          <i>Calculation Method: Ellipsoidal (WGS84)</i>
        ]]>                
        
            </description>
            <styleUrl>#876</styleUrl>
            <LineString id="874">
                <coordinates>-77.0406797,38.89278669999997,0.0 -77.04078625,38.89317136999999,0.0</coordinates>
            </LineString>
        </Placemark>
        <Placemark id="879">
            <name>Ec → Hk</name>
            <description>
                
        
<![CDATA[
          <b>P1:</b> Ec<br>
          <b>P2:</b> Hk<br>
          <hr>
          <b>Distance:</b> 0.602 miles<br>
          <hr>
          <u>Path P1 → P2:</u><br>
          <b>Forward Azimuth at P1 (Az12):</b> 285.611°<br>
          <b>Back Azimuth at P2 (BackAz12):</b> 285.604°<br>
          <hr>
          <u>Path P2 → P1:</u><br>
          <b>Forward Azimuth at P2 (Az21):</b> 105.604°<br>
          <b>Back Azimuth at P1 (BackAz21):</b> 105.611°<br>
          <hr>
          <b>Filter Reason(s):</b> All Pairs (No Filters)<br>
          <hr>
          <i>Calculation Method: Ellipsoidal (WGS84)</i>
        ]]>                
        
            </description>
            <styleUrl>#880</styleUrl>
            <LineString id="878">
                <coordinates>-77.0406797,38.89278669999997,0.0 -77.051444,38.8951366,0.0</coordinates>
            </LineString>
        </Placemark>
        <Placemark id="883">
            <name>Ec → NOa</name>
            <description>
                
        
<![CDATA[
          <b>P1:</b> Ec<br>
          <b>P2:</b> NOa<br>
          <hr>
          <b>Distance:</b> 2.440 miles<br>
          <hr>
          <u>Path P1 → P2:</u><br>
          <b>Forward Azimuth at P1 (Az12):</b> 324.387°<br>
          <b>Back Azimuth at P2 (BackAz12):</b> 324.370°<br>
          <hr>
          <u>Path P2 → P1:</u><br>
          <b>Forward Azimuth at P2 (Az21):</b> 144.370°<br>
          <b>Back Azimuth at P1 (BackAz21):</b> 144.387°<br>
          <hr>
          <b>Filter Reason(s):</b> All Pairs (No Filters)<br>
          <hr>
          <i>Calculation Method: Ellipsoidal (WGS84)</i>
        ]]>                
        
            </description>
            <styleUrl>#884</styleUrl>
            <LineString id="882">
                <coordinates>-77.0406797,38.89278669999997,0.0 -77.06705128052432,38.92154464050518,0.0</coordinates>
            </LineString>
        </Placemark>
        <Placemark id="887">
            <name>Ec → CCnrA</name>
            <description>
                
        
<![CDATA[
          <b>P1:</b> Ec<br>
          <b>P2:</b> CCnrA<br>
          <hr>
          <b>Distance:</b> 1.750 miles<br>
          <hr>
          <u>Path P1 → P2:</u><br>
          <b>Forward Azimuth at P1 (Az12):</b> 98.982°<br>
          <b>Back Azimuth at P2 (BackAz12):</b> 99.003°<br>
          <hr>
          <u>Path P2 → P1:</u><br>
          <b>Forward Azimuth at P2 (Az21):</b> 279.003°<br>
          <b>Back Azimuth at P1 (BackAz21):</b> 278.982°<br>
          <hr>
          <b>Filter Reason(s):</b> All Pairs (No Filters)<br>
          <hr>
          <i>Calculation Method: Ellipsoidal (WGS84)</i>
        ]]>                
        
            </description>
            <styleUrl>#888</styleUrl>
            <LineString id="886">
                <coordinates>-77.0406797,38.89278669999997,0.0 -77.00861883736764,38.88882152017216,0.0</coordinates>
            </LineString>
        </Placemark>
        <Placemark id="891">
            <name>Ec → PO</name>
            <description>
                
        
<![CDATA[
          <b>P1:</b> Ec<br>
          <b>P2:</b> PO<br>
          <hr>
          <b>Distance:</b> 5.149 miles<br>
          <hr>
          <u>Path P1 → P2:</u><br>
          <b>Forward Azimuth at P1 (Az12):</b> 303.994°<br>
          <b>Back Azimuth at P2 (BackAz12):</b> 303.944°<br>
          <hr>
          <u>Path P2 → P1:</u><br>
          <b>Forward Azimuth at P2 (Az21):</b> 123.944°<br>
          <b>Back Azimuth at P1 (BackAz21):</b> 123.994°<br>
          <hr>
          <b>Filter Reason(s):</b> All Pairs (No Filters)<br>
          <hr>
          <i>Calculation Method: Ellipsoidal (WGS84)</i>
        ]]>                
        
            </description>
            <styleUrl>#892</styleUrl>
            <LineString id="890">
                <coordinates>-77.0406797,38.89278669999997,0.0 -77.1199159,38.93449309999998,0.0</coordinates>
            </LineString>
        </Placemark>
        <Placemark id="895">
            <name>Ec → AN</name>
            <description>
                
        
<![CDATA[
          <b>P1:</b> Ec<br>
          <b>P2:</b> AN<br>
          <hr>
          <b>Distance:</b> 5.612 miles<br>
          <hr>
          <u>Path P1 → P2:</u><br>
          <b>Forward Azimuth at P1 (Az12):</b> 71.484°<br>
          <b>Back Azimuth at P2 (BackAz12):</b> 71.546°<br>
          <hr>
          <u>Path P2 → P1:</u><br>
          <b>Forward Azimuth at P2 (Az21):</b> 251.546°<br>
          <b>Back Azimuth at P1 (BackAz21):</b> 251.484°<br>
          <hr>
          <b>Filter Reason(s):</b> All Pairs (No Filters)<br>
          <hr>
          <i>Calculation Method: Ellipsoidal (WGS84)</i>
        ]]>                
        
            </description>
            <styleUrl>#896</styleUrl>
            <LineString id="894">
                <coordinates>-77.0406797,38.89278669999997,0.0 -76.94192180000002,38.91858289999999,0.0</coordinates>
            </LineString>
        </Placemark>
        <Placemark id="899">
            <name>Ec → RC</name>
            <description>
                
        
<![CDATA[
          <b>P1:</b> Ec<br>
          <b>P2:</b> RC<br>
          <hr>
          <b>Distance:</b> 6.517 miles<br>
          <hr>
          <u>Path P1 → P2:</u><br>
          <b>Forward Azimuth at P1 (Az12):</b> 354.482°<br>
          <b>Back Azimuth at P2 (BackAz12):</b> 354.475°<br>
          <hr>
          <u>Path P2 → P1:</u><br>
          <b>Forward Azimuth at P2 (Az21):</b> 174.475°<br>
          <b>Back Azimuth at P1 (BackAz21):</b> 174.482°<br>
          <hr>
          <b>Filter Reason(s):</b> All Pairs (No Filters)<br>
          <hr>
          <i>Calculation Method: Ellipsoidal (WGS84)</i>
        ]]>                
        
            </description>
            <styleUrl>#900</styleUrl>
            <LineString id="898">
                <coordinates>-77.0406797,38.89278669999997,0.0 -77.05231894611552,38.98682226543504,0.0</coordinates>
            </LineString>
        </Placemark>
        <Placemark id="903">
            <name>Nc → Wc</name>
            <description>
                
        
<![CDATA[
          <b>P1:</b> Nc<br>
          <b>P2:</b> Wc<br>
          <hr>
          <b>Distance:</b> 0.031 miles<br>
          <hr>
          <u>Path P1 → P2:</u><br>
          <b>Forward Azimuth at P1 (Az12):</b> 159.861°<br>
          <b>Back Azimuth at P2 (BackAz12):</b> 159.861°<br>
          <hr>
          <u>Path P2 → P1:</u><br>
          <b>Forward Azimuth at P2 (Az21):</b> 339.861°<br>
          <b>Back Azimuth at P1 (BackAz21):</b> 339.861°<br>
          <hr>
          <b>Filter Reason(s):</b> All Pairs (No Filters)<br>
          <hr>
          <i>Calculation Method: Ellipsoidal (WGS84)</i>
        ]]>                
        
            </description>
            <styleUrl>#904</styleUrl>
            <LineString id="902">
                <coordinates>-77.04098558,38.89359614000001,0.0 -77.04078625,38.89317136999999,0.0</coordinates>
            </LineString>
        </Placemark>
        <Placemark id="907">
            <name>Nc → Hk</name>
            <description>
                
        
<![CDATA[
          <b>P1:</b> Nc<br>
          <b>P2:</b> Hk<br>
          <hr>
          <b>Distance:</b> 0.574 miles<br>
          <hr>
          <u>Path P1 → P2:</u><br>
          <b>Forward Azimuth at P1 (Az12):</b> 280.677°<br>
          <b>Back Azimuth at P2 (BackAz12):</b> 280.671°<br>
          <hr>
          <u>Path P2 → P1:</u><br>
          <b>Forward Azimuth at P2 (Az21):</b> 100.671°<br>
          <b>Back Azimuth at P1 (BackAz21):</b> 100.677°<br>
          <hr>
          <b>Filter Reason(s):</b> All Pairs (No Filters)<br>
          <hr>
          <i>Calculation Method: Ellipsoidal (WGS84)</i>
        ]]>                
        
            </description>
            <styleUrl>#908</styleUrl>
            <LineString id="906">
                <coordinates>-77.04098558,38.89359614000001,0.0 -77.051444,38.8951366,0.0</coordinates>
            </LineString>
        </Placemark>
        <Placemark id="911">
            <name>Nc → NOa</name>
            <description>
                
        
<![CDATA[
          <b>P1:</b> Nc<br>
          <b>P2:</b> NOa<br>
          <hr>
          <b>Distance:</b> 2.385 miles<br>
          <hr>
          <u>Path P1 → P2:</u><br>
          <b>Forward Azimuth at P1 (Az12):</b> 323.927°<br>
          <b>Back Azimuth at P2 (BackAz12):</b> 323.911°<br>
          <hr>
          <u>Path P2 → P1:</u><br>
          <b>Forward Azimuth at P2 (Az21):</b> 143.911°<br>
          <b>Back Azimuth at P1 (BackAz21):</b> 143.927°<br>
          <hr>
          <b>Filter Reason(s):</b> All Pairs (No Filters)<br>
          <hr>
          <i>Calculation Method: Ellipsoidal (WGS84)</i>
        ]]>                
        
            </description>
            <styleUrl>#912</styleUrl>
            <LineString id="910">
                <coordinates>-77.04098558,38.89359614000001,0.0 -77.06705128052432,38.92154464050518,0.0</coordinates>
            </LineString>
        </Placemark>
        <Placemark id="915">
            <name>Nc → CCnrA</name>
            <description>
                
        
<![CDATA[
          <b>P1:</b> Nc<br>
          <b>P2:</b> CCnrA<br>
          <hr>
          <b>Distance:</b> 1.776 miles<br>
          <hr>
          <u>Path P1 → P2:</u><br>
          <b>Forward Azimuth at P1 (Az12):</b> 100.679°<br>
          <b>Back Azimuth at P2 (BackAz12):</b> 100.699°<br>
          <hr>
          <u>Path P2 → P1:</u><br>
          <b>Forward Azimuth at P2 (Az21):</b> 280.699°<br>
          <b>Back Azimuth at P1 (BackAz21):</b> 280.679°<br>
          <hr>
          <b>Filter Reason(s):</b> All Pairs (No Filters)<br>
          <hr>
          <i>Calculation Method: Ellipsoidal (WGS84)</i>
        ]]>                
        
            </description>
            <styleUrl>#916</styleUrl>
            <LineString id="914">
                <coordinates>-77.04098558,38.89359614000001,0.0 -77.00861883736764,38.88882152017216,0.0</coordinates>
            </LineString>
        </Placemark>
        <Placemark id="919">
            <name>Nc → PO</name>
            <description>
                
        
<![CDATA[
          <b>P1:</b> Nc<br>
          <b>P2:</b> PO<br>
          <hr>
          <b>Distance:</b> 5.104 miles<br>
          <hr>
          <u>Path P1 → P2:</u><br>
          <b>Forward Azimuth at P1 (Az12):</b> 303.577°<br>
          <b>Back Azimuth at P2 (BackAz12):</b> 303.528°<br>
          <hr>
          <u>Path P2 → P1:</u><br>
          <b>Forward Azimuth at P2 (Az21):</b> 123.528°<br>
          <b>Back Azimuth at P1 (BackAz21):</b> 123.577°<br>
          <hr>
          <b>Filter Reason(s):</b> All Pairs (No Filters)<br>
          <hr>
          <i>Calculation Method: Ellipsoidal (WGS84)</i>
        ]]>                
        
            </description>
            <styleUrl>#920</styleUrl>
            <LineString id="918">
                <coordinates>-77.04098558,38.89359614000001,0.0 -77.1199159,38.93449309999998,0.0</coordinates>
            </LineString>
        </Placemark>
        <Placemark id="923">
            <name>Nc → AN</name>
            <description>
                
        
<![CDATA[
          <b>P1:</b> Nc<br>
          <b>P2:</b> AN<br>
          <hr>
          <b>Distance:</b> 5.611 miles<br>
          <hr>
          <u>Path P1 → P2:</u><br>
          <b>Forward Azimuth at P1 (Az12):</b> 72.078°<br>
          <b>Back Azimuth at P2 (BackAz12):</b> 72.140°<br>
          <hr>
          <u>Path P2 → P1:</u><br>
          <b>Forward Azimuth at P2 (Az21):</b> 252.140°<br>
          <b>Back Azimuth at P1 (BackAz21):</b> 252.078°<br>
          <hr>
          <b>Filter Reason(s):</b> All Pairs (No Filters)<br>
          <hr>
          <i>Calculation Method: Ellipsoidal (WGS84)</i>
        ]]>                
        
            </description>
            <styleUrl>#924</styleUrl>
            <LineString id="922">
                <coordinates>-77.04098558,38.89359614000001,0.0 -76.94192180000002,38.91858289999999,0.0</coordinates>
            </LineString>
        </Placemark>
        <Placemark id="927">
            <name>Nc → RC</name>
            <description>
                
        
<![CDATA[
          <b>P1:</b> Nc<br>
          <b>P2:</b> RC<br>
          <hr>
          <b>Distance:</b> 6.460 miles<br>
          <hr>
          <u>Path P1 → P2:</u><br>
          <b>Forward Azimuth at P1 (Az12):</b> 354.580°<br>
          <b>Back Azimuth at P2 (BackAz12):</b> 354.573°<br>
          <hr>
          <u>Path P2 → P1:</u><br>
          <b>Forward Azimuth at P2 (Az21):</b> 174.573°<br>
          <b>Back Azimuth at P1 (BackAz21):</b> 174.580°<br>
          <hr>
          <b>Filter Reason(s):</b> All Pairs (No Filters)<br>
          <hr>
          <i>Calculation Method: Ellipsoidal (WGS84)</i>
        ]]>                
        
            </description>
            <styleUrl>#928</styleUrl>
            <LineString id="926">
                <coordinates>-77.04098558,38.89359614000001,0.0 -77.05231894611552,38.98682226543504,0.0</coordinates>
            </LineString>
        </Placemark>
        <Placemark id="931">
            <name>Wc → Hk</name>
            <description>
                
        
<![CDATA[
          <b>P1:</b> Wc<br>
          <b>P2:</b> Hk<br>
          <hr>
          <b>Distance:</b> 0.590 miles<br>
          <hr>
          <u>Path P1 → P2:</u><br>
          <b>Forward Azimuth at P1 (Az12):</b> 283.280°<br>
          <b>Back Azimuth at P2 (BackAz12):</b> 283.273°<br>
          <hr>
          <u>Path P2 → P1:</u><br>
          <b>Forward Azimuth at P2 (Az21):</b> 103.273°<br>
          <b>Back Azimuth at P1 (BackAz21):</b> 103.280°<br>
          <hr>
          <b>Filter Reason(s):</b> All Pairs (No Filters)<br>
          <hr>
          <i>Calculation Method: Ellipsoidal (WGS84)</i>
        ]]>                
        
            </description>
            <styleUrl>#932</styleUrl>
            <LineString id="930">
                <coordinates>-77.04078625,38.89317136999999,0.0 -77.051444,38.8951366,0.0</coordinates>
            </LineString>
        </Placemark>
        <Placemark id="935">
            <name>Wc → NOa</name>
            <description>
                
        
<![CDATA[
          <b>P1:</b> Wc<br>
          <b>P2:</b> NOa<br>
          <hr>
          <b>Distance:</b> 2.415 miles<br>
          <hr>
          <u>Path P1 → P2:</u><br>
          <b>Forward Azimuth at P1 (Az12):</b> 324.131°<br>
          <b>Back Azimuth at P2 (BackAz12):</b> 324.114°<br>
          <hr>
          <u>Path P2 → P1:</u><br>
          <b>Forward Azimuth at P2 (Az21):</b> 144.114°<br>
          <b>Back Azimuth at P1 (BackAz21):</b> 144.131°<br>
          <hr>
          <b>Filter Reason(s):</b> All Pairs (No Filters)<br>
          <hr>
          <i>Calculation Method: Ellipsoidal (WGS84)</i>
        ]]>                
        
            </description>
            <styleUrl>#936</styleUrl>
            <LineString id="934">
                <coordinates>-77.04078625,38.89317136999999,0.0 -77.06705128052432,38.92154464050518,0.0</coordinates>
            </LineString>
        </Placemark>
        <Placemark id="939">
            <name>Wc → CCnrA</name>
            <description>
                
        
<![CDATA[
          <b>P1:</b> Wc<br>
          <b>P2:</b> CCnrA<br>
          <hr>
          <b>Distance:</b> 1.760 miles<br>
          <hr>
          <u>Path P1 → P2:</u><br>
          <b>Forward Azimuth at P1 (Az12):</b> 99.807°<br>
          <b>Back Azimuth at P2 (BackAz12):</b> 99.827°<br>
          <hr>
          <u>Path P2 → P1:</u><br>
          <b>Forward Azimuth at P2 (Az21):</b> 279.827°<br>
          <b>Back Azimuth at P1 (BackAz21):</b> 279.807°<br>
          <hr>
          <b>Filter Reason(s):</b> All Pairs (No Filters)<br>
          <hr>
          <i>Calculation Method: Ellipsoidal (WGS84)</i>
        ]]>                
        
            </description>
            <styleUrl>#940</styleUrl>
            <LineString id="938">
                <coordinates>-77.04078625,38.89317136999999,0.0 -77.00861883736764,38.88882152017216,0.0</coordinates>
            </LineString>
        </Placemark>
        <Placemark id="943">
            <name>Wc → PO</name>
            <description>
                
        
<![CDATA[
          <b>P1:</b> Wc<br>
          <b>P2:</b> PO<br>
          <hr>
          <b>Distance:</b> 5.129 miles<br>
          <hr>
          <u>Path P1 → P2:</u><br>
          <b>Forward Azimuth at P1 (Az12):</b> 303.784°<br>
          <b>Back Azimuth at P2 (BackAz12):</b> 303.734°<br>
          <hr>
          <u>Path P2 → P1:</u><br>
          <b>Forward Azimuth at P2 (Az21):</b> 123.734°<br>
          <b>Back Azimuth at P1 (BackAz21):</b> 123.784°<br>
          <hr>
          <b>Filter Reason(s):</b> All Pairs (No Filters)<br>
          <hr>
          <i>Calculation Method: Ellipsoidal (WGS84)</i>
        ]]>                
        
            </description>
            <styleUrl>#944</styleUrl>
            <LineString id="942">
                <coordinates>-77.04078625,38.89317136999999,0.0 -77.1199159,38.93449309999998,0.0</coordinates>
            </LineString>
        </Placemark>
        <Placemark id="947">
            <name>Wc → AN</name>
            <description>
                
        
<![CDATA[
          <b>P1:</b> Wc<br>
          <b>P2:</b> AN<br>
          <hr>
          <b>Distance:</b> 5.610 miles<br>
          <hr>
          <u>Path P1 → P2:</u><br>
          <b>Forward Azimuth at P1 (Az12):</b> 71.760°<br>
          <b>Back Azimuth at P2 (BackAz12):</b> 71.822°<br>
          <hr>
          <u>Path P2 → P1:</u><br>
          <b>Forward Azimuth at P2 (Az21):</b> 251.822°<br>
          <b>Back Azimuth at P1 (BackAz21):</b> 251.760°<br>
          <hr>
          <b>Filter Reason(s):</b> All Pairs (No Filters)<br>
          <hr>
          <i>Calculation Method: Ellipsoidal (WGS84)</i>
        ]]>                
        
            </description>
            <styleUrl>#948</styleUrl>
            <LineString id="946">
                <coordinates>-77.04078625,38.89317136999999,0.0 -76.94192180000002,38.91858289999999,0.0</coordinates>
            </LineString>
        </Placemark>
        <Placemark id="951">
            <name>Wc → RC</name>
            <description>
                
        
<![CDATA[
          <b>P1:</b> Wc<br>
          <b>P2:</b> RC<br>
          <hr>
          <b>Distance:</b> 6.490 miles<br>
          <hr>
          <u>Path P1 → P2:</u><br>
          <b>Forward Azimuth at P1 (Az12):</b> 354.510°<br>
          <b>Back Azimuth at P2 (BackAz12):</b> 354.503°<br>
          <hr>
          <u>Path P2 → P1:</u><br>
          <b>Forward Azimuth at P2 (Az21):</b> 174.503°<br>
          <b>Back Azimuth at P1 (BackAz21):</b> 174.510°<br>
          <hr>
          <b>Filter Reason(s):</b> All Pairs (No Filters)<br>
          <hr>
          <i>Calculation Method: Ellipsoidal (WGS84)</i>
        ]]>                
        
            </description>
            <styleUrl>#952</styleUrl>
            <LineString id="950">
                <coordinates>-77.04078625,38.89317136999999,0.0 -77.05231894611552,38.98682226543504,0.0</coordinates>
            </LineString>
        </Placemark>
        <Placemark id="955">
            <name>Hk → NOa</name>
            <description>
                
        
<![CDATA[
          <b>P1:</b> Hk<br>
          <b>P2:</b> NOa<br>
          <hr>
          <b>Distance:</b> 2.006 miles<br>
          <hr>
          <u>Path P1 → P2:</u><br>
          <b>Forward Azimuth at P1 (Az12):</b> 335.219°<br>
          <b>Back Azimuth at P2 (BackAz12):</b> 335.209°<br>
          <hr>
          <u>Path P2 → P1:</u><br>
          <b>Forward Azimuth at P2 (Az21):</b> 155.209°<br>
          <b>Back Azimuth at P1 (BackAz21):</b> 155.219°<br>
          <hr>
          <b>Filter Reason(s):</b> All Pairs (No Filters)<br>
          <hr>
          <i>Calculation Method: Ellipsoidal (WGS84)</i>
        ]]>                
        
            </description>
            <styleUrl>#956</styleUrl>
            <LineString id="954">
                <coordinates>-77.051444,38.8951366,0.0 -77.06705128052432,38.92154464050518,0.0</coordinates>
            </LineString>
        </Placemark>
        <Placemark id="959">
            <name>Hk → CCnrA</name>
            <description>
                
        
<![CDATA[
          <b>P1:</b> Hk<br>
          <b>P2:</b> CCnrA<br>
          <hr>
          <b>Distance:</b> 2.349 miles<br>
          <hr>
          <u>Path P1 → P2:</u><br>
          <b>Forward Azimuth at P1 (Az12):</b> 100.672°<br>
          <b>Back Azimuth at P2 (BackAz12):</b> 100.699°<br>
          <hr>
          <u>Path P2 → P1:</u><br>
          <b>Forward Azimuth at P2 (Az21):</b> 280.699°<br>
          <b>Back Azimuth at P1 (BackAz21):</b> 280.672°<br>
          <hr>
          <b>Filter Reason(s):</b> All Pairs (No Filters)<br>
          <hr>
          <i>Calculation Method: Ellipsoidal (WGS84)</i>
        ]]>                
        
            </description>
            <styleUrl>#960</styleUrl>
            <LineString id="958">
                <coordinates>-77.051444,38.8951366,0.0 -77.00861883736764,38.88882152017216,0.0</coordinates>
            </LineString>
        </Placemark>
        <Placemark id="963">
            <name>Hk → PO</name>
            <description>
                
        
<![CDATA[
          <b>P1:</b> Hk<br>
          <b>P2:</b> PO<br>
          <hr>
          <b>Distance:</b> 4.581 miles<br>
          <hr>
          <u>Path P1 → P2:</u><br>
          <b>Forward Azimuth at P1 (Az12):</b> 306.364°<br>
          <b>Back Azimuth at P2 (BackAz12):</b> 306.321°<br>
          <hr>
          <u>Path P2 → P1:</u><br>
          <b>Forward Azimuth at P2 (Az21):</b> 126.321°<br>
          <b>Back Azimuth at P1 (BackAz21):</b> 126.364°<br>
          <hr>
          <b>Filter Reason(s):</b> All Pairs (No Filters)<br>
          <hr>
          <i>Calculation Method: Ellipsoidal (WGS84)</i>
        ]]>                
        
            </description>
            <styleUrl>#964</styleUrl>
            <LineString id="962">
                <coordinates>-77.051444,38.8951366,0.0 -77.1199159,38.93449309999998,0.0</coordinates>
            </LineString>
        </Placemark>
        <Placemark id="967">
            <name>Hk → AN</name>
            <description>
                
        
<![CDATA[
          <b>P1:</b> Hk<br>
          <b>P2:</b> AN<br>
          <hr>
          <b>Distance:</b> 6.121 miles<br>
          <hr>
          <u>Path P1 → P2:</u><br>
          <b>Forward Azimuth at P1 (Az12):</b> 74.643°<br>
          <b>Back Azimuth at P2 (BackAz12):</b> 74.712°<br>
          <hr>
          <u>Path P2 → P1:</u><br>
          <b>Forward Azimuth at P2 (Az21):</b> 254.712°<br>
          <b>Back Azimuth at P1 (BackAz21):</b> 254.643°<br>
          <hr>
          <b>Filter Reason(s):</b> All Pairs (No Filters)<br>
          <hr>
          <i>Calculation Method: Ellipsoidal (WGS84)</i>
        ]]>                
        
            </description>
            <styleUrl>#968</styleUrl>
            <LineString id="966">
                <coordinates>-77.051444,38.8951366,0.0 -76.94192180000002,38.91858289999999,0.0</coordinates>
            </LineString>
        </Placemark>
        <Placemark id="971">
            <name>Hk → RC</name>
            <description>
                
        
<![CDATA[
          <b>P1:</b> Hk<br>
          <b>P2:</b> RC<br>
          <hr>
          <b>Distance:</b> 6.325 miles<br>
          <hr>
          <u>Path P1 → P2:</u><br>
          <b>Forward Azimuth at P1 (Az12):</b> 359.573°<br>
          <b>Back Azimuth at P2 (BackAz12):</b> 359.573°<br>
          <hr>
          <u>Path P2 → P1:</u><br>
          <b>Forward Azimuth at P2 (Az21):</b> 179.573°<br>
          <b>Back Azimuth at P1 (BackAz21):</b> 179.573°<br>
          <hr>
          <b>Filter Reason(s):</b> All Pairs (No Filters)<br>
          <hr>
          <i>Calculation Method: Ellipsoidal (WGS84)</i>
        ]]>                
        
            </description>
            <styleUrl>#972</styleUrl>
            <LineString id="970">
                <coordinates>-77.051444,38.8951366,0.0 -77.05231894611552,38.98682226543504,0.0</coordinates>
            </LineString>
        </Placemark>
        <Placemark id="975">
            <name>NOa → CCnrA</name>
            <description>
                
        
<![CDATA[
          <b>P1:</b> NOa<br>
          <b>P2:</b> CCnrA<br>
          <hr>
          <b>Distance:</b> 3.875 miles<br>
          <hr>
          <u>Path P1 → P2:</u><br>
          <b>Forward Azimuth at P1 (Az12):</b> 125.611°<br>
          <b>Back Azimuth at P2 (BackAz12):</b> 125.648°<br>
          <hr>
          <u>Path P2 → P1:</u><br>
          <b>Forward Azimuth at P2 (Az21):</b> 305.648°<br>
          <b>Back Azimuth at P1 (BackAz21):</b> 305.611°<br>
          <hr>
          <b>Filter Reason(s):</b> All Pairs (No Filters)<br>
          <hr>
          <i>Calculation Method: Ellipsoidal (WGS84)</i>
        ]]>                
        
            </description>
            <styleUrl>#976</styleUrl>
            <LineString id="974">
                <coordinates>-77.06705128052432,38.92154464050518,0.0 -77.00861883736764,38.88882152017216,0.0</coordinates>
            </LineString>
        </Placemark>
        <Placemark id="979">
            <name>NOa → PO</name>
            <description>
                
        
<![CDATA[
          <b>P1:</b> NOa<br>
          <b>P2:</b> PO<br>
          <hr>
          <b>Distance:</b> 2.985 miles<br>
          <hr>
          <u>Path P1 → P2:</u><br>
          <b>Forward Azimuth at P1 (Az12):</b> 287.427°<br>
          <b>Back Azimuth at P2 (BackAz12):</b> 287.394°<br>
          <hr>
          <u>Path P2 → P1:</u><br>
          <b>Forward Azimuth at P2 (Az21):</b> 107.394°<br>
          <b>Back Azimuth at P1 (BackAz21):</b> 107.427°<br>
          <hr>
          <b>Filter Reason(s):</b> All Pairs (No Filters)<br>
          <hr>
          <i>Calculation Method: Ellipsoidal (WGS84)</i>
        ]]>                
        
            </description>
            <styleUrl>#980</styleUrl>
            <LineString id="978">
                <coordinates>-77.06705128052432,38.92154464050518,0.0 -77.1199159,38.93449309999998,0.0</coordinates>
            </LineString>
        </Placemark>
        <Placemark id="983">
            <name>NOa → AN</name>
            <description>
                
        
<![CDATA[
          <b>P1:</b> NOa<br>
          <b>P2:</b> AN<br>
          <hr>
          <b>Distance:</b> 6.746 miles<br>
          <hr>
          <u>Path P1 → P2:</u><br>
          <b>Forward Azimuth at P1 (Az12):</b> 91.696°<br>
          <b>Back Azimuth at P2 (BackAz12):</b> 91.775°<br>
          <hr>
          <u>Path P2 → P1:</u><br>
          <b>Forward Azimuth at P2 (Az21):</b> 271.775°<br>
          <b>Back Azimuth at P1 (BackAz21):</b> 271.696°<br>
          <hr>
          <b>Filter Reason(s):</b> All Pairs (No Filters)<br>
          <hr>
          <i>Calculation Method: Ellipsoidal (WGS84)</i>
        ]]>                
        
            </description>
            <styleUrl>#984</styleUrl>
            <LineString id="982">
                <coordinates>-77.06705128052432,38.92154464050518,0.0 -76.94192180000002,38.91858289999999,0.0</coordinates>
            </LineString>
        </Placemark>
        <Placemark id="987">
            <name>NOa → RC</name>
            <description>
                
        
<![CDATA[
          <b>P1:</b> NOa<br>
          <b>P2:</b> RC<br>
          <hr>
          <b>Distance:</b> 4.572 miles<br>
          <hr>
          <u>Path P1 → P2:</u><br>
          <b>Forward Azimuth at P1 (Az12):</b> 9.989°<br>
          <b>Back Azimuth at P2 (BackAz12):</b> 9.999°<br>
          <hr>
          <u>Path P2 → P1:</u><br>
          <b>Forward Azimuth at P2 (Az21):</b> 189.999°<br>
          <b>Back Azimuth at P1 (BackAz21):</b> 189.989°<br>
          <hr>
          <b>Filter Reason(s):</b> All Pairs (No Filters)<br>
          <hr>
          <i>Calculation Method: Ellipsoidal (WGS84)</i>
        ]]>                
        
            </description>
            <styleUrl>#988</styleUrl>
            <LineString id="986">
                <coordinates>-77.06705128052432,38.92154464050518,0.0 -77.05231894611552,38.98682226543504,0.0</coordinates>
            </LineString>
        </Placemark>
        <Placemark id="991">
            <name>CCnrA → PO</name>
            <description>
                
        
<![CDATA[
          <b>P1:</b> CCnrA<br>
          <b>P2:</b> PO<br>
          <hr>
          <b>Distance:</b> 6.775 miles<br>
          <hr>
          <u>Path P1 → P2:</u><br>
          <b>Forward Azimuth at P1 (Az12):</b> 297.745°<br>
          <b>Back Azimuth at P2 (BackAz12):</b> 297.675°<br>
          <hr>
          <u>Path P2 → P1:</u><br>
          <b>Forward Azimuth at P2 (Az21):</b> 117.675°<br>
          <b>Back Azimuth at P1 (BackAz21):</b> 117.745°<br>
          <hr>
          <b>Filter Reason(s):</b> All Pairs (No Filters)<br>
          <hr>
          <i>Calculation Method: Ellipsoidal (WGS84)</i>
        ]]>                
        
            </description>
            <styleUrl>#992</styleUrl>
            <LineString id="990">
                <coordinates>-77.00861883736764,38.88882152017216,0.0 -77.1199159,38.93449309999998,0.0</coordinates>
            </LineString>
        </Placemark>
        <Placemark id="995">
            <name>CCnrA → AN</name>
            <description>
                
        
<![CDATA[
          <b>P1:</b> CCnrA<br>
          <b>P2:</b> AN<br>
          <hr>
          <b>Distance:</b> 4.140 miles<br>
          <hr>
          <u>Path P1 → P2:</u><br>
          <b>Forward Azimuth at P1 (Az12):</b> 60.250°<br>
          <b>Back Azimuth at P2 (BackAz12):</b> 60.292°<br>
          <hr>
          <u>Path P2 → P1:</u><br>
          <b>Forward Azimuth at P2 (Az21):</b> 240.292°<br>
          <b>Back Azimuth at P1 (BackAz21):</b> 240.250°<br>
          <hr>
          <b>Filter Reason(s):</b> All Pairs (No Filters)<br>
          <hr>
          <i>Calculation Method: Ellipsoidal (WGS84)</i>
        ]]>                
        
            </description>
            <styleUrl>#996</styleUrl>
            <LineString id="994">
                <coordinates>-77.00861883736764,38.88882152017216,0.0 -76.94192180000002,38.91858289999999,0.0</coordinates>
            </LineString>
        </Placemark>
        <Placemark id="999">
            <name>CCnrA → RC</name>
            <description>
                
        
<![CDATA[
          <b>P1:</b> CCnrA<br>
          <b>P2:</b> RC<br>
          <hr>
          <b>Distance:</b> 7.158 miles<br>
          <hr>
          <u>Path P1 → P2:</u><br>
          <b>Forward Azimuth at P1 (Az12):</b> 340.813°<br>
          <b>Back Azimuth at P2 (BackAz12):</b> 340.785°<br>
          <hr>
          <u>Path P2 → P1:</u><br>
          <b>Forward Azimuth at P2 (Az21):</b> 160.785°<br>
          <b>Back Azimuth at P1 (BackAz21):</b> 160.813°<br>
          <hr>
          <b>Filter Reason(s):</b> All Pairs (No Filters)<br>
          <hr>
          <i>Calculation Method: Ellipsoidal (WGS84)</i>
        ]]>                
        
            </description>
            <styleUrl>#1000</styleUrl>
            <LineString id="998">
                <coordinates>-77.00861883736764,38.88882152017216,0.0 -77.05231894611552,38.98682226543504,0.0</coordinates>
            </LineString>
        </Placemark>
        <Placemark id="1003">
            <name>PO → AN</name>
            <description>
                
        
<![CDATA[
          <b>P1:</b> PO<br>
          <b>P2:</b> AN<br>
          <hr>
          <b>Distance:</b> 9.653 miles<br>
          <hr>
          <u>Path P1 → P2:</u><br>
          <b>Forward Azimuth at P1 (Az12):</b> 96.472°<br>
          <b>Back Azimuth at P2 (BackAz12):</b> 96.584°<br>
          <hr>
          <u>Path P2 → P1:</u><br>
          <b>Forward Azimuth at P2 (Az21):</b> 276.584°<br>
          <b>Back Azimuth at P1 (BackAz21):</b> 276.472°<br>
          <hr>
          <b>Filter Reason(s):</b> All Pairs (No Filters)<br>
          <hr>
          <i>Calculation Method: Ellipsoidal (WGS84)</i>
        ]]>                
        
            </description>
            <styleUrl>#1004</styleUrl>
            <LineString id="1002">
                <coordinates>-77.1199159,38.93449309999998,0.0 -76.94192180000002,38.91858289999999,0.0</coordinates>
            </LineString>
        </Placemark>
        <Placemark id="1007">
            <name>PO → RC</name>
            <description>
                
        
<![CDATA[
          <b>P1:</b> PO<br>
          <b>P2:</b> RC<br>
          <hr>
          <b>Distance:</b> 5.127 miles<br>
          <hr>
          <u>Path P1 → P2:</u><br>
          <b>Forward Azimuth at P1 (Az12):</b> 45.222°<br>
          <b>Back Azimuth at P2 (BackAz12):</b> 45.265°<br>
          <hr>
          <u>Path P2 → P1:</u><br>
          <b>Forward Azimuth at P2 (Az21):</b> 225.265°<br>
          <b>Back Azimuth at P1 (BackAz21):</b> 225.222°<br>
          <hr>
          <b>Filter Reason(s):</b> All Pairs (No Filters)<br>
          <hr>
          <i>Calculation Method: Ellipsoidal (WGS84)</i>
        ]]>                
        
            </description>
            <styleUrl>#1008</styleUrl>
            <LineString id="1006">
                <coordinates>-77.1199159,38.93449309999998,0.0 -77.05231894611552,38.98682226543504,0.0</coordinates>
            </LineString>
        </Placemark>
        <Placemark id="1011">
            <name>AN → RC</name>
            <description>
                
        
<![CDATA[
          <b>P1:</b> AN<br>
          <b>P2:</b> RC<br>
          <hr>
          <b>Distance:</b> 7.584 miles<br>
          <hr>
          <u>Path P1 → P2:</u><br>
          <b>Forward Azimuth at P1 (Az12):</b> 308.401°<br>
          <b>Back Azimuth at P2 (BackAz12):</b> 308.331°<br>
          <hr>
          <u>Path P2 → P1:</u><br>
          <b>Forward Azimuth at P2 (Az21):</b> 128.331°<br>
          <b>Back Azimuth at P1 (BackAz21):</b> 128.401°<br>
          <hr>
          <b>Filter Reason(s):</b> All Pairs (No Filters)<br>
          <hr>
          <i>Calculation Method: Ellipsoidal (WGS84)</i>
        ]]>                
        
            </description>
            <styleUrl>#1012</styleUrl>
            <LineString id="1010">
                <coordinates>-76.94192180000002,38.91858289999999,0.0 -77.05231894611552,38.98682226543504,0.0</coordinates>
            </LineString>
        </Placemark>
    </Document>
</kml>
