<?xml version="1.0" encoding="UTF-8"?>
<kml xmlns="http://www.opengis.net/kml/2.2" xmlns:gx="http://www.google.com/kml/ext/2.2">
    <Document id="1">
        <Style id="4">
            <LineStyle id="5">
                <color>FFF5FCF7</color>
                <colorMode>normal</colorMode>
                <width>1.5</width>
            </LineStyle>
        </Style>
        <Style id="8">
            <LineStyle id="9">
                <color>FFF5FCF7</color>
                <colorMode>normal</colorMode>
                <width>1.5</width>
            </LineStyle>
        </Style>
        <Style id="12">
            <LineStyle id="13">
                <color>FFE9F8ED</color>
                <colorMode>normal</colorMode>
                <width>1.5</width>
            </LineStyle>
        </Style>
        <Style id="16">
            <LineStyle id="17">
                <color>FFE9F8ED</color>
                <colorMode>normal</colorMode>
                <width>1.5</width>
            </LineStyle>
        </Style>
        <Style id="20">
            <LineStyle id="21">
                <color>FFDDF4E3</color>
                <colorMode>normal</colorMode>
                <width>1.5</width>
            </LineStyle>
        </Style>
        <Style id="24">
            <LineStyle id="25">
                <color>FFE9F8ED</color>
                <colorMode>normal</colorMode>
                <width>1.5</width>
            </LineStyle>
        </Style>
        <Style id="28">
            <LineStyle id="29">
                <color>FFCCEDD3</color>
                <colorMode>normal</colorMode>
                <width>1.5</width>
            </LineStyle>
        </Style>
        <Style id="32">
            <LineStyle id="33">
                <color>FFCCEDD3</color>
                <colorMode>normal</colorMode>
                <width>1.5</width>
            </LineStyle>
        </Style>
        <Style id="36">
            <LineStyle id="37">
                <color>FFBBE6C1</color>
                <colorMode>normal</colorMode>
                <width>1.5</width>
            </LineStyle>
        </Style>
        <Style id="40">
            <LineStyle id="41">
                <color>FFCCEDD3</color>
                <colorMode>normal</colorMode>
                <width>1.5</width>
            </LineStyle>
        </Style>
        <Style id="44">
            <LineStyle id="45">
                <color>FFA7DEAD</color>
                <colorMode>normal</colorMode>
                <width>1.5</width>
            </LineStyle>
        </Style>
        <Style id="48">
            <LineStyle id="49">
                <color>FFBBE6C1</color>
                <colorMode>normal</colorMode>
                <width>1.5</width>
            </LineStyle>
        </Style>
        <Style id="52">
            <LineStyle id="53">
                <color>FF93D498</color>
                <colorMode>normal</colorMode>
                <width>2.5</width>
            </LineStyle>
        </Style>
        <Style id="56">
            <LineStyle id="57">
                <color>FF7FC980</color>
                <colorMode>normal</colorMode>
                <width>1.5</width>
            </LineStyle>
        </Style>
        <Style id="60">
            <LineStyle id="61">
                <color>FF6FBD66</color>
                <colorMode>normal</colorMode>
                <width>2.5</width>
            </LineStyle>
        </Style>
        <Style id="64">
            <LineStyle id="65">
                <color>FF93D498</color>
                <colorMode>normal</colorMode>
                <width>2.5</width>
            </LineStyle>
        </Style>
        <Style id="68">
            <LineStyle id="69">
                <color>FF61B04B</color>
                <colorMode>normal</colorMode>
                <width>1.5</width>
            </LineStyle>
        </Style>
        <Style id="72">
            <LineStyle id="73">
                <color>FF55A037</color>
                <colorMode>normal</colorMode>
                <width>1.5</width>
            </LineStyle>
        </Style>
        <Style id="76">
            <LineStyle id="77">
                <color>FFE9F8ED</color>
                <colorMode>normal</colorMode>
                <width>1.5</width>
            </LineStyle>
        </Style>
        <Style id="80">
            <LineStyle id="81">
                <color>FFCCEDD3</color>
                <colorMode>normal</colorMode>
                <width>1.5</width>
            </LineStyle>
        </Style>
        <Style id="84">
            <LineStyle id="85">
                <color>FFCCEDD3</color>
                <colorMode>normal</colorMode>
                <width>1.5</width>
            </LineStyle>
        </Style>
        <Style id="88">
            <LineStyle id="89">
                <color>FFCCEDD3</color>
                <colorMode>normal</colorMode>
                <width>1.5</width>
            </LineStyle>
        </Style>
        <Style id="92">
            <LineStyle id="93">
                <color>FFBBE6C1</color>
                <colorMode>normal</colorMode>
                <width>1.5</width>
            </LineStyle>
        </Style>
        <Style id="96">
            <LineStyle id="97">
                <color>FFCCEDD3</color>
                <colorMode>normal</colorMode>
                <width>1.5</width>
            </LineStyle>
        </Style>
        <Style id="100">
            <LineStyle id="101">
                <color>FFBBE6C1</color>
                <colorMode>normal</colorMode>
                <width>1.5</width>
            </LineStyle>
        </Style>
        <Style id="104">
            <LineStyle id="105">
                <color>FF488F27</color>
                <colorMode>normal</colorMode>
                <width>1.5</width>
            </LineStyle>
        </Style>
        <Style id="108">
            <LineStyle id="109">
                <color>FF61B04B</color>
                <colorMode>normal</colorMode>
                <width>1.5</width>
            </LineStyle>
        </Style>
        <Style id="112">
            <LineStyle id="113">
                <color>FF3A7E15</color>
                <colorMode>normal</colorMode>
                <width>1.5</width>
            </LineStyle>
        </Style>
        <Style id="116">
            <LineStyle id="117">
                <color>FFA7DEAD</color>
                <colorMode>normal</colorMode>
                <width>1.5</width>
            </LineStyle>
        </Style>
        <Style id="120">
            <LineStyle id="121">
                <color>FF61B04B</color>
                <colorMode>normal</colorMode>
                <width>1.5</width>
            </LineStyle>
        </Style>
        <Style id="124">
            <LineStyle id="125">
                <color>FFCCEDD3</color>
                <colorMode>normal</colorMode>
                <width>1.5</width>
            </LineStyle>
        </Style>
        <Style id="128">
            <LineStyle id="129">
                <color>FF2D6F02</color>
                <colorMode>normal</colorMode>
                <width>1.5</width>
            </LineStyle>
        </Style>
        <Style id="132">
            <LineStyle id="133">
                <color>FFE9F8ED</color>
                <colorMode>normal</colorMode>
                <width>1.5</width>
            </LineStyle>
        </Style>
        <Style id="136">
            <LineStyle id="137">
                <color>FFCCEDD3</color>
                <colorMode>normal</colorMode>
                <width>1.5</width>
            </LineStyle>
        </Style>
        <Style id="140">
            <LineStyle id="141">
                <color>FFE9F8ED</color>
                <colorMode>normal</colorMode>
                <width>1.5</width>
            </LineStyle>
        </Style>
        <Style id="144">
            <LineStyle id="145">
                <color>FF245900</color>
                <colorMode>normal</colorMode>
                <width>1.5</width>
            </LineStyle>
        </Style>
        <Style id="148">
            <LineStyle id="149">
                <color>FF1B4400</color>
                <colorMode>normal</colorMode>
                <width>2.5</width>
            </LineStyle>
        </Style>
        <Style id="152">
            <LineStyle id="153">
                <color>FFCCEDD3</color>
                <colorMode>normal</colorMode>
                <width>1.5</width>
            </LineStyle>
        </Style>
        <Style id="156">
            <LineStyle id="157">
                <color>FF245900</color>
                <colorMode>normal</colorMode>
                <width>1.5</width>
            </LineStyle>
        </Style>
        <Style id="160">
            <LineStyle id="161">
                <color>FFA7DEAD</color>
                <colorMode>normal</colorMode>
                <width>1.5</width>
            </LineStyle>
        </Style>
        <Style id="164">
            <LineStyle id="165">
                <color>FFBBE6C1</color>
                <colorMode>normal</colorMode>
                <width>1.5</width>
            </LineStyle>
        </Style>
        <Style id="168">
            <LineStyle id="169">
                <color>FFCCEDD3</color>
                <colorMode>normal</colorMode>
                <width>1.5</width>
            </LineStyle>
        </Style>
        <Style id="172">
            <LineStyle id="173">
                <color>FF61B04B</color>
                <colorMode>normal</colorMode>
                <width>1.5</width>
            </LineStyle>
        </Style>
        <Style id="176">
            <LineStyle id="177">
                <color>FF2D6F02</color>
                <colorMode>normal</colorMode>
                <width>1.5</width>
            </LineStyle>
        </Style>
        <Style id="180">
            <LineStyle id="181">
                <color>FFA7DEAD</color>
                <colorMode>normal</colorMode>
                <width>1.5</width>
            </LineStyle>
        </Style>
        <Style id="184">
            <LineStyle id="185">
                <color>FFFFFBF7</color>
                <colorMode>normal</colorMode>
                <width>1.5</width>
            </LineStyle>
        </Style>
        <Style id="188">
            <LineStyle id="189">
                <color>FFCCEDD3</color>
                <colorMode>normal</colorMode>
                <width>1.5</width>
            </LineStyle>
        </Style>
        <Style id="192">
            <LineStyle id="193">
                <color>FFCCEDD3</color>
                <colorMode>normal</colorMode>
                <width>1.5</width>
            </LineStyle>
        </Style>
        <Style id="196">
            <LineStyle id="197">
                <color>FFBBE6C1</color>
                <colorMode>normal</colorMode>
                <width>1.5</width>
            </LineStyle>
        </Style>
        <Style id="200">
            <LineStyle id="201">
                <color>FFCCEDD3</color>
                <colorMode>normal</colorMode>
                <width>1.5</width>
            </LineStyle>
        </Style>
        <Style id="204">
            <LineStyle id="205">
                <color>FFFAF2EA</color>
                <colorMode>normal</colorMode>
                <width>1.5</width>
            </LineStyle>
        </Style>
        <Style id="208">
            <LineStyle id="209">
                <color>FFE9F8ED</color>
                <colorMode>normal</colorMode>
                <width>1.5</width>
            </LineStyle>
        </Style>
        <Style id="212">
            <LineStyle id="213">
                <color>FFE9F8ED</color>
                <colorMode>normal</colorMode>
                <width>1.5</width>
            </LineStyle>
        </Style>
        <Style id="216">
            <LineStyle id="217">
                <color>FFF5FCF7</color>
                <colorMode>normal</colorMode>
                <width>1.5</width>
            </LineStyle>
        </Style>
        <Style id="220">
            <LineStyle id="221">
                <color>FFE9F8ED</color>
                <colorMode>normal</colorMode>
                <width>1.5</width>
            </LineStyle>
        </Style>
        <Style id="224">
            <LineStyle id="225">
                <color>FFF6EADD</color>
                <colorMode>normal</colorMode>
                <width>1.5</width>
            </LineStyle>
        </Style>
        <Style id="228">
            <LineStyle id="229">
                <color>FFA7DEAD</color>
                <colorMode>normal</colorMode>
                <width>1.5</width>
            </LineStyle>
        </Style>
        <Style id="232">
            <LineStyle id="233">
                <color>FF2D6F02</color>
                <colorMode>normal</colorMode>
                <width>1.5</width>
            </LineStyle>
        </Style>
        <Style id="236">
            <LineStyle id="237">
                <color>FFA7DEAD</color>
                <colorMode>normal</colorMode>
                <width>1.5</width>
            </LineStyle>
        </Style>
        <Style id="240">
            <LineStyle id="241">
                <color>FFCCEDD3</color>
                <colorMode>normal</colorMode>
                <width>1.5</width>
            </LineStyle>
        </Style>
        <Style id="244">
            <LineStyle id="245">
                <color>FFCCEDD3</color>
                <colorMode>normal</colorMode>
                <width>1.5</width>
            </LineStyle>
        </Style>
        <Style id="248">
            <LineStyle id="249">
                <color>FFF5FCF7</color>
                <colorMode>normal</colorMode>
                <width>1.5</width>
            </LineStyle>
        </Style>
        <Style id="252">
            <LineStyle id="253">
                <color>FFCCEDD3</color>
                <colorMode>normal</colorMode>
                <width>1.5</width>
            </LineStyle>
        </Style>
        <Style id="256">
            <LineStyle id="257">
                <color>FF2D6F02</color>
                <colorMode>normal</colorMode>
                <width>1.5</width>
            </LineStyle>
        </Style>
        <Style id="260">
            <LineStyle id="261">
                <color>FFCCEDD3</color>
                <colorMode>normal</colorMode>
                <width>1.5</width>
            </LineStyle>
        </Style>
        <Style id="264">
            <LineStyle id="265">
                <color>FFCCEDD3</color>
                <colorMode>normal</colorMode>
                <width>1.5</width>
            </LineStyle>
        </Style>
        <Style id="268">
            <LineStyle id="269">
                <color>FF61B04B</color>
                <colorMode>normal</colorMode>
                <width>1.5</width>
            </LineStyle>
        </Style>
        <Style id="272">
            <LineStyle id="273">
                <color>FF3A7E15</color>
                <colorMode>normal</colorMode>
                <width>1.5</width>
            </LineStyle>
        </Style>
        <Style id="276">
            <LineStyle id="277">
                <color>FF2D6F02</color>
                <colorMode>normal</colorMode>
                <width>1.5</width>
            </LineStyle>
        </Style>
        <Style id="280">
            <LineStyle id="281">
                <color>FFA7DEAD</color>
                <colorMode>normal</colorMode>
                <width>1.5</width>
            </LineStyle>
        </Style>
        <Style id="284">
            <LineStyle id="285">
                <color>FF61B04B</color>
                <colorMode>normal</colorMode>
                <width>1.5</width>
            </LineStyle>
        </Style>
        <Style id="288">
            <LineStyle id="289">
                <color>FFCCEDD3</color>
                <colorMode>normal</colorMode>
                <width>1.5</width>
            </LineStyle>
        </Style>
        <Style id="292">
            <LineStyle id="293">
                <color>FF3A7E15</color>
                <colorMode>normal</colorMode>
                <width>1.5</width>
            </LineStyle>
        </Style>
        <Style id="296">
            <LineStyle id="297">
                <color>FFE9F8ED</color>
                <colorMode>normal</colorMode>
                <width>1.5</width>
            </LineStyle>
        </Style>
        <Style id="300">
            <LineStyle id="301">
                <color>FF2D6F02</color>
                <colorMode>normal</colorMode>
                <width>1.5</width>
            </LineStyle>
        </Style>
        <Style id="304">
            <LineStyle id="305">
                <color>FF2D6F02</color>
                <colorMode>normal</colorMode>
                <width>1.5</width>
            </LineStyle>
        </Style>
        <Style id="308">
            <LineStyle id="309">
                <color>FFCCEDD3</color>
                <colorMode>normal</colorMode>
                <width>1.5</width>
            </LineStyle>
        </Style>
        <Style id="312">
            <LineStyle id="313">
                <color>FFDDF4E3</color>
                <colorMode>normal</colorMode>
                <width>1.5</width>
            </LineStyle>
        </Style>
        <Style id="316">
            <LineStyle id="317">
                <color>FF61B04B</color>
                <colorMode>normal</colorMode>
                <width>1.5</width>
            </LineStyle>
        </Style>
        <Style id="320">
            <LineStyle id="321">
                <color>FFE9F8ED</color>
                <colorMode>normal</colorMode>
                <width>1.5</width>
            </LineStyle>
        </Style>
        <Style id="324">
            <LineStyle id="325">
                <color>FFF6EADD</color>
                <colorMode>normal</colorMode>
                <width>1.5</width>
            </LineStyle>
        </Style>
        <Style id="328">
            <LineStyle id="329">
                <color>FFBBE6C1</color>
                <colorMode>normal</colorMode>
                <width>1.5</width>
            </LineStyle>
        </Style>
        <Style id="332">
            <LineStyle id="333">
                <color>FFBBE6C1</color>
                <colorMode>normal</colorMode>
                <width>1.5</width>
            </LineStyle>
        </Style>
        <Style id="336">
            <LineStyle id="337">
                <color>FFCCEDD3</color>
                <colorMode>normal</colorMode>
                <width>1.5</width>
            </LineStyle>
        </Style>
        <Style id="340">
            <LineStyle id="341">
                <color>FFBBE6C1</color>
                <colorMode>normal</colorMode>
                <width>1.5</width>
            </LineStyle>
        </Style>
        <Style id="344">
            <LineStyle id="345">
                <color>FFA7DEAD</color>
                <colorMode>normal</colorMode>
                <width>1.5</width>
            </LineStyle>
        </Style>
        <Style id="348">
            <LineStyle id="349">
                <color>FFE9F8ED</color>
                <colorMode>normal</colorMode>
                <width>1.5</width>
            </LineStyle>
        </Style>
        <Style id="352">
            <LineStyle id="353">
                <color>FFE9F8ED</color>
                <colorMode>normal</colorMode>
                <width>1.5</width>
            </LineStyle>
        </Style>
        <Style id="356">
            <LineStyle id="357">
                <color>FFCCEDD3</color>
                <colorMode>normal</colorMode>
                <width>1.5</width>
            </LineStyle>
        </Style>
        <Style id="360">
            <LineStyle id="361">
                <color>FF61B04B</color>
                <colorMode>normal</colorMode>
                <width>1.5</width>
            </LineStyle>
        </Style>
        <Style id="364">
            <LineStyle id="365">
                <color>FFCCEDD3</color>
                <colorMode>normal</colorMode>
                <width>1.5</width>
            </LineStyle>
        </Style>
        <Style id="368">
            <LineStyle id="369">
                <color>FFF5FCF7</color>
                <colorMode>normal</colorMode>
                <width>1.5</width>
            </LineStyle>
        </Style>
        <Style id="372">
            <LineStyle id="373">
                <color>FFCCEDD3</color>
                <colorMode>normal</colorMode>
                <width>1.5</width>
            </LineStyle>
        </Style>
        <Style id="376">
            <LineStyle id="377">
                <color>FF245900</color>
                <colorMode>normal</colorMode>
                <width>1.5</width>
            </LineStyle>
        </Style>
        <Style id="380">
            <LineStyle id="381">
                <color>FF488F27</color>
                <colorMode>normal</colorMode>
                <width>1.5</width>
            </LineStyle>
        </Style>
        <Style id="384">
            <LineStyle id="385">
                <color>FFBBE6C1</color>
                <colorMode>normal</colorMode>
                <width>1.5</width>
            </LineStyle>
        </Style>
        <Style id="388">
            <LineStyle id="389">
                <color>FF245900</color>
                <colorMode>normal</colorMode>
                <width>1.5</width>
            </LineStyle>
        </Style>
        <Style id="392">
            <LineStyle id="393">
                <color>FF7FC980</color>
                <colorMode>normal</colorMode>
                <width>1.5</width>
            </LineStyle>
        </Style>
        <Style id="396">
            <LineStyle id="397">
                <color>FF61B04B</color>
                <colorMode>normal</colorMode>
                <width>1.5</width>
            </LineStyle>
        </Style>
        <Style id="400">
            <LineStyle id="401">
                <color>FF245900</color>
                <colorMode>normal</colorMode>
                <width>1.5</width>
            </LineStyle>
        </Style>
        <Style id="404">
            <LineStyle id="405">
                <color>FFF2E2D1</color>
                <colorMode>normal</colorMode>
                <width>1.5</width>
            </LineStyle>
        </Style>
        <Style id="408">
            <LineStyle id="409">
                <color>FF2D6F02</color>
                <colorMode>normal</colorMode>
                <width>1.5</width>
            </LineStyle>
        </Style>
        <Style id="412">
            <LineStyle id="413">
                <color>FFBBE6C1</color>
                <colorMode>normal</colorMode>
                <width>1.5</width>
            </LineStyle>
        </Style>
        <Style id="416">
            <LineStyle id="417">
                <color>FFCCEDD3</color>
                <colorMode>normal</colorMode>
                <width>1.5</width>
            </LineStyle>
        </Style>
        <Style id="420">
            <LineStyle id="421">
                <color>FFCCEDD3</color>
                <colorMode>normal</colorMode>
                <width>1.5</width>
            </LineStyle>
        </Style>
        <Style id="424">
            <LineStyle id="425">
                <color>FFCCEDD3</color>
                <colorMode>normal</colorMode>
                <width>1.5</width>
            </LineStyle>
        </Style>
        <Style id="428">
            <LineStyle id="429">
                <color>FFCCEDD3</color>
                <colorMode>normal</colorMode>
                <width>1.5</width>
            </LineStyle>
        </Style>
        <Style id="432">
            <LineStyle id="433">
                <color>FF2D6F02</color>
                <colorMode>normal</colorMode>
                <width>1.5</width>
            </LineStyle>
        </Style>
        <Style id="436">
            <LineStyle id="437">
                <color>FFBBE6C1</color>
                <colorMode>normal</colorMode>
                <width>1.5</width>
            </LineStyle>
        </Style>
        <Style id="440">
            <LineStyle id="441">
                <color>FF245900</color>
                <colorMode>normal</colorMode>
                <width>1.5</width>
            </LineStyle>
        </Style>
        <Style id="444">
            <LineStyle id="445">
                <color>FFEEDAC5</color>
                <colorMode>normal</colorMode>
                <width>2.5</width>
            </LineStyle>
        </Style>
        <Style id="448">
            <LineStyle id="449">
                <color>FFCCEDD3</color>
                <colorMode>normal</colorMode>
                <width>1.5</width>
            </LineStyle>
        </Style>
        <Style id="452">
            <LineStyle id="453">
                <color>FFCCEDD3</color>
                <colorMode>normal</colorMode>
                <width>1.5</width>
            </LineStyle>
        </Style>
        <Style id="456">
            <LineStyle id="457">
                <color>FFDDF4E3</color>
                <colorMode>normal</colorMode>
                <width>1.5</width>
            </LineStyle>
        </Style>
        <Style id="460">
            <LineStyle id="461">
                <color>FFCCEDD3</color>
                <colorMode>normal</colorMode>
                <width>1.5</width>
            </LineStyle>
        </Style>
        <Style id="464">
            <LineStyle id="465">
                <color>FFBBE6C1</color>
                <colorMode>normal</colorMode>
                <width>1.5</width>
            </LineStyle>
        </Style>
        <Style id="468">
            <LineStyle id="469">
                <color>FF1B4400</color>
                <colorMode>normal</colorMode>
                <width>2.5</width>
            </LineStyle>
        </Style>
        <Style id="472">
            <LineStyle id="473">
                <color>FFE9F8ED</color>
                <colorMode>normal</colorMode>
                <width>1.5</width>
            </LineStyle>
        </Style>
        <Style id="476">
            <LineStyle id="477">
                <color>FFE9F8ED</color>
                <colorMode>normal</colorMode>
                <width>1.5</width>
            </LineStyle>
        </Style>
        <Style id="480">
            <LineStyle id="481">
                <color>FF3A7E15</color>
                <colorMode>normal</colorMode>
                <width>1.5</width>
            </LineStyle>
        </Style>
        <Style id="484">
            <LineStyle id="485">
                <color>FFE9F8ED</color>
                <colorMode>normal</colorMode>
                <width>1.5</width>
            </LineStyle>
        </Style>
        <Style id="488">
            <LineStyle id="489">
                <color>FFBBE6C1</color>
                <colorMode>normal</colorMode>
                <width>1.5</width>
            </LineStyle>
        </Style>
        <Style id="492">
            <LineStyle id="493">
                <color>FFE7D2B1</color>
                <colorMode>normal</colorMode>
                <width>1.5</width>
            </LineStyle>
        </Style>
        <Style id="496">
            <LineStyle id="497">
                <color>FFF5FCF7</color>
                <colorMode>normal</colorMode>
                <width>1.5</width>
            </LineStyle>
        </Style>
        <Style id="500">
            <LineStyle id="501">
                <color>FFCCEDD3</color>
                <colorMode>normal</colorMode>
                <width>1.5</width>
            </LineStyle>
        </Style>
        <Style id="504">
            <LineStyle id="505">
                <color>FFF6EADD</color>
                <colorMode>normal</colorMode>
                <width>1.5</width>
            </LineStyle>
        </Style>
        <Style id="508">
            <LineStyle id="509">
                <color>FFEEDAC5</color>
                <colorMode>normal</colorMode>
                <width>2.5</width>
            </LineStyle>
        </Style>
        <Style id="512">
            <LineStyle id="513">
                <color>FFBBE6C1</color>
                <colorMode>normal</colorMode>
                <width>1.5</width>
            </LineStyle>
        </Style>
        <Style id="516">
            <LineStyle id="517">
                <color>FF2D6F02</color>
                <colorMode>normal</colorMode>
                <width>1.5</width>
            </LineStyle>
        </Style>
        <Style id="520">
            <LineStyle id="521">
                <color>FFA7DEAD</color>
                <colorMode>normal</colorMode>
                <width>1.5</width>
            </LineStyle>
        </Style>
        <Style id="524">
            <LineStyle id="525">
                <color>FFE0C99D</color>
                <colorMode>normal</colorMode>
                <width>2.5</width>
            </LineStyle>
        </Style>
        <Style id="528">
            <LineStyle id="529">
                <color>FFDBBB83</color>
                <colorMode>normal</colorMode>
                <width>1.5</width>
            </LineStyle>
        </Style>
        <Style id="532">
            <LineStyle id="533">
                <color>FFD5AD6A</color>
                <colorMode>normal</colorMode>
                <width>1.5</width>
            </LineStyle>
        </Style>
        <Style id="536">
            <LineStyle id="537">
                <color>FFE0C99D</color>
                <colorMode>normal</colorMode>
                <width>2.5</width>
            </LineStyle>
        </Style>
        <Style id="540">
            <LineStyle id="541">
                <color>FFCCEDD3</color>
                <colorMode>normal</colorMode>
                <width>1.5</width>
            </LineStyle>
        </Style>
        <Style id="544">
            <LineStyle id="545">
                <color>FFBBE6C1</color>
                <colorMode>normal</colorMode>
                <width>1.5</width>
            </LineStyle>
        </Style>
        <Style id="548">
            <LineStyle id="549">
                <color>FFE9F8ED</color>
                <colorMode>normal</colorMode>
                <width>1.5</width>
            </LineStyle>
        </Style>
        <Style id="552">
            <LineStyle id="553">
                <color>FFA7DEAD</color>
                <colorMode>normal</colorMode>
                <width>1.5</width>
            </LineStyle>
        </Style>
        <Style id="556">
            <LineStyle id="557">
                <color>FFE9F8ED</color>
                <colorMode>normal</colorMode>
                <width>1.5</width>
            </LineStyle>
        </Style>
        <Style id="560">
            <LineStyle id="561">
                <color>FFCCEDD3</color>
                <colorMode>normal</colorMode>
                <width>1.5</width>
            </LineStyle>
        </Style>
        <Style id="564">
            <LineStyle id="565">
                <color>FFBBE6C1</color>
                <colorMode>normal</colorMode>
                <width>1.5</width>
            </LineStyle>
        </Style>
        <Style id="568">
            <LineStyle id="569">
                <color>FFF6EADD</color>
                <colorMode>normal</colorMode>
                <width>1.5</width>
            </LineStyle>
        </Style>
        <Style id="572">
            <LineStyle id="573">
                <color>FFCD9F55</color>
                <colorMode>normal</colorMode>
                <width>1.5</width>
            </LineStyle>
        </Style>
        <Style id="576">
            <LineStyle id="577">
                <color>FFE9F8ED</color>
                <colorMode>normal</colorMode>
                <width>1.5</width>
            </LineStyle>
        </Style>
        <Style id="580">
            <LineStyle id="581">
                <color>FFCCEDD3</color>
                <colorMode>normal</colorMode>
                <width>1.5</width>
            </LineStyle>
        </Style>
        <Style id="584">
            <LineStyle id="585">
                <color>FFC59141</color>
                <colorMode>normal</colorMode>
                <width>2.5</width>
            </LineStyle>
        </Style>
        <Style id="588">
            <LineStyle id="589">
                <color>FFF2E2D1</color>
                <colorMode>normal</colorMode>
                <width>1.5</width>
            </LineStyle>
        </Style>
        <Style id="592">
            <LineStyle id="593">
                <color>FFE9F8ED</color>
                <colorMode>normal</colorMode>
                <width>1.5</width>
            </LineStyle>
        </Style>
        <Style id="596">
            <LineStyle id="597">
                <color>FFCCEDD3</color>
                <colorMode>normal</colorMode>
                <width>1.5</width>
            </LineStyle>
        </Style>
        <Style id="600">
            <LineStyle id="601">
                <color>FFBD8030</color>
                <colorMode>normal</colorMode>
                <width>2.5</width>
            </LineStyle>
        </Style>
        <Style id="604">
            <LineStyle id="605">
                <color>FFBBE6C1</color>
                <colorMode>normal</colorMode>
                <width>1.5</width>
            </LineStyle>
        </Style>
        <Style id="608">
            <LineStyle id="609">
                <color>FFE9F8ED</color>
                <colorMode>normal</colorMode>
                <width>1.5</width>
            </LineStyle>
        </Style>
        <Style id="612">
            <LineStyle id="613">
                <color>FFCCEDD3</color>
                <colorMode>normal</colorMode>
                <width>1.5</width>
            </LineStyle>
        </Style>
        <Style id="616">
            <LineStyle id="617">
                <color>FFBBE6C1</color>
                <colorMode>normal</colorMode>
                <width>1.5</width>
            </LineStyle>
        </Style>
        <Style id="620">
            <LineStyle id="621">
                <color>FFA7DEAD</color>
                <colorMode>normal</colorMode>
                <width>1.5</width>
            </LineStyle>
        </Style>
        <Style id="624">
            <LineStyle id="625">
                <color>FFA7DEAD</color>
                <colorMode>normal</colorMode>
                <width>1.5</width>
            </LineStyle>
        </Style>
        <Style id="628">
            <LineStyle id="629">
                <color>FFF5FCF7</color>
                <colorMode>normal</colorMode>
                <width>1.5</width>
            </LineStyle>
        </Style>
        <Style id="632">
            <LineStyle id="633">
                <color>FF245900</color>
                <colorMode>normal</colorMode>
                <width>1.5</width>
            </LineStyle>
        </Style>
        <Style id="636">
            <LineStyle id="637">
                <color>FFE9F8ED</color>
                <colorMode>normal</colorMode>
                <width>1.5</width>
            </LineStyle>
        </Style>
        <Style id="640">
            <LineStyle id="641">
                <color>FFF5FCF7</color>
                <colorMode>normal</colorMode>
                <width>1.5</width>
            </LineStyle>
        </Style>
        <Style id="644">
            <LineStyle id="645">
                <color>FFCCEDD3</color>
                <colorMode>normal</colorMode>
                <width>1.5</width>
            </LineStyle>
        </Style>
        <Style id="648">
            <LineStyle id="649">
                <color>FFB47020</color>
                <colorMode>normal</colorMode>
                <width>1.5</width>
            </LineStyle>
        </Style>
        <Style id="652">
            <LineStyle id="653">
                <color>FFDDF4E3</color>
                <colorMode>normal</colorMode>
                <width>1.5</width>
            </LineStyle>
        </Style>
        <Style id="656">
            <LineStyle id="657">
                <color>FFBBE6C1</color>
                <colorMode>normal</colorMode>
                <width>1.5</width>
            </LineStyle>
        </Style>
        <Style id="660">
            <LineStyle id="661">
                <color>FF245900</color>
                <colorMode>normal</colorMode>
                <width>1.5</width>
            </LineStyle>
        </Style>
        <Style id="664">
            <LineStyle id="665">
                <color>FFCCEDD3</color>
                <colorMode>normal</colorMode>
                <width>1.5</width>
            </LineStyle>
        </Style>
        <Style id="668">
            <LineStyle id="669">
                <color>FFCCEDD3</color>
                <colorMode>normal</colorMode>
                <width>1.5</width>
            </LineStyle>
        </Style>
        <Style id="672">
            <LineStyle id="673">
                <color>FFA76013</color>
                <colorMode>normal</colorMode>
                <width>1.5</width>
            </LineStyle>
        </Style>
        <Style id="676">
            <LineStyle id="677">
                <color>FFF5FCF7</color>
                <colorMode>normal</colorMode>
                <width>1.5</width>
            </LineStyle>
        </Style>
        <Style id="680">
            <LineStyle id="681">
                <color>FFB47020</color>
                <colorMode>normal</colorMode>
                <width>1.5</width>
            </LineStyle>
        </Style>
        <Style id="684">
            <LineStyle id="685">
                <color>FFCCEDD3</color>
                <colorMode>normal</colorMode>
                <width>1.5</width>
            </LineStyle>
        </Style>
        <Style id="688">
            <LineStyle id="689">
                <color>FFCCEDD3</color>
                <colorMode>normal</colorMode>
                <width>1.5</width>
            </LineStyle>
        </Style>
        <Style id="692">
            <LineStyle id="693">
                <color>FF488F27</color>
                <colorMode>normal</colorMode>
                <width>1.5</width>
            </LineStyle>
        </Style>
        <Style id="696">
            <LineStyle id="697">
                <color>FFC59141</color>
                <colorMode>normal</colorMode>
                <width>2.5</width>
            </LineStyle>
        </Style>
        <Style id="700">
            <LineStyle id="701">
                <color>FFB47020</color>
                <colorMode>normal</colorMode>
                <width>1.5</width>
            </LineStyle>
        </Style>
        <Style id="704">
            <LineStyle id="705">
                <color>FFCCEDD3</color>
                <colorMode>normal</colorMode>
                <width>1.5</width>
            </LineStyle>
        </Style>
        <Style id="708">
            <LineStyle id="709">
                <color>FFCCEDD3</color>
                <colorMode>normal</colorMode>
                <width>1.5</width>
            </LineStyle>
        </Style>
        <Style id="712">
            <LineStyle id="713">
                <color>FFCCEDD3</color>
                <colorMode>normal</colorMode>
                <width>1.5</width>
            </LineStyle>
        </Style>
        <Style id="716">
            <LineStyle id="717">
                <color>FFA7DEAD</color>
                <colorMode>normal</colorMode>
                <width>1.5</width>
            </LineStyle>
        </Style>
        <Style id="720">
            <LineStyle id="721">
                <color>FFDDF4E3</color>
                <colorMode>normal</colorMode>
                <width>1.5</width>
            </LineStyle>
        </Style>
        <Style id="724">
            <LineStyle id="725">
                <color>FF9A5008</color>
                <colorMode>normal</colorMode>
                <width>2.5</width>
            </LineStyle>
        </Style>
        <Style id="728">
            <LineStyle id="729">
                <color>FF2D6F02</color>
                <colorMode>normal</colorMode>
                <width>1.5</width>
            </LineStyle>
        </Style>
        <Style id="732">
            <LineStyle id="733">
                <color>FFA7DEAD</color>
                <colorMode>normal</colorMode>
                <width>1.5</width>
            </LineStyle>
        </Style>
        <Style id="736">
            <LineStyle id="737">
                <color>FF823F08</color>
                <colorMode>normal</colorMode>
                <width>1.5</width>
            </LineStyle>
        </Style>
        <Style id="740">
            <LineStyle id="741">
                <color>FF6B3008</color>
                <colorMode>normal</colorMode>
                <width>2.5</width>
            </LineStyle>
        </Style>
        <Style id="744">
            <LineStyle id="745">
                <color>FFE9F8ED</color>
                <colorMode>normal</colorMode>
                <width>1.5</width>
            </LineStyle>
        </Style>
        <name>Filtered Lines</name>
        <description>Lines generated using Ellipsoidal (WGS84) calculations.</description>
        <Placemark id="3">
            <name>B → Chk01</name>
            <description>
                
        
<![CDATA[
          <b>P1:</b> B<br>
          <b>P2:</b> Chk01<br>
          <hr>
          <b>Distance:</b> 6.155 miles<br>
          <hr>
          <u>Path P1 → P2:</u><br>
          <b>Forward Azimuth at P1 (Az12):</b> 177.779°<br>
          <b>Back Azimuth at P2 (BackAz12):</b> 177.781°<br>
          <hr>
          <u>Path P2 → P1:</u><br>
          <b>Forward Azimuth at P2 (Az21):</b> 357.781°<br>
          <b>Back Azimuth at P1 (BackAz21):</b> 357.779°<br>
          <hr>
          <b>Filter Reason(s):</b> Dist multiple:1.5388<br>
          <hr>
          <i>Calculation Method: Ellipsoidal (WGS84)</i>
        ]]>                
        
            </description>
            <styleUrl>#4</styleUrl>
            <LineString id="2">
                <coordinates>-77.008989,38.892747285,0.0 -77.0045692366363,38.80358701301893,0.0</coordinates>
            </LineString>
        </Placemark>
        <Placemark id="7">
            <name>Bs → Chk01</name>
            <description>
                
        
<![CDATA[
          <b>P1:</b> Bs<br>
          <b>P2:</b> Chk01<br>
          <hr>
          <b>Distance:</b> 6.155 miles<br>
          <hr>
          <u>Path P1 → P2:</u><br>
          <b>Forward Azimuth at P1 (Az12):</b> 177.829°<br>
          <b>Back Azimuth at P2 (BackAz12):</b> 177.831°<br>
          <hr>
          <u>Path P2 → P1:</u><br>
          <b>Forward Azimuth at P2 (Az21):</b> 357.831°<br>
          <b>Back Azimuth at P1 (BackAz21):</b> 357.829°<br>
          <hr>
          <b>Filter Reason(s):</b> Dist multiple:1.5388<br>
          <hr>
          <i>Calculation Method: Ellipsoidal (WGS84)</i>
        ]]>                
        
            </description>
            <styleUrl>#8</styleUrl>
            <LineString id="6">
                <coordinates>-77.00889,38.892752,0.0 -77.0045692366363,38.80358701301893,0.0</coordinates>
            </LineString>
        </Placemark>
        <Placemark id="11">
            <name>CCnrA → Chk55</name>
            <description>
                
        
<![CDATA[
          <b>P1:</b> CCnrA<br>
          <b>P2:</b> Chk55<br>
          <hr>
          <b>Distance:</b> 12.364 miles<br>
          <hr>
          <u>Path P1 → P2:</u><br>
          <b>Forward Azimuth at P1 (Az12):</b> 186.679°<br>
          <b>Back Azimuth at P2 (BackAz12):</b> 186.662°<br>
          <hr>
          <u>Path P2 → P1:</u><br>
          <b>Forward Azimuth at P2 (Az21):</b> 6.662°<br>
          <b>Back Azimuth at P1 (BackAz21):</b> 6.679°<br>
          <hr>
          <b>Filter Reason(s):</b> Dist multiple:0.4755<br>
          <hr>
          <i>Calculation Method: Ellipsoidal (WGS84)</i>
        ]]>                
        
            </description>
            <styleUrl>#12</styleUrl>
            <LineString id="10">
                <coordinates>-77.00860327209443,38.88881417737429,0.0 -77.0352088314432,38.71079049783587,0.0</coordinates>
            </LineString>
        </Placemark>
        <Placemark id="15">
            <name>CFa → H31</name>
            <description>
                
        
<![CDATA[
          <b>P1:</b> CFa<br>
          <b>P2:</b> H31<br>
          <hr>
          <b>Distance:</b> 5.231 miles<br>
          <hr>
          <u>Path P1 → P2:</u><br>
          <b>Forward Azimuth at P1 (Az12):</b> 303.108°<br>
          <b>Back Azimuth at P2 (BackAz12):</b> 303.057°<br>
          <hr>
          <u>Path P2 → P1:</u><br>
          <b>Forward Azimuth at P2 (Az21):</b> 123.057°<br>
          <b>Back Azimuth at P1 (BackAz21):</b> 123.108°<br>
          <hr>
          <b>Filter Reason(s):</b> Dist multiple:0.4755<br>
          <hr>
          <i>Calculation Method: Ellipsoidal (WGS84)</i>
        ]]>                
        
            </description>
            <styleUrl>#16</styleUrl>
            <LineString id="14">
                <coordinates>-77.01235207597406,38.89064396166972,0.0 -77.09367738494352,38.93203756982007,0.0</coordinates>
            </LineString>
        </Placemark>
        <Placemark id="19">
            <name>CFc → H17</name>
            <description>
                
        
<![CDATA[
          <b>P1:</b> CFc<br>
          <b>P2:</b> H17<br>
          <hr>
          <b>Distance:</b> 3.236 miles<br>
          <hr>
          <u>Path P1 → P2:</u><br>
          <b>Forward Azimuth at P1 (Az12):</b> 259.521°<br>
          <b>Back Azimuth at P2 (BackAz12):</b> 259.484°<br>
          <hr>
          <u>Path P2 → P1:</u><br>
          <b>Forward Azimuth at P2 (Az21):</b> 79.484°<br>
          <b>Back Azimuth at P1 (BackAz21):</b> 79.521°<br>
          <hr>
          <b>Filter Reason(s):</b> Dist multiple:1.6180<br>
          <hr>
          <i>Calculation Method: Ellipsoidal (WGS84)</i>
        ]]>                
        
            </description>
            <styleUrl>#20</styleUrl>
            <LineString id="18">
                <coordinates>-77.01360995348632,38.88974917890155,0.0 -77.07263105649967,38.88120136333437,0.0</coordinates>
            </LineString>
        </Placemark>
        <Placemark id="23">
            <name>CFd → Ec</name>
            <description>
                
        
<![CDATA[
          <b>P1:</b> CFd<br>
          <b>P2:</b> Ec<br>
          <hr>
          <b>Distance:</b> 1.902 miles<br>
          <hr>
          <u>Path P1 → P2:</u><br>
          <b>Forward Azimuth at P1 (Az12):</b> 278.554°<br>
          <b>Back Azimuth at P2 (BackAz12):</b> 278.532°<br>
          <hr>
          <u>Path P2 → P1:</u><br>
          <b>Forward Azimuth at P2 (Az21):</b> 98.532°<br>
          <b>Back Azimuth at P1 (BackAz21):</b> 98.554°<br>
          <hr>
          <b>Filter Reason(s):</b> Dist multiple:0.4755<br>
          <hr>
          <i>Calculation Method: Ellipsoidal (WGS84)</i>
        ]]>                
        
            </description>
            <styleUrl>#24</styleUrl>
            <LineString id="22">
                <coordinates>-77.00578323852076,38.88868978460074,0.0 -77.0406797,38.89278669999997,0.0</coordinates>
            </LineString>
        </Placemark>
        <Placemark id="27">
            <name>CFd → H24</name>
            <description>
                
        
<![CDATA[
          <b>P1:</b> CFd<br>
          <b>P2:</b> H24<br>
          <hr>
          <b>Distance:</b> 4.006 miles<br>
          <hr>
          <u>Path P1 → P2:</u><br>
          <b>Forward Azimuth at P1 (Az12):</b> 299.625°<br>
          <b>Back Azimuth at P2 (BackAz12):</b> 299.584°<br>
          <hr>
          <u>Path P2 → P1:</u><br>
          <b>Forward Azimuth at P2 (Az21):</b> 119.584°<br>
          <b>Back Azimuth at P1 (BackAz21):</b> 119.625°<br>
          <hr>
          <b>Filter Reason(s):</b> Dist multiple:0.3338<br>
          <hr>
          <i>Calculation Method: Ellipsoidal (WGS84)</i>
        ]]>                
        
            </description>
            <styleUrl>#28</styleUrl>
            <LineString id="26">
                <coordinates>-77.00578323852076,38.88868978460074,0.0 -77.0704105785321,38.91738246946505,0.0</coordinates>
            </LineString>
        </Placemark>
        <Placemark id="31">
            <name>CFe → Wc</name>
            <description>
                
        
<![CDATA[
          <b>P1:</b> CFe<br>
          <b>P2:</b> Wc<br>
          <hr>
          <b>Distance:</b> 1.669 miles<br>
          <hr>
          <u>Path P1 → P2:</u><br>
          <b>Forward Azimuth at P1 (Az12):</b> 277.991°<br>
          <b>Back Azimuth at P2 (BackAz12):</b> 277.972°<br>
          <hr>
          <u>Path P2 → P1:</u><br>
          <b>Forward Azimuth at P2 (Az21):</b> 97.972°<br>
          <b>Back Azimuth at P1 (BackAz21):</b> 97.991°<br>
          <hr>
          <b>Filter Reason(s):</b> Dist multiple:0.3338<br>
          <hr>
          <i>Calculation Method: Ellipsoidal (WGS84)</i>
        ]]>                
        
            </description>
            <styleUrl>#32</styleUrl>
            <LineString id="30">
                <coordinates>-77.01012017665087,38.88981116007428,0.0 -77.04078625,38.89317136999999,0.0</coordinates>
            </LineString>
        </Placemark>
        <Placemark id="35">
            <name>CFe → L</name>
            <description>
                
        
<![CDATA[
          <b>P1:</b> CFe<br>
          <b>P2:</b> L<br>
          <hr>
          <b>Distance:</b> 2.160 miles<br>
          <hr>
          <u>Path P1 → P2:</u><br>
          <b>Forward Azimuth at P1 (Az12):</b> 269.028°<br>
          <b>Back Azimuth at P2 (BackAz12):</b> 269.003°<br>
          <hr>
          <u>Path P2 → P1:</u><br>
          <b>Forward Azimuth at P2 (Az21):</b> 89.003°<br>
          <b>Back Azimuth at P1 (BackAz21):</b> 89.028°<br>
          <hr>
          <b>Filter Reason(s):</b> Dist multiple:0.5401<br>
          <hr>
          <i>Calculation Method: Ellipsoidal (WGS84)</i>
        ]]>                
        
            </description>
            <styleUrl>#36</styleUrl>
            <LineString id="34">
                <coordinates>-77.01012017665087,38.88981116007428,0.0 -77.05018442793092,38.88927319319802,0.0</coordinates>
            </LineString>
        </Placemark>
        <Placemark id="39">
            <name>CFe → Chk25</name>
            <description>
                
        
<![CDATA[
          <b>P1:</b> CFe<br>
          <b>P2:</b> Chk25<br>
          <hr>
          <b>Distance:</b> 2.671 miles<br>
          <hr>
          <u>Path P1 → P2:</u><br>
          <b>Forward Azimuth at P1 (Az12):</b> 328.739°<br>
          <b>Back Azimuth at P2 (BackAz12):</b> 328.723°<br>
          <hr>
          <u>Path P2 → P1:</u><br>
          <b>Forward Azimuth at P2 (Az21):</b> 148.723°<br>
          <b>Back Azimuth at P1 (BackAz21):</b> 148.739°<br>
          <hr>
          <b>Filter Reason(s):</b> Dist multiple:0.3338<br>
          <hr>
          <i>Calculation Method: Ellipsoidal (WGS84)</i>
        ]]>                
        
            </description>
            <styleUrl>#40</styleUrl>
            <LineString id="38">
                <coordinates>-77.01012017665087,38.88981116007428,0.0 -77.03584297932892,38.9229071947,0.0</coordinates>
            </LineString>
        </Placemark>
        <Placemark id="43">
            <name>CFe → Chk36</name>
            <description>
                
        
<![CDATA[
          <b>P1:</b> CFe<br>
          <b>P2:</b> Chk36<br>
          <hr>
          <b>Distance:</b> 1.748 miles<br>
          <hr>
          <u>Path P1 → P2:</u><br>
          <b>Forward Azimuth at P1 (Az12):</b> 30.733°<br>
          <b>Back Azimuth at P2 (BackAz12):</b> 30.743°<br>
          <hr>
          <u>Path P2 → P1:</u><br>
          <b>Forward Azimuth at P2 (Az21):</b> 210.743°<br>
          <b>Back Azimuth at P1 (BackAz21):</b> 210.733°<br>
          <hr>
          <b>Filter Reason(s):</b> Dist multiple:0.8740<br>
          <hr>
          <i>Calculation Method: Ellipsoidal (WGS84)</i>
        ]]>                
        
            </description>
            <styleUrl>#44</styleUrl>
            <LineString id="42">
                <coordinates>-77.01012017665087,38.88981116007428,0.0 -76.99354755099984,38.91158883943301,0.0</coordinates>
            </LineString>
        </Placemark>
        <Placemark id="47">
            <name>CFe → Chk55</name>
            <description>
                
        
<![CDATA[
          <b>P1:</b> CFe<br>
          <b>P2:</b> Chk55<br>
          <hr>
          <b>Distance:</b> 12.423 miles<br>
          <hr>
          <u>Path P1 → P2:</u><br>
          <b>Forward Azimuth at P1 (Az12):</b> 186.266°<br>
          <b>Back Azimuth at P2 (BackAz12):</b> 186.251°<br>
          <hr>
          <u>Path P2 → P1:</u><br>
          <b>Forward Azimuth at P2 (Az21):</b> 6.251°<br>
          <b>Back Azimuth at P1 (BackAz21):</b> 6.266°<br>
          <hr>
          <b>Filter Reason(s):</b> Dist multiple:0.5401<br>
          <hr>
          <i>Calculation Method: Ellipsoidal (WGS84)</i>
        ]]>                
        
            </description>
            <styleUrl>#48</styleUrl>
            <LineString id="46">
                <coordinates>-77.01012017665087,38.88981116007428,0.0 -77.0352088314432,38.71079049783587,0.0</coordinates>
            </LineString>
        </Placemark>
        <Placemark id="51">
            <name>CFg → L</name>
            <description>
                
        
<![CDATA[
          <b>P1:</b> CFg<br>
          <b>P2:</b> L<br>
          <hr>
          <b>Distance:</b> 2.236 miles<br>
          <hr>
          <u>Path P1 → P2:</u><br>
          <b>Forward Azimuth at P1 (Az12):</b> 262.318°<br>
          <b>Back Azimuth at P2 (BackAz12):</b> 262.292°<br>
          <hr>
          <u>Path P2 → P1:</u><br>
          <b>Forward Azimuth at P2 (Az21):</b> 82.292°<br>
          <b>Back Azimuth at P1 (BackAz21):</b> 82.318°<br>
          <hr>
          <b>Filter Reason(s):</b> Dist factor of:2.2361, Dist multiple:2.2361<br>
          <hr>
          <i>Calculation Method: Ellipsoidal (WGS84)</i>
        ]]>                
        
            </description>
            <styleUrl>#52</styleUrl>
            <LineString id="50">
                <coordinates>-77.00907795602103,38.89361386946052,0.0 -77.05018442793092,38.88927319319802,0.0</coordinates>
            </LineString>
        </Placemark>
        <Placemark id="55">
            <name>Cap → CapK</name>
            <description>
                
        
<![CDATA[
          <b>P1:</b> Cap<br>
          <b>P2:</b> CapK<br>
          <hr>
          <b>Distance:</b> 0.010 miles<br>
          <hr>
          <u>Path P1 → P2:</u><br>
          <b>Forward Azimuth at P1 (Az12):</b> 90.000°<br>
          <b>Back Azimuth at P2 (BackAz12):</b> 90.000°<br>
          <hr>
          <u>Path P2 → P1:</u><br>
          <b>Forward Azimuth at P2 (Az21):</b> 270.000°<br>
          <b>Back Azimuth at P1 (BackAz21):</b> 270.000°<br>
          <hr>
          <b>Filter Reason(s):</b> Dist factor of:2.2361<br>
          <hr>
          <i>Calculation Method: Ellipsoidal (WGS84)</i>
        ]]>                
        
            </description>
            <styleUrl>#56</styleUrl>
            <LineString id="54">
                <coordinates>-77.009227,38.889801,0.0 -77.00904745,38.889801,0.0</coordinates>
            </LineString>
        </Placemark>
        <Placemark id="59">
            <name>Cap → Nc</name>
            <description>
                
        
<![CDATA[
          <b>P1:</b> Cap<br>
          <b>P2:</b> Nc<br>
          <hr>
          <b>Distance:</b> 1.732 miles<br>
          <hr>
          <u>Path P1 → P2:</u><br>
          <b>Forward Azimuth at P1 (Az12):</b> 278.704°<br>
          <b>Back Azimuth at P2 (BackAz12):</b> 278.684°<br>
          <hr>
          <u>Path P2 → P1:</u><br>
          <b>Forward Azimuth at P2 (Az21):</b> 98.684°<br>
          <b>Back Azimuth at P1 (BackAz21):</b> 98.704°<br>
          <hr>
          <b>Filter Reason(s):</b> Dist factor of:1.7321, Dist multiple:1.7321<br>
          <hr>
          <i>Calculation Method: Ellipsoidal (WGS84)</i>
        ]]>                
        
            </description>
            <styleUrl>#60</styleUrl>
            <LineString id="58">
                <coordinates>-77.009227,38.889801,0.0 -77.04098558,38.89359614000001,0.0</coordinates>
            </LineString>
        </Placemark>
        <Placemark id="63">
            <name>Cap → Chk23a</name>
            <description>
                
        
<![CDATA[
          <b>P1:</b> Cap<br>
          <b>P2:</b> Chk23a<br>
          <hr>
          <b>Distance:</b> 2.236 miles<br>
          <hr>
          <u>Path P1 → P2:</u><br>
          <b>Forward Azimuth at P1 (Az12):</b> 54.458°<br>
          <b>Back Azimuth at P2 (BackAz12):</b> 54.479°<br>
          <hr>
          <u>Path P2 → P1:</u><br>
          <b>Forward Azimuth at P2 (Az21):</b> 234.479°<br>
          <b>Back Azimuth at P1 (BackAz21):</b> 234.458°<br>
          <hr>
          <b>Filter Reason(s):</b> Dist factor of:2.2361, Dist multiple:2.2361<br>
          <hr>
          <i>Calculation Method: Ellipsoidal (WGS84)</i>
        ]]>                
        
            </description>
            <styleUrl>#64</styleUrl>
            <LineString id="62">
                <coordinates>-77.009227,38.889801,0.0 -76.97546834269932,38.90863930872903,0.0</coordinates>
            </LineString>
        </Placemark>
        <Placemark id="67">
            <name>Cap → Chk59</name>
            <description>
                
        
<![CDATA[
          <b>P1:</b> Cap<br>
          <b>P2:</b> Chk59<br>
          <hr>
          <b>Distance:</b> 8.485 miles<br>
          <hr>
          <u>Path P1 → P2:</u><br>
          <b>Forward Azimuth at P1 (Az12):</b> 347.839°<br>
          <b>Back Azimuth at P2 (BackAz12):</b> 347.818°<br>
          <hr>
          <u>Path P2 → P1:</u><br>
          <b>Forward Azimuth at P2 (Az21):</b> 167.818°<br>
          <b>Back Azimuth at P1 (BackAz21):</b> 167.839°<br>
          <hr>
          <b>Filter Reason(s):</b> Dist multiple:1.4142<br>
          <hr>
          <i>Calculation Method: Ellipsoidal (WGS84)</i>
        ]]>                
        
            </description>
            <styleUrl>#68</styleUrl>
            <LineString id="66">
                <coordinates>-77.009227,38.889801,0.0 -77.04244035387981,39.01004268273348,0.0</coordinates>
            </LineString>
        </Placemark>
        <Placemark id="71">
            <name>Cap → POOthr3a</name>
            <description>
                
        
<![CDATA[
          <b>P1:</b> Cap<br>
          <b>P2:</b> POOthr3a<br>
          <hr>
          <b>Distance:</b> 7.405 miles<br>
          <hr>
          <u>Path P1 → P2:</u><br>
          <b>Forward Azimuth at P1 (Az12):</b> 193.073°<br>
          <b>Back Azimuth at P2 (BackAz12):</b> 193.054°<br>
          <hr>
          <u>Path P2 → P1:</u><br>
          <b>Forward Azimuth at P2 (Az21):</b> 13.054°<br>
          <b>Back Azimuth at P1 (BackAz21):</b> 13.073°<br>
          <hr>
          <b>Filter Reason(s):</b> Dist multiple:3.7025<br>
          <hr>
          <i>Calculation Method: Ellipsoidal (WGS84)</i>
        ]]>                
        
            </description>
            <styleUrl>#72</styleUrl>
            <LineString id="70">
                <coordinates>-77.009227,38.889801,0.0 -77.0402519018478,38.7852261694161,0.0</coordinates>
            </LineString>
        </Placemark>
        <Placemark id="75">
            <name>CapK → I069</name>
            <description>
                
        
<![CDATA[
          <b>P1:</b> CapK<br>
          <b>P2:</b> I069<br>
          <hr>
          <b>Distance:</b> 0.475 miles<br>
          <hr>
          <u>Path P1 → P2:</u><br>
          <b>Forward Azimuth at P1 (Az12):</b> 16.112°<br>
          <b>Back Azimuth at P2 (BackAz12):</b> 16.114°<br>
          <hr>
          <u>Path P2 → P1:</u><br>
          <b>Forward Azimuth at P2 (Az21):</b> 196.114°<br>
          <b>Back Azimuth at P1 (BackAz21):</b> 196.112°<br>
          <hr>
          <b>Filter Reason(s):</b> Dist multiple:0.4755<br>
          <hr>
          <i>Calculation Method: Ellipsoidal (WGS84)</i>
        ]]>                
        
            </description>
            <styleUrl>#76</styleUrl>
            <LineString id="74">
                <coordinates>-77.00904745,38.889801,0.0 -77.00659984972448,38.89642237002393,0.0</coordinates>
            </LineString>
        </Placemark>
        <Placemark id="79">
            <name>Cavg → La</name>
            <description>
                
        
<![CDATA[
          <b>P1:</b> Cavg<br>
          <b>P2:</b> La<br>
          <hr>
          <b>Distance:</b> 0.668 miles<br>
          <hr>
          <u>Path P1 → P2:</u><br>
          <b>Forward Azimuth at P1 (Az12):</b> 239.533°<br>
          <b>Back Azimuth at P2 (BackAz12):</b> 239.527°<br>
          <hr>
          <u>Path P2 → P1:</u><br>
          <b>Forward Azimuth at P2 (Az21):</b> 59.527°<br>
          <b>Back Azimuth at P1 (BackAz21):</b> 59.533°<br>
          <hr>
          <b>Filter Reason(s):</b> Dist multiple:0.3338<br>
          <hr>
          <i>Calculation Method: Ellipsoidal (WGS84)</i>
        ]]>                
        
            </description>
            <styleUrl>#80</styleUrl>
            <LineString id="78">
                <coordinates>-77.04077541312266,38.89307792552204,0.0 -77.05145152722608,38.88816903625909,0.0</coordinates>
            </LineString>
        </Placemark>
        <Placemark id="83">
            <name>Cavg → Chk48</name>
            <description>
                
        
<![CDATA[
          <b>P1:</b> Cavg<br>
          <b>P2:</b> Chk48<br>
          <hr>
          <b>Distance:</b> 1.001 miles<br>
          <hr>
          <u>Path P1 → P2:</u><br>
          <b>Forward Azimuth at P1 (Az12):</b> 13.218°<br>
          <b>Back Azimuth at P2 (BackAz12):</b> 13.221°<br>
          <hr>
          <u>Path P2 → P1:</u><br>
          <b>Forward Azimuth at P2 (Az21):</b> 193.221°<br>
          <b>Back Azimuth at P1 (BackAz21):</b> 193.218°<br>
          <hr>
          <b>Filter Reason(s):</b> Dist multiple:0.3338<br>
          <hr>
          <i>Calculation Method: Ellipsoidal (WGS84)</i>
        ]]>                
        
            </description>
            <styleUrl>#84</styleUrl>
            <LineString id="82">
                <coordinates>-77.04077541312266,38.89307792552204,0.0 -77.0365266731042,38.90721119681356,0.0</coordinates>
            </LineString>
        </Placemark>
        <Placemark id="87">
            <name>Chj24 → H52</name>
            <description>
                
        
<![CDATA[
          <b>P1:</b> Chj24<br>
          <b>P2:</b> H52<br>
          <hr>
          <b>Distance:</b> 3.339 miles<br>
          <hr>
          <u>Path P1 → P2:</u><br>
          <b>Forward Azimuth at P1 (Az12):</b> 185.887°<br>
          <b>Back Azimuth at P2 (BackAz12):</b> 185.883°<br>
          <hr>
          <u>Path P2 → P1:</u><br>
          <b>Forward Azimuth at P2 (Az21):</b> 5.883°<br>
          <b>Back Azimuth at P1 (BackAz21):</b> 5.887°<br>
          <hr>
          <b>Filter Reason(s):</b> Dist multiple:0.3338<br>
          <hr>
          <i>Calculation Method: Ellipsoidal (WGS84)</i>
        ]]>                
        
            </description>
            <styleUrl>#88</styleUrl>
            <LineString id="86">
                <coordinates>-77.06832915730651,38.97126514652496,0.0 -77.0746835467705,38.92312150962155,0.0</coordinates>
            </LineString>
        </Placemark>
        <Placemark id="91">
            <name>Chj24 → SF03</name>
            <description>
                
        
<![CDATA[
          <b>P1:</b> Chj24<br>
          <b>P2:</b> SF03<br>
          <hr>
          <b>Distance:</b> 14.583 miles<br>
          <hr>
          <u>Path P1 → P2:</u><br>
          <b>Forward Azimuth at P1 (Az12):</b> 159.139°<br>
          <b>Back Azimuth at P2 (BackAz12):</b> 159.199°<br>
          <hr>
          <u>Path P2 → P1:</u><br>
          <b>Forward Azimuth at P2 (Az21):</b> 339.199°<br>
          <b>Back Azimuth at P1 (BackAz21):</b> 339.139°<br>
          <hr>
          <b>Filter Reason(s):</b> Dist multiple:0.5401<br>
          <hr>
          <i>Calculation Method: Ellipsoidal (WGS84)</i>
        ]]>                
        
            </description>
            <styleUrl>#92</styleUrl>
            <LineString id="90">
                <coordinates>-77.06832915730651,38.97126514652496,0.0 -76.97215841432278,38.77367519361357,0.0</coordinates>
            </LineString>
        </Placemark>
        <Placemark id="95">
            <name>Chk01 → Chk09</name>
            <description>
                
        
<![CDATA[
          <b>P1:</b> Chk01<br>
          <b>P2:</b> Chk09<br>
          <hr>
          <b>Distance:</b> 9.348 miles<br>
          <hr>
          <u>Path P1 → P2:</u><br>
          <b>Forward Azimuth at P1 (Az12):</b> 330.831°<br>
          <b>Back Azimuth at P2 (BackAz12):</b> 330.778°<br>
          <hr>
          <u>Path P2 → P1:</u><br>
          <b>Forward Azimuth at P2 (Az21):</b> 150.778°<br>
          <b>Back Azimuth at P1 (BackAz21):</b> 150.831°<br>
          <hr>
          <b>Filter Reason(s):</b> Dist multiple:0.3338<br>
          <hr>
          <i>Calculation Method: Ellipsoidal (WGS84)</i>
        ]]>                
        
            </description>
            <styleUrl>#96</styleUrl>
            <LineString id="94">
                <coordinates>-77.0045692366363,38.80358701301893,0.0 -77.08911728826524,38.92188332835548,0.0</coordinates>
            </LineString>
        </Placemark>
        <Placemark id="99">
            <name>Chk01 → SF04</name>
            <description>
                
        
<![CDATA[
          <b>P1:</b> Chk01<br>
          <b>P2:</b> SF04<br>
          <hr>
          <b>Distance:</b> 7.562 miles<br>
          <hr>
          <u>Path P1 → P2:</u><br>
          <b>Forward Azimuth at P1 (Az12):</b> 331.793°<br>
          <b>Back Azimuth at P2 (BackAz12):</b> 331.751°<br>
          <hr>
          <u>Path P2 → P1:</u><br>
          <b>Forward Azimuth at P2 (Az21):</b> 151.751°<br>
          <b>Back Azimuth at P1 (BackAz21):</b> 151.793°<br>
          <hr>
          <b>Filter Reason(s):</b> Dist multiple:0.5401<br>
          <hr>
          <i>Calculation Method: Ellipsoidal (WGS84)</i>
        ]]>                
        
            </description>
            <styleUrl>#100</styleUrl>
            <LineString id="98">
                <coordinates>-77.0045692366363,38.80358701301893,0.0 -77.07087604008456,38.90017164390296,0.0</coordinates>
            </LineString>
        </Placemark>
        <Placemark id="103">
            <name>Chk02 → Chk45</name>
            <description>
                
        
<![CDATA[
          <b>P1:</b> Chk02<br>
          <b>P2:</b> Chk45<br>
          <hr>
          <b>Distance:</b> 8.000 miles<br>
          <hr>
          <u>Path P1 → P2:</u><br>
          <b>Forward Azimuth at P1 (Az12):</b> 343.885°<br>
          <b>Back Azimuth at P2 (BackAz12):</b> 343.859°<br>
          <hr>
          <u>Path P2 → P1:</u><br>
          <b>Forward Azimuth at P2 (Az21):</b> 163.859°<br>
          <b>Back Azimuth at P1 (BackAz21):</b> 163.885°<br>
          <hr>
          <b>Filter Reason(s):</b> Dist multiple:4.0000<br>
          <hr>
          <i>Calculation Method: Ellipsoidal (WGS84)</i>
        ]]>                
        
            </description>
            <styleUrl>#104</styleUrl>
            <LineString id="102">
                <coordinates>-76.98066122302069,38.83591588236636,0.0 -77.02188334594942,38.94732510830963,0.0</coordinates>
            </LineString>
        </Placemark>
        <Placemark id="107">
            <name>Chk02 → H56</name>
            <description>
                
        
<![CDATA[
          <b>P1:</b> Chk02<br>
          <b>P2:</b> H56<br>
          <hr>
          <b>Distance:</b> 7.071 miles<br>
          <hr>
          <u>Path P1 → P2:</u><br>
          <b>Forward Azimuth at P1 (Az12):</b> 322.135°<br>
          <b>Back Azimuth at P2 (BackAz12):</b> 322.084°<br>
          <hr>
          <u>Path P2 → P1:</u><br>
          <b>Forward Azimuth at P2 (Az21):</b> 142.084°<br>
          <b>Back Azimuth at P1 (BackAz21):</b> 142.135°<br>
          <hr>
          <b>Filter Reason(s):</b> Dist multiple:1.4142<br>
          <hr>
          <i>Calculation Method: Ellipsoidal (WGS84)</i>
        ]]>                
        
            </description>
            <styleUrl>#108</styleUrl>
            <LineString id="106">
                <coordinates>-76.98066122302069,38.83591588236636,0.0 -77.06120140091524,38.91681538320637,0.0</coordinates>
            </LineString>
        </Placemark>
        <Placemark id="111">
            <name>Chk04 → SF03</name>
            <description>
                
        
<![CDATA[
          <b>P1:</b> Chk04<br>
          <b>P2:</b> SF03<br>
          <hr>
          <b>Distance:</b> 11.180 miles<br>
          <hr>
          <u>Path P1 → P2:</u><br>
          <b>Forward Azimuth at P1 (Az12):</b> 175.486°<br>
          <b>Back Azimuth at P2 (BackAz12):</b> 175.497°<br>
          <hr>
          <u>Path P2 → P1:</u><br>
          <b>Forward Azimuth at P2 (Az21):</b> 355.497°<br>
          <b>Back Azimuth at P1 (BackAz21):</b> 355.486°<br>
          <hr>
          <b>Filter Reason(s):</b> Dist multiple:2.2361<br>
          <hr>
          <i>Calculation Method: Ellipsoidal (WGS84)</i>
        ]]>                
        
            </description>
            <styleUrl>#112</styleUrl>
            <LineString id="110">
                <coordinates>-76.9884528433251,38.93525554614944,0.0 -76.97215841432278,38.77367519361357,0.0</coordinates>
            </LineString>
        </Placemark>
        <Placemark id="115">
            <name>Chk05 → Chk21</name>
            <description>
                
        
<![CDATA[
          <b>P1:</b> Chk05<br>
          <b>P2:</b> Chk21<br>
          <hr>
          <b>Distance:</b> 6.118 miles<br>
          <hr>
          <u>Path P1 → P2:</u><br>
          <b>Forward Azimuth at P1 (Az12):</b> 141.394°<br>
          <b>Back Azimuth at P2 (BackAz12):</b> 141.438°<br>
          <hr>
          <u>Path P2 → P1:</u><br>
          <b>Forward Azimuth at P2 (Az21):</b> 321.438°<br>
          <b>Back Azimuth at P1 (BackAz21):</b> 321.394°<br>
          <hr>
          <b>Filter Reason(s):</b> Dist multiple:0.8740<br>
          <hr>
          <i>Calculation Method: Ellipsoidal (WGS84)</i>
        ]]>                
        
            </description>
            <styleUrl>#116</styleUrl>
            <LineString id="114">
                <coordinates>-77.01099576844469,38.94213905894748,0.0 -76.94019736733574,38.87280409544193,0.0</coordinates>
            </LineString>
        </Placemark>
        <Placemark id="119">
            <name>Chk06 → Chk54</name>
            <description>
                
        
<![CDATA[
          <b>P1:</b> Chk06<br>
          <b>P2:</b> Chk54<br>
          <hr>
          <b>Distance:</b> 16.971 miles<br>
          <hr>
          <u>Path P1 → P2:</u><br>
          <b>Forward Azimuth at P1 (Az12):</b> 195.708°<br>
          <b>Back Azimuth at P2 (BackAz12):</b> 195.654°<br>
          <hr>
          <u>Path P2 → P1:</u><br>
          <b>Forward Azimuth at P2 (Az21):</b> 15.654°<br>
          <b>Back Azimuth at P1 (BackAz21):</b> 15.708°<br>
          <hr>
          <b>Filter Reason(s):</b> Dist multiple:1.4142<br>
          <hr>
          <i>Calculation Method: Ellipsoidal (WGS84)</i>
        ]]>                
        
            </description>
            <styleUrl>#120</styleUrl>
            <LineString id="118">
                <coordinates>-76.95853332476764,38.92609741015503,0.0 -77.04351796976675,38.68922831692476,0.0</coordinates>
            </LineString>
        </Placemark>
        <Placemark id="123">
            <name>Chk06 → Chk59</name>
            <description>
                
        
<![CDATA[
          <b>P1:</b> Chk06<br>
          <b>P2:</b> Chk59<br>
          <hr>
          <b>Distance:</b> 7.345 miles<br>
          <hr>
          <u>Path P1 → P2:</u><br>
          <b>Forward Azimuth at P1 (Az12):</b> 322.061°<br>
          <b>Back Azimuth at P2 (BackAz12):</b> 322.008°<br>
          <hr>
          <u>Path P2 → P1:</u><br>
          <b>Forward Azimuth at P2 (Az21):</b> 142.008°<br>
          <b>Back Azimuth at P1 (BackAz21):</b> 142.061°<br>
          <hr>
          <b>Filter Reason(s):</b> Dist multiple:0.3338<br>
          <hr>
          <i>Calculation Method: Ellipsoidal (WGS84)</i>
        ]]>                
        
            </description>
            <styleUrl>#124</styleUrl>
            <LineString id="122">
                <coordinates>-76.95853332476764,38.92609741015503,0.0 -77.04244035387981,39.01004268273348,0.0</coordinates>
            </LineString>
        </Placemark>
        <Placemark id="127">
            <name>Chk08 → Chk19</name>
            <description>
                
        
<![CDATA[
          <b>P1:</b> Chk08<br>
          <b>P2:</b> Chk19<br>
          <hr>
          <b>Distance:</b> 9.200 miles<br>
          <hr>
          <u>Path P1 → P2:</u><br>
          <b>Forward Azimuth at P1 (Az12):</b> 10.688°<br>
          <b>Back Azimuth at P2 (BackAz12):</b> 10.708°<br>
          <hr>
          <u>Path P2 → P1:</u><br>
          <b>Forward Azimuth at P2 (Az21):</b> 190.708°<br>
          <b>Back Azimuth at P1 (BackAz21):</b> 190.688°<br>
          <hr>
          <b>Filter Reason(s):</b> Dist multiple:1.3143<br>
          <hr>
          <i>Calculation Method: Ellipsoidal (WGS84)</i>
        ]]>                
        
            </description>
            <styleUrl>#128</styleUrl>
            <LineString id="126">
                <coordinates>-77.07846439947777,38.8580454440363,0.0 -77.04677082443145,38.98909790584569,0.0</coordinates>
            </LineString>
        </Placemark>
        <Placemark id="131">
            <name>Chk11 → Chk45</name>
            <description>
                
        
<![CDATA[
          <b>P1:</b> Chk11<br>
          <b>P2:</b> Chk45<br>
          <hr>
          <b>Distance:</b> 7.133 miles<br>
          <hr>
          <u>Path P1 → P2:</u><br>
          <b>Forward Azimuth at P1 (Az12):</b> 59.134°<br>
          <b>Back Azimuth at P2 (BackAz12):</b> 59.205°<br>
          <hr>
          <u>Path P2 → P1:</u><br>
          <b>Forward Azimuth at P2 (Az21):</b> 239.205°<br>
          <b>Back Azimuth at P1 (BackAz21):</b> 239.134°<br>
          <hr>
          <b>Filter Reason(s):</b> Dist multiple:0.4755<br>
          <hr>
          <i>Calculation Method: Ellipsoidal (WGS84)</i>
        ]]>                
        
            </description>
            <styleUrl>#132</styleUrl>
            <LineString id="130">
                <coordinates>-77.13554467903445,38.89433083867851,0.0 -77.02188334594942,38.94732510830963,0.0</coordinates>
            </LineString>
        </Placemark>
        <Placemark id="135">
            <name>Chk11 → Chk53</name>
            <description>
                
        
<![CDATA[
          <b>P1:</b> Chk11<br>
          <b>P2:</b> Chk53<br>
          <hr>
          <b>Distance:</b> 7.011 miles<br>
          <hr>
          <u>Path P1 → P2:</u><br>
          <b>Forward Azimuth at P1 (Az12):</b> 103.411°<br>
          <b>Back Azimuth at P2 (BackAz12):</b> 103.490°<br>
          <hr>
          <u>Path P2 → P1:</u><br>
          <b>Forward Azimuth at P2 (Az21):</b> 283.490°<br>
          <b>Back Azimuth at P1 (BackAz21):</b> 283.411°<br>
          <hr>
          <b>Filter Reason(s):</b> Dist multiple:0.3338<br>
          <hr>
          <i>Calculation Method: Ellipsoidal (WGS84)</i>
        ]]>                
        
            </description>
            <styleUrl>#136</styleUrl>
            <LineString id="134">
                <coordinates>-77.13554467903445,38.89433083867851,0.0 -77.00907388669604,38.8706887702613,0.0</coordinates>
            </LineString>
        </Placemark>
        <Placemark id="139">
            <name>Chk13 → Chj24</name>
            <description>
                
        
<![CDATA[
          <b>P1:</b> Chk13<br>
          <b>P2:</b> Chj24<br>
          <hr>
          <b>Distance:</b> 1.902 miles<br>
          <hr>
          <u>Path P1 → P2:</u><br>
          <b>Forward Azimuth at P1 (Az12):</b> 255.861°<br>
          <b>Back Azimuth at P2 (BackAz12):</b> 255.840°<br>
          <hr>
          <u>Path P2 → P1:</u><br>
          <b>Forward Azimuth at P2 (Az21):</b> 75.840°<br>
          <b>Back Azimuth at P1 (BackAz21):</b> 75.861°<br>
          <hr>
          <b>Filter Reason(s):</b> Dist multiple:0.4755<br>
          <hr>
          <i>Calculation Method: Ellipsoidal (WGS84)</i>
        ]]>                
        
            </description>
            <styleUrl>#140</styleUrl>
            <LineString id="138">
                <coordinates>-77.0340714747954,38.97800673083694,0.0 -77.06832915730651,38.97126514652496,0.0</coordinates>
            </LineString>
        </Placemark>
        <Placemark id="143">
            <name>Chk13 → Chk38</name>
            <description>
                
        
<![CDATA[
          <b>P1:</b> Chk13<br>
          <b>P2:</b> Chk38<br>
          <hr>
          <b>Distance:</b> 8.661 miles<br>
          <hr>
          <u>Path P1 → P2:</u><br>
          <b>Forward Azimuth at P1 (Az12):</b> 168.573°<br>
          <b>Back Azimuth at P2 (BackAz12):</b> 168.593°<br>
          <hr>
          <u>Path P2 → P1:</u><br>
          <b>Forward Azimuth at P2 (Az21):</b> 348.593°<br>
          <b>Back Azimuth at P1 (BackAz21):</b> 348.573°<br>
          <hr>
          <b>Filter Reason(s):</b> Dist multiple:1.7321<br>
          <hr>
          <i>Calculation Method: Ellipsoidal (WGS84)</i>
        ]]>                
        
            </description>
            <styleUrl>#144</styleUrl>
            <LineString id="142">
                <coordinates>-77.0340714747954,38.97800673083694,0.0 -77.0022595046106,38.85493665631558,0.0</coordinates>
            </LineString>
        </Placemark>
        <Placemark id="147">
            <name>Chk14 → OtrD</name>
            <description>
                
        
<![CDATA[
          <b>P1:</b> Chk14<br>
          <b>P2:</b> OtrD<br>
          <hr>
          <b>Distance:</b> 6.929 miles<br>
          <hr>
          <u>Path P1 → P2:</u><br>
          <b>Forward Azimuth at P1 (Az12):</b> 107.938°<br>
          <b>Back Azimuth at P2 (BackAz12):</b> 108.015°<br>
          <hr>
          <u>Path P2 → P1:</u><br>
          <b>Forward Azimuth at P2 (Az21):</b> 288.015°<br>
          <b>Back Azimuth at P1 (BackAz21):</b> 287.938°<br>
          <hr>
          <b>Filter Reason(s):</b> Dist multiple:1.7321, Dist multiple:3.4641<br>
          <hr>
          <i>Calculation Method: Ellipsoidal (WGS84)</i>
        ]]>                
        
            </description>
            <styleUrl>#148</styleUrl>
            <LineString id="146">
                <coordinates>-77.03571742899706,38.92072480308088,0.0 -76.91344596466341,38.88972524047381,0.0</coordinates>
            </LineString>
        </Placemark>
        <Placemark id="151">
            <name>Chk14 → H66</name>
            <description>
                
        
<![CDATA[
          <b>P1:</b> Chk14<br>
          <b>P2:</b> H66<br>
          <hr>
          <b>Distance:</b> 3.672 miles<br>
          <hr>
          <u>Path P1 → P2:</u><br>
          <b>Forward Azimuth at P1 (Az12):</b> 253.214°<br>
          <b>Back Azimuth at P2 (BackAz12):</b> 253.173°<br>
          <hr>
          <u>Path P2 → P1:</u><br>
          <b>Forward Azimuth at P2 (Az21):</b> 73.173°<br>
          <b>Back Azimuth at P1 (BackAz21):</b> 73.214°<br>
          <hr>
          <b>Filter Reason(s):</b> Dist multiple:0.3338<br>
          <hr>
          <i>Calculation Method: Ellipsoidal (WGS84)</i>
        ]]>                
        
            </description>
            <styleUrl>#152</styleUrl>
            <LineString id="150">
                <coordinates>-77.03571742899706,38.92072480308088,0.0 -77.10094955658019,38.90533124793031,0.0</coordinates>
            </LineString>
        </Placemark>
        <Placemark id="155">
            <name>Chk15 → H70b</name>
            <description>
                
        
<![CDATA[
          <b>P1:</b> Chk15<br>
          <b>P2:</b> H70b<br>
          <hr>
          <b>Distance:</b> 5.196 miles<br>
          <hr>
          <u>Path P1 → P2:</u><br>
          <b>Forward Azimuth at P1 (Az12):</b> 108.414°<br>
          <b>Back Azimuth at P2 (BackAz12):</b> 108.472°<br>
          <hr>
          <u>Path P2 → P1:</u><br>
          <b>Forward Azimuth at P2 (Az21):</b> 288.472°<br>
          <b>Back Azimuth at P1 (BackAz21):</b> 288.414°<br>
          <hr>
          <b>Filter Reason(s):</b> Dist multiple:1.7321<br>
          <hr>
          <i>Calculation Method: Ellipsoidal (WGS84)</i>
        ]]>                
        
            </description>
            <styleUrl>#156</styleUrl>
            <LineString id="154">
                <coordinates>-77.0702598537815,38.9339121071402,0.0 -76.97878782846644,38.91008217241069,0.0</coordinates>
            </LineString>
        </Placemark>
        <Placemark id="159">
            <name>Chk16 → Chk17</name>
            <description>
                
        
<![CDATA[
          <b>P1:</b> Chk16<br>
          <b>P2:</b> Chk17<br>
          <hr>
          <b>Distance:</b> 0.874 miles<br>
          <hr>
          <u>Path P1 → P2:</u><br>
          <b>Forward Azimuth at P1 (Az12):</b> 87.529°<br>
          <b>Back Azimuth at P2 (BackAz12):</b> 87.539°<br>
          <hr>
          <u>Path P2 → P1:</u><br>
          <b>Forward Azimuth at P2 (Az21):</b> 267.539°<br>
          <b>Back Azimuth at P1 (BackAz21):</b> 267.529°<br>
          <hr>
          <b>Filter Reason(s):</b> Dist multiple:0.8740<br>
          <hr>
          <i>Calculation Method: Ellipsoidal (WGS84)</i>
        ]]>                
        
            </description>
            <styleUrl>#160</styleUrl>
            <LineString id="158">
                <coordinates>-77.02680651074166,38.95984790558003,0.0 -77.01059198844285,38.96039316959799,0.0</coordinates>
            </LineString>
        </Placemark>
        <Placemark id="163">
            <name>Chk16 → Chk36</name>
            <description>
                
        
<![CDATA[
          <b>P1:</b> Chk16<br>
          <b>P2:</b> Chk36<br>
          <hr>
          <b>Distance:</b> 3.781 miles<br>
          <hr>
          <u>Path P1 → P2:</u><br>
          <b>Forward Azimuth at P1 (Az12):</b> 151.698°<br>
          <b>Back Azimuth at P2 (BackAz12):</b> 151.719°<br>
          <hr>
          <u>Path P2 → P1:</u><br>
          <b>Forward Azimuth at P2 (Az21):</b> 331.719°<br>
          <b>Back Azimuth at P1 (BackAz21):</b> 331.698°<br>
          <hr>
          <b>Filter Reason(s):</b> Dist multiple:0.5401<br>
          <hr>
          <i>Calculation Method: Ellipsoidal (WGS84)</i>
        ]]>                
        
            </description>
            <styleUrl>#164</styleUrl>
            <LineString id="162">
                <coordinates>-77.02680651074166,38.95984790558003,0.0 -76.99354755099984,38.91158883943301,0.0</coordinates>
            </LineString>
        </Placemark>
        <Placemark id="167">
            <name>Chk16 → H11</name>
            <description>
                
        
<![CDATA[
          <b>P1:</b> Chk16<br>
          <b>P2:</b> H11<br>
          <hr>
          <b>Distance:</b> 3.339 miles<br>
          <hr>
          <u>Path P1 → P2:</u><br>
          <b>Forward Azimuth at P1 (Az12):</b> 159.042°<br>
          <b>Back Azimuth at P2 (BackAz12):</b> 159.056°<br>
          <hr>
          <u>Path P2 → P1:</u><br>
          <b>Forward Azimuth at P2 (Az21):</b> 339.056°<br>
          <b>Back Azimuth at P1 (BackAz21):</b> 339.042°<br>
          <hr>
          <b>Filter Reason(s):</b> Dist multiple:0.3338<br>
          <hr>
          <i>Calculation Method: Ellipsoidal (WGS84)</i>
        ]]>                
        
            </description>
            <styleUrl>#168</styleUrl>
            <LineString id="166">
                <coordinates>-77.02680651074166,38.95984790558003,0.0 -77.0046483262631,38.9146495509119,0.0</coordinates>
            </LineString>
        </Placemark>
        <Placemark id="171">
            <name>Chk16 → Pk02</name>
            <description>
                
        
<![CDATA[
          <b>P1:</b> Chk16<br>
          <b>P2:</b> Pk02<br>
          <hr>
          <b>Distance:</b> 46.668 miles<br>
          <hr>
          <u>Path P1 → P2:</u><br>
          <b>Forward Azimuth at P1 (Az12):</b> 316.483°<br>
          <b>Back Azimuth at P2 (BackAz12):</b> 316.103°<br>
          <hr>
          <u>Path P2 → P1:</u><br>
          <b>Forward Azimuth at P2 (Az21):</b> 136.103°<br>
          <b>Back Azimuth at P1 (BackAz21):</b> 136.483°<br>
          <hr>
          <b>Filter Reason(s):</b> Dist multiple:1.4142<br>
          <hr>
          <i>Calculation Method: Ellipsoidal (WGS84)</i>
        ]]>                
        
            </description>
            <styleUrl>#172</styleUrl>
            <LineString id="170">
                <coordinates>-77.02680651074166,38.95984790558003,0.0 -77.627618,39.448887,0.0</coordinates>
            </LineString>
        </Placemark>
        <Placemark id="175">
            <name>Chk17 → OtrA</name>
            <description>
                
        
<![CDATA[
          <b>P1:</b> Chk17<br>
          <b>P2:</b> OtrA<br>
          <hr>
          <b>Distance:</b> 3.943 miles<br>
          <hr>
          <u>Path P1 → P2:</u><br>
          <b>Forward Azimuth at P1 (Az12):</b> 126.662°<br>
          <b>Back Azimuth at P2 (BackAz12):</b> 126.699°<br>
          <hr>
          <u>Path P2 → P1:</u><br>
          <b>Forward Azimuth at P2 (Az21):</b> 306.699°<br>
          <b>Back Azimuth at P1 (BackAz21):</b> 306.662°<br>
          <hr>
          <b>Filter Reason(s):</b> Dist multiple:1.3143<br>
          <hr>
          <i>Calculation Method: Ellipsoidal (WGS84)</i>
        ]]>                
        
            </description>
            <styleUrl>#176</styleUrl>
            <LineString id="174">
                <coordinates>-77.01059198844285,38.96039316959799,0.0 -76.95188801292042,38.92624596949343,0.0</coordinates>
            </LineString>
        </Placemark>
        <Placemark id="179">
            <name>Chk18 → Chk30</name>
            <description>
                
        
<![CDATA[
          <b>P1:</b> Chk18<br>
          <b>P2:</b> Chk30<br>
          <hr>
          <b>Distance:</b> 1.748 miles<br>
          <hr>
          <u>Path P1 → P2:</u><br>
          <b>Forward Azimuth at P1 (Az12):</b> 257.841°<br>
          <b>Back Azimuth at P2 (BackAz12):</b> 257.821°<br>
          <hr>
          <u>Path P2 → P1:</u><br>
          <b>Forward Azimuth at P2 (Az21):</b> 77.821°<br>
          <b>Back Azimuth at P1 (BackAz21):</b> 77.841°<br>
          <hr>
          <b>Filter Reason(s):</b> Dist multiple:0.8740<br>
          <hr>
          <i>Calculation Method: Ellipsoidal (WGS84)</i>
        ]]>                
        
            </description>
            <styleUrl>#180</styleUrl>
            <LineString id="178">
                <coordinates>-77.11265634246809,38.87614213026904,0.0 -77.14434316078132,38.87080074981925,0.0</coordinates>
            </LineString>
        </Placemark>
        <Placemark id="183">
            <name>Chk18 → H67</name>
            <description>
                
        
<![CDATA[
          <b>P1:</b> Chk18<br>
          <b>P2:</b> H67<br>
          <hr>
          <b>Distance:</b> 2.995 miles<br>
          <hr>
          <u>Path P1 → P2:</u><br>
          <b>Forward Azimuth at P1 (Az12):</b> 24.921°<br>
          <b>Back Azimuth at P2 (BackAz12):</b> 24.936°<br>
          <hr>
          <u>Path P2 → P1:</u><br>
          <b>Forward Azimuth at P2 (Az21):</b> 204.936°<br>
          <b>Back Azimuth at P1 (BackAz21):</b> 204.921°<br>
          <hr>
          <b>Filter Reason(s):</b> Dist factor of:5.9907<br>
          <hr>
          <i>Calculation Method: Ellipsoidal (WGS84)</i>
        ]]>                
        
            </description>
            <styleUrl>#184</styleUrl>
            <LineString id="182">
                <coordinates>-77.11265634246809,38.87614213026904,0.0 -77.08923640277803,38.91551942120227,0.0</coordinates>
            </LineString>
        </Placemark>
        <Placemark id="187">
            <name>Chk19 → Chk48</name>
            <description>
                
        
<![CDATA[
          <b>P1:</b> Chk19<br>
          <b>P2:</b> Chk48<br>
          <hr>
          <b>Distance:</b> 5.676 miles<br>
          <hr>
          <u>Path P1 → P2:</u><br>
          <b>Forward Azimuth at P1 (Az12):</b> 174.417°<br>
          <b>Back Azimuth at P2 (BackAz12):</b> 174.424°<br>
          <hr>
          <u>Path P2 → P1:</u><br>
          <b>Forward Azimuth at P2 (Az21):</b> 354.424°<br>
          <b>Back Azimuth at P1 (BackAz21):</b> 354.417°<br>
          <hr>
          <b>Filter Reason(s):</b> Dist multiple:0.3338<br>
          <hr>
          <i>Calculation Method: Ellipsoidal (WGS84)</i>
        ]]>                
        
            </description>
            <styleUrl>#188</styleUrl>
            <LineString id="186">
                <coordinates>-77.04677082443145,38.98909790584569,0.0 -77.0365266731042,38.90721119681356,0.0</coordinates>
            </LineString>
        </Placemark>
        <Placemark id="191">
            <name>Chk20 → Chk38</name>
            <description>
                
        
<![CDATA[
          <b>P1:</b> Chk20<br>
          <b>P2:</b> Chk38<br>
          <hr>
          <b>Distance:</b> 2.337 miles<br>
          <hr>
          <u>Path P1 → P2:</u><br>
          <b>Forward Azimuth at P1 (Az12):</b> 358.807°<br>
          <b>Back Azimuth at P2 (BackAz12):</b> 358.806°<br>
          <hr>
          <u>Path P2 → P1:</u><br>
          <b>Forward Azimuth at P2 (Az21):</b> 178.806°<br>
          <b>Back Azimuth at P1 (BackAz21):</b> 178.807°<br>
          <hr>
          <b>Filter Reason(s):</b> Dist multiple:0.3338<br>
          <hr>
          <i>Calculation Method: Ellipsoidal (WGS84)</i>
        ]]>                
        
            </description>
            <styleUrl>#192</styleUrl>
            <LineString id="190">
                <coordinates>-77.00135736591604,38.82106536665973,0.0 -77.0022595046106,38.85493665631558,0.0</coordinates>
            </LineString>
        </Placemark>
        <Placemark id="195">
            <name>Chk21 → POOthr3a</name>
            <description>
                
        
<![CDATA[
          <b>P1:</b> Chk21<br>
          <b>P2:</b> POOthr3a<br>
          <hr>
          <b>Distance:</b> 8.102 miles<br>
          <hr>
          <u>Path P1 → P2:</u><br>
          <b>Forward Azimuth at P1 (Az12):</b> 221.817°<br>
          <b>Back Azimuth at P2 (BackAz12):</b> 221.754°<br>
          <hr>
          <u>Path P2 → P1:</u><br>
          <b>Forward Azimuth at P2 (Az21):</b> 41.754°<br>
          <b>Back Azimuth at P1 (BackAz21):</b> 41.817°<br>
          <hr>
          <b>Filter Reason(s):</b> Dist multiple:0.5401<br>
          <hr>
          <i>Calculation Method: Ellipsoidal (WGS84)</i>
        ]]>                
        
            </description>
            <styleUrl>#196</styleUrl>
            <LineString id="194">
                <coordinates>-76.94019736733574,38.87280409544193,0.0 -77.0402519018478,38.7852261694161,0.0</coordinates>
            </LineString>
        </Placemark>
        <Placemark id="199">
            <name>Chk22 → Chk44</name>
            <description>
                
        
<![CDATA[
          <b>P1:</b> Chk22<br>
          <b>P2:</b> Chk44<br>
          <hr>
          <b>Distance:</b> 3.004 miles<br>
          <hr>
          <u>Path P1 → P2:</u><br>
          <b>Forward Azimuth at P1 (Az12):</b> 130.459°<br>
          <b>Back Azimuth at P2 (BackAz12):</b> 130.486°<br>
          <hr>
          <u>Path P2 → P1:</u><br>
          <b>Forward Azimuth at P2 (Az21):</b> 310.486°<br>
          <b>Back Azimuth at P1 (BackAz21):</b> 310.459°<br>
          <hr>
          <b>Filter Reason(s):</b> Dist multiple:0.3338<br>
          <hr>
          <i>Calculation Method: Ellipsoidal (WGS84)</i>
        ]]>                
        
            </description>
            <styleUrl>#200</styleUrl>
            <LineString id="198">
                <coordinates>-77.0858650836171,38.93790243521637,0.0 -77.04345033773585,38.9096320124952,0.0</coordinates>
            </LineString>
        </Placemark>
        <Placemark id="203">
            <name>Chk23a → Chk23c</name>
            <description>
                
        
<![CDATA[
          <b>P1:</b> Chk23a<br>
          <b>P2:</b> Chk23c<br>
          <hr>
          <b>Distance:</b> 0.180 miles<br>
          <hr>
          <u>Path P1 → P2:</u><br>
          <b>Forward Azimuth at P1 (Az12):</b> 67.310°<br>
          <b>Back Azimuth at P2 (BackAz12):</b> 67.312°<br>
          <hr>
          <u>Path P2 → P1:</u><br>
          <b>Forward Azimuth at P2 (Az21):</b> 247.312°<br>
          <b>Back Azimuth at P1 (BackAz21):</b> 247.310°<br>
          <hr>
          <b>Filter Reason(s):</b> Dist factor of:1.6180<br>
          <hr>
          <i>Calculation Method: Ellipsoidal (WGS84)</i>
        ]]>                
        
            </description>
            <styleUrl>#204</styleUrl>
            <LineString id="202">
                <coordinates>-76.97546834269932,38.90863930872903,0.0 -76.97239108771012,38.90964452291605,0.0</coordinates>
            </LineString>
        </Placemark>
        <Placemark id="207">
            <name>Chk23a → H43</name>
            <description>
                
        
<![CDATA[
          <b>P1:</b> Chk23a<br>
          <b>P2:</b> H43<br>
          <hr>
          <b>Distance:</b> 9.510 miles<br>
          <hr>
          <u>Path P1 → P2:</u><br>
          <b>Forward Azimuth at P1 (Az12):</b> 255.724°<br>
          <b>Back Azimuth at P2 (BackAz12):</b> 255.616°<br>
          <hr>
          <u>Path P2 → P1:</u><br>
          <b>Forward Azimuth at P2 (Az21):</b> 75.616°<br>
          <b>Back Azimuth at P1 (BackAz21):</b> 75.724°<br>
          <hr>
          <b>Filter Reason(s):</b> Dist multiple:0.4755<br>
          <hr>
          <i>Calculation Method: Ellipsoidal (WGS84)</i>
        ]]>                
        
            </description>
            <styleUrl>#208</styleUrl>
            <LineString id="206">
                <coordinates>-76.97546834269932,38.90863930872903,0.0 -77.146392815978,38.87451597139456,0.0</coordinates>
            </LineString>
        </Placemark>
        <Placemark id="211">
            <name>Chk23b → H70a</name>
            <description>
                
        
<![CDATA[
          <b>P1:</b> Chk23b<br>
          <b>P2:</b> H70a<br>
          <hr>
          <b>Distance:</b> 5.707 miles<br>
          <hr>
          <u>Path P1 → P2:</u><br>
          <b>Forward Azimuth at P1 (Az12):</b> 242.515°<br>
          <b>Back Azimuth at P2 (BackAz12):</b> 242.456°<br>
          <hr>
          <u>Path P2 → P1:</u><br>
          <b>Forward Azimuth at P2 (Az21):</b> 62.456°<br>
          <b>Back Azimuth at P1 (BackAz21):</b> 62.515°<br>
          <hr>
          <b>Filter Reason(s):</b> Dist multiple:0.4755<br>
          <hr>
          <i>Calculation Method: Ellipsoidal (WGS84)</i>
        ]]>                
        
            </description>
            <styleUrl>#212</styleUrl>
            <LineString id="210">
                <coordinates>-76.97387114815113,38.90969480185885,0.0 -77.06775220195667,38.87147694689254,0.0</coordinates>
            </LineString>
        </Placemark>
        <Placemark id="215">
            <name>Chk23c → Chk21</name>
            <description>
                
        
<![CDATA[
          <b>P1:</b> Chk23c<br>
          <b>P2:</b> Chk21<br>
          <hr>
          <b>Distance:</b> 3.077 miles<br>
          <hr>
          <u>Path P1 → P2:</u><br>
          <b>Forward Azimuth at P1 (Az12):</b> 145.659°<br>
          <b>Back Azimuth at P2 (BackAz12):</b> 145.679°<br>
          <hr>
          <u>Path P2 → P1:</u><br>
          <b>Forward Azimuth at P2 (Az21):</b> 325.679°<br>
          <b>Back Azimuth at P1 (BackAz21):</b> 325.659°<br>
          <hr>
          <b>Filter Reason(s):</b> Dist multiple:1.5388<br>
          <hr>
          <i>Calculation Method: Ellipsoidal (WGS84)</i>
        ]]>                
        
            </description>
            <styleUrl>#216</styleUrl>
            <LineString id="214">
                <coordinates>-76.97239108771012,38.90964452291605,0.0 -76.94019736733574,38.87280409544193,0.0</coordinates>
            </LineString>
        </Placemark>
        <Placemark id="219">
            <name>Chk23c → H60</name>
            <description>
                
        
<![CDATA[
          <b>P1:</b> Chk23c<br>
          <b>P2:</b> H60<br>
          <hr>
          <b>Distance:</b> 3.328 miles<br>
          <hr>
          <u>Path P1 → P2:</u><br>
          <b>Forward Azimuth at P1 (Az12):</b> 63.285°<br>
          <b>Back Azimuth at P2 (BackAz12):</b> 63.320°<br>
          <hr>
          <u>Path P2 → P1:</u><br>
          <b>Forward Azimuth at P2 (Az21):</b> 243.320°<br>
          <b>Back Azimuth at P1 (BackAz21):</b> 243.285°<br>
          <hr>
          <b>Filter Reason(s):</b> Dist multiple:0.4755<br>
          <hr>
          <i>Calculation Method: Ellipsoidal (WGS84)</i>
        ]]>                
        
            </description>
            <styleUrl>#220</styleUrl>
            <LineString id="218">
                <coordinates>-76.97239108771012,38.90964452291605,0.0 -76.91720945574568,38.93132296535497,0.0</coordinates>
            </LineString>
        </Placemark>
        <Placemark id="223">
            <name>Chk25 → Chk30</name>
            <description>
                
        
<![CDATA[
          <b>P1:</b> Chk25<br>
          <b>P2:</b> Chk30<br>
          <hr>
          <b>Distance:</b> 6.865 miles<br>
          <hr>
          <u>Path P1 → P2:</u><br>
          <b>Forward Azimuth at P1 (Az12):</b> 238.461°<br>
          <b>Back Azimuth at P2 (BackAz12):</b> 238.393°<br>
          <hr>
          <u>Path P2 → P1:</u><br>
          <b>Forward Azimuth at P2 (Az21):</b> 58.393°<br>
          <b>Back Azimuth at P1 (BackAz21):</b> 58.461°<br>
          <hr>
          <b>Filter Reason(s):</b> Dist multiple:2.2882<br>
          <hr>
          <i>Calculation Method: Ellipsoidal (WGS84)</i>
        ]]>                
        
            </description>
            <styleUrl>#224</styleUrl>
            <LineString id="222">
                <coordinates>-77.03584297932892,38.9229071947,0.0 -77.14434316078132,38.87080074981925,0.0</coordinates>
            </LineString>
        </Placemark>
        <Placemark id="227">
            <name>Chk25 → AnOthr02</name>
            <description>
                
        
<![CDATA[
          <b>P1:</b> Chk25<br>
          <b>P2:</b> AnOthr02<br>
          <hr>
          <b>Distance:</b> 4.370 miles<br>
          <hr>
          <u>Path P1 → P2:</u><br>
          <b>Forward Azimuth at P1 (Az12):</b> 105.376°<br>
          <b>Back Azimuth at P2 (BackAz12):</b> 105.425°<br>
          <hr>
          <u>Path P2 → P1:</u><br>
          <b>Forward Azimuth at P2 (Az21):</b> 285.425°<br>
          <b>Back Azimuth at P1 (BackAz21):</b> 285.376°<br>
          <hr>
          <b>Filter Reason(s):</b> Dist multiple:0.8740<br>
          <hr>
          <i>Calculation Method: Ellipsoidal (WGS84)</i>
        ]]>                
        
            </description>
            <styleUrl>#228</styleUrl>
            <LineString id="226">
                <coordinates>-77.03584297932892,38.9229071947,0.0 -76.95766732477911,38.90608413980003,0.0</coordinates>
            </LineString>
        </Placemark>
        <Placemark id="231">
            <name>Chk25 → H70a</name>
            <description>
                
        
<![CDATA[
          <b>P1:</b> Chk25<br>
          <b>P2:</b> H70a<br>
          <hr>
          <b>Distance:</b> 3.943 miles<br>
          <hr>
          <u>Path P1 → P2:</u><br>
          <b>Forward Azimuth at P1 (Az12):</b> 205.876°<br>
          <b>Back Azimuth at P2 (BackAz12):</b> 205.856°<br>
          <hr>
          <u>Path P2 → P1:</u><br>
          <b>Forward Azimuth at P2 (Az21):</b> 25.856°<br>
          <b>Back Azimuth at P1 (BackAz21):</b> 25.876°<br>
          <hr>
          <b>Filter Reason(s):</b> Dist multiple:1.3143<br>
          <hr>
          <i>Calculation Method: Ellipsoidal (WGS84)</i>
        ]]>                
        
            </description>
            <styleUrl>#232</styleUrl>
            <LineString id="230">
                <coordinates>-77.03584297932892,38.9229071947,0.0 -77.06775220195667,38.87147694689254,0.0</coordinates>
            </LineString>
        </Placemark>
        <Placemark id="235">
            <name>Chk25 → H47</name>
            <description>
                
        
<![CDATA[
          <b>P1:</b> Chk25<br>
          <b>P2:</b> H47<br>
          <hr>
          <b>Distance:</b> 1.748 miles<br>
          <hr>
          <u>Path P1 → P2:</u><br>
          <b>Forward Azimuth at P1 (Az12):</b> 52.256°<br>
          <b>Back Azimuth at P2 (BackAz12):</b> 52.272°<br>
          <hr>
          <u>Path P2 → P1:</u><br>
          <b>Forward Azimuth at P2 (Az21):</b> 232.272°<br>
          <b>Back Azimuth at P1 (BackAz21):</b> 232.256°<br>
          <hr>
          <b>Filter Reason(s):</b> Dist multiple:0.8740<br>
          <hr>
          <i>Calculation Method: Ellipsoidal (WGS84)</i>
        ]]>                
        
            </description>
            <styleUrl>#236</styleUrl>
            <LineString id="234">
                <coordinates>-77.03584297932892,38.9229071947,0.0 -77.01018660152103,38.93841562644008,0.0</coordinates>
            </LineString>
        </Placemark>
        <Placemark id="239">
            <name>Chk26 → H66</name>
            <description>
                
        
<![CDATA[
          <b>P1:</b> Chk26<br>
          <b>P2:</b> H66<br>
          <hr>
          <b>Distance:</b> 10.015 miles<br>
          <hr>
          <u>Path P1 → P2:</u><br>
          <b>Forward Azimuth at P1 (Az12):</b> 277.364°<br>
          <b>Back Azimuth at P2 (BackAz12):</b> 277.248°<br>
          <hr>
          <u>Path P2 → P1:</u><br>
          <b>Forward Azimuth at P2 (Az21):</b> 97.248°<br>
          <b>Back Azimuth at P1 (BackAz21):</b> 97.364°<br>
          <hr>
          <b>Filter Reason(s):</b> Dist multiple:0.3338<br>
          <hr>
          <i>Calculation Method: Ellipsoidal (WGS84)</i>
        ]]>                
        
            </description>
            <styleUrl>#240</styleUrl>
            <LineString id="238">
                <coordinates>-76.91666542015503,38.88686719010732,0.0 -77.10094955658019,38.90533124793031,0.0</coordinates>
            </LineString>
        </Placemark>
        <Placemark id="243">
            <name>Chk26 → H39</name>
            <description>
                
        
<![CDATA[
          <b>P1:</b> Chk26<br>
          <b>P2:</b> H39<br>
          <hr>
          <b>Distance:</b> 17.694 miles<br>
          <hr>
          <u>Path P1 → P2:</u><br>
          <b>Forward Azimuth at P1 (Az12):</b> 277.291°<br>
          <b>Back Azimuth at P2 (BackAz12):</b> 277.086°<br>
          <hr>
          <u>Path P2 → P1:</u><br>
          <b>Forward Azimuth at P2 (Az21):</b> 97.086°<br>
          <b>Back Azimuth at P1 (BackAz21):</b> 97.291°<br>
          <hr>
          <b>Filter Reason(s):</b> Dist multiple:0.3338<br>
          <hr>
          <i>Calculation Method: Ellipsoidal (WGS84)</i>
        ]]>                
        
            </description>
            <styleUrl>#244</styleUrl>
            <LineString id="242">
                <coordinates>-76.91666542015503,38.88686719010732,0.0 -77.24236058241425,38.9189665077175,0.0</coordinates>
            </LineString>
        </Placemark>
        <Placemark id="247">
            <name>Chk27 → H43</name>
            <description>
                
        
<![CDATA[
          <b>P1:</b> Chk27<br>
          <b>P2:</b> H43<br>
          <hr>
          <b>Distance:</b> 7.694 miles<br>
          <hr>
          <u>Path P1 → P2:</u><br>
          <b>Forward Azimuth at P1 (Az12):</b> 213.161°<br>
          <b>Back Azimuth at P2 (BackAz12):</b> 213.112°<br>
          <hr>
          <u>Path P2 → P1:</u><br>
          <b>Forward Azimuth at P2 (Az21):</b> 33.112°<br>
          <b>Back Azimuth at P1 (BackAz21):</b> 33.161°<br>
          <hr>
          <b>Filter Reason(s):</b> Dist multiple:1.5388<br>
          <hr>
          <i>Calculation Method: Ellipsoidal (WGS84)</i>
        ]]>                
        
            </description>
            <styleUrl>#248</styleUrl>
            <LineString id="246">
                <coordinates>-77.06834544975686,38.96791103163879,0.0 -77.146392815978,38.87451597139456,0.0</coordinates>
            </LineString>
        </Placemark>
        <Placemark id="251">
            <name>Chk30 → H66</name>
            <description>
                
        
<![CDATA[
          <b>P1:</b> Chk30<br>
          <b>P2:</b> H66<br>
          <hr>
          <b>Distance:</b> 3.339 miles<br>
          <hr>
          <u>Path P1 → P2:</u><br>
          <b>Forward Azimuth at P1 (Az12):</b> 44.471°<br>
          <b>Back Azimuth at P2 (BackAz12):</b> 44.498°<br>
          <hr>
          <u>Path P2 → P1:</u><br>
          <b>Forward Azimuth at P2 (Az21):</b> 224.498°<br>
          <b>Back Azimuth at P1 (BackAz21):</b> 224.471°<br>
          <hr>
          <b>Filter Reason(s):</b> Dist multiple:0.3338<br>
          <hr>
          <i>Calculation Method: Ellipsoidal (WGS84)</i>
        ]]>                
        
            </description>
            <styleUrl>#252</styleUrl>
            <LineString id="250">
                <coordinates>-77.14434316078132,38.87080074981925,0.0 -77.10094955658019,38.90533124793031,0.0</coordinates>
            </LineString>
        </Placemark>
        <Placemark id="255">
            <name>Chk32 → H47</name>
            <description>
                
        
<![CDATA[
          <b>P1:</b> Chk32<br>
          <b>P2:</b> H47<br>
          <hr>
          <b>Distance:</b> 2.628 miles<br>
          <hr>
          <u>Path P1 → P2:</u><br>
          <b>Forward Azimuth at P1 (Az12):</b> 122.307°<br>
          <b>Back Azimuth at P2 (BackAz12):</b> 122.333°<br>
          <hr>
          <u>Path P2 → P1:</u><br>
          <b>Forward Azimuth at P2 (Az21):</b> 302.333°<br>
          <b>Back Azimuth at P1 (BackAz21):</b> 302.307°<br>
          <hr>
          <b>Filter Reason(s):</b> Dist multiple:1.3143<br>
          <hr>
          <i>Calculation Method: Ellipsoidal (WGS84)</i>
        ]]>                
        
            </description>
            <styleUrl>#256</styleUrl>
            <LineString id="254">
                <coordinates>-77.05142116747349,38.95878698101598,0.0 -77.01018660152103,38.93841562644008,0.0</coordinates>
            </LineString>
        </Placemark>
        <Placemark id="259">
            <name>Chk32 → Pk04</name>
            <description>
                
        
<![CDATA[
          <b>P1:</b> Chk32<br>
          <b>P2:</b> Pk04<br>
          <hr>
          <b>Distance:</b> 63.431 miles<br>
          <hr>
          <u>Path P1 → P2:</u><br>
          <b>Forward Azimuth at P1 (Az12):</b> 258.865°<br>
          <b>Back Azimuth at P2 (BackAz12):</b> 258.142°<br>
          <hr>
          <u>Path P2 → P1:</u><br>
          <b>Forward Azimuth at P2 (Az21):</b> 78.142°<br>
          <b>Back Azimuth at P1 (BackAz21):</b> 78.865°<br>
          <hr>
          <b>Filter Reason(s):</b> Dist multiple:0.3338<br>
          <hr>
          <i>Calculation Method: Ellipsoidal (WGS84)</i>
        ]]>                
        
            </description>
            <styleUrl>#260</styleUrl>
            <LineString id="258">
                <coordinates>-77.05142116747349,38.95878698101598,0.0 -78.20406185227269,38.77550687860945,0.0</coordinates>
            </LineString>
        </Placemark>
        <Placemark id="263">
            <name>Chk34 → AnOthr01</name>
            <description>
                
        
<![CDATA[
          <b>P1:</b> Chk34<br>
          <b>P2:</b> AnOthr01<br>
          <hr>
          <b>Distance:</b> 4.674 miles<br>
          <hr>
          <u>Path P1 → P2:</u><br>
          <b>Forward Azimuth at P1 (Az12):</b> 168.402°<br>
          <b>Back Azimuth at P2 (BackAz12):</b> 168.413°<br>
          <hr>
          <u>Path P2 → P1:</u><br>
          <b>Forward Azimuth at P2 (Az21):</b> 348.413°<br>
          <b>Back Azimuth at P1 (BackAz21):</b> 348.402°<br>
          <hr>
          <b>Filter Reason(s):</b> Dist multiple:0.3338<br>
          <hr>
          <i>Calculation Method: Ellipsoidal (WGS84)</i>
        ]]>                
        
            </description>
            <styleUrl>#264</styleUrl>
            <LineString id="262">
                <coordinates>-77.01438697638629,38.93536052674429,0.0 -76.99696100301952,38.86898287196977,0.0</coordinates>
            </LineString>
        </Placemark>
        <Placemark id="267">
            <name>Chk34 → H56</name>
            <description>
                
        
<![CDATA[
          <b>P1:</b> Chk34<br>
          <b>P2:</b> H56<br>
          <hr>
          <b>Distance:</b> 2.828 miles<br>
          <hr>
          <u>Path P1 → P2:</u><br>
          <b>Forward Azimuth at P1 (Az12):</b> 243.123°<br>
          <b>Back Azimuth at P2 (BackAz12):</b> 243.094°<br>
          <hr>
          <u>Path P2 → P1:</u><br>
          <b>Forward Azimuth at P2 (Az21):</b> 63.094°<br>
          <b>Back Azimuth at P1 (BackAz21):</b> 63.123°<br>
          <hr>
          <b>Filter Reason(s):</b> Dist multiple:1.4142<br>
          <hr>
          <i>Calculation Method: Ellipsoidal (WGS84)</i>
        ]]>                
        
            </description>
            <styleUrl>#268</styleUrl>
            <LineString id="266">
                <coordinates>-77.01438697638629,38.93536052674429,0.0 -77.06120140091524,38.91681538320637,0.0</coordinates>
            </LineString>
        </Placemark>
        <Placemark id="271">
            <name>Chk35 → Chk47</name>
            <description>
                
        
<![CDATA[
          <b>P1:</b> Chk35<br>
          <b>P2:</b> Chk47<br>
          <hr>
          <b>Distance:</b> 4.472 miles<br>
          <hr>
          <u>Path P1 → P2:</u><br>
          <b>Forward Azimuth at P1 (Az12):</b> 33.514°<br>
          <b>Back Azimuth at P2 (BackAz12):</b> 33.542°<br>
          <hr>
          <u>Path P2 → P1:</u><br>
          <b>Forward Azimuth at P2 (Az21):</b> 213.542°<br>
          <b>Back Azimuth at P1 (BackAz21):</b> 213.514°<br>
          <hr>
          <b>Filter Reason(s):</b> Dist multiple:2.2361<br>
          <hr>
          <i>Calculation Method: Ellipsoidal (WGS84)</i>
        ]]>                
        
            </description>
            <styleUrl>#272</styleUrl>
            <LineString id="270">
                <coordinates>-77.05068501975197,38.89407905799511,0.0 -77.00484480332231,38.94812410619182,0.0</coordinates>
            </LineString>
        </Placemark>
        <Placemark id="275">
            <name>Chk35 → H88</name>
            <description>
                
        
<![CDATA[
          <b>P1:</b> Chk35<br>
          <b>P2:</b> H88<br>
          <hr>
          <b>Distance:</b> 3.943 miles<br>
          <hr>
          <u>Path P1 → P2:</u><br>
          <b>Forward Azimuth at P1 (Az12):</b> 141.239°<br>
          <b>Back Azimuth at P2 (BackAz12):</b> 141.267°<br>
          <hr>
          <u>Path P2 → P1:</u><br>
          <b>Forward Azimuth at P2 (Az21):</b> 321.267°<br>
          <b>Back Azimuth at P1 (BackAz21):</b> 321.239°<br>
          <hr>
          <b>Filter Reason(s):</b> Dist multiple:1.3143<br>
          <hr>
          <i>Calculation Method: Ellipsoidal (WGS84)</i>
        ]]>                
        
            </description>
            <styleUrl>#276</styleUrl>
            <LineString id="274">
                <coordinates>-77.05068501975197,38.89407905799511,0.0 -77.00492179089107,38.84950002068123,0.0</coordinates>
            </LineString>
        </Placemark>
        <Placemark id="279">
            <name>Chk35 → H31</name>
            <description>
                
        
<![CDATA[
          <b>P1:</b> Chk35<br>
          <b>P2:</b> H31<br>
          <hr>
          <b>Distance:</b> 3.496 miles<br>
          <hr>
          <u>Path P1 → P2:</u><br>
          <b>Forward Azimuth at P1 (Az12):</b> 318.508°<br>
          <b>Back Azimuth at P2 (BackAz12):</b> 318.481°<br>
          <hr>
          <u>Path P2 → P1:</u><br>
          <b>Forward Azimuth at P2 (Az21):</b> 138.481°<br>
          <b>Back Azimuth at P1 (BackAz21):</b> 138.508°<br>
          <hr>
          <b>Filter Reason(s):</b> Dist multiple:0.8740<br>
          <hr>
          <i>Calculation Method: Ellipsoidal (WGS84)</i>
        ]]>                
        
            </description>
            <styleUrl>#280</styleUrl>
            <LineString id="278">
                <coordinates>-77.05068501975197,38.89407905799511,0.0 -77.09367738494352,38.93203756982007,0.0</coordinates>
            </LineString>
        </Placemark>
        <Placemark id="283">
            <name>Chk36 → H29</name>
            <description>
                
        
<![CDATA[
          <b>P1:</b> Chk36<br>
          <b>P2:</b> H29<br>
          <hr>
          <b>Distance:</b> 7.071 miles<br>
          <hr>
          <u>Path P1 → P2:</u><br>
          <b>Forward Azimuth at P1 (Az12):</b> 270.421°<br>
          <b>Back Azimuth at P2 (BackAz12):</b> 270.339°<br>
          <hr>
          <u>Path P2 → P1:</u><br>
          <b>Forward Azimuth at P2 (Az21):</b> 90.339°<br>
          <b>Back Azimuth at P1 (BackAz21):</b> 90.421°<br>
          <hr>
          <b>Filter Reason(s):</b> Dist multiple:1.4142<br>
          <hr>
          <i>Calculation Method: Ellipsoidal (WGS84)</i>
        ]]>                
        
            </description>
            <styleUrl>#284</styleUrl>
            <LineString id="282">
                <coordinates>-76.99354755099984,38.91158883943301,0.0 -77.12474875900264,38.91226863882422,0.0</coordinates>
            </LineString>
        </Placemark>
        <Placemark id="287">
            <name>Chk39 → Chk54</name>
            <description>
                
        
<![CDATA[
          <b>P1:</b> Chk39<br>
          <b>P2:</b> Chk54<br>
          <hr>
          <b>Distance:</b> 16.024 miles<br>
          <hr>
          <u>Path P1 → P2:</u><br>
          <b>Forward Azimuth at P1 (Az12):</b> 206.378°<br>
          <b>Back Azimuth at P2 (BackAz12):</b> 206.295°<br>
          <hr>
          <u>Path P2 → P1:</u><br>
          <b>Forward Azimuth at P2 (Az21):</b> 26.295°<br>
          <b>Back Azimuth at P1 (BackAz21):</b> 26.378°<br>
          <hr>
          <b>Filter Reason(s):</b> Dist multiple:0.3338<br>
          <hr>
          <i>Calculation Method: Ellipsoidal (WGS84)</i>
        ]]>                
        
            </description>
            <styleUrl>#288</styleUrl>
            <LineString id="286">
                <coordinates>-76.91182568346446,38.8974237158863,0.0 -77.04351796976675,38.68922831692476,0.0</coordinates>
            </LineString>
        </Placemark>
        <Placemark id="291">
            <name>Chk40 → OtrB</name>
            <description>
                
        
<![CDATA[
          <b>P1:</b> Chk40<br>
          <b>P2:</b> OtrB<br>
          <hr>
          <b>Distance:</b> 6.708 miles<br>
          <hr>
          <u>Path P1 → P2:</u><br>
          <b>Forward Azimuth at P1 (Az12):</b> 312.231°<br>
          <b>Back Azimuth at P2 (BackAz12):</b> 312.173°<br>
          <hr>
          <u>Path P2 → P1:</u><br>
          <b>Forward Azimuth at P2 (Az21):</b> 132.173°<br>
          <b>Back Azimuth at P1 (BackAz21):</b> 132.231°<br>
          <hr>
          <b>Filter Reason(s):</b> Dist multiple:2.2361<br>
          <hr>
          <i>Calculation Method: Ellipsoidal (WGS84)</i>
        ]]>                
        
            </description>
            <styleUrl>#292</styleUrl>
            <LineString id="290">
                <coordinates>-76.89912135737723,38.89172055971182,0.0 -76.99134485249716,38.95704643888089,0.0</coordinates>
            </LineString>
        </Placemark>
        <Placemark id="295">
            <name>Chk41 → OtrD</name>
            <description>
                
        
<![CDATA[
          <b>P1:</b> Chk41<br>
          <b>P2:</b> OtrD<br>
          <hr>
          <b>Distance:</b> 2.853 miles<br>
          <hr>
          <u>Path P1 → P2:</u><br>
          <b>Forward Azimuth at P1 (Az12):</b> 123.587°<br>
          <b>Back Azimuth at P2 (BackAz12):</b> 123.615°<br>
          <hr>
          <u>Path P2 → P1:</u><br>
          <b>Forward Azimuth at P2 (Az21):</b> 303.615°<br>
          <b>Back Azimuth at P1 (BackAz21):</b> 303.587°<br>
          <hr>
          <b>Filter Reason(s):</b> Dist multiple:0.4755<br>
          <hr>
          <i>Calculation Method: Ellipsoidal (WGS84)</i>
        ]]>                
        
            </description>
            <styleUrl>#296</styleUrl>
            <LineString id="294">
                <coordinates>-76.9575387987198,38.91261730408393,0.0 -76.91344596466341,38.88972524047381,0.0</coordinates>
            </LineString>
        </Placemark>
        <Placemark id="299">
            <name>Chk41 → H17</name>
            <description>
                
        
<![CDATA[
          <b>P1:</b> Chk41<br>
          <b>P2:</b> H17<br>
          <hr>
          <b>Distance:</b> 6.572 miles<br>
          <hr>
          <u>Path P1 → P2:</u><br>
          <b>Forward Azimuth at P1 (Az12):</b> 250.782°<br>
          <b>Back Azimuth at P2 (BackAz12):</b> 250.709°<br>
          <hr>
          <u>Path P2 → P1:</u><br>
          <b>Forward Azimuth at P2 (Az21):</b> 70.709°<br>
          <b>Back Azimuth at P1 (BackAz21):</b> 70.782°<br>
          <hr>
          <b>Filter Reason(s):</b> Dist multiple:1.3143<br>
          <hr>
          <i>Calculation Method: Ellipsoidal (WGS84)</i>
        ]]>                
        
            </description>
            <styleUrl>#300</styleUrl>
            <LineString id="298">
                <coordinates>-76.9575387987198,38.91261730408393,0.0 -77.07263105649967,38.88120136333437,0.0</coordinates>
            </LineString>
        </Placemark>
        <Placemark id="303">
            <name>Chk41 → H43</name>
            <description>
                
        
<![CDATA[
          <b>P1:</b> Chk41<br>
          <b>P2:</b> H43<br>
          <hr>
          <b>Distance:</b> 10.514 miles<br>
          <hr>
          <u>Path P1 → P2:</u><br>
          <b>Forward Azimuth at P1 (Az12):</b> 255.584°<br>
          <b>Back Azimuth at P2 (BackAz12):</b> 255.465°<br>
          <hr>
          <u>Path P2 → P1:</u><br>
          <b>Forward Azimuth at P2 (Az21):</b> 75.465°<br>
          <b>Back Azimuth at P1 (BackAz21):</b> 75.584°<br>
          <hr>
          <b>Filter Reason(s):</b> Dist multiple:1.3143<br>
          <hr>
          <i>Calculation Method: Ellipsoidal (WGS84)</i>
        ]]>                
        
            </description>
            <styleUrl>#304</styleUrl>
            <LineString id="302">
                <coordinates>-76.9575387987198,38.91261730408393,0.0 -77.146392815978,38.87451597139456,0.0</coordinates>
            </LineString>
        </Placemark>
        <Placemark id="307">
            <name>Chk42 → Chk54</name>
            <description>
                
        
<![CDATA[
          <b>P1:</b> Chk42<br>
          <b>P2:</b> Chk54<br>
          <hr>
          <b>Distance:</b> 16.693 miles<br>
          <hr>
          <u>Path P1 → P2:</u><br>
          <b>Forward Azimuth at P1 (Az12):</b> 174.650°<br>
          <b>Back Azimuth at P2 (BackAz12):</b> 174.668°<br>
          <hr>
          <u>Path P2 → P1:</u><br>
          <b>Forward Azimuth at P2 (Az21):</b> 354.668°<br>
          <b>Back Azimuth at P1 (BackAz21):</b> 354.650°<br>
          <hr>
          <b>Filter Reason(s):</b> Dist multiple:0.3338<br>
          <hr>
          <i>Calculation Method: Ellipsoidal (WGS84)</i>
        ]]>                
        
            </description>
            <styleUrl>#308</styleUrl>
            <LineString id="306">
                <coordinates>-77.07230698965536,38.93017051598103,0.0 -77.04351796976675,38.68922831692476,0.0</coordinates>
            </LineString>
        </Placemark>
        <Placemark id="311">
            <name>Chk42 → Chk62</name>
            <description>
                
        
<![CDATA[
          <b>P1:</b> Chk42<br>
          <b>P2:</b> Chk62<br>
          <hr>
          <b>Distance:</b> 3.236 miles<br>
          <hr>
          <u>Path P1 → P2:</u><br>
          <b>Forward Azimuth at P1 (Az12):</b> 121.890°<br>
          <b>Back Azimuth at P2 (BackAz12):</b> 121.922°<br>
          <hr>
          <u>Path P2 → P1:</u><br>
          <b>Forward Azimuth at P2 (Az21):</b> 301.922°<br>
          <b>Back Azimuth at P1 (BackAz21):</b> 301.890°<br>
          <hr>
          <b>Filter Reason(s):</b> Dist multiple:1.6180<br>
          <hr>
          <i>Calculation Method: Ellipsoidal (WGS84)</i>
        ]]>                
        
            </description>
            <styleUrl>#312</styleUrl>
            <LineString id="310">
                <coordinates>-77.07230698965536,38.93017051598103,0.0 -77.02133073015519,38.90537641569407,0.0</coordinates>
            </LineString>
        </Placemark>
        <Placemark id="315">
            <name>Chk42 → AN</name>
            <description>
                
        
<![CDATA[
          <b>P1:</b> Chk42<br>
          <b>P2:</b> AN<br>
          <hr>
          <b>Distance:</b> 7.071 miles<br>
          <hr>
          <u>Path P1 → P2:</u><br>
          <b>Forward Azimuth at P1 (Az12):</b> 96.450°<br>
          <b>Back Azimuth at P2 (BackAz12):</b> 96.532°<br>
          <hr>
          <u>Path P2 → P1:</u><br>
          <b>Forward Azimuth at P2 (Az21):</b> 276.532°<br>
          <b>Back Azimuth at P1 (BackAz21):</b> 276.450°<br>
          <hr>
          <b>Filter Reason(s):</b> Dist multiple:1.4142<br>
          <hr>
          <i>Calculation Method: Ellipsoidal (WGS84)</i>
        ]]>                
        
            </description>
            <styleUrl>#316</styleUrl>
            <LineString id="314">
                <coordinates>-77.07230698965536,38.93017051598103,0.0 -76.94192180000002,38.91858289999999,0.0</coordinates>
            </LineString>
        </Placemark>
        <Placemark id="319">
            <name>Chk43 → H81</name>
            <description>
                
        
<![CDATA[
          <b>P1:</b> Chk43<br>
          <b>P2:</b> H81<br>
          <hr>
          <b>Distance:</b> 6.182 miles<br>
          <hr>
          <u>Path P1 → P2:</u><br>
          <b>Forward Azimuth at P1 (Az12):</b> 128.855°<br>
          <b>Back Azimuth at P2 (BackAz12):</b> 128.911°<br>
          <hr>
          <u>Path P2 → P1:</u><br>
          <b>Forward Azimuth at P2 (Az21):</b> 308.911°<br>
          <b>Back Azimuth at P1 (BackAz21):</b> 308.855°<br>
          <hr>
          <b>Filter Reason(s):</b> Dist multiple:0.4755<br>
          <hr>
          <i>Calculation Method: Ellipsoidal (WGS84)</i>
        ]]>                
        
            </description>
            <styleUrl>#320</styleUrl>
            <LineString id="318">
                <coordinates>-77.0192667064925,38.94312493001874,0.0 -76.9299762903957,38.88687029383775,0.0</coordinates>
            </LineString>
        </Placemark>
        <Placemark id="323">
            <name>Chk47 → H19</name>
            <description>
                
        
<![CDATA[
          <b>P1:</b> Chk47<br>
          <b>P2:</b> H19<br>
          <hr>
          <b>Distance:</b> 4.577 miles<br>
          <hr>
          <u>Path P1 → P2:</u><br>
          <b>Forward Azimuth at P1 (Az12):</b> 240.674°<br>
          <b>Back Azimuth at P2 (BackAz12):</b> 240.627°<br>
          <hr>
          <u>Path P2 → P1:</u><br>
          <b>Forward Azimuth at P2 (Az21):</b> 60.627°<br>
          <b>Back Azimuth at P1 (BackAz21):</b> 60.674°<br>
          <hr>
          <b>Filter Reason(s):</b> Dist multiple:2.2882<br>
          <hr>
          <i>Calculation Method: Ellipsoidal (WGS84)</i>
        ]]>                
        
            </description>
            <styleUrl>#324</styleUrl>
            <LineString id="322">
                <coordinates>-77.00484480332231,38.94812410619182,0.0 -77.07888357211404,38.91560586754403,0.0</coordinates>
            </LineString>
        </Placemark>
        <Placemark id="327">
            <name>Chk47 → H60</name>
            <description>
                
        
<![CDATA[
          <b>P1:</b> Chk47<br>
          <b>P2:</b> H60<br>
          <hr>
          <b>Distance:</b> 4.861 miles<br>
          <hr>
          <u>Path P1 → P2:</u><br>
          <b>Forward Azimuth at P1 (Az12):</b> 103.765°<br>
          <b>Back Azimuth at P2 (BackAz12):</b> 103.820°<br>
          <hr>
          <u>Path P2 → P1:</u><br>
          <b>Forward Azimuth at P2 (Az21):</b> 283.820°<br>
          <b>Back Azimuth at P1 (BackAz21):</b> 283.765°<br>
          <hr>
          <b>Filter Reason(s):</b> Dist multiple:0.5401<br>
          <hr>
          <i>Calculation Method: Ellipsoidal (WGS84)</i>
        ]]>                
        
            </description>
            <styleUrl>#328</styleUrl>
            <LineString id="326">
                <coordinates>-77.00484480332231,38.94812410619182,0.0 -76.91720945574568,38.93132296535497,0.0</coordinates>
            </LineString>
        </Placemark>
        <Placemark id="331">
            <name>Chk47 → Pk02</name>
            <description>
                
        
<![CDATA[
          <b>P1:</b> Chk47<br>
          <b>P2:</b> Pk02<br>
          <hr>
          <b>Distance:</b> 48.070 miles<br>
          <hr>
          <u>Path P1 → P2:</u><br>
          <b>Forward Azimuth at P1 (Az12):</b> 316.137°<br>
          <b>Back Azimuth at P2 (BackAz12):</b> 315.744°<br>
          <hr>
          <u>Path P2 → P1:</u><br>
          <b>Forward Azimuth at P2 (Az21):</b> 135.744°<br>
          <b>Back Azimuth at P1 (BackAz21):</b> 136.137°<br>
          <hr>
          <b>Filter Reason(s):</b> Dist multiple:0.5401<br>
          <hr>
          <i>Calculation Method: Ellipsoidal (WGS84)</i>
        ]]>                
        
            </description>
            <styleUrl>#332</styleUrl>
            <LineString id="330">
                <coordinates>-77.00484480332231,38.94812410619182,0.0 -77.627618,39.448887,0.0</coordinates>
            </LineString>
        </Placemark>
        <Placemark id="335">
            <name>Chk49 → OtrA</name>
            <description>
                
        
<![CDATA[
          <b>P1:</b> Chk49<br>
          <b>P2:</b> OtrA<br>
          <hr>
          <b>Distance:</b> 4.340 miles<br>
          <hr>
          <u>Path P1 → P2:</u><br>
          <b>Forward Azimuth at P1 (Az12):</b> 74.665°<br>
          <b>Back Azimuth at P2 (BackAz12):</b> 74.713°<br>
          <hr>
          <u>Path P2 → P1:</u><br>
          <b>Forward Azimuth at P2 (Az21):</b> 254.713°<br>
          <b>Back Azimuth at P1 (BackAz21):</b> 254.665°<br>
          <hr>
          <b>Filter Reason(s):</b> Dist multiple:0.3338<br>
          <hr>
          <i>Calculation Method: Ellipsoidal (WGS84)</i>
        ]]>                
        
            </description>
            <styleUrl>#336</styleUrl>
            <LineString id="334">
                <coordinates>-77.02956862943489,38.90963170613946,0.0 -76.95188801292042,38.92624596949343,0.0</coordinates>
            </LineString>
        </Placemark>
        <Placemark id="339">
            <name>Chk53 → H60</name>
            <description>
                
        
<![CDATA[
          <b>P1:</b> Chk53<br>
          <b>P2:</b> H60<br>
          <hr>
          <b>Distance:</b> 6.482 miles<br>
          <hr>
          <u>Path P1 → P2:</u><br>
          <b>Forward Azimuth at P1 (Az12):</b> 49.784°<br>
          <b>Back Azimuth at P2 (BackAz12):</b> 49.842°<br>
          <hr>
          <u>Path P2 → P1:</u><br>
          <b>Forward Azimuth at P2 (Az21):</b> 229.842°<br>
          <b>Back Azimuth at P1 (BackAz21):</b> 229.784°<br>
          <hr>
          <b>Filter Reason(s):</b> Dist multiple:0.5401<br>
          <hr>
          <i>Calculation Method: Ellipsoidal (WGS84)</i>
        ]]>                
        
            </description>
            <styleUrl>#340</styleUrl>
            <LineString id="338">
                <coordinates>-77.00907388669604,38.8706887702613,0.0 -76.91720945574568,38.93132296535497,0.0</coordinates>
            </LineString>
        </Placemark>
        <Placemark id="343">
            <name>Chk58 → H31</name>
            <description>
                
        
<![CDATA[
          <b>P1:</b> Chk58<br>
          <b>P2:</b> H31<br>
          <hr>
          <b>Distance:</b> 6.119 miles<br>
          <hr>
          <u>Path P1 → P2:</u><br>
          <b>Forward Azimuth at P1 (Az12):</b> 342.607°<br>
          <b>Back Azimuth at P2 (BackAz12):</b> 342.586°<br>
          <hr>
          <u>Path P2 → P1:</u><br>
          <b>Forward Azimuth at P2 (Az21):</b> 162.586°<br>
          <b>Back Azimuth at P1 (BackAz21):</b> 162.607°<br>
          <hr>
          <b>Filter Reason(s):</b> Dist multiple:0.8740<br>
          <hr>
          <i>Calculation Method: Ellipsoidal (WGS84)</i>
        ]]>                
        
            </description>
            <styleUrl>#344</styleUrl>
            <LineString id="342">
                <coordinates>-77.05973097339024,38.84739885578784,0.0 -77.09367738494352,38.93203756982007,0.0</coordinates>
            </LineString>
        </Placemark>
        <Placemark id="347">
            <name>Chk59 → POOthr2c</name>
            <description>
                
        
<![CDATA[
          <b>P1:</b> Chk59<br>
          <b>P2:</b> POOthr2c<br>
          <hr>
          <b>Distance:</b> 7.609 miles<br>
          <hr>
          <u>Path P1 → P2:</u><br>
          <b>Forward Azimuth at P1 (Az12):</b> 196.129°<br>
          <b>Back Azimuth at P2 (BackAz12):</b> 196.104°<br>
          <hr>
          <u>Path P2 → P1:</u><br>
          <b>Forward Azimuth at P2 (Az21):</b> 16.104°<br>
          <b>Back Azimuth at P1 (BackAz21):</b> 16.129°<br>
          <hr>
          <b>Filter Reason(s):</b> Dist multiple:0.4755<br>
          <hr>
          <i>Calculation Method: Ellipsoidal (WGS84)</i>
        ]]>                
        
            </description>
            <styleUrl>#348</styleUrl>
            <LineString id="346">
                <coordinates>-77.04244035387981,39.01004268273348,0.0 -77.08165575743644,38.9040771959102,0.0</coordinates>
            </LineString>
        </Placemark>
        <Placemark id="351">
            <name>Chk59 → H17</name>
            <description>
                
        
<![CDATA[
          <b>P1:</b> Chk59<br>
          <b>P2:</b> H17<br>
          <hr>
          <b>Distance:</b> 9.035 miles<br>
          <hr>
          <u>Path P1 → P2:</u><br>
          <b>Forward Azimuth at P1 (Az12):</b> 190.379°<br>
          <b>Back Azimuth at P2 (BackAz12):</b> 190.360°<br>
          <hr>
          <u>Path P2 → P1:</u><br>
          <b>Forward Azimuth at P2 (Az21):</b> 10.360°<br>
          <b>Back Azimuth at P1 (BackAz21):</b> 10.379°<br>
          <hr>
          <b>Filter Reason(s):</b> Dist multiple:0.4755<br>
          <hr>
          <i>Calculation Method: Ellipsoidal (WGS84)</i>
        ]]>                
        
            </description>
            <styleUrl>#352</styleUrl>
            <LineString id="350">
                <coordinates>-77.04244035387981,39.01004268273348,0.0 -77.07263105649967,38.88120136333437,0.0</coordinates>
            </LineString>
        </Placemark>
        <Placemark id="355">
            <name>Chk63 → H17</name>
            <description>
                
        
<![CDATA[
          <b>P1:</b> Chk63<br>
          <b>P2:</b> H17<br>
          <hr>
          <b>Distance:</b> 2.337 miles<br>
          <hr>
          <u>Path P1 → P2:</u><br>
          <b>Forward Azimuth at P1 (Az12):</b> 236.316°<br>
          <b>Back Azimuth at P2 (BackAz12):</b> 236.293°<br>
          <hr>
          <u>Path P2 → P1:</u><br>
          <b>Forward Azimuth at P2 (Az21):</b> 56.293°<br>
          <b>Back Azimuth at P1 (BackAz21):</b> 56.316°<br>
          <hr>
          <b>Filter Reason(s):</b> Dist multiple:0.3338<br>
          <hr>
          <i>Calculation Method: Ellipsoidal (WGS84)</i>
        ]]>                
        
            </description>
            <styleUrl>#356</styleUrl>
            <LineString id="354">
                <coordinates>-77.036569,38.89999431930673,0.0 -77.07263105649967,38.88120136333437,0.0</coordinates>
            </LineString>
        </Placemark>
        <Placemark id="359">
            <name>CptA → Pk02</name>
            <description>
                
        
<![CDATA[
          <b>P1:</b> CptA<br>
          <b>P2:</b> Pk02<br>
          <hr>
          <b>Distance:</b> 50.911 miles<br>
          <hr>
          <u>Path P1 → P2:</u><br>
          <b>Forward Azimuth at P1 (Az12):</b> 319.328°<br>
          <b>Back Azimuth at P2 (BackAz12):</b> 318.936°<br>
          <hr>
          <u>Path P2 → P1:</u><br>
          <b>Forward Azimuth at P2 (Az21):</b> 138.936°<br>
          <b>Back Azimuth at P1 (BackAz21):</b> 139.328°<br>
          <hr>
          <b>Filter Reason(s):</b> Dist multiple:1.4142<br>
          <hr>
          <i>Calculation Method: Ellipsoidal (WGS84)</i>
        ]]>                
        
            </description>
            <styleUrl>#360</styleUrl>
            <LineString id="358">
                <coordinates>-77.0072678806584,38.89077979476803,0.0 -77.627618,39.448887,0.0</coordinates>
            </LineString>
        </Placemark>
        <Placemark id="363">
            <name>Eb → RCrkA</name>
            <description>
                
        
<![CDATA[
          <b>P1:</b> Eb<br>
          <b>P2:</b> RCrkA<br>
          <hr>
          <b>Distance:</b> 8.012 miles<br>
          <hr>
          <u>Path P1 → P2:</u><br>
          <b>Forward Azimuth at P1 (Az12):</b> 273.328°<br>
          <b>Back Azimuth at P2 (BackAz12):</b> 273.235°<br>
          <hr>
          <u>Path P2 → P1:</u><br>
          <b>Forward Azimuth at P2 (Az21):</b> 93.235°<br>
          <b>Back Azimuth at P1 (BackAz21):</b> 93.328°<br>
          <hr>
          <b>Filter Reason(s):</b> Dist multiple:0.3338<br>
          <hr>
          <i>Calculation Method: Ellipsoidal (WGS84)</i>
        ]]>                
        
            </description>
            <styleUrl>#364</styleUrl>
            <LineString id="362">
                <coordinates>-76.90916553,38.89286049999997,0.0 -77.05755337263248,38.89950909563222,0.0</coordinates>
            </LineString>
        </Placemark>
        <Placemark id="367">
            <name>Ec → H86</name>
            <description>
                
        
<![CDATA[
          <b>P1:</b> Ec<br>
          <b>P2:</b> H86<br>
          <hr>
          <b>Distance:</b> 6.155 miles<br>
          <hr>
          <u>Path P1 → P2:</u><br>
          <b>Forward Azimuth at P1 (Az12):</b> 157.290°<br>
          <b>Back Azimuth at P2 (BackAz12):</b> 157.318°<br>
          <hr>
          <u>Path P2 → P1:</u><br>
          <b>Forward Azimuth at P2 (Az21):</b> 337.318°<br>
          <b>Back Azimuth at P1 (BackAz21):</b> 337.290°<br>
          <hr>
          <b>Filter Reason(s):</b> Dist multiple:1.5388<br>
          <hr>
          <i>Calculation Method: Ellipsoidal (WGS84)</i>
        ]]>                
        
            </description>
            <styleUrl>#368</styleUrl>
            <LineString id="366">
                <coordinates>-77.0406797,38.89278669999997,0.0 -76.99664817839795,38.810462075372,0.0</coordinates>
            </LineString>
        </Placemark>
        <Placemark id="371">
            <name>Gs1 → OtrA</name>
            <description>
                
        
<![CDATA[
          <b>P1:</b> Gs1<br>
          <b>P2:</b> OtrA<br>
          <hr>
          <b>Distance:</b> 9.014 miles<br>
          <hr>
          <u>Path P1 → P2:</u><br>
          <b>Forward Azimuth at P1 (Az12):</b> 93.961°<br>
          <b>Back Azimuth at P2 (BackAz12):</b> 94.066°<br>
          <hr>
          <u>Path P2 → P1:</u><br>
          <b>Forward Azimuth at P2 (Az21):</b> 274.066°<br>
          <b>Back Azimuth at P1 (BackAz21):</b> 273.961°<br>
          <hr>
          <b>Filter Reason(s):</b> Dist multiple:0.3338<br>
          <hr>
          <i>Calculation Method: Ellipsoidal (WGS84)</i>
        ]]>                
        
            </description>
            <styleUrl>#372</styleUrl>
            <LineString id="370">
                <coordinates>-77.11877083238855,38.93539090046842,0.0 -76.95188801292042,38.92624596949343,0.0</coordinates>
            </LineString>
        </Placemark>
        <Placemark id="375">
            <name>Gs1 → H70a</name>
            <description>
                
        
<![CDATA[
          <b>P1:</b> Gs1<br>
          <b>P2:</b> H70a<br>
          <hr>
          <b>Distance:</b> 5.196 miles<br>
          <hr>
          <u>Path P1 → P2:</u><br>
          <b>Forward Azimuth at P1 (Az12):</b> 148.031°<br>
          <b>Back Azimuth at P2 (BackAz12):</b> 148.063°<br>
          <hr>
          <u>Path P2 → P1:</u><br>
          <b>Forward Azimuth at P2 (Az21):</b> 328.063°<br>
          <b>Back Azimuth at P1 (BackAz21):</b> 328.031°<br>
          <hr>
          <b>Filter Reason(s):</b> Dist multiple:1.7321<br>
          <hr>
          <i>Calculation Method: Ellipsoidal (WGS84)</i>
        ]]>                
        
            </description>
            <styleUrl>#376</styleUrl>
            <LineString id="374">
                <coordinates>-77.11877083238855,38.93539090046842,0.0 -77.06775220195667,38.87147694689254,0.0</coordinates>
            </LineString>
        </Placemark>
        <Placemark id="379">
            <name>Gs1 → H51</name>
            <description>
                
        
<![CDATA[
          <b>P1:</b> Gs1<br>
          <b>P2:</b> H51<br>
          <hr>
          <b>Distance:</b> 4.000 miles<br>
          <hr>
          <u>Path P1 → P2:</u><br>
          <b>Forward Azimuth at P1 (Az12):</b> 111.107°<br>
          <b>Back Azimuth at P2 (BackAz12):</b> 111.150°<br>
          <hr>
          <u>Path P2 → P1:</u><br>
          <b>Forward Azimuth at P2 (Az21):</b> 291.150°<br>
          <b>Back Azimuth at P1 (BackAz21):</b> 291.107°<br>
          <hr>
          <b>Filter Reason(s):</b> Dist multiple:4.0000<br>
          <hr>
          <i>Calculation Method: Ellipsoidal (WGS84)</i>
        ]]>                
        
            </description>
            <styleUrl>#380</styleUrl>
            <LineString id="378">
                <coordinates>-77.11877083238855,38.93539090046842,0.0 -77.04953191350309,38.91448986470866,0.0</coordinates>
            </LineString>
        </Placemark>
        <Placemark id="383">
            <name>Gs5 → Chk36</name>
            <description>
                
        
<![CDATA[
          <b>P1:</b> Gs5<br>
          <b>P2:</b> Chk36<br>
          <hr>
          <b>Distance:</b> 1.080 miles<br>
          <hr>
          <u>Path P1 → P2:</u><br>
          <b>Forward Azimuth at P1 (Az12):</b> 297.067°<br>
          <b>Back Azimuth at P2 (BackAz12):</b> 297.056°<br>
          <hr>
          <u>Path P2 → P1:</u><br>
          <b>Forward Azimuth at P2 (Az21):</b> 117.056°<br>
          <b>Back Azimuth at P1 (BackAz21):</b> 117.067°<br>
          <hr>
          <b>Filter Reason(s):</b> Dist multiple:0.5401<br>
          <hr>
          <i>Calculation Method: Ellipsoidal (WGS84)</i>
        ]]>                
        
            </description>
            <styleUrl>#384</styleUrl>
            <LineString id="382">
                <coordinates>-76.97570336712812,38.90446612895163,0.0 -76.99354755099984,38.91158883943301,0.0</coordinates>
            </LineString>
        </Placemark>
        <Placemark id="387">
            <name>Gs5 → H99</name>
            <description>
                
        
<![CDATA[
          <b>P1:</b> Gs5<br>
          <b>P2:</b> H99<br>
          <hr>
          <b>Distance:</b> 1.732 miles<br>
          <hr>
          <u>Path P1 → P2:</u><br>
          <b>Forward Azimuth at P1 (Az12):</b> 231.831°<br>
          <b>Back Azimuth at P2 (BackAz12):</b> 231.815°<br>
          <hr>
          <u>Path P2 → P1:</u><br>
          <b>Forward Azimuth at P2 (Az21):</b> 51.815°<br>
          <b>Back Azimuth at P1 (BackAz21):</b> 51.831°<br>
          <hr>
          <b>Filter Reason(s):</b> Dist multiple:1.7321<br>
          <hr>
          <i>Calculation Method: Ellipsoidal (WGS84)</i>
        ]]>                
        
            </description>
            <styleUrl>#388</styleUrl>
            <LineString id="386">
                <coordinates>-76.97570336712812,38.90446612895163,0.0 -77.00096480083693,38.8889443857454,0.0</coordinates>
            </LineString>
        </Placemark>
        <Placemark id="391">
            <name>Gs6 → PO</name>
            <description>
                
        
<![CDATA[
          <b>P1:</b> Gs6<br>
          <b>P2:</b> PO<br>
          <hr>
          <b>Distance:</b> 0.745 miles<br>
          <hr>
          <u>Path P1 → P2:</u><br>
          <b>Forward Azimuth at P1 (Az12):</b> 221.942°<br>
          <b>Back Azimuth at P2 (BackAz12):</b> 221.936°<br>
          <hr>
          <u>Path P2 → P1:</u><br>
          <b>Forward Azimuth at P2 (Az21):</b> 41.936°<br>
          <b>Back Azimuth at P1 (BackAz21):</b> 41.942°<br>
          <hr>
          <b>Filter Reason(s):</b> Dist factor of:2.2361<br>
          <hr>
          <i>Calculation Method: Ellipsoidal (WGS84)</i>
        ]]>                
        
            </description>
            <styleUrl>#392</styleUrl>
            <LineString id="390">
                <coordinates>-77.11066858924072,38.94253116241286,0.0 -77.1199159,38.93449309999998,0.0</coordinates>
            </LineString>
        </Placemark>
        <Placemark id="395">
            <name>Gs7 → Chk37</name>
            <description>
                
        
<![CDATA[
          <b>P1:</b> Gs7<br>
          <b>P2:</b> Chk37<br>
          <hr>
          <b>Distance:</b> 1.415 miles<br>
          <hr>
          <u>Path P1 → P2:</u><br>
          <b>Forward Azimuth at P1 (Az12):</b> 338.454°<br>
          <b>Back Azimuth at P2 (BackAz12):</b> 338.448°<br>
          <hr>
          <u>Path P2 → P1:</u><br>
          <b>Forward Azimuth at P2 (Az21):</b> 158.448°<br>
          <b>Back Azimuth at P1 (BackAz21):</b> 158.454°<br>
          <hr>
          <b>Filter Reason(s):</b> Dist multiple:1.4142<br>
          <hr>
          <i>Calculation Method: Ellipsoidal (WGS84)</i>
        ]]>                
        
            </description>
            <styleUrl>#396</styleUrl>
            <LineString id="394">
                <coordinates>-77.11677799130699,38.91601482291505,0.0 -77.12641979728585,38.93508740486395,0.0</coordinates>
            </LineString>
        </Placemark>
        <Placemark id="399">
            <name>Gs7 → Chk62</name>
            <description>
                
        
<![CDATA[
          <b>P1:</b> Gs7<br>
          <b>P2:</b> Chk62<br>
          <hr>
          <b>Distance:</b> 5.196 miles<br>
          <hr>
          <u>Path P1 → P2:</u><br>
          <b>Forward Azimuth at P1 (Az12):</b> 98.089°<br>
          <b>Back Azimuth at P2 (BackAz12):</b> 98.149°<br>
          <hr>
          <u>Path P2 → P1:</u><br>
          <b>Forward Azimuth at P2 (Az21):</b> 278.149°<br>
          <b>Back Azimuth at P1 (BackAz21):</b> 278.089°<br>
          <hr>
          <b>Filter Reason(s):</b> Dist multiple:1.7321<br>
          <hr>
          <i>Calculation Method: Ellipsoidal (WGS84)</i>
        ]]>                
        
            </description>
            <styleUrl>#400</styleUrl>
            <LineString id="398">
                <coordinates>-77.11677799130699,38.91601482291505,0.0 -77.02133073015519,38.90537641569407,0.0</coordinates>
            </LineString>
        </Placemark>
        <Placemark id="403">
            <name>Gs8 → Chk11</name>
            <description>
                
        
<![CDATA[
          <b>P1:</b> Gs8<br>
          <b>P2:</b> Chk11<br>
          <hr>
          <b>Distance:</b> 5.000 miles<br>
          <hr>
          <u>Path P1 → P2:</u><br>
          <b>Forward Azimuth at P1 (Az12):</b> 272.600°<br>
          <b>Back Azimuth at P2 (BackAz12):</b> 272.542°<br>
          <hr>
          <u>Path P2 → P1:</u><br>
          <b>Forward Azimuth at P2 (Az21):</b> 92.542°<br>
          <b>Back Azimuth at P1 (BackAz21):</b> 92.600°<br>
          <hr>
          <b>Filter Reason(s):</b> Dist multiple:5.0000<br>
          <hr>
          <i>Calculation Method: Ellipsoidal (WGS84)</i>
        ]]>                
        
            </description>
            <styleUrl>#404</styleUrl>
            <LineString id="402">
                <coordinates>-77.04288644534626,38.89107936946611,0.0 -77.13554467903445,38.89433083867851,0.0</coordinates>
            </LineString>
        </Placemark>
        <Placemark id="407">
            <name>Gs8 → Chk60</name>
            <description>
                
        
<![CDATA[
          <b>P1:</b> Gs8<br>
          <b>P2:</b> Chk60<br>
          <hr>
          <b>Distance:</b> 7.886 miles<br>
          <hr>
          <u>Path P1 → P2:</u><br>
          <b>Forward Azimuth at P1 (Az12):</b> 1.887°<br>
          <b>Back Azimuth at P2 (BackAz12):</b> 1.890°<br>
          <hr>
          <u>Path P2 → P1:</u><br>
          <b>Forward Azimuth at P2 (Az21):</b> 181.890°<br>
          <b>Back Azimuth at P1 (BackAz21):</b> 181.887°<br>
          <hr>
          <b>Filter Reason(s):</b> Dist multiple:1.3143<br>
          <hr>
          <i>Calculation Method: Ellipsoidal (WGS84)</i>
        ]]>                
        
            </description>
            <styleUrl>#408</styleUrl>
            <LineString id="406">
                <coordinates>-77.04288644534626,38.89107936946611,0.0 -77.03806204873727,39.00533947251964,0.0</coordinates>
            </LineString>
        </Placemark>
        <Placemark id="411">
            <name>Gs9 → Chk41</name>
            <description>
                
        
<![CDATA[
          <b>P1:</b> Gs9<br>
          <b>P2:</b> Chk41<br>
          <hr>
          <b>Distance:</b> 9.182 miles<br>
          <hr>
          <u>Path P1 → P2:</u><br>
          <b>Forward Azimuth at P1 (Az12):</b> 25.906°<br>
          <b>Back Azimuth at P2 (BackAz12):</b> 25.953°<br>
          <hr>
          <u>Path P2 → P1:</u><br>
          <b>Forward Azimuth at P2 (Az21):</b> 205.953°<br>
          <b>Back Azimuth at P1 (BackAz21):</b> 205.906°<br>
          <hr>
          <b>Filter Reason(s):</b> Dist multiple:0.5401<br>
          <hr>
          <i>Calculation Method: Ellipsoidal (WGS84)</i>
        ]]>                
        
            </description>
            <styleUrl>#412</styleUrl>
            <LineString id="410">
                <coordinates>-77.03197308076226,38.79290977473043,0.0 -76.9575387987198,38.91261730408393,0.0</coordinates>
            </LineString>
        </Placemark>
        <Placemark id="415">
            <name>H17 → SF02</name>
            <description>
                
        
<![CDATA[
          <b>P1:</b> H17<br>
          <b>P2:</b> SF02<br>
          <hr>
          <b>Distance:</b> 1.669 miles<br>
          <hr>
          <u>Path P1 → P2:</u><br>
          <b>Forward Azimuth at P1 (Az12):</b> 325.630°<br>
          <b>Back Azimuth at P2 (BackAz12):</b> 325.619°<br>
          <hr>
          <u>Path P2 → P1:</u><br>
          <b>Forward Azimuth at P2 (Az21):</b> 145.619°<br>
          <b>Back Azimuth at P1 (BackAz21):</b> 145.630°<br>
          <hr>
          <b>Filter Reason(s):</b> Dist multiple:0.3338<br>
          <hr>
          <i>Calculation Method: Ellipsoidal (WGS84)</i>
        ]]>                
        
            </description>
            <styleUrl>#416</styleUrl>
            <LineString id="414">
                <coordinates>-77.07263105649967,38.88120136333437,0.0 -77.0901139945135,38.90117456916591,0.0</coordinates>
            </LineString>
        </Placemark>
        <Placemark id="419">
            <name>H29 → SF06</name>
            <description>
                
        
<![CDATA[
          <b>P1:</b> H29<br>
          <b>P2:</b> SF06<br>
          <hr>
          <b>Distance:</b> 5.676 miles<br>
          <hr>
          <u>Path P1 → P2:</u><br>
          <b>Forward Azimuth at P1 (Az12):</b> 338.406°<br>
          <b>Back Azimuth at P2 (BackAz12):</b> 338.381°<br>
          <hr>
          <u>Path P2 → P1:</u><br>
          <b>Forward Azimuth at P2 (Az21):</b> 158.381°<br>
          <b>Back Azimuth at P1 (BackAz21):</b> 158.406°<br>
          <hr>
          <b>Filter Reason(s):</b> Dist multiple:0.3338<br>
          <hr>
          <i>Calculation Method: Ellipsoidal (WGS84)</i>
        ]]>                
        
            </description>
            <styleUrl>#420</styleUrl>
            <LineString id="418">
                <coordinates>-77.12474875900264,38.91226863882422,0.0 -77.16354886186852,38.98876568157223,0.0</coordinates>
            </LineString>
        </Placemark>
        <Placemark id="423">
            <name>H32 → H56</name>
            <description>
                
        
<![CDATA[
          <b>P1:</b> H32<br>
          <b>P2:</b> H56<br>
          <hr>
          <b>Distance:</b> 1.669 miles<br>
          <hr>
          <u>Path P1 → P2:</u><br>
          <b>Forward Azimuth at P1 (Az12):</b> 108.159°<br>
          <b>Back Azimuth at P2 (BackAz12):</b> 108.177°<br>
          <hr>
          <u>Path P2 → P1:</u><br>
          <b>Forward Azimuth at P2 (Az21):</b> 288.177°<br>
          <b>Back Azimuth at P1 (BackAz21):</b> 288.159°<br>
          <hr>
          <b>Filter Reason(s):</b> Dist multiple:0.3338<br>
          <hr>
          <i>Calculation Method: Ellipsoidal (WGS84)</i>
        ]]>                
        
            </description>
            <styleUrl>#424</styleUrl>
            <LineString id="422">
                <coordinates>-77.09063005508365,38.9243596243616,0.0 -77.06120140091524,38.91681538320637,0.0</coordinates>
            </LineString>
        </Placemark>
        <Placemark id="427">
            <name>H33 → H37</name>
            <description>
                
        
<![CDATA[
          <b>P1:</b> H33<br>
          <b>P2:</b> H37<br>
          <hr>
          <b>Distance:</b> 1.669 miles<br>
          <hr>
          <u>Path P1 → P2:</u><br>
          <b>Forward Azimuth at P1 (Az12):</b> 178.590°<br>
          <b>Back Azimuth at P2 (BackAz12):</b> 178.590°<br>
          <hr>
          <u>Path P2 → P1:</u><br>
          <b>Forward Azimuth at P2 (Az21):</b> 358.590°<br>
          <b>Back Azimuth at P1 (BackAz21):</b> 358.590°<br>
          <hr>
          <b>Filter Reason(s):</b> Dist multiple:0.3338<br>
          <hr>
          <i>Calculation Method: Ellipsoidal (WGS84)</i>
        ]]>                
        
            </description>
            <styleUrl>#428</styleUrl>
            <LineString id="426">
                <coordinates>-77.11324805943606,38.92053966660955,0.0 -77.11248589188622,38.89634739382956,0.0</coordinates>
            </LineString>
        </Placemark>
        <Placemark id="431">
            <name>H35 → H47</name>
            <description>
                
        
<![CDATA[
          <b>P1:</b> H35<br>
          <b>P2:</b> H47<br>
          <hr>
          <b>Distance:</b> 3.943 miles<br>
          <hr>
          <u>Path P1 → P2:</u><br>
          <b>Forward Azimuth at P1 (Az12):</b> 71.883°<br>
          <b>Back Azimuth at P2 (BackAz12):</b> 71.927°<br>
          <hr>
          <u>Path P2 → P1:</u><br>
          <b>Forward Azimuth at P2 (Az21):</b> 251.927°<br>
          <b>Back Azimuth at P1 (BackAz21):</b> 251.883°<br>
          <hr>
          <b>Filter Reason(s):</b> Dist multiple:1.3143<br>
          <hr>
          <i>Calculation Method: Ellipsoidal (WGS84)</i>
        ]]>                
        
            </description>
            <styleUrl>#432</styleUrl>
            <LineString id="430">
                <coordinates>-77.07975099520537,38.92066077312896,0.0 -77.01018660152103,38.93841562644008,0.0</coordinates>
            </LineString>
        </Placemark>
        <Placemark id="435">
            <name>H42 → SF01</name>
            <description>
                
        
<![CDATA[
          <b>P1:</b> H42<br>
          <b>P2:</b> SF01<br>
          <hr>
          <b>Distance:</b> 6.481 miles<br>
          <hr>
          <u>Path P1 → P2:</u><br>
          <b>Forward Azimuth at P1 (Az12):</b> 323.691°<br>
          <b>Back Azimuth at P2 (BackAz12):</b> 323.646°<br>
          <hr>
          <u>Path P2 → P1:</u><br>
          <b>Forward Azimuth at P2 (Az21):</b> 143.646°<br>
          <b>Back Azimuth at P1 (BackAz21):</b> 143.691°<br>
          <hr>
          <b>Filter Reason(s):</b> Dist multiple:0.5401<br>
          <hr>
          <i>Calculation Method: Ellipsoidal (WGS84)</i>
        ]]>                
        
            </description>
            <styleUrl>#436</styleUrl>
            <LineString id="434">
                <coordinates>-77.01466103512618,38.82554707680318,0.0 -77.08586335465753,38.90124200833564,0.0</coordinates>
            </LineString>
        </Placemark>
        <Placemark id="439">
            <name>H42 → Pk01</name>
            <description>
                
        
<![CDATA[
          <b>P1:</b> H42<br>
          <b>P2:</b> Pk01<br>
          <hr>
          <b>Distance:</b> 36.374 miles<br>
          <hr>
          <u>Path P1 → P2:</u><br>
          <b>Forward Azimuth at P1 (Az12):</b> 326.066°<br>
          <b>Back Azimuth at P2 (BackAz12):</b> 325.827°<br>
          <hr>
          <u>Path P2 → P1:</u><br>
          <b>Forward Azimuth at P2 (Az21):</b> 145.827°<br>
          <b>Back Azimuth at P1 (BackAz21):</b> 146.066°<br>
          <hr>
          <b>Filter Reason(s):</b> Dist multiple:1.7321<br>
          <hr>
          <i>Calculation Method: Ellipsoidal (WGS84)</i>
        ]]>                
        
            </description>
            <styleUrl>#440</styleUrl>
            <LineString id="438">
                <coordinates>-77.01466103512618,38.82554707680318,0.0 -77.39330127153266,39.26242301794514,0.0</coordinates>
            </LineString>
        </Placemark>
        <Placemark id="443">
            <name>H44 → H17</name>
            <description>
                
        
<![CDATA[
          <b>P1:</b> H44<br>
          <b>P2:</b> H17<br>
          <hr>
          <b>Distance:</b> 2.618 miles<br>
          <hr>
          <u>Path P1 → P2:</u><br>
          <b>Forward Azimuth at P1 (Az12):</b> 125.076°<br>
          <b>Back Azimuth at P2 (BackAz12):</b> 125.101°<br>
          <hr>
          <u>Path P2 → P1:</u><br>
          <b>Forward Azimuth at P2 (Az21):</b> 305.101°<br>
          <b>Back Azimuth at P1 (BackAz21):</b> 305.076°<br>
          <hr>
          <b>Filter Reason(s):</b> Dist factor of:2.6180, Dist multiple:2.6180<br>
          <hr>
          <i>Calculation Method: Ellipsoidal (WGS84)</i>
        ]]>                
        
            </description>
            <styleUrl>#444</styleUrl>
            <LineString id="442">
                <coordinates>-77.1123682030325,38.90301800526387,0.0 -77.07263105649967,38.88120136333437,0.0</coordinates>
            </LineString>
        </Placemark>
        <Placemark id="447">
            <name>H50 → SF01</name>
            <description>
                
        
<![CDATA[
          <b>P1:</b> H50<br>
          <b>P2:</b> SF01<br>
          <hr>
          <b>Distance:</b> 4.674 miles<br>
          <hr>
          <u>Path P1 → P2:</u><br>
          <b>Forward Azimuth at P1 (Az12):</b> 203.739°<br>
          <b>Back Azimuth at P2 (BackAz12):</b> 203.717°<br>
          <hr>
          <u>Path P2 → P1:</u><br>
          <b>Forward Azimuth at P2 (Az21):</b> 23.717°<br>
          <b>Back Azimuth at P1 (BackAz21):</b> 23.739°<br>
          <hr>
          <b>Filter Reason(s):</b> Dist multiple:0.3338<br>
          <hr>
          <i>Calculation Method: Ellipsoidal (WGS84)</i>
        ]]>                
        
            </description>
            <styleUrl>#448</styleUrl>
            <LineString id="446">
                <coordinates>-77.05095505059923,38.96327236063456,0.0 -77.08586335465753,38.90124200833564,0.0</coordinates>
            </LineString>
        </Placemark>
        <Placemark id="451">
            <name>H67 → SF01</name>
            <description>
                
        
<![CDATA[
          <b>P1:</b> H67<br>
          <b>P2:</b> SF01<br>
          <hr>
          <b>Distance:</b> 1.002 miles<br>
          <hr>
          <u>Path P1 → P2:</u><br>
          <b>Forward Azimuth at P1 (Az12):</b> 169.540°<br>
          <b>Back Azimuth at P2 (BackAz12):</b> 169.543°<br>
          <hr>
          <u>Path P2 → P1:</u><br>
          <b>Forward Azimuth at P2 (Az21):</b> 349.543°<br>
          <b>Back Azimuth at P1 (BackAz21):</b> 349.540°<br>
          <hr>
          <b>Filter Reason(s):</b> Dist multiple:0.3338<br>
          <hr>
          <i>Calculation Method: Ellipsoidal (WGS84)</i>
        ]]>                
        
            </description>
            <styleUrl>#452</styleUrl>
            <LineString id="450">
                <coordinates>-77.08923640277803,38.91551942120227,0.0 -77.08586335465753,38.90124200833564,0.0</coordinates>
            </LineString>
        </Placemark>
        <Placemark id="455">
            <name>H70b → H40</name>
            <description>
                
        
<![CDATA[
          <b>P1:</b> H70b<br>
          <b>P2:</b> H40<br>
          <hr>
          <b>Distance:</b> 9.708 miles<br>
          <hr>
          <u>Path P1 → P2:</u><br>
          <b>Forward Azimuth at P1 (Az12):</b> 266.472°<br>
          <b>Back Azimuth at P2 (BackAz12):</b> 266.359°<br>
          <hr>
          <u>Path P2 → P1:</u><br>
          <b>Forward Azimuth at P2 (Az21):</b> 86.359°<br>
          <b>Back Azimuth at P1 (BackAz21):</b> 86.472°<br>
          <hr>
          <b>Filter Reason(s):</b> Dist multiple:1.6180<br>
          <hr>
          <i>Calculation Method: Ellipsoidal (WGS84)</i>
        ]]>                
        
            </description>
            <styleUrl>#456</styleUrl>
            <LineString id="454">
                <coordinates>-76.97878782846644,38.91008217241069,0.0 -77.15854915633481,38.90128237275844,0.0</coordinates>
            </LineString>
        </Placemark>
        <Placemark id="459">
            <name>H71 → H44</name>
            <description>
                
        
<![CDATA[
          <b>P1:</b> H71<br>
          <b>P2:</b> H44<br>
          <hr>
          <b>Distance:</b> 5.676 miles<br>
          <hr>
          <u>Path P1 → P2:</u><br>
          <b>Forward Azimuth at P1 (Az12):</b> 279.265°<br>
          <b>Back Azimuth at P2 (BackAz12):</b> 279.200°<br>
          <hr>
          <u>Path P2 → P1:</u><br>
          <b>Forward Azimuth at P2 (Az21):</b> 99.200°<br>
          <b>Back Azimuth at P1 (BackAz21):</b> 99.265°<br>
          <hr>
          <b>Filter Reason(s):</b> Dist multiple:0.3338<br>
          <hr>
          <i>Calculation Method: Ellipsoidal (WGS84)</i>
        ]]>                
        
            </description>
            <styleUrl>#460</styleUrl>
            <LineString id="458">
                <coordinates>-77.00844224089784,38.88981684871572,0.0 -77.1123682030325,38.90301800526387,0.0</coordinates>
            </LineString>
        </Placemark>
        <Placemark id="463">
            <name>H99 → SF03</name>
            <description>
                
        
<![CDATA[
          <b>P1:</b> H99<br>
          <b>P2:</b> SF03<br>
          <hr>
          <b>Distance:</b> 8.102 miles<br>
          <hr>
          <u>Path P1 → P2:</u><br>
          <b>Forward Azimuth at P1 (Az12):</b> 168.931°<br>
          <b>Back Azimuth at P2 (BackAz12):</b> 168.949°<br>
          <hr>
          <u>Path P2 → P1:</u><br>
          <b>Forward Azimuth at P2 (Az21):</b> 348.949°<br>
          <b>Back Azimuth at P1 (BackAz21):</b> 348.931°<br>
          <hr>
          <b>Filter Reason(s):</b> Dist multiple:0.5401<br>
          <hr>
          <i>Calculation Method: Ellipsoidal (WGS84)</i>
        ]]>                
        
            </description>
            <styleUrl>#464</styleUrl>
            <LineString id="462">
                <coordinates>-77.00096480083693,38.8889443857454,0.0 -76.97215841432278,38.77367519361357,0.0</coordinates>
            </LineString>
        </Placemark>
        <Placemark id="467">
            <name>HighWb → Chk08</name>
            <description>
                
        
<![CDATA[
          <b>P1:</b> HighWb<br>
          <b>P2:</b> Chk08<br>
          <hr>
          <b>Distance:</b> 3.464 miles<br>
          <hr>
          <u>Path P1 → P2:</u><br>
          <b>Forward Azimuth at P1 (Az12):</b> 349.974°<br>
          <b>Back Azimuth at P2 (BackAz12):</b> 349.967°<br>
          <hr>
          <u>Path P2 → P1:</u><br>
          <b>Forward Azimuth at P2 (Az21):</b> 169.967°<br>
          <b>Back Azimuth at P1 (BackAz21):</b> 169.974°<br>
          <hr>
          <b>Filter Reason(s):</b> Dist multiple:1.7321, Dist multiple:3.4641<br>
          <hr>
          <i>Calculation Method: Ellipsoidal (WGS84)</i>
        ]]>                
        
            </description>
            <styleUrl>#468</styleUrl>
            <LineString id="466">
                <coordinates>-77.06728222257168,38.80859367009808,0.0 -77.07846439947777,38.8580454440363,0.0</coordinates>
            </LineString>
        </Placemark>
        <Placemark id="471">
            <name>HighWb → H32</name>
            <description>
                
        
<![CDATA[
          <b>P1:</b> HighWb<br>
          <b>P2:</b> H32<br>
          <hr>
          <b>Distance:</b> 8.084 miles<br>
          <hr>
          <u>Path P1 → P2:</u><br>
          <b>Forward Azimuth at P1 (Az12):</b> 351.047°<br>
          <b>Back Azimuth at P2 (BackAz12):</b> 351.032°<br>
          <hr>
          <u>Path P2 → P1:</u><br>
          <b>Forward Azimuth at P2 (Az21):</b> 171.032°<br>
          <b>Back Azimuth at P1 (BackAz21):</b> 171.047°<br>
          <hr>
          <b>Filter Reason(s):</b> Dist multiple:0.4755<br>
          <hr>
          <i>Calculation Method: Ellipsoidal (WGS84)</i>
        ]]>                
        
            </description>
            <styleUrl>#472</styleUrl>
            <LineString id="470">
                <coordinates>-77.06728222257168,38.80859367009808,0.0 -77.09063005508365,38.9243596243616,0.0</coordinates>
            </LineString>
        </Placemark>
        <Placemark id="475">
            <name>Hk → Gs7</name>
            <description>
                
        
<![CDATA[
          <b>P1:</b> Hk<br>
          <b>P2:</b> Gs7<br>
          <hr>
          <b>Distance:</b> 3.805 miles<br>
          <hr>
          <u>Path P1 → P2:</u><br>
          <b>Forward Azimuth at P1 (Az12):</b> 292.264°<br>
          <b>Back Azimuth at P2 (BackAz12):</b> 292.223°<br>
          <hr>
          <u>Path P2 → P1:</u><br>
          <b>Forward Azimuth at P2 (Az21):</b> 112.223°<br>
          <b>Back Azimuth at P1 (BackAz21):</b> 112.264°<br>
          <hr>
          <b>Filter Reason(s):</b> Dist multiple:0.4755<br>
          <hr>
          <i>Calculation Method: Ellipsoidal (WGS84)</i>
        ]]>                
        
            </description>
            <styleUrl>#476</styleUrl>
            <LineString id="474">
                <coordinates>-77.051444,38.8951366,0.0 -77.11677799130699,38.91601482291505,0.0</coordinates>
            </LineString>
        </Placemark>
        <Placemark id="479">
            <name>Hk → Chk31</name>
            <description>
                
        
<![CDATA[
          <b>P1:</b> Hk<br>
          <b>P2:</b> Chk31<br>
          <hr>
          <b>Distance:</b> 4.472 miles<br>
          <hr>
          <u>Path P1 → P2:</u><br>
          <b>Forward Azimuth at P1 (Az12):</b> 220.088°<br>
          <b>Back Azimuth at P2 (BackAz12):</b> 220.054°<br>
          <hr>
          <u>Path P2 → P1:</u><br>
          <b>Forward Azimuth at P2 (Az21):</b> 40.054°<br>
          <b>Back Azimuth at P1 (BackAz21):</b> 40.088°<br>
          <hr>
          <b>Filter Reason(s):</b> Dist multiple:2.2361<br>
          <hr>
          <i>Calculation Method: Ellipsoidal (WGS84)</i>
        ]]>                
        
            </description>
            <styleUrl>#480</styleUrl>
            <LineString id="478">
                <coordinates>-77.051444,38.8951366,0.0 -77.10483209910393,38.84552270708302,0.0</coordinates>
            </LineString>
        </Placemark>
        <Placemark id="483">
            <name>Hk → H44</name>
            <description>
                
        
<![CDATA[
          <b>P1:</b> Hk<br>
          <b>P2:</b> H44<br>
          <hr>
          <b>Distance:</b> 3.329 miles<br>
          <hr>
          <u>Path P1 → P2:</u><br>
          <b>Forward Azimuth at P1 (Az12):</b> 279.419°<br>
          <b>Back Azimuth at P2 (BackAz12):</b> 279.381°<br>
          <hr>
          <u>Path P2 → P1:</u><br>
          <b>Forward Azimuth at P2 (Az21):</b> 99.381°<br>
          <b>Back Azimuth at P1 (BackAz21):</b> 99.419°<br>
          <hr>
          <b>Filter Reason(s):</b> Dist multiple:0.4755<br>
          <hr>
          <i>Calculation Method: Ellipsoidal (WGS84)</i>
        ]]>                
        
            </description>
            <styleUrl>#484</styleUrl>
            <LineString id="482">
                <coordinates>-77.051444,38.8951366,0.0 -77.1123682030325,38.90301800526387,0.0</coordinates>
            </LineString>
        </Placemark>
        <Placemark id="487">
            <name>I010 → I069</name>
            <description>
                
        
<![CDATA[
          <b>P1:</b> I010<br>
          <b>P2:</b> I069<br>
          <hr>
          <b>Distance:</b> 1.621 miles<br>
          <hr>
          <u>Path P1 → P2:</u><br>
          <b>Forward Azimuth at P1 (Az12):</b> 94.539°<br>
          <b>Back Azimuth at P2 (BackAz12):</b> 94.558°<br>
          <hr>
          <u>Path P2 → P1:</u><br>
          <b>Forward Azimuth at P2 (Az21):</b> 274.558°<br>
          <b>Back Azimuth at P1 (BackAz21):</b> 274.539°<br>
          <hr>
          <b>Filter Reason(s):</b> Dist multiple:0.5401<br>
          <hr>
          <i>Calculation Method: Ellipsoidal (WGS84)</i>
        ]]>                
        
            </description>
            <styleUrl>#488</styleUrl>
            <LineString id="486">
                <coordinates>-77.03657097283033,38.89828563763562,0.0 -77.00659984972448,38.89642237002393,0.0</coordinates>
            </LineString>
        </Placemark>
        <Placemark id="491">
            <name>I010 → Chk44</name>
            <description>
                
        
<![CDATA[
          <b>P1:</b> I010<br>
          <b>P2:</b> Chk44<br>
          <hr>
          <b>Distance:</b> 0.866 miles<br>
          <hr>
          <u>Path P1 → P2:</u><br>
          <b>Forward Azimuth at P1 (Az12):</b> 334.653°<br>
          <b>Back Azimuth at P2 (BackAz12):</b> 334.648°<br>
          <hr>
          <u>Path P2 → P1:</u><br>
          <b>Forward Azimuth at P2 (Az21):</b> 154.648°<br>
          <b>Back Azimuth at P1 (BackAz21):</b> 154.653°<br>
          <hr>
          <b>Filter Reason(s):</b> Dist factor of:1.7321<br>
          <hr>
          <i>Calculation Method: Ellipsoidal (WGS84)</i>
        ]]>                
        
            </description>
            <styleUrl>#492</styleUrl>
            <LineString id="490">
                <coordinates>-77.03657097283033,38.89828563763562,0.0 -77.04345033773585,38.9096320124952,0.0</coordinates>
            </LineString>
        </Placemark>
        <Placemark id="495">
            <name>I010 → H67</name>
            <description>
                
        
<![CDATA[
          <b>P1:</b> I010<br>
          <b>P2:</b> H67<br>
          <hr>
          <b>Distance:</b> 3.077 miles<br>
          <hr>
          <u>Path P1 → P2:</u><br>
          <b>Forward Azimuth at P1 (Az12):</b> 292.741°<br>
          <b>Back Azimuth at P2 (BackAz12):</b> 292.708°<br>
          <hr>
          <u>Path P2 → P1:</u><br>
          <b>Forward Azimuth at P2 (Az21):</b> 112.708°<br>
          <b>Back Azimuth at P1 (BackAz21):</b> 112.741°<br>
          <hr>
          <b>Filter Reason(s):</b> Dist multiple:1.5388<br>
          <hr>
          <i>Calculation Method: Ellipsoidal (WGS84)</i>
        ]]>                
        
            </description>
            <styleUrl>#496</styleUrl>
            <LineString id="494">
                <coordinates>-77.03657097283033,38.89828563763562,0.0 -77.08923640277803,38.91551942120227,0.0</coordinates>
            </LineString>
        </Placemark>
        <Placemark id="499">
            <name>I014 → H77</name>
            <description>
                
        
<![CDATA[
          <b>P1:</b> I014<br>
          <b>P2:</b> H77<br>
          <hr>
          <b>Distance:</b> 0.668 miles<br>
          <hr>
          <u>Path P1 → P2:</u><br>
          <b>Forward Azimuth at P1 (Az12):</b> 207.160°<br>
          <b>Back Azimuth at P2 (BackAz12):</b> 207.156°<br>
          <hr>
          <u>Path P2 → P1:</u><br>
          <b>Forward Azimuth at P2 (Az21):</b> 27.156°<br>
          <b>Back Azimuth at P1 (BackAz21):</b> 27.160°<br>
          <hr>
          <b>Filter Reason(s):</b> Dist multiple:0.3338<br>
          <hr>
          <i>Calculation Method: Ellipsoidal (WGS84)</i>
        ]]>                
        
            </description>
            <styleUrl>#500</styleUrl>
            <LineString id="498">
                <coordinates>-77.03197530601018,38.90564871624386,0.0 -77.03762786655247,38.89703882730361,0.0</coordinates>
            </LineString>
        </Placemark>
        <Placemark id="503">
            <name>J → Sb</name>
            <description>
                
        
<![CDATA[
          <b>P1:</b> J<br>
          <b>P2:</b> Sb<br>
          <hr>
          <b>Distance:</b> 6.864 miles<br>
          <hr>
          <u>Path P1 → P2:</u><br>
          <b>Forward Azimuth at P1 (Az12):</b> 181.810°<br>
          <b>Back Azimuth at P2 (BackAz12):</b> 181.808°<br>
          <hr>
          <u>Path P2 → P1:</u><br>
          <b>Forward Azimuth at P2 (Az21):</b> 1.808°<br>
          <b>Back Azimuth at P1 (BackAz21):</b> 1.810°<br>
          <hr>
          <b>Filter Reason(s):</b> Dist multiple:2.2882<br>
          <hr>
          <i>Calculation Method: Ellipsoidal (WGS84)</i>
        ]]>                
        
            </description>
            <styleUrl>#504</styleUrl>
            <LineString id="502">
                <coordinates>-77.03656908080315,38.889801,0.0 -77.04058603,38.79033915000001,0.0</coordinates>
            </LineString>
        </Placemark>
        <Placemark id="507">
            <name>J → Gs3</name>
            <description>
                
        
<![CDATA[
          <b>P1:</b> J<br>
          <b>P2:</b> Gs3<br>
          <hr>
          <b>Distance:</b> 2.618 miles<br>
          <hr>
          <u>Path P1 → P2:</u><br>
          <b>Forward Azimuth at P1 (Az12):</b> 22.466°<br>
          <b>Back Azimuth at P2 (BackAz12):</b> 22.478°<br>
          <hr>
          <u>Path P2 → P1:</u><br>
          <b>Forward Azimuth at P2 (Az21):</b> 202.478°<br>
          <b>Back Azimuth at P1 (BackAz21):</b> 202.466°<br>
          <hr>
          <b>Filter Reason(s):</b> Dist factor of:2.6180, Dist multiple:2.6180<br>
          <hr>
          <i>Calculation Method: Ellipsoidal (WGS84)</i>
        ]]>                
        
            </description>
            <styleUrl>#508</styleUrl>
            <LineString id="506">
                <coordinates>-77.03656908080315,38.889801,0.0 -77.0180027100891,38.92487183560202,0.0</coordinates>
            </LineString>
        </Placemark>
        <Placemark id="511">
            <name>J → Gs6</name>
            <description>
                
        
<![CDATA[
          <b>P1:</b> J<br>
          <b>P2:</b> Gs6<br>
          <hr>
          <b>Distance:</b> 5.402 miles<br>
          <hr>
          <u>Path P1 → P2:</u><br>
          <b>Forward Azimuth at P1 (Az12):</b> 312.353°<br>
          <b>Back Azimuth at P2 (BackAz12):</b> 312.306°<br>
          <hr>
          <u>Path P2 → P1:</u><br>
          <b>Forward Azimuth at P2 (Az21):</b> 132.306°<br>
          <b>Back Azimuth at P1 (BackAz21):</b> 132.353°<br>
          <hr>
          <b>Filter Reason(s):</b> Dist multiple:0.5401<br>
          <hr>
          <i>Calculation Method: Ellipsoidal (WGS84)</i>
        ]]>                
        
            </description>
            <styleUrl>#512</styleUrl>
            <LineString id="510">
                <coordinates>-77.03656908080315,38.889801,0.0 -77.11066858924072,38.94253116241286,0.0</coordinates>
            </LineString>
        </Placemark>
        <Placemark id="515">
            <name>J → RCrkA</name>
            <description>
                
        
<![CDATA[
          <b>P1:</b> J<br>
          <b>P2:</b> RCrkA<br>
          <hr>
          <b>Distance:</b> 1.315 miles<br>
          <hr>
          <u>Path P1 → P2:</u><br>
          <b>Forward Azimuth at P1 (Az12):</b> 300.632°<br>
          <b>Back Azimuth at P2 (BackAz12):</b> 300.619°<br>
          <hr>
          <u>Path P2 → P1:</u><br>
          <b>Forward Azimuth at P2 (Az21):</b> 120.619°<br>
          <b>Back Azimuth at P1 (BackAz21):</b> 120.632°<br>
          <hr>
          <b>Filter Reason(s):</b> Dist multiple:1.3143<br>
          <hr>
          <i>Calculation Method: Ellipsoidal (WGS84)</i>
        ]]>                
        
            </description>
            <styleUrl>#516</styleUrl>
            <LineString id="514">
                <coordinates>-77.03656908080315,38.889801,0.0 -77.05755337263248,38.89950909563222,0.0</coordinates>
            </LineString>
        </Placemark>
        <Placemark id="519">
            <name>J → POOthr2c</name>
            <description>
                
        
<![CDATA[
          <b>P1:</b> J<br>
          <b>P2:</b> POOthr2c<br>
          <hr>
          <b>Distance:</b> 2.622 miles<br>
          <hr>
          <u>Path P1 → P2:</u><br>
          <b>Forward Azimuth at P1 (Az12):</b> 292.072°<br>
          <b>Back Azimuth at P2 (BackAz12):</b> 292.043°<br>
          <hr>
          <u>Path P2 → P1:</u><br>
          <b>Forward Azimuth at P2 (Az21):</b> 112.043°<br>
          <b>Back Azimuth at P1 (BackAz21):</b> 112.072°<br>
          <hr>
          <b>Filter Reason(s):</b> Dist multiple:0.8740<br>
          <hr>
          <i>Calculation Method: Ellipsoidal (WGS84)</i>
        ]]>                
        
            </description>
            <styleUrl>#520</styleUrl>
            <LineString id="518">
                <coordinates>-77.03656908080315,38.889801,0.0 -77.08165575743644,38.9040771959102,0.0</coordinates>
            </LineString>
        </Placemark>
        <Placemark id="523">
            <name>J → H56</name>
            <description>
                
        
<![CDATA[
          <b>P1:</b> J<br>
          <b>P2:</b> H56<br>
          <hr>
          <b>Distance:</b> 2.288 miles<br>
          <hr>
          <u>Path P1 → P2:</u><br>
          <b>Forward Azimuth at P1 (Az12):</b> 324.539°<br>
          <b>Back Azimuth at P2 (BackAz12):</b> 324.523°<br>
          <hr>
          <u>Path P2 → P1:</u><br>
          <b>Forward Azimuth at P2 (Az21):</b> 144.523°<br>
          <b>Back Azimuth at P1 (BackAz21):</b> 144.539°<br>
          <hr>
          <b>Filter Reason(s):</b> Dist factor of:2.2882, Dist multiple:2.2882<br>
          <hr>
          <i>Calculation Method: Ellipsoidal (WGS84)</i>
        ]]>                
        
            </description>
            <styleUrl>#524</styleUrl>
            <LineString id="522">
                <coordinates>-77.03656908080315,38.889801,0.0 -77.06120140091524,38.91681538320637,0.0</coordinates>
            </LineString>
        </Placemark>
        <Placemark id="527">
            <name>K → Hk</name>
            <description>
                
        
<![CDATA[
          <b>P1:</b> K<br>
          <b>P2:</b> Hk<br>
          <hr>
          <b>Distance:</b> 0.164 miles<br>
          <hr>
          <u>Path P1 → P2:</u><br>
          <b>Forward Azimuth at P1 (Az12):</b> 359.831°<br>
          <b>Back Azimuth at P2 (BackAz12):</b> 359.831°<br>
          <hr>
          <u>Path P2 → P1:</u><br>
          <b>Forward Azimuth at P2 (Az21):</b> 179.831°<br>
          <b>Back Azimuth at P1 (BackAz21):</b> 179.831°<br>
          <hr>
          <b>Filter Reason(s):</b> Dist factor of:1.3143<br>
          <hr>
          <i>Calculation Method: Ellipsoidal (WGS84)</i>
        ]]>                
        
            </description>
            <styleUrl>#528</styleUrl>
            <LineString id="526">
                <coordinates>-77.051435,38.892755,0.0 -77.051444,38.8951366,0.0</coordinates>
            </LineString>
        </Placemark>
        <Placemark id="531">
            <name>K → HighWc</name>
            <description>
                
        
<![CDATA[
          <b>P1:</b> K<br>
          <b>P2:</b> HighWc<br>
          <hr>
          <b>Distance:</b> 5.991 miles<br>
          <hr>
          <u>Path P1 → P2:</u><br>
          <b>Forward Azimuth at P1 (Az12):</b> 188.314°<br>
          <b>Back Azimuth at P2 (BackAz12):</b> 188.303°<br>
          <hr>
          <u>Path P2 → P1:</u><br>
          <b>Forward Azimuth at P2 (Az21):</b> 8.303°<br>
          <b>Back Azimuth at P1 (BackAz21):</b> 8.314°<br>
          <hr>
          <b>Filter Reason(s):</b> Dist multiple:5.9907<br>
          <hr>
          <i>Calculation Method: Ellipsoidal (WGS84)</i>
        ]]>                
        
            </description>
            <styleUrl>#532</styleUrl>
            <LineString id="530">
                <coordinates>-77.051435,38.892755,0.0 -77.06748402979503,38.80681739491956,0.0</coordinates>
            </LineString>
        </Placemark>
        <Placemark id="535">
            <name>K → B</name>
            <description>
                
        
<![CDATA[
          <b>P1:</b> K<br>
          <b>P2:</b> B<br>
          <hr>
          <b>Distance:</b> 2.288 miles<br>
          <hr>
          <u>Path P1 → P2:</u><br>
          <b>Forward Azimuth at P1 (Az12):</b> 90.000°<br>
          <b>Back Azimuth at P2 (BackAz12):</b> 90.027°<br>
          <hr>
          <u>Path P2 → P1:</u><br>
          <b>Forward Azimuth at P2 (Az21):</b> 270.027°<br>
          <b>Back Azimuth at P1 (BackAz21):</b> 270.000°<br>
          <hr>
          <b>Filter Reason(s):</b> Dist factor of:2.2882, Dist multiple:2.2882<br>
          <hr>
          <i>Calculation Method: Ellipsoidal (WGS84)</i>
        ]]>                
        
            </description>
            <styleUrl>#536</styleUrl>
            <LineString id="534">
                <coordinates>-77.051435,38.892755,0.0 -77.008989,38.892747285,0.0</coordinates>
            </LineString>
        </Placemark>
        <Placemark id="539">
            <name>K → H98</name>
            <description>
                
        
<![CDATA[
          <b>P1:</b> K<br>
          <b>P2:</b> H98<br>
          <hr>
          <b>Distance:</b> 3.672 miles<br>
          <hr>
          <u>Path P1 → P2:</u><br>
          <b>Forward Azimuth at P1 (Az12):</b> 10.652°<br>
          <b>Back Azimuth at P2 (BackAz12):</b> 10.660°<br>
          <hr>
          <u>Path P2 → P1:</u><br>
          <b>Forward Azimuth at P2 (Az21):</b> 190.660°<br>
          <b>Back Azimuth at P1 (BackAz21):</b> 190.652°<br>
          <hr>
          <b>Filter Reason(s):</b> Dist multiple:0.3338<br>
          <hr>
          <i>Calculation Method: Ellipsoidal (WGS84)</i>
        ]]>                
        
            </description>
            <styleUrl>#540</styleUrl>
            <LineString id="538">
                <coordinates>-77.051435,38.892755,0.0 -77.0388345966892,38.9450714821746,0.0</coordinates>
            </LineString>
        </Placemark>
        <Placemark id="543">
            <name>KS → Chk48</name>
            <description>
                
        
<![CDATA[
          <b>P1:</b> KS<br>
          <b>P2:</b> Chk48<br>
          <hr>
          <b>Distance:</b> 8.102 miles<br>
          <hr>
          <u>Path P1 → P2:</u><br>
          <b>Forward Azimuth at P1 (Az12):</b> 5.695°<br>
          <b>Back Azimuth at P2 (BackAz12):</b> 5.705°<br>
          <hr>
          <u>Path P2 → P1:</u><br>
          <b>Forward Azimuth at P2 (Az21):</b> 185.705°<br>
          <b>Back Azimuth at P1 (BackAz21):</b> 185.695°<br>
          <hr>
          <b>Filter Reason(s):</b> Dist multiple:0.5401<br>
          <hr>
          <i>Calculation Method: Ellipsoidal (WGS84)</i>
        ]]>                
        
            </description>
            <styleUrl>#544</styleUrl>
            <LineString id="542">
                <coordinates>-77.051444,38.790339,0.0 -77.0365266731042,38.90721119681356,0.0</coordinates>
            </LineString>
        </Placemark>
        <Placemark id="547">
            <name>KS → H23</name>
            <description>
                
        
<![CDATA[
          <b>P1:</b> KS<br>
          <b>P2:</b> H23<br>
          <hr>
          <b>Distance:</b> 10.462 miles<br>
          <hr>
          <u>Path P1 → P2:</u><br>
          <b>Forward Azimuth at P1 (Az12):</b> 349.047°<br>
          <b>Back Azimuth at P2 (BackAz12):</b> 349.024°<br>
          <hr>
          <u>Path P2 → P1:</u><br>
          <b>Forward Azimuth at P2 (Az21):</b> 169.024°<br>
          <b>Back Azimuth at P1 (BackAz21):</b> 169.047°<br>
          <hr>
          <b>Filter Reason(s):</b> Dist multiple:0.4755<br>
          <hr>
          <i>Calculation Method: Ellipsoidal (WGS84)</i>
        ]]>                
        
            </description>
            <styleUrl>#548</styleUrl>
            <LineString id="546">
                <coordinates>-77.051444,38.790339,0.0 -77.08834070412745,38.93923731423045,0.0</coordinates>
            </LineString>
        </Placemark>
        <Placemark id="551">
            <name>KS → H56</name>
            <description>
                
        
<![CDATA[
          <b>P1:</b> KS<br>
          <b>P2:</b> H56<br>
          <hr>
          <b>Distance:</b> 8.740 miles<br>
          <hr>
          <u>Path P1 → P2:</u><br>
          <b>Forward Azimuth at P1 (Az12):</b> 356.551°<br>
          <b>Back Azimuth at P2 (BackAz12):</b> 356.545°<br>
          <hr>
          <u>Path P2 → P1:</u><br>
          <b>Forward Azimuth at P2 (Az21):</b> 176.545°<br>
          <b>Back Azimuth at P1 (BackAz21):</b> 176.551°<br>
          <hr>
          <b>Filter Reason(s):</b> Dist multiple:0.8740<br>
          <hr>
          <i>Calculation Method: Ellipsoidal (WGS84)</i>
        ]]>                
        
            </description>
            <styleUrl>#552</styleUrl>
            <LineString id="550">
                <coordinates>-77.051444,38.790339,0.0 -77.06120140091524,38.91681538320637,0.0</coordinates>
            </LineString>
        </Placemark>
        <Placemark id="555">
            <name>L → Chk13</name>
            <description>
                
        
<![CDATA[
          <b>P1:</b> L<br>
          <b>P2:</b> Chk13<br>
          <hr>
          <b>Distance:</b> 6.182 miles<br>
          <hr>
          <u>Path P1 → P2:</u><br>
          <b>Forward Azimuth at P1 (Az12):</b> 8.067°<br>
          <b>Back Azimuth at P2 (BackAz12):</b> 8.077°<br>
          <hr>
          <u>Path P2 → P1:</u><br>
          <b>Forward Azimuth at P2 (Az21):</b> 188.077°<br>
          <b>Back Azimuth at P1 (BackAz21):</b> 188.067°<br>
          <hr>
          <b>Filter Reason(s):</b> Dist multiple:0.4755<br>
          <hr>
          <i>Calculation Method: Ellipsoidal (WGS84)</i>
        ]]>                
        
            </description>
            <styleUrl>#556</styleUrl>
            <LineString id="554">
                <coordinates>-77.05018442793092,38.88927319319802,0.0 -77.0340714747954,38.97800673083694,0.0</coordinates>
            </LineString>
        </Placemark>
        <Placemark id="559">
            <name>L → H88</name>
            <description>
                
        
<![CDATA[
          <b>P1:</b> L<br>
          <b>P2:</b> H88<br>
          <hr>
          <b>Distance:</b> 3.672 miles<br>
          <hr>
          <u>Path P1 → P2:</u><br>
          <b>Forward Azimuth at P1 (Az12):</b> 138.328°<br>
          <b>Back Azimuth at P2 (BackAz12):</b> 138.356°<br>
          <hr>
          <u>Path P2 → P1:</u><br>
          <b>Forward Azimuth at P2 (Az21):</b> 318.356°<br>
          <b>Back Azimuth at P1 (BackAz21):</b> 318.328°<br>
          <hr>
          <b>Filter Reason(s):</b> Dist multiple:0.3338<br>
          <hr>
          <i>Calculation Method: Ellipsoidal (WGS84)</i>
        ]]>                
        
            </description>
            <styleUrl>#560</styleUrl>
            <LineString id="558">
                <coordinates>-77.05018442793092,38.88927319319802,0.0 -77.00492179089107,38.84950002068123,0.0</coordinates>
            </LineString>
        </Placemark>
        <Placemark id="563">
            <name>L → H29</name>
            <description>
                
        
<![CDATA[
          <b>P1:</b> L<br>
          <b>P2:</b> H29<br>
          <hr>
          <b>Distance:</b> 4.321 miles<br>
          <hr>
          <u>Path P1 → P2:</u><br>
          <b>Forward Azimuth at P1 (Az12):</b> 291.561°<br>
          <b>Back Azimuth at P2 (BackAz12):</b> 291.514°<br>
          <hr>
          <u>Path P2 → P1:</u><br>
          <b>Forward Azimuth at P2 (Az21):</b> 111.514°<br>
          <b>Back Azimuth at P1 (BackAz21):</b> 111.561°<br>
          <hr>
          <b>Filter Reason(s):</b> Dist multiple:0.5401<br>
          <hr>
          <i>Calculation Method: Ellipsoidal (WGS84)</i>
        ]]>                
        
            </description>
            <styleUrl>#564</styleUrl>
            <LineString id="562">
                <coordinates>-77.05018442793092,38.88927319319802,0.0 -77.12474875900264,38.91226863882422,0.0</coordinates>
            </LineString>
        </Placemark>
        <Placemark id="567">
            <name>La → Chk54</name>
            <description>
                
        
<![CDATA[
          <b>P1:</b> La<br>
          <b>P2:</b> Chk54<br>
          <hr>
          <b>Distance:</b> 13.729 miles<br>
          <hr>
          <u>Path P1 → P2:</u><br>
          <b>Forward Azimuth at P1 (Az12):</b> 178.210°<br>
          <b>Back Azimuth at P2 (BackAz12):</b> 178.215°<br>
          <hr>
          <u>Path P2 → P1:</u><br>
          <b>Forward Azimuth at P2 (Az21):</b> 358.215°<br>
          <b>Back Azimuth at P1 (BackAz21):</b> 358.210°<br>
          <hr>
          <b>Filter Reason(s):</b> Dist multiple:2.2882<br>
          <hr>
          <i>Calculation Method: Ellipsoidal (WGS84)</i>
        ]]>                
        
            </description>
            <styleUrl>#568</styleUrl>
            <LineString id="566">
                <coordinates>-77.05145152722608,38.88816903625909,0.0 -77.04351796976675,38.68922831692476,0.0</coordinates>
            </LineString>
        </Placemark>
        <Placemark id="571">
            <name>La → Chk63</name>
            <description>
                
        
<![CDATA[
          <b>P1:</b> La<br>
          <b>P2:</b> Chk63<br>
          <hr>
          <b>Distance:</b> 1.144 miles<br>
          <hr>
          <u>Path P1 → P2:</u><br>
          <b>Forward Azimuth at P1 (Az12):</b> 44.519°<br>
          <b>Back Azimuth at P2 (BackAz12):</b> 44.529°<br>
          <hr>
          <u>Path P2 → P1:</u><br>
          <b>Forward Azimuth at P2 (Az21):</b> 224.529°<br>
          <b>Back Azimuth at P1 (BackAz21):</b> 224.519°<br>
          <hr>
          <b>Filter Reason(s):</b> Dist factor of:2.2882<br>
          <hr>
          <i>Calculation Method: Ellipsoidal (WGS84)</i>
        ]]>                
        
            </description>
            <styleUrl>#572</styleUrl>
            <LineString id="570">
                <coordinates>-77.05145152722608,38.88816903625909,0.0 -77.036569,38.89999431930673,0.0</coordinates>
            </LineString>
        </Placemark>
        <Placemark id="575">
            <name>La → H70</name>
            <description>
                
        
<![CDATA[
          <b>P1:</b> La<br>
          <b>P2:</b> H70<br>
          <hr>
          <b>Distance:</b> 1.426 miles<br>
          <hr>
          <u>Path P1 → P2:</u><br>
          <b>Forward Azimuth at P1 (Az12):</b> 225.717°<br>
          <b>Back Azimuth at P2 (BackAz12):</b> 225.705°<br>
          <hr>
          <u>Path P2 → P1:</u><br>
          <b>Forward Azimuth at P2 (Az21):</b> 45.705°<br>
          <b>Back Azimuth at P1 (BackAz21):</b> 45.717°<br>
          <hr>
          <b>Filter Reason(s):</b> Dist multiple:0.4755<br>
          <hr>
          <i>Calculation Method: Ellipsoidal (WGS84)</i>
        ]]>                
        
            </description>
            <styleUrl>#576</styleUrl>
            <LineString id="574">
                <coordinates>-77.05145152722608,38.88816903625909,0.0 -77.07038741369139,38.8737311478417,0.0</coordinates>
            </LineString>
        </Placemark>
        <Placemark id="579">
            <name>La → H37</name>
            <description>
                
        
<![CDATA[
          <b>P1:</b> La<br>
          <b>P2:</b> H37<br>
          <hr>
          <b>Distance:</b> 3.338 miles<br>
          <hr>
          <u>Path P1 → P2:</u><br>
          <b>Forward Azimuth at P1 (Az12):</b> 279.748°<br>
          <b>Back Azimuth at P2 (BackAz12):</b> 279.710°<br>
          <hr>
          <u>Path P2 → P1:</u><br>
          <b>Forward Azimuth at P2 (Az21):</b> 99.710°<br>
          <b>Back Azimuth at P1 (BackAz21):</b> 99.748°<br>
          <hr>
          <b>Filter Reason(s):</b> Dist multiple:0.3338<br>
          <hr>
          <i>Calculation Method: Ellipsoidal (WGS84)</i>
        ]]>                
        
            </description>
            <styleUrl>#580</styleUrl>
            <LineString id="578">
                <coordinates>-77.05145152722608,38.88816903625909,0.0 -77.11248589188622,38.89634739382956,0.0</coordinates>
            </LineString>
        </Placemark>
        <Placemark id="583">
            <name>M → CapK</name>
            <description>
                
        
<![CDATA[
          <b>P1:</b> M<br>
          <b>P2:</b> CapK<br>
          <hr>
          <b>Distance:</b> 1.414 miles<br>
          <hr>
          <u>Path P1 → P2:</u><br>
          <b>Forward Azimuth at P1 (Az12):</b> 89.106°<br>
          <b>Back Azimuth at P2 (BackAz12):</b> 89.122°<br>
          <hr>
          <u>Path P2 → P1:</u><br>
          <b>Forward Azimuth at P2 (Az21):</b> 269.122°<br>
          <b>Back Azimuth at P1 (BackAz21):</b> 269.106°<br>
          <hr>
          <b>Filter Reason(s):</b> Dist factor of:1.4142, Dist multiple:1.4142<br>
          <hr>
          <i>Calculation Method: Ellipsoidal (WGS84)</i>
        ]]>                
        
            </description>
            <styleUrl>#584</styleUrl>
            <LineString id="582">
                <coordinates>-77.035278,38.889484,0.0 -77.00904745,38.889801,0.0</coordinates>
            </LineString>
        </Placemark>
        <Placemark id="587">
            <name>M → Chk12</name>
            <description>
                
        
<![CDATA[
          <b>P1:</b> M<br>
          <b>P2:</b> Chk12<br>
          <hr>
          <b>Distance:</b> 5.000 miles<br>
          <hr>
          <u>Path P1 → P2:</u><br>
          <b>Forward Azimuth at P1 (Az12):</b> 90.595°<br>
          <b>Back Azimuth at P2 (BackAz12):</b> 90.653°<br>
          <hr>
          <u>Path P2 → P1:</u><br>
          <b>Forward Azimuth at P2 (Az21):</b> 270.653°<br>
          <b>Back Azimuth at P1 (BackAz21):</b> 270.595°<br>
          <hr>
          <b>Filter Reason(s):</b> Dist multiple:5.0000<br>
          <hr>
          <i>Calculation Method: Ellipsoidal (WGS84)</i>
        ]]>                
        
            </description>
            <styleUrl>#588</styleUrl>
            <LineString id="586">
                <coordinates>-77.035278,38.889484,0.0 -76.9425428132187,38.88869436289873,0.0</coordinates>
            </LineString>
        </Placemark>
        <Placemark id="591">
            <name>MV → H35</name>
            <description>
                
        
<![CDATA[
          <b>P1:</b> MV<br>
          <b>P2:</b> H35<br>
          <hr>
          <b>Distance:</b> 13.315 miles<br>
          <hr>
          <u>Path P1 → P2:</u><br>
          <b>Forward Azimuth at P1 (Az12):</b> 343.969°<br>
          <b>Back Azimuth at P2 (BackAz12):</b> 343.926°<br>
          <hr>
          <u>Path P2 → P1:</u><br>
          <b>Forward Azimuth at P2 (Az21):</b> 163.926°<br>
          <b>Back Azimuth at P1 (BackAz21):</b> 163.969°<br>
          <hr>
          <b>Filter Reason(s):</b> Dist multiple:0.4755<br>
          <hr>
          <i>Calculation Method: Ellipsoidal (WGS84)</i>
        ]]>                
        
            </description>
            <styleUrl>#592</styleUrl>
            <LineString id="590">
                <coordinates>-77.01151395666083,38.735159,0.0 -77.07975099520537,38.92066077312896,0.0</coordinates>
            </LineString>
        </Placemark>
        <Placemark id="595">
            <name>MVa → AnOthr01</name>
            <description>
                
        
<![CDATA[
          <b>P1:</b> MVa<br>
          <b>P2:</b> AnOthr01<br>
          <hr>
          <b>Distance:</b> 8.680 miles<br>
          <hr>
          <u>Path P1 → P2:</u><br>
          <b>Forward Azimuth at P1 (Az12):</b> 6.579°<br>
          <b>Back Azimuth at P2 (BackAz12):</b> 6.590°<br>
          <hr>
          <u>Path P2 → P1:</u><br>
          <b>Forward Azimuth at P2 (Az21):</b> 186.590°<br>
          <b>Back Azimuth at P1 (BackAz21):</b> 186.579°<br>
          <hr>
          <b>Filter Reason(s):</b> Dist multiple:0.3338<br>
          <hr>
          <i>Calculation Method: Ellipsoidal (WGS84)</i>
        ]]>                
        
            </description>
            <styleUrl>#596</styleUrl>
            <LineString id="594">
                <coordinates>-77.01540232831105,38.74397251515714,0.0 -76.99696100301952,38.86898287196977,0.0</coordinates>
            </LineString>
        </Placemark>
        <Placemark id="599">
            <name>NOa → AnOthr02</name>
            <description>
                
        
<![CDATA[
          <b>P1:</b> NOa<br>
          <b>P2:</b> AnOthr02<br>
          <hr>
          <b>Distance:</b> 5.991 miles<br>
          <hr>
          <u>Path P1 → P2:</u><br>
          <b>Forward Azimuth at P1 (Az12):</b> 100.220°<br>
          <b>Back Azimuth at P2 (BackAz12):</b> 100.289°<br>
          <hr>
          <u>Path P2 → P1:</u><br>
          <b>Forward Azimuth at P2 (Az21):</b> 280.289°<br>
          <b>Back Azimuth at P1 (BackAz21):</b> 280.220°<br>
          <hr>
          <b>Filter Reason(s):</b> Dist factor of:5.9907, Dist multiple:5.9907<br>
          <hr>
          <i>Calculation Method: Ellipsoidal (WGS84)</i>
        ]]>                
        
            </description>
            <styleUrl>#600</styleUrl>
            <LineString id="598">
                <coordinates>-77.06705128052432,38.92154464050518,0.0 -76.95766732477911,38.90608413980003,0.0</coordinates>
            </LineString>
        </Placemark>
        <Placemark id="603">
            <name>NOa → H60</name>
            <description>
                
        
<![CDATA[
          <b>P1:</b> NOa<br>
          <b>P2:</b> H60<br>
          <hr>
          <b>Distance:</b> 8.102 miles<br>
          <hr>
          <u>Path P1 → P2:</u><br>
          <b>Forward Azimuth at P1 (Az12):</b> 85.177°<br>
          <b>Back Azimuth at P2 (BackAz12):</b> 85.272°<br>
          <hr>
          <u>Path P2 → P1:</u><br>
          <b>Forward Azimuth at P2 (Az21):</b> 265.272°<br>
          <b>Back Azimuth at P1 (BackAz21):</b> 265.177°<br>
          <hr>
          <b>Filter Reason(s):</b> Dist multiple:0.5401<br>
          <hr>
          <i>Calculation Method: Ellipsoidal (WGS84)</i>
        ]]>                
        
            </description>
            <styleUrl>#604</styleUrl>
            <LineString id="602">
                <coordinates>-77.06705128052432,38.92154464050518,0.0 -76.91720945574568,38.93132296535497,0.0</coordinates>
            </LineString>
        </Placemark>
        <Placemark id="607">
            <name>NOa → SF03</name>
            <description>
                
        
<![CDATA[
          <b>P1:</b> NOa<br>
          <b>P2:</b> SF03<br>
          <hr>
          <b>Distance:</b> 11.412 miles<br>
          <hr>
          <u>Path P1 → P2:</u><br>
          <b>Forward Azimuth at P1 (Az12):</b> 153.321°<br>
          <b>Back Azimuth at P2 (BackAz12):</b> 153.381°<br>
          <hr>
          <u>Path P2 → P1:</u><br>
          <b>Forward Azimuth at P2 (Az21):</b> 333.381°<br>
          <b>Back Azimuth at P1 (BackAz21):</b> 333.321°<br>
          <hr>
          <b>Filter Reason(s):</b> Dist multiple:0.4755<br>
          <hr>
          <i>Calculation Method: Ellipsoidal (WGS84)</i>
        ]]>                
        
            </description>
            <styleUrl>#608</styleUrl>
            <LineString id="606">
                <coordinates>-77.06705128052432,38.92154464050518,0.0 -76.97215841432278,38.77367519361357,0.0</coordinates>
            </LineString>
        </Placemark>
        <Placemark id="611">
            <name>Nc → Chk62</name>
            <description>
                
        
<![CDATA[
          <b>P1:</b> Nc<br>
          <b>P2:</b> Chk62<br>
          <hr>
          <b>Distance:</b> 1.335 miles<br>
          <hr>
          <u>Path P1 → P2:</u><br>
          <b>Forward Azimuth at P1 (Az12):</b> 52.505°<br>
          <b>Back Azimuth at P2 (BackAz12):</b> 52.518°<br>
          <hr>
          <u>Path P2 → P1:</u><br>
          <b>Forward Azimuth at P2 (Az21):</b> 232.518°<br>
          <b>Back Azimuth at P1 (BackAz21):</b> 232.505°<br>
          <hr>
          <b>Filter Reason(s):</b> Dist multiple:0.3338<br>
          <hr>
          <i>Calculation Method: Ellipsoidal (WGS84)</i>
        ]]>                
        
            </description>
            <styleUrl>#612</styleUrl>
            <LineString id="610">
                <coordinates>-77.04098558,38.89359614000001,0.0 -77.02133073015519,38.90537641569407,0.0</coordinates>
            </LineString>
        </Placemark>
        <Placemark id="615">
            <name>OtrA → H98</name>
            <description>
                
        
<![CDATA[
          <b>P1:</b> OtrA<br>
          <b>P2:</b> H98<br>
          <hr>
          <b>Distance:</b> 4.861 miles<br>
          <hr>
          <u>Path P1 → P2:</u><br>
          <b>Forward Azimuth at P1 (Az12):</b> 285.522°<br>
          <b>Back Azimuth at P2 (BackAz12):</b> 285.467°<br>
          <hr>
          <u>Path P2 → P1:</u><br>
          <b>Forward Azimuth at P2 (Az21):</b> 105.467°<br>
          <b>Back Azimuth at P1 (BackAz21):</b> 105.522°<br>
          <hr>
          <b>Filter Reason(s):</b> Dist multiple:0.5401<br>
          <hr>
          <i>Calculation Method: Ellipsoidal (WGS84)</i>
        ]]>                
        
            </description>
            <styleUrl>#616</styleUrl>
            <LineString id="614">
                <coordinates>-76.95188801292042,38.92624596949343,0.0 -77.0388345966892,38.9450714821746,0.0</coordinates>
            </LineString>
        </Placemark>
        <Placemark id="619">
            <name>OtrB → H60</name>
            <description>
                
        
<![CDATA[
          <b>P1:</b> OtrB<br>
          <b>P2:</b> H60<br>
          <hr>
          <b>Distance:</b> 4.370 miles<br>
          <hr>
          <u>Path P1 → P2:</u><br>
          <b>Forward Azimuth at P1 (Az12):</b> 113.933°<br>
          <b>Back Azimuth at P2 (BackAz12):</b> 113.980°<br>
          <hr>
          <u>Path P2 → P1:</u><br>
          <b>Forward Azimuth at P2 (Az21):</b> 293.980°<br>
          <b>Back Azimuth at P1 (BackAz21):</b> 293.933°<br>
          <hr>
          <b>Filter Reason(s):</b> Dist multiple:0.8740<br>
          <hr>
          <i>Calculation Method: Ellipsoidal (WGS84)</i>
        ]]>                
        
            </description>
            <styleUrl>#620</styleUrl>
            <LineString id="618">
                <coordinates>-76.99134485249716,38.95704643888089,0.0 -76.91720945574568,38.93132296535497,0.0</coordinates>
            </LineString>
        </Placemark>
        <Placemark id="623">
            <name>OtrC → H22</name>
            <description>
                
        
<![CDATA[
          <b>P1:</b> OtrC<br>
          <b>P2:</b> H22<br>
          <hr>
          <b>Distance:</b> 4.370 miles<br>
          <hr>
          <u>Path P1 → P2:</u><br>
          <b>Forward Azimuth at P1 (Az12):</b> 248.214°<br>
          <b>Back Azimuth at P2 (BackAz12):</b> 248.167°<br>
          <hr>
          <u>Path P2 → P1:</u><br>
          <b>Forward Azimuth at P2 (Az21):</b> 68.167°<br>
          <b>Back Azimuth at P1 (BackAz21):</b> 68.214°<br>
          <hr>
          <b>Filter Reason(s):</b> Dist multiple:0.8740<br>
          <hr>
          <i>Calculation Method: Ellipsoidal (WGS84)</i>
        ]]>                
        
            </description>
            <styleUrl>#624</styleUrl>
            <LineString id="622">
                <coordinates>-76.98472940704961,38.95177142459147,0.0 -77.06004232078331,38.92823446130691,0.0</coordinates>
            </LineString>
        </Placemark>
        <Placemark id="627">
            <name>P → Chk18</name>
            <description>
                
        
<![CDATA[
          <b>P1:</b> P<br>
          <b>P2:</b> Chk18<br>
          <hr>
          <b>Distance:</b> 3.077 miles<br>
          <hr>
          <u>Path P1 → P2:</u><br>
          <b>Forward Azimuth at P1 (Az12):</b> 276.633°<br>
          <b>Back Azimuth at P2 (BackAz12):</b> 276.597°<br>
          <hr>
          <u>Path P2 → P1:</u><br>
          <b>Forward Azimuth at P2 (Az21):</b> 96.597°<br>
          <b>Back Azimuth at P1 (BackAz21):</b> 96.633°<br>
          <hr>
          <b>Filter Reason(s):</b> Dist multiple:1.5388<br>
          <hr>
          <i>Calculation Method: Ellipsoidal (WGS84)</i>
        ]]>                
        
            </description>
            <styleUrl>#628</styleUrl>
            <LineString id="626">
                <coordinates>-77.05596854698287,38.87100323118176,0.0 -77.11265634246809,38.87614213026904,0.0</coordinates>
            </LineString>
        </Placemark>
        <Placemark id="631">
            <name>PO → H23</name>
            <description>
                
        
<![CDATA[
          <b>P1:</b> PO<br>
          <b>P2:</b> H23<br>
          <hr>
          <b>Distance:</b> 1.732 miles<br>
          <hr>
          <u>Path P1 → P2:</u><br>
          <b>Forward Azimuth at P1 (Az12):</b> 79.101°<br>
          <b>Back Azimuth at P2 (BackAz12):</b> 79.120°<br>
          <hr>
          <u>Path P2 → P1:</u><br>
          <b>Forward Azimuth at P2 (Az21):</b> 259.120°<br>
          <b>Back Azimuth at P1 (BackAz21):</b> 259.101°<br>
          <hr>
          <b>Filter Reason(s):</b> Dist multiple:1.7321<br>
          <hr>
          <i>Calculation Method: Ellipsoidal (WGS84)</i>
        ]]>                
        
            </description>
            <styleUrl>#632</styleUrl>
            <LineString id="630">
                <coordinates>-77.1199159,38.93449309999998,0.0 -77.08834070412745,38.93923731423045,0.0</coordinates>
            </LineString>
        </Placemark>
        <Placemark id="635">
            <name>PO → H27</name>
            <description>
                
        
<![CDATA[
          <b>P1:</b> PO<br>
          <b>P2:</b> H27<br>
          <hr>
          <b>Distance:</b> 7.609 miles<br>
          <hr>
          <u>Path P1 → P2:</u><br>
          <b>Forward Azimuth at P1 (Az12):</b> 203.524°<br>
          <b>Back Azimuth at P2 (BackAz12):</b> 203.488°<br>
          <hr>
          <u>Path P2 → P1:</u><br>
          <b>Forward Azimuth at P2 (Az21):</b> 23.488°<br>
          <b>Back Azimuth at P1 (BackAz21):</b> 23.524°<br>
          <hr>
          <b>Filter Reason(s):</b> Dist multiple:0.4755<br>
          <hr>
          <i>Calculation Method: Ellipsoidal (WGS84)</i>
        ]]>                
        
            </description>
            <styleUrl>#636</styleUrl>
            <LineString id="634">
                <coordinates>-77.1199159,38.93449309999998,0.0 -77.17620182600818,38.83334538875507,0.0</coordinates>
            </LineString>
        </Placemark>
        <Placemark id="639">
            <name>PenA → CFf</name>
            <description>
                
        
<![CDATA[
          <b>P1:</b> PenA<br>
          <b>P2:</b> CFf<br>
          <hr>
          <b>Distance:</b> 3.078 miles<br>
          <hr>
          <u>Path P1 → P2:</u><br>
          <b>Forward Azimuth at P1 (Az12):</b> 68.786°<br>
          <b>Back Azimuth at P2 (BackAz12):</b> 68.819°<br>
          <hr>
          <u>Path P2 → P1:</u><br>
          <b>Forward Azimuth at P2 (Az21):</b> 248.819°<br>
          <b>Back Azimuth at P1 (BackAz21):</b> 248.786°<br>
          <hr>
          <b>Filter Reason(s):</b> Dist multiple:1.5388<br>
          <hr>
          <i>Calculation Method: Ellipsoidal (WGS84)</i>
        ]]>                
        
            </description>
            <styleUrl>#640</styleUrl>
            <LineString id="638">
                <coordinates>-77.05790028667388,38.872552231854,0.0 -77.00467871165168,38.88868578496108,0.0</coordinates>
            </LineString>
        </Placemark>
        <Placemark id="643">
            <name>PenA → Chk26</name>
            <description>
                
        
<![CDATA[
          <b>P1:</b> PenA<br>
          <b>P2:</b> Chk26<br>
          <hr>
          <b>Distance:</b> 7.679 miles<br>
          <hr>
          <u>Path P1 → P2:</u><br>
          <b>Forward Azimuth at P1 (Az12):</b> 82.567°<br>
          <b>Back Azimuth at P2 (BackAz12):</b> 82.656°<br>
          <hr>
          <u>Path P2 → P1:</u><br>
          <b>Forward Azimuth at P2 (Az21):</b> 262.656°<br>
          <b>Back Azimuth at P1 (BackAz21):</b> 262.567°<br>
          <hr>
          <b>Filter Reason(s):</b> Dist multiple:0.3338<br>
          <hr>
          <i>Calculation Method: Ellipsoidal (WGS84)</i>
        ]]>                
        
            </description>
            <styleUrl>#644</styleUrl>
            <LineString id="642">
                <coordinates>-77.05790028667388,38.872552231854,0.0 -76.91666542015503,38.88686719010732,0.0</coordinates>
            </LineString>
        </Placemark>
        <Placemark id="647">
            <name>PenB → PenD</name>
            <description>
                
        
<![CDATA[
          <b>P1:</b> PenB<br>
          <b>P2:</b> PenD<br>
          <hr>
          <b>Distance:</b> 0.220 miles<br>
          <hr>
          <u>Path P1 → P2:</u><br>
          <b>Forward Azimuth at P1 (Az12):</b> 212.351°<br>
          <b>Back Azimuth at P2 (BackAz12):</b> 212.350°<br>
          <hr>
          <u>Path P2 → P1:</u><br>
          <b>Forward Azimuth at P2 (Az21):</b> 32.350°<br>
          <b>Back Azimuth at P1 (BackAz21):</b> 32.351°<br>
          <hr>
          <b>Filter Reason(s):</b> Dist factor of:1.5388<br>
          <hr>
          <i>Calculation Method: Ellipsoidal (WGS84)</i>
        ]]>                
        
            </description>
            <styleUrl>#648</styleUrl>
            <LineString id="646">
                <coordinates>-77.05628256361138,38.87273680802001,0.0 -77.05846414671291,38.87004437347602,0.0</coordinates>
            </LineString>
        </Placemark>
        <Placemark id="651">
            <name>PenB → M</name>
            <description>
                
        
<![CDATA[
          <b>P1:</b> PenB<br>
          <b>P2:</b> M<br>
          <hr>
          <b>Distance:</b> 1.618 miles<br>
          <hr>
          <u>Path P1 → P2:</u><br>
          <b>Forward Azimuth at P1 (Az12):</b> 44.424°<br>
          <b>Back Azimuth at P2 (BackAz12):</b> 44.438°<br>
          <hr>
          <u>Path P2 → P1:</u><br>
          <b>Forward Azimuth at P2 (Az21):</b> 224.438°<br>
          <b>Back Azimuth at P1 (BackAz21):</b> 224.424°<br>
          <hr>
          <b>Filter Reason(s):</b> Dist multiple:1.6180<br>
          <hr>
          <i>Calculation Method: Ellipsoidal (WGS84)</i>
        ]]>                
        
            </description>
            <styleUrl>#652</styleUrl>
            <LineString id="650">
                <coordinates>-77.05628256361138,38.87273680802001,0.0 -77.035278,38.889484,0.0</coordinates>
            </LineString>
        </Placemark>
        <Placemark id="655">
            <name>PenB → Chk32</name>
            <description>
                
        
<![CDATA[
          <b>P1:</b> PenB<br>
          <b>P2:</b> Chk32<br>
          <hr>
          <b>Distance:</b> 5.942 miles<br>
          <hr>
          <u>Path P1 → P2:</u><br>
          <b>Forward Azimuth at P1 (Az12):</b> 2.526°<br>
          <b>Back Azimuth at P2 (BackAz12):</b> 2.529°<br>
          <hr>
          <u>Path P2 → P1:</u><br>
          <b>Forward Azimuth at P2 (Az21):</b> 182.529°<br>
          <b>Back Azimuth at P1 (BackAz21):</b> 182.526°<br>
          <hr>
          <b>Filter Reason(s):</b> Dist multiple:0.5401<br>
          <hr>
          <i>Calculation Method: Ellipsoidal (WGS84)</i>
        ]]>                
        
            </description>
            <styleUrl>#656</styleUrl>
            <LineString id="654">
                <coordinates>-77.05628256361138,38.87273680802001,0.0 -77.05142116747349,38.95878698101598,0.0</coordinates>
            </LineString>
        </Placemark>
        <Placemark id="659">
            <name>PenB → AN</name>
            <description>
                
        
<![CDATA[
          <b>P1:</b> PenB<br>
          <b>P2:</b> AN<br>
          <hr>
          <b>Distance:</b> 6.929 miles<br>
          <hr>
          <u>Path P1 → P2:</u><br>
          <b>Forward Azimuth at P1 (Az12):</b> 62.806°<br>
          <b>Back Azimuth at P2 (BackAz12):</b> 62.878°<br>
          <hr>
          <u>Path P2 → P1:</u><br>
          <b>Forward Azimuth at P2 (Az21):</b> 242.878°<br>
          <b>Back Azimuth at P1 (BackAz21):</b> 242.806°<br>
          <hr>
          <b>Filter Reason(s):</b> Dist multiple:1.7321<br>
          <hr>
          <i>Calculation Method: Ellipsoidal (WGS84)</i>
        ]]>                
        
            </description>
            <styleUrl>#660</styleUrl>
            <LineString id="658">
                <coordinates>-77.05628256361138,38.87273680802001,0.0 -76.94192180000002,38.91858289999999,0.0</coordinates>
            </LineString>
        </Placemark>
        <Placemark id="663">
            <name>PenC → Chk18</name>
            <description>
                
        
<![CDATA[
          <b>P1:</b> PenC<br>
          <b>P2:</b> Chk18<br>
          <hr>
          <b>Distance:</b> 3.005 miles<br>
          <hr>
          <u>Path P1 → P2:</u><br>
          <b>Forward Azimuth at P1 (Az12):</b> 269.920°<br>
          <b>Back Azimuth at P2 (BackAz12):</b> 269.885°<br>
          <hr>
          <u>Path P2 → P1:</u><br>
          <b>Forward Azimuth at P2 (Az21):</b> 89.885°<br>
          <b>Back Azimuth at P1 (BackAz21):</b> 89.920°<br>
          <hr>
          <b>Filter Reason(s):</b> Dist multiple:0.3338<br>
          <hr>
          <i>Calculation Method: Ellipsoidal (WGS84)</i>
        ]]>                
        
            </description>
            <styleUrl>#664</styleUrl>
            <LineString id="662">
                <coordinates>-77.05693269848774,38.87621612361609,0.0 -77.11265634246809,38.87614213026904,0.0</coordinates>
            </LineString>
        </Placemark>
        <Placemark id="667">
            <name>PenD → Wb</name>
            <description>
                
        
<![CDATA[
          <b>P1:</b> PenD<br>
          <b>P2:</b> Wb<br>
          <hr>
          <b>Distance:</b> 6.343 miles<br>
          <hr>
          <u>Path P1 → P2:</u><br>
          <b>Forward Azimuth at P1 (Az12):</b> 284.650°<br>
          <b>Back Azimuth at P2 (BackAz12):</b> 284.579°<br>
          <hr>
          <u>Path P2 → P1:</u><br>
          <b>Forward Azimuth at P2 (Az21):</b> 104.579°<br>
          <b>Back Azimuth at P1 (BackAz21):</b> 104.650°<br>
          <hr>
          <b>Filter Reason(s):</b> Dist multiple:0.3338<br>
          <hr>
          <i>Calculation Method: Ellipsoidal (WGS84)</i>
        ]]>                
        
            </description>
            <styleUrl>#668</styleUrl>
            <LineString id="666">
                <coordinates>-77.05846414671291,38.87004437347602,0.0 -77.17230114000002,38.89324512999998,0.0</coordinates>
            </LineString>
        </Placemark>
        <Placemark id="671">
            <name>PenD → H39</name>
            <description>
                
        
<![CDATA[
          <b>P1:</b> PenD<br>
          <b>P2:</b> H39<br>
          <hr>
          <b>Distance:</b> 10.472 miles<br>
          <hr>
          <u>Path P1 → P2:</u><br>
          <b>Forward Azimuth at P1 (Az12):</b> 288.857°<br>
          <b>Back Azimuth at P2 (BackAz12):</b> 288.742°<br>
          <hr>
          <u>Path P2 → P1:</u><br>
          <b>Forward Azimuth at P2 (Az21):</b> 108.742°<br>
          <b>Back Azimuth at P1 (BackAz21):</b> 108.857°<br>
          <hr>
          <b>Filter Reason(s):</b> Dist multiple:2.6180<br>
          <hr>
          <i>Calculation Method: Ellipsoidal (WGS84)</i>
        ]]>                
        
            </description>
            <styleUrl>#672</styleUrl>
            <LineString id="670">
                <coordinates>-77.05846414671291,38.87004437347602,0.0 -77.24236058241425,38.9189665077175,0.0</coordinates>
            </LineString>
        </Placemark>
        <Placemark id="675">
            <name>PenE → Gs2</name>
            <description>
                
        
<![CDATA[
          <b>P1:</b> PenE<br>
          <b>P2:</b> Gs2<br>
          <hr>
          <b>Distance:</b> 4.616 miles<br>
          <hr>
          <u>Path P1 → P2:</u><br>
          <b>Forward Azimuth at P1 (Az12):</b> 94.163°<br>
          <b>Back Azimuth at P2 (BackAz12):</b> 94.217°<br>
          <hr>
          <u>Path P2 → P1:</u><br>
          <b>Forward Azimuth at P2 (Az21):</b> 274.217°<br>
          <b>Back Azimuth at P1 (BackAz21):</b> 274.163°<br>
          <hr>
          <b>Filter Reason(s):</b> Dist multiple:1.5388<br>
          <hr>
          <i>Calculation Method: Ellipsoidal (WGS84)</i>
        ]]>                
        
            </description>
            <styleUrl>#676</styleUrl>
            <LineString id="674">
                <coordinates>-77.05322825200388,38.87062329503496,0.0 -76.96785270415687,38.86573364111086,0.0</coordinates>
            </LineString>
        </Placemark>
        <Placemark id="679">
            <name>PenF → PenC</name>
            <description>
                
        
<![CDATA[
          <b>P1:</b> PenF<br>
          <b>P2:</b> PenC<br>
          <hr>
          <b>Distance:</b> 0.513 miles<br>
          <hr>
          <u>Path P1 → P2:</u><br>
          <b>Forward Azimuth at P1 (Az12):</b> 351.831°<br>
          <b>Back Azimuth at P2 (BackAz12):</b> 351.830°<br>
          <hr>
          <u>Path P2 → P1:</u><br>
          <b>Forward Azimuth at P2 (Az21):</b> 171.830°<br>
          <b>Back Azimuth at P1 (BackAz21):</b> 171.831°<br>
          <hr>
          <b>Filter Reason(s):</b> Dist factor of:1.5388<br>
          <hr>
          <i>Calculation Method: Ellipsoidal (WGS84)</i>
        ]]>                
        
            </description>
            <styleUrl>#680</styleUrl>
            <LineString id="678">
                <coordinates>-77.0555808299749,38.86885510940446,0.0 -77.05693269848774,38.87621612361609,0.0</coordinates>
            </LineString>
        </Placemark>
        <Placemark id="683">
            <name>PenF → B</name>
            <description>
                
        
<![CDATA[
          <b>P1:</b> PenF<br>
          <b>P2:</b> B<br>
          <hr>
          <b>Distance:</b> 3.004 miles<br>
          <hr>
          <u>Path P1 → P2:</u><br>
          <b>Forward Azimuth at P1 (Az12):</b> 56.718°<br>
          <b>Back Azimuth at P2 (BackAz12):</b> 56.747°<br>
          <hr>
          <u>Path P2 → P1:</u><br>
          <b>Forward Azimuth at P2 (Az21):</b> 236.747°<br>
          <b>Back Azimuth at P1 (BackAz21):</b> 236.718°<br>
          <hr>
          <b>Filter Reason(s):</b> Dist multiple:0.3338<br>
          <hr>
          <i>Calculation Method: Ellipsoidal (WGS84)</i>
        ]]>                
        
            </description>
            <styleUrl>#684</styleUrl>
            <LineString id="682">
                <coordinates>-77.0555808299749,38.86885510940446,0.0 -77.008989,38.892747285,0.0</coordinates>
            </LineString>
        </Placemark>
        <Placemark id="687">
            <name>PenG → I010</name>
            <description>
                
        
<![CDATA[
          <b>P1:</b> PenG<br>
          <b>P2:</b> I010<br>
          <hr>
          <b>Distance:</b> 2.003 miles<br>
          <hr>
          <u>Path P1 → P2:</u><br>
          <b>Forward Azimuth at P1 (Az12):</b> 29.157°<br>
          <b>Back Azimuth at P2 (BackAz12):</b> 29.168°<br>
          <hr>
          <u>Path P2 → P1:</u><br>
          <b>Forward Azimuth at P2 (Az21):</b> 209.168°<br>
          <b>Back Azimuth at P1 (BackAz21):</b> 209.157°<br>
          <hr>
          <b>Filter Reason(s):</b> Dist multiple:0.3338<br>
          <hr>
          <i>Calculation Method: Ellipsoidal (WGS84)</i>
        ]]>                
        
            </description>
            <styleUrl>#688</styleUrl>
            <LineString id="686">
                <coordinates>-77.05467449297677,38.87292974342279,0.0 -77.03657097283033,38.89828563763562,0.0</coordinates>
            </LineString>
        </Placemark>
        <Placemark id="691">
            <name>RC → H70a</name>
            <description>
                
        
<![CDATA[
          <b>P1:</b> RC<br>
          <b>P2:</b> H70a<br>
          <hr>
          <b>Distance:</b> 8.000 miles<br>
          <hr>
          <u>Path P1 → P2:</u><br>
          <b>Forward Azimuth at P1 (Az12):</b> 185.971°<br>
          <b>Back Azimuth at P2 (BackAz12):</b> 185.962°<br>
          <hr>
          <u>Path P2 → P1:</u><br>
          <b>Forward Azimuth at P2 (Az21):</b> 5.962°<br>
          <b>Back Azimuth at P1 (BackAz21):</b> 5.971°<br>
          <hr>
          <b>Filter Reason(s):</b> Dist multiple:4.0000<br>
          <hr>
          <i>Calculation Method: Ellipsoidal (WGS84)</i>
        ]]>                
        
            </description>
            <styleUrl>#692</styleUrl>
            <LineString id="690">
                <coordinates>-77.05231894611552,38.98682226543504,0.0 -77.06775220195667,38.87147694689254,0.0</coordinates>
            </LineString>
        </Placemark>
        <Placemark id="695">
            <name>RCrkA → H24</name>
            <description>
                
        
<![CDATA[
          <b>P1:</b> RCrkA<br>
          <b>P2:</b> H24<br>
          <hr>
          <b>Distance:</b> 1.414 miles<br>
          <hr>
          <u>Path P1 → P2:</u><br>
          <b>Forward Azimuth at P1 (Az12):</b> 330.666°<br>
          <b>Back Azimuth at P2 (BackAz12):</b> 330.658°<br>
          <hr>
          <u>Path P2 → P1:</u><br>
          <b>Forward Azimuth at P2 (Az21):</b> 150.658°<br>
          <b>Back Azimuth at P1 (BackAz21):</b> 150.666°<br>
          <hr>
          <b>Filter Reason(s):</b> Dist factor of:1.4142, Dist multiple:1.4142<br>
          <hr>
          <i>Calculation Method: Ellipsoidal (WGS84)</i>
        ]]>                
        
            </description>
            <styleUrl>#696</styleUrl>
            <LineString id="694">
                <coordinates>-77.05755337263248,38.89950909563222,0.0 -77.0704105785321,38.91738246946505,0.0</coordinates>
            </LineString>
        </Placemark>
        <Placemark id="699">
            <name>SCa → SCb</name>
            <description>
                
        
<![CDATA[
          <b>P1:</b> SCa<br>
          <b>P2:</b> SCb<br>
          <hr>
          <b>Distance:</b> 0.037 miles<br>
          <hr>
          <u>Path P1 → P2:</u><br>
          <b>Forward Azimuth at P1 (Az12):</b> 90.000°<br>
          <b>Back Azimuth at P2 (BackAz12):</b> 90.000°<br>
          <hr>
          <u>Path P2 → P1:</u><br>
          <b>Forward Azimuth at P2 (Az21):</b> 270.000°<br>
          <b>Back Azimuth at P1 (BackAz21):</b> 270.000°<br>
          <hr>
          <b>Filter Reason(s):</b> Dist factor of:1.5388<br>
          <hr>
          <i>Calculation Method: Ellipsoidal (WGS84)</i>
        ]]>                
        
            </description>
            <styleUrl>#700</styleUrl>
            <LineString id="698">
                <coordinates>-77.00510154468833,38.890621,0.0 -77.00442188577618,38.890621,0.0</coordinates>
            </LineString>
        </Placemark>
        <Placemark id="703">
            <name>SCb → Chk12</name>
            <description>
                
        
<![CDATA[
          <b>P1:</b> SCb<br>
          <b>P2:</b> Chk12<br>
          <hr>
          <b>Distance:</b> 3.339 miles<br>
          <hr>
          <u>Path P1 → P2:</u><br>
          <b>Forward Azimuth at P1 (Az12):</b> 92.262°<br>
          <b>Back Azimuth at P2 (BackAz12):</b> 92.301°<br>
          <hr>
          <u>Path P2 → P1:</u><br>
          <b>Forward Azimuth at P2 (Az21):</b> 272.301°<br>
          <b>Back Azimuth at P1 (BackAz21):</b> 272.262°<br>
          <hr>
          <b>Filter Reason(s):</b> Dist multiple:0.3338<br>
          <hr>
          <i>Calculation Method: Ellipsoidal (WGS84)</i>
        ]]>                
        
            </description>
            <styleUrl>#704</styleUrl>
            <LineString id="702">
                <coordinates>-77.00442188577618,38.890621,0.0 -76.9425428132187,38.88869436289873,0.0</coordinates>
            </LineString>
        </Placemark>
        <Placemark id="707">
            <name>SCb → Chk52</name>
            <description>
                
        
<![CDATA[
          <b>P1:</b> SCb<br>
          <b>P2:</b> Chk52<br>
          <hr>
          <b>Distance:</b> 0.334 miles<br>
          <hr>
          <u>Path P1 → P2:</u><br>
          <b>Forward Azimuth at P1 (Az12):</b> 52.215°<br>
          <b>Back Azimuth at P2 (BackAz12):</b> 52.218°<br>
          <hr>
          <u>Path P2 → P1:</u><br>
          <b>Forward Azimuth at P2 (Az21):</b> 232.218°<br>
          <b>Back Azimuth at P1 (BackAz21):</b> 232.215°<br>
          <hr>
          <b>Filter Reason(s):</b> Dist multiple:0.3338<br>
          <hr>
          <i>Calculation Method: Ellipsoidal (WGS84)</i>
        ]]>                
        
            </description>
            <styleUrl>#708</styleUrl>
            <LineString id="706">
                <coordinates>-77.00442188577618,38.890621,0.0 -76.99952509051057,38.89358765171932,0.0</coordinates>
            </LineString>
        </Placemark>
        <Placemark id="711">
            <name>SF02 → Pk05</name>
            <description>
                
        
<![CDATA[
          <b>P1:</b> SF02<br>
          <b>P2:</b> Pk05<br>
          <hr>
          <b>Distance:</b> 65.768 miles<br>
          <hr>
          <u>Path P1 → P2:</u><br>
          <b>Forward Azimuth at P1 (Az12):</b> 271.860°<br>
          <b>Back Azimuth at P2 (BackAz12):</b> 271.094°<br>
          <hr>
          <u>Path P2 → P1:</u><br>
          <b>Forward Azimuth at P2 (Az21):</b> 91.094°<br>
          <b>Back Azimuth at P1 (BackAz21):</b> 91.860°<br>
          <hr>
          <b>Filter Reason(s):</b> Dist multiple:0.3338<br>
          <hr>
          <i>Calculation Method: Ellipsoidal (WGS84)</i>
        ]]>                
        
            </description>
            <styleUrl>#712</styleUrl>
            <LineString id="710">
                <coordinates>-77.0901139945135,38.90117456916591,0.0 -78.31007370765774,38.92574773485303,0.0</coordinates>
            </LineString>
        </Placemark>
        <Placemark id="715">
            <name>Sb → Chk36</name>
            <description>
                
        
<![CDATA[
          <b>P1:</b> Sb<br>
          <b>P2:</b> Chk36<br>
          <hr>
          <b>Distance:</b> 8.740 miles<br>
          <hr>
          <u>Path P1 → P2:</u><br>
          <b>Forward Azimuth at P1 (Az12):</b> 16.861°<br>
          <b>Back Azimuth at P2 (BackAz12):</b> 16.890°<br>
          <hr>
          <u>Path P2 → P1:</u><br>
          <b>Forward Azimuth at P2 (Az21):</b> 196.890°<br>
          <b>Back Azimuth at P1 (BackAz21):</b> 196.861°<br>
          <hr>
          <b>Filter Reason(s):</b> Dist multiple:0.8740<br>
          <hr>
          <i>Calculation Method: Ellipsoidal (WGS84)</i>
        ]]>                
        
            </description>
            <styleUrl>#716</styleUrl>
            <LineString id="714">
                <coordinates>-77.04058603,38.79033915000001,0.0 -76.99354755099984,38.91158883943301,0.0</coordinates>
            </LineString>
        </Placemark>
        <Placemark id="719">
            <name>WH → I069</name>
            <description>
                
        
<![CDATA[
          <b>P1:</b> WH<br>
          <b>P2:</b> I069<br>
          <hr>
          <b>Distance:</b> 1.618 miles<br>
          <hr>
          <u>Path P1 → P2:</u><br>
          <b>Forward Azimuth at P1 (Az12):</b> 93.330°<br>
          <b>Back Azimuth at P2 (BackAz12):</b> 93.348°<br>
          <hr>
          <u>Path P2 → P1:</u><br>
          <b>Forward Azimuth at P2 (Az21):</b> 273.348°<br>
          <b>Back Azimuth at P1 (BackAz21):</b> 273.330°<br>
          <hr>
          <b>Filter Reason(s):</b> Dist multiple:1.6180<br>
          <hr>
          <i>Calculation Method: Ellipsoidal (WGS84)</i>
        ]]>                
        
            </description>
            <styleUrl>#720</styleUrl>
            <LineString id="718">
                <coordinates>-77.036569,38.89778875877805,0.0 -77.00659984972448,38.89642237002393,0.0</coordinates>
            </LineString>
        </Placemark>
        <Placemark id="723">
            <name>WHz → CFd</name>
            <description>
                
        
<![CDATA[
          <b>P1:</b> WHz<br>
          <b>P2:</b> CFd<br>
          <hr>
          <b>Distance:</b> 1.618 miles<br>
          <hr>
          <u>Path P1 → P2:</u><br>
          <b>Forward Azimuth at P1 (Az12):</b> 108.091°<br>
          <b>Back Azimuth at P2 (BackAz12):</b> 108.108°<br>
          <hr>
          <u>Path P2 → P1:</u><br>
          <b>Forward Azimuth at P2 (Az21):</b> 288.108°<br>
          <b>Back Azimuth at P1 (BackAz21):</b> 288.091°<br>
          <hr>
          <b>Filter Reason(s):</b> Dist factor of:1.6180, Dist multiple:1.6180<br>
          <hr>
          <i>Calculation Method: Ellipsoidal (WGS84)</i>
        ]]>                
        
            </description>
            <styleUrl>#724</styleUrl>
            <LineString id="722">
                <coordinates>-77.03431133703796,38.89597663639302,0.0 -77.00578323852076,38.88868978460074,0.0</coordinates>
            </LineString>
        </Placemark>
        <Placemark id="727">
            <name>WHz → Chk01</name>
            <description>
                
        
<![CDATA[
          <b>P1:</b> WHz<br>
          <b>P2:</b> Chk01<br>
          <hr>
          <b>Distance:</b> 6.572 miles<br>
          <hr>
          <u>Path P1 → P2:</u><br>
          <b>Forward Azimuth at P1 (Az12):</b> 165.861°<br>
          <b>Back Azimuth at P2 (BackAz12):</b> 165.880°<br>
          <hr>
          <u>Path P2 → P1:</u><br>
          <b>Forward Azimuth at P2 (Az21):</b> 345.880°<br>
          <b>Back Azimuth at P1 (BackAz21):</b> 345.861°<br>
          <hr>
          <b>Filter Reason(s):</b> Dist multiple:1.3143<br>
          <hr>
          <i>Calculation Method: Ellipsoidal (WGS84)</i>
        ]]>                
        
            </description>
            <styleUrl>#728</styleUrl>
            <LineString id="726">
                <coordinates>-77.03431133703796,38.89597663639302,0.0 -77.0045692366363,38.80358701301893,0.0</coordinates>
            </LineString>
        </Placemark>
        <Placemark id="731">
            <name>WHz → H22</name>
            <description>
                
        
<![CDATA[
          <b>P1:</b> WHz<br>
          <b>P2:</b> H22<br>
          <hr>
          <b>Distance:</b> 2.622 miles<br>
          <hr>
          <u>Path P1 → P2:</u><br>
          <b>Forward Azimuth at P1 (Az12):</b> 328.077°<br>
          <b>Back Azimuth at P2 (BackAz12):</b> 328.061°<br>
          <hr>
          <u>Path P2 → P1:</u><br>
          <b>Forward Azimuth at P2 (Az21):</b> 148.061°<br>
          <b>Back Azimuth at P1 (BackAz21):</b> 148.077°<br>
          <hr>
          <b>Filter Reason(s):</b> Dist multiple:0.8740<br>
          <hr>
          <i>Calculation Method: Ellipsoidal (WGS84)</i>
        ]]>                
        
            </description>
            <styleUrl>#732</styleUrl>
            <LineString id="730">
                <coordinates>-77.03431133703796,38.89597663639302,0.0 -77.06004232078331,38.92823446130691,0.0</coordinates>
            </LineString>
        </Placemark>
        <Placemark id="735">
            <name>WHz → SF01</name>
            <description>
                
        
<![CDATA[
          <b>P1:</b> WHz<br>
          <b>P2:</b> SF01<br>
          <hr>
          <b>Distance:</b> 2.802 miles<br>
          <hr>
          <u>Path P1 → P2:</u><br>
          <b>Forward Azimuth at P1 (Az12):</b> 277.463°<br>
          <b>Back Azimuth at P2 (BackAz12):</b> 277.430°<br>
          <hr>
          <u>Path P2 → P1:</u><br>
          <b>Forward Azimuth at P2 (Az21):</b> 97.430°<br>
          <b>Back Azimuth at P1 (BackAz21):</b> 97.463°<br>
          <hr>
          <b>Filter Reason(s):</b> Dist factor of:5.6050<br>
          <hr>
          <i>Calculation Method: Ellipsoidal (WGS84)</i>
        ]]>                
        
            </description>
            <styleUrl>#736</styleUrl>
            <LineString id="734">
                <coordinates>-77.03431133703796,38.89597663639302,0.0 -77.08586335465753,38.90124200833564,0.0</coordinates>
            </LineString>
        </Placemark>
        <Placemark id="739">
            <name>Wc → Cavg</name>
            <description>
                
        
<![CDATA[
          <b>P1:</b> Wc<br>
          <b>P2:</b> Cavg<br>
          <hr>
          <b>Distance:</b> 0.006 miles<br>
          <hr>
          <u>Path P1 → P2:</u><br>
          <b>Forward Azimuth at P1 (Az12):</b> 174.821°<br>
          <b>Back Azimuth at P2 (BackAz12):</b> 174.821°<br>
          <hr>
          <u>Path P2 → P1:</u><br>
          <b>Forward Azimuth at P2 (Az21):</b> 354.821°<br>
          <b>Back Azimuth at P1 (BackAz21):</b> 354.821°<br>
          <hr>
          <b>Filter Reason(s):</b> Dist factor of:1.6180, Dist factor of:5.6050<br>
          <hr>
          <i>Calculation Method: Ellipsoidal (WGS84)</i>
        ]]>                
        
            </description>
            <styleUrl>#740</styleUrl>
            <LineString id="738">
                <coordinates>-77.04078625,38.89317136999999,0.0 -77.04077541312266,38.89307792552204,0.0</coordinates>
            </LineString>
        </Placemark>
        <Placemark id="743">
            <name>Wc → H86</name>
            <description>
                
        
<![CDATA[
          <b>P1:</b> Wc<br>
          <b>P2:</b> H86<br>
          <hr>
          <b>Distance:</b> 6.182 miles<br>
          <hr>
          <u>Path P1 → P2:</u><br>
          <b>Forward Azimuth at P1 (Az12):</b> 157.336°<br>
          <b>Back Azimuth at P2 (BackAz12):</b> 157.363°<br>
          <hr>
          <u>Path P2 → P1:</u><br>
          <b>Forward Azimuth at P2 (Az21):</b> 337.363°<br>
          <b>Back Azimuth at P1 (BackAz21):</b> 337.336°<br>
          <hr>
          <b>Filter Reason(s):</b> Dist multiple:0.4755<br>
          <hr>
          <i>Calculation Method: Ellipsoidal (WGS84)</i>
        ]]>                
        
            </description>
            <styleUrl>#744</styleUrl>
            <LineString id="742">
                <coordinates>-77.04078625,38.89317136999999,0.0 -76.99664817839795,38.810462075372,0.0</coordinates>
            </LineString>
        </Placemark>
    </Document>
</kml>
