<?xml version="1.0" encoding="UTF-8"?>
<kml xmlns="http://www.opengis.net/kml/2.2" xmlns:gx="http://www.google.com/kml/ext/2.2">
    <Document id="1">
        <Style id="4">
            <LineStyle id="5">
                <color>FFF5FCF7</color>
                <colorMode>normal</colorMode>
                <width>1.5</width>
            </LineStyle>
        </Style>
        <Style id="8">
            <LineStyle id="9">
                <color>FFE5F6EA</color>
                <colorMode>normal</colorMode>
                <width>1.5</width>
            </LineStyle>
        </Style>
        <Style id="12">
            <LineStyle id="13">
                <color>FFD1EFD7</color>
                <colorMode>normal</colorMode>
                <width>1.5</width>
            </LineStyle>
        </Style>
        <Style id="16">
            <LineStyle id="17">
                <color>FFB9E6C0</color>
                <colorMode>normal</colorMode>
                <width>1.5</width>
            </LineStyle>
        </Style>
        <Style id="20">
            <LineStyle id="21">
                <color>FFB9E6C0</color>
                <colorMode>normal</colorMode>
                <width>1.5</width>
            </LineStyle>
        </Style>
        <Style id="24">
            <LineStyle id="25">
                <color>FFF5FCF7</color>
                <colorMode>normal</colorMode>
                <width>1.5</width>
            </LineStyle>
        </Style>
        <Style id="28">
            <LineStyle id="29">
                <color>FF9EDAA4</color>
                <colorMode>normal</colorMode>
                <width>1.5</width>
            </LineStyle>
        </Style>
        <Style id="32">
            <LineStyle id="33">
                <color>FF83CB84</color>
                <colorMode>normal</colorMode>
                <width>1.5</width>
            </LineStyle>
        </Style>
        <Style id="36">
            <LineStyle id="37">
                <color>FFF5FCF7</color>
                <colorMode>normal</colorMode>
                <width>1.5</width>
            </LineStyle>
        </Style>
        <Style id="40">
            <LineStyle id="41">
                <color>FF83CB84</color>
                <colorMode>normal</colorMode>
                <width>1.5</width>
            </LineStyle>
        </Style>
        <Style id="44">
            <LineStyle id="45">
                <color>FFF5FCF7</color>
                <colorMode>normal</colorMode>
                <width>1.5</width>
            </LineStyle>
        </Style>
        <Style id="48">
            <LineStyle id="49">
                <color>FF6CBA61</color>
                <colorMode>normal</colorMode>
                <width>1.5</width>
            </LineStyle>
        </Style>
        <Style id="52">
            <LineStyle id="53">
                <color>FF5BA83E</color>
                <colorMode>normal</colorMode>
                <width>1.5</width>
            </LineStyle>
        </Style>
        <Style id="56">
            <LineStyle id="57">
                <color>FF83CB84</color>
                <colorMode>normal</colorMode>
                <width>1.5</width>
            </LineStyle>
        </Style>
        <Style id="60">
            <LineStyle id="61">
                <color>FFF5FCF7</color>
                <colorMode>normal</colorMode>
                <width>1.5</width>
            </LineStyle>
        </Style>
        <Style id="64">
            <LineStyle id="65">
                <color>FF5BA83E</color>
                <colorMode>normal</colorMode>
                <width>1.5</width>
            </LineStyle>
        </Style>
        <Style id="68">
            <LineStyle id="69">
                <color>FFD1EFD7</color>
                <colorMode>normal</colorMode>
                <width>1.5</width>
            </LineStyle>
        </Style>
        <Style id="72">
            <LineStyle id="73">
                <color>FF489027</color>
                <colorMode>normal</colorMode>
                <width>1.5</width>
            </LineStyle>
        </Style>
        <Style id="76">
            <LineStyle id="77">
                <color>FF377A0F</color>
                <colorMode>normal</colorMode>
                <width>1.5</width>
            </LineStyle>
        </Style>
        <Style id="80">
            <LineStyle id="81">
                <color>FFF5FCF7</color>
                <colorMode>normal</colorMode>
                <width>1.5</width>
            </LineStyle>
        </Style>
        <Style id="84">
            <LineStyle id="85">
                <color>FFF5FCF7</color>
                <colorMode>normal</colorMode>
                <width>1.5</width>
            </LineStyle>
        </Style>
        <Style id="88">
            <LineStyle id="89">
                <color>FF276100</color>
                <colorMode>normal</colorMode>
                <width>2.5</width>
            </LineStyle>
        </Style>
        <Style id="92">
            <LineStyle id="93">
                <color>FF489027</color>
                <colorMode>normal</colorMode>
                <width>1.5</width>
            </LineStyle>
        </Style>
        <Style id="96">
            <LineStyle id="97">
                <color>FF1B4400</color>
                <colorMode>normal</colorMode>
                <width>1.5</width>
            </LineStyle>
        </Style>
        <Style id="100">
            <LineStyle id="101">
                <color>FFE5F6EA</color>
                <colorMode>normal</colorMode>
                <width>1.5</width>
            </LineStyle>
        </Style>
        <Style id="104">
            <LineStyle id="105">
                <color>FF377A0F</color>
                <colorMode>normal</colorMode>
                <width>1.5</width>
            </LineStyle>
        </Style>
        <Style id="108">
            <LineStyle id="109">
                <color>FF83CB84</color>
                <colorMode>normal</colorMode>
                <width>1.5</width>
            </LineStyle>
        </Style>
        <Style id="112">
            <LineStyle id="113">
                <color>FFFFFBF7</color>
                <colorMode>normal</colorMode>
                <width>1.5</width>
            </LineStyle>
        </Style>
        <Style id="116">
            <LineStyle id="117">
                <color>FFF5FCF7</color>
                <colorMode>normal</colorMode>
                <width>1.5</width>
            </LineStyle>
        </Style>
        <Style id="120">
            <LineStyle id="121">
                <color>FFF5FCF7</color>
                <colorMode>normal</colorMode>
                <width>1.5</width>
            </LineStyle>
        </Style>
        <Style id="124">
            <LineStyle id="125">
                <color>FF83CB84</color>
                <colorMode>normal</colorMode>
                <width>1.5</width>
            </LineStyle>
        </Style>
        <Style id="128">
            <LineStyle id="129">
                <color>FF377A0F</color>
                <colorMode>normal</colorMode>
                <width>1.5</width>
            </LineStyle>
        </Style>
        <Style id="132">
            <LineStyle id="133">
                <color>FFE5F6EA</color>
                <colorMode>normal</colorMode>
                <width>1.5</width>
            </LineStyle>
        </Style>
        <Style id="136">
            <LineStyle id="137">
                <color>FFF5FCF7</color>
                <colorMode>normal</colorMode>
                <width>1.5</width>
            </LineStyle>
        </Style>
        <Style id="140">
            <LineStyle id="141">
                <color>FFFFFBF7</color>
                <colorMode>normal</colorMode>
                <width>1.5</width>
            </LineStyle>
        </Style>
        <Style id="144">
            <LineStyle id="145">
                <color>FFF5FCF7</color>
                <colorMode>normal</colorMode>
                <width>1.5</width>
            </LineStyle>
        </Style>
        <Style id="148">
            <LineStyle id="149">
                <color>FF1B4400</color>
                <colorMode>normal</colorMode>
                <width>1.5</width>
            </LineStyle>
        </Style>
        <Style id="152">
            <LineStyle id="153">
                <color>FFFFFBF7</color>
                <colorMode>normal</colorMode>
                <width>1.5</width>
            </LineStyle>
        </Style>
        <Style id="156">
            <LineStyle id="157">
                <color>FF377A0F</color>
                <colorMode>normal</colorMode>
                <width>1.5</width>
            </LineStyle>
        </Style>
        <Style id="160">
            <LineStyle id="161">
                <color>FFE5F6EA</color>
                <colorMode>normal</colorMode>
                <width>1.5</width>
            </LineStyle>
        </Style>
        <Style id="164">
            <LineStyle id="165">
                <color>FFE5F6EA</color>
                <colorMode>normal</colorMode>
                <width>1.5</width>
            </LineStyle>
        </Style>
        <Style id="168">
            <LineStyle id="169">
                <color>FF83CB84</color>
                <colorMode>normal</colorMode>
                <width>1.5</width>
            </LineStyle>
        </Style>
        <Style id="172">
            <LineStyle id="173">
                <color>FF83CB84</color>
                <colorMode>normal</colorMode>
                <width>1.5</width>
            </LineStyle>
        </Style>
        <Style id="176">
            <LineStyle id="177">
                <color>FFF9EFE4</color>
                <colorMode>normal</colorMode>
                <width>1.5</width>
            </LineStyle>
        </Style>
        <Style id="180">
            <LineStyle id="181">
                <color>FFF3E3D3</color>
                <colorMode>normal</colorMode>
                <width>1.5</width>
            </LineStyle>
        </Style>
        <Style id="184">
            <LineStyle id="185">
                <color>FF6CBA61</color>
                <colorMode>normal</colorMode>
                <width>1.5</width>
            </LineStyle>
        </Style>
        <Style id="188">
            <LineStyle id="189">
                <color>FFECD8BF</color>
                <colorMode>normal</colorMode>
                <width>1.5</width>
            </LineStyle>
        </Style>
        <Style id="192">
            <LineStyle id="193">
                <color>FFD1EFD7</color>
                <colorMode>normal</colorMode>
                <width>1.5</width>
            </LineStyle>
        </Style>
        <Style id="196">
            <LineStyle id="197">
                <color>FFD1EFD7</color>
                <colorMode>normal</colorMode>
                <width>1.5</width>
            </LineStyle>
        </Style>
        <Style id="200">
            <LineStyle id="201">
                <color>FFE5F6EA</color>
                <colorMode>normal</colorMode>
                <width>1.5</width>
            </LineStyle>
        </Style>
        <Style id="204">
            <LineStyle id="205">
                <color>FFE5F6EA</color>
                <colorMode>normal</colorMode>
                <width>1.5</width>
            </LineStyle>
        </Style>
        <Style id="208">
            <LineStyle id="209">
                <color>FFF5FCF7</color>
                <colorMode>normal</colorMode>
                <width>1.5</width>
            </LineStyle>
        </Style>
        <Style id="212">
            <LineStyle id="213">
                <color>FF377A0F</color>
                <colorMode>normal</colorMode>
                <width>1.5</width>
            </LineStyle>
        </Style>
        <Style id="216">
            <LineStyle id="217">
                <color>FFD1EFD7</color>
                <colorMode>normal</colorMode>
                <width>1.5</width>
            </LineStyle>
        </Style>
        <Style id="220">
            <LineStyle id="221">
                <color>FF83CB84</color>
                <colorMode>normal</colorMode>
                <width>1.5</width>
            </LineStyle>
        </Style>
        <Style id="224">
            <LineStyle id="225">
                <color>FF377A0F</color>
                <colorMode>normal</colorMode>
                <width>1.5</width>
            </LineStyle>
        </Style>
        <Style id="228">
            <LineStyle id="229">
                <color>FF83CB84</color>
                <colorMode>normal</colorMode>
                <width>1.5</width>
            </LineStyle>
        </Style>
        <Style id="232">
            <LineStyle id="233">
                <color>FFD1EFD7</color>
                <colorMode>normal</colorMode>
                <width>1.5</width>
            </LineStyle>
        </Style>
        <Style id="236">
            <LineStyle id="237">
                <color>FFE2CBA1</color>
                <colorMode>normal</colorMode>
                <width>1.5</width>
            </LineStyle>
        </Style>
        <Style id="240">
            <LineStyle id="241">
                <color>FF377A0F</color>
                <colorMode>normal</colorMode>
                <width>1.5</width>
            </LineStyle>
        </Style>
        <Style id="244">
            <LineStyle id="245">
                <color>FFE2CBA1</color>
                <colorMode>normal</colorMode>
                <width>1.5</width>
            </LineStyle>
        </Style>
        <Style id="248">
            <LineStyle id="249">
                <color>FF5BA83E</color>
                <colorMode>normal</colorMode>
                <width>1.5</width>
            </LineStyle>
        </Style>
        <Style id="252">
            <LineStyle id="253">
                <color>FFD1EFD7</color>
                <colorMode>normal</colorMode>
                <width>1.5</width>
            </LineStyle>
        </Style>
        <Style id="256">
            <LineStyle id="257">
                <color>FFF5FCF7</color>
                <colorMode>normal</colorMode>
                <width>1.5</width>
            </LineStyle>
        </Style>
        <Style id="260">
            <LineStyle id="261">
                <color>FFD9B87D</color>
                <colorMode>normal</colorMode>
                <width>1.5</width>
            </LineStyle>
        </Style>
        <Style id="264">
            <LineStyle id="265">
                <color>FFF9EFE4</color>
                <colorMode>normal</colorMode>
                <width>1.5</width>
            </LineStyle>
        </Style>
        <Style id="268">
            <LineStyle id="269">
                <color>FF83CB84</color>
                <colorMode>normal</colorMode>
                <width>1.5</width>
            </LineStyle>
        </Style>
        <Style id="272">
            <LineStyle id="273">
                <color>FFECD8BF</color>
                <colorMode>normal</colorMode>
                <width>1.5</width>
            </LineStyle>
        </Style>
        <Style id="276">
            <LineStyle id="277">
                <color>FFF5FCF7</color>
                <colorMode>normal</colorMode>
                <width>1.5</width>
            </LineStyle>
        </Style>
        <Style id="280">
            <LineStyle id="281">
                <color>FFF5FCF7</color>
                <colorMode>normal</colorMode>
                <width>1.5</width>
            </LineStyle>
        </Style>
        <Style id="284">
            <LineStyle id="285">
                <color>FF83CB84</color>
                <colorMode>normal</colorMode>
                <width>1.5</width>
            </LineStyle>
        </Style>
        <Style id="288">
            <LineStyle id="289">
                <color>FF6CBA61</color>
                <colorMode>normal</colorMode>
                <width>1.5</width>
            </LineStyle>
        </Style>
        <Style id="292">
            <LineStyle id="293">
                <color>FFD1EFD7</color>
                <colorMode>normal</colorMode>
                <width>1.5</width>
            </LineStyle>
        </Style>
        <Style id="296">
            <LineStyle id="297">
                <color>FFF5FCF7</color>
                <colorMode>normal</colorMode>
                <width>1.5</width>
            </LineStyle>
        </Style>
        <Style id="300">
            <LineStyle id="301">
                <color>FFF5FCF7</color>
                <colorMode>normal</colorMode>
                <width>1.5</width>
            </LineStyle>
        </Style>
        <Style id="304">
            <LineStyle id="305">
                <color>FFF5FCF7</color>
                <colorMode>normal</colorMode>
                <width>1.5</width>
            </LineStyle>
        </Style>
        <Style id="308">
            <LineStyle id="309">
                <color>FF6CBA61</color>
                <colorMode>normal</colorMode>
                <width>1.5</width>
            </LineStyle>
        </Style>
        <Style id="312">
            <LineStyle id="313">
                <color>FF9EDAA4</color>
                <colorMode>normal</colorMode>
                <width>1.5</width>
            </LineStyle>
        </Style>
        <Style id="316">
            <LineStyle id="317">
                <color>FF9EDAA4</color>
                <colorMode>normal</colorMode>
                <width>1.5</width>
            </LineStyle>
        </Style>
        <Style id="320">
            <LineStyle id="321">
                <color>FFF9EFE4</color>
                <colorMode>normal</colorMode>
                <width>1.5</width>
            </LineStyle>
        </Style>
        <Style id="324">
            <LineStyle id="325">
                <color>FFD1EFD7</color>
                <colorMode>normal</colorMode>
                <width>1.5</width>
            </LineStyle>
        </Style>
        <Style id="328">
            <LineStyle id="329">
                <color>FFF5FCF7</color>
                <colorMode>normal</colorMode>
                <width>1.5</width>
            </LineStyle>
        </Style>
        <Style id="332">
            <LineStyle id="333">
                <color>FF83CB84</color>
                <colorMode>normal</colorMode>
                <width>1.5</width>
            </LineStyle>
        </Style>
        <Style id="336">
            <LineStyle id="337">
                <color>FFF5FCF7</color>
                <colorMode>normal</colorMode>
                <width>1.5</width>
            </LineStyle>
        </Style>
        <Style id="340">
            <LineStyle id="341">
                <color>FF5BA83E</color>
                <colorMode>normal</colorMode>
                <width>1.5</width>
            </LineStyle>
        </Style>
        <Style id="344">
            <LineStyle id="345">
                <color>FF9EDAA4</color>
                <colorMode>normal</colorMode>
                <width>1.5</width>
            </LineStyle>
        </Style>
        <Style id="348">
            <LineStyle id="349">
                <color>FF9EDAA4</color>
                <colorMode>normal</colorMode>
                <width>1.5</width>
            </LineStyle>
        </Style>
        <Style id="352">
            <LineStyle id="353">
                <color>FF6CBA61</color>
                <colorMode>normal</colorMode>
                <width>1.5</width>
            </LineStyle>
        </Style>
        <Style id="356">
            <LineStyle id="357">
                <color>FF83CB84</color>
                <colorMode>normal</colorMode>
                <width>1.5</width>
            </LineStyle>
        </Style>
        <Style id="360">
            <LineStyle id="361">
                <color>FFD1EFD7</color>
                <colorMode>normal</colorMode>
                <width>1.5</width>
            </LineStyle>
        </Style>
        <Style id="364">
            <LineStyle id="365">
                <color>FFF5FCF7</color>
                <colorMode>normal</colorMode>
                <width>1.5</width>
            </LineStyle>
        </Style>
        <Style id="368">
            <LineStyle id="369">
                <color>FFD1EFD7</color>
                <colorMode>normal</colorMode>
                <width>1.5</width>
            </LineStyle>
        </Style>
        <Style id="372">
            <LineStyle id="373">
                <color>FFD1EFD7</color>
                <colorMode>normal</colorMode>
                <width>1.5</width>
            </LineStyle>
        </Style>
        <Style id="376">
            <LineStyle id="377">
                <color>FFF5FCF7</color>
                <colorMode>normal</colorMode>
                <width>1.5</width>
            </LineStyle>
        </Style>
        <Style id="380">
            <LineStyle id="381">
                <color>FF276100</color>
                <colorMode>normal</colorMode>
                <width>2.5</width>
            </LineStyle>
        </Style>
        <Style id="384">
            <LineStyle id="385">
                <color>FF6CBA61</color>
                <colorMode>normal</colorMode>
                <width>1.5</width>
            </LineStyle>
        </Style>
        <Style id="388">
            <LineStyle id="389">
                <color>FF377A0F</color>
                <colorMode>normal</colorMode>
                <width>1.5</width>
            </LineStyle>
        </Style>
        <Style id="392">
            <LineStyle id="393">
                <color>FFD1EFD7</color>
                <colorMode>normal</colorMode>
                <width>1.5</width>
            </LineStyle>
        </Style>
        <Style id="396">
            <LineStyle id="397">
                <color>FFE5F6EA</color>
                <colorMode>normal</colorMode>
                <width>1.5</width>
            </LineStyle>
        </Style>
        <Style id="400">
            <LineStyle id="401">
                <color>FFF5FCF7</color>
                <colorMode>normal</colorMode>
                <width>1.5</width>
            </LineStyle>
        </Style>
        <Style id="404">
            <LineStyle id="405">
                <color>FFD1EFD7</color>
                <colorMode>normal</colorMode>
                <width>1.5</width>
            </LineStyle>
        </Style>
        <Style id="408">
            <LineStyle id="409">
                <color>FFF5FCF7</color>
                <colorMode>normal</colorMode>
                <width>1.5</width>
            </LineStyle>
        </Style>
        <Style id="412">
            <LineStyle id="413">
                <color>FF377A0F</color>
                <colorMode>normal</colorMode>
                <width>1.5</width>
            </LineStyle>
        </Style>
        <Style id="416">
            <LineStyle id="417">
                <color>FF6CBA61</color>
                <colorMode>normal</colorMode>
                <width>1.5</width>
            </LineStyle>
        </Style>
        <Style id="420">
            <LineStyle id="421">
                <color>FF9EDAA4</color>
                <colorMode>normal</colorMode>
                <width>1.5</width>
            </LineStyle>
        </Style>
        <Style id="424">
            <LineStyle id="425">
                <color>FF6CBA61</color>
                <colorMode>normal</colorMode>
                <width>1.5</width>
            </LineStyle>
        </Style>
        <Style id="428">
            <LineStyle id="429">
                <color>FF377A0F</color>
                <colorMode>normal</colorMode>
                <width>1.5</width>
            </LineStyle>
        </Style>
        <Style id="432">
            <LineStyle id="433">
                <color>FFF5FCF7</color>
                <colorMode>normal</colorMode>
                <width>1.5</width>
            </LineStyle>
        </Style>
        <Style id="436">
            <LineStyle id="437">
                <color>FFE5F6EA</color>
                <colorMode>normal</colorMode>
                <width>1.5</width>
            </LineStyle>
        </Style>
        <Style id="440">
            <LineStyle id="441">
                <color>FFE5F6EA</color>
                <colorMode>normal</colorMode>
                <width>1.5</width>
            </LineStyle>
        </Style>
        <Style id="444">
            <LineStyle id="445">
                <color>FFE5F6EA</color>
                <colorMode>normal</colorMode>
                <width>1.5</width>
            </LineStyle>
        </Style>
        <Style id="448">
            <LineStyle id="449">
                <color>FFF5FCF7</color>
                <colorMode>normal</colorMode>
                <width>1.5</width>
            </LineStyle>
        </Style>
        <Style id="452">
            <LineStyle id="453">
                <color>FF6CBA61</color>
                <colorMode>normal</colorMode>
                <width>1.5</width>
            </LineStyle>
        </Style>
        <Style id="456">
            <LineStyle id="457">
                <color>FF6CBA61</color>
                <colorMode>normal</colorMode>
                <width>1.5</width>
            </LineStyle>
        </Style>
        <Style id="460">
            <LineStyle id="461">
                <color>FF5BA83E</color>
                <colorMode>normal</colorMode>
                <width>1.5</width>
            </LineStyle>
        </Style>
        <Style id="464">
            <LineStyle id="465">
                <color>FFF5FCF7</color>
                <colorMode>normal</colorMode>
                <width>1.5</width>
            </LineStyle>
        </Style>
        <Style id="468">
            <LineStyle id="469">
                <color>FF6CBA61</color>
                <colorMode>normal</colorMode>
                <width>1.5</width>
            </LineStyle>
        </Style>
        <Style id="472">
            <LineStyle id="473">
                <color>FFE5F6EA</color>
                <colorMode>normal</colorMode>
                <width>1.5</width>
            </LineStyle>
        </Style>
        <Style id="476">
            <LineStyle id="477">
                <color>FF83CB84</color>
                <colorMode>normal</colorMode>
                <width>1.5</width>
            </LineStyle>
        </Style>
        <Style id="480">
            <LineStyle id="481">
                <color>FFF5FCF7</color>
                <colorMode>normal</colorMode>
                <width>1.5</width>
            </LineStyle>
        </Style>
        <Style id="484">
            <LineStyle id="485">
                <color>FFF5FCF7</color>
                <colorMode>normal</colorMode>
                <width>1.5</width>
            </LineStyle>
        </Style>
        <Style id="488">
            <LineStyle id="489">
                <color>FF83CB84</color>
                <colorMode>normal</colorMode>
                <width>1.5</width>
            </LineStyle>
        </Style>
        <Style id="492">
            <LineStyle id="493">
                <color>FF83CB84</color>
                <colorMode>normal</colorMode>
                <width>1.5</width>
            </LineStyle>
        </Style>
        <Style id="496">
            <LineStyle id="497">
                <color>FF83CB84</color>
                <colorMode>normal</colorMode>
                <width>1.5</width>
            </LineStyle>
        </Style>
        <Style id="500">
            <LineStyle id="501">
                <color>FF5BA83E</color>
                <colorMode>normal</colorMode>
                <width>1.5</width>
            </LineStyle>
        </Style>
        <Style id="504">
            <LineStyle id="505">
                <color>FF377A0F</color>
                <colorMode>normal</colorMode>
                <width>1.5</width>
            </LineStyle>
        </Style>
        <Style id="508">
            <LineStyle id="509">
                <color>FFD1EFD7</color>
                <colorMode>normal</colorMode>
                <width>1.5</width>
            </LineStyle>
        </Style>
        <Style id="512">
            <LineStyle id="513">
                <color>FF6CBA61</color>
                <colorMode>normal</colorMode>
                <width>1.5</width>
            </LineStyle>
        </Style>
        <Style id="516">
            <LineStyle id="517">
                <color>FF377A0F</color>
                <colorMode>normal</colorMode>
                <width>1.5</width>
            </LineStyle>
        </Style>
        <Style id="520">
            <LineStyle id="521">
                <color>FFD1EFD7</color>
                <colorMode>normal</colorMode>
                <width>1.5</width>
            </LineStyle>
        </Style>
        <Style id="524">
            <LineStyle id="525">
                <color>FF377A0F</color>
                <colorMode>normal</colorMode>
                <width>1.5</width>
            </LineStyle>
        </Style>
        <Style id="528">
            <LineStyle id="529">
                <color>FFF5FCF7</color>
                <colorMode>normal</colorMode>
                <width>1.5</width>
            </LineStyle>
        </Style>
        <Style id="532">
            <LineStyle id="533">
                <color>FF9EDAA4</color>
                <colorMode>normal</colorMode>
                <width>1.5</width>
            </LineStyle>
        </Style>
        <Style id="536">
            <LineStyle id="537">
                <color>FF83CB84</color>
                <colorMode>normal</colorMode>
                <width>1.5</width>
            </LineStyle>
        </Style>
        <Style id="540">
            <LineStyle id="541">
                <color>FFE2CBA1</color>
                <colorMode>normal</colorMode>
                <width>1.5</width>
            </LineStyle>
        </Style>
        <Style id="544">
            <LineStyle id="545">
                <color>FFF5FCF7</color>
                <colorMode>normal</colorMode>
                <width>1.5</width>
            </LineStyle>
        </Style>
        <Style id="548">
            <LineStyle id="549">
                <color>FFF5FCF7</color>
                <colorMode>normal</colorMode>
                <width>1.5</width>
            </LineStyle>
        </Style>
        <Style id="552">
            <LineStyle id="553">
                <color>FFF5FCF7</color>
                <colorMode>normal</colorMode>
                <width>1.5</width>
            </LineStyle>
        </Style>
        <Style id="556">
            <LineStyle id="557">
                <color>FFE2CBA1</color>
                <colorMode>normal</colorMode>
                <width>1.5</width>
            </LineStyle>
        </Style>
        <Style id="560">
            <LineStyle id="561">
                <color>FFF5FCF7</color>
                <colorMode>normal</colorMode>
                <width>1.5</width>
            </LineStyle>
        </Style>
        <Style id="564">
            <LineStyle id="565">
                <color>FF377A0F</color>
                <colorMode>normal</colorMode>
                <width>1.5</width>
            </LineStyle>
        </Style>
        <Style id="568">
            <LineStyle id="569">
                <color>FFE5F6EA</color>
                <colorMode>normal</colorMode>
                <width>1.5</width>
            </LineStyle>
        </Style>
        <Style id="572">
            <LineStyle id="573">
                <color>FF377A0F</color>
                <colorMode>normal</colorMode>
                <width>1.5</width>
            </LineStyle>
        </Style>
        <Style id="576">
            <LineStyle id="577">
                <color>FF377A0F</color>
                <colorMode>normal</colorMode>
                <width>1.5</width>
            </LineStyle>
        </Style>
        <Style id="580">
            <LineStyle id="581">
                <color>FFF5FCF7</color>
                <colorMode>normal</colorMode>
                <width>1.5</width>
            </LineStyle>
        </Style>
        <Style id="584">
            <LineStyle id="585">
                <color>FFF5FCF7</color>
                <colorMode>normal</colorMode>
                <width>1.5</width>
            </LineStyle>
        </Style>
        <Style id="588">
            <LineStyle id="589">
                <color>FFFFFBF7</color>
                <colorMode>normal</colorMode>
                <width>1.5</width>
            </LineStyle>
        </Style>
        <Style id="592">
            <LineStyle id="593">
                <color>FF83CB84</color>
                <colorMode>normal</colorMode>
                <width>1.5</width>
            </LineStyle>
        </Style>
        <Style id="596">
            <LineStyle id="597">
                <color>FF377A0F</color>
                <colorMode>normal</colorMode>
                <width>1.5</width>
            </LineStyle>
        </Style>
        <Style id="600">
            <LineStyle id="601">
                <color>FFD0A35C</color>
                <colorMode>normal</colorMode>
                <width>2.5</width>
            </LineStyle>
        </Style>
        <Style id="604">
            <LineStyle id="605">
                <color>FFFFFBF7</color>
                <colorMode>normal</colorMode>
                <width>1.5</width>
            </LineStyle>
        </Style>
        <Style id="608">
            <LineStyle id="609">
                <color>FF83CB84</color>
                <colorMode>normal</colorMode>
                <width>1.5</width>
            </LineStyle>
        </Style>
        <Style id="612">
            <LineStyle id="613">
                <color>FF6CBA61</color>
                <colorMode>normal</colorMode>
                <width>1.5</width>
            </LineStyle>
        </Style>
        <Style id="616">
            <LineStyle id="617">
                <color>FF9EDAA4</color>
                <colorMode>normal</colorMode>
                <width>1.5</width>
            </LineStyle>
        </Style>
        <Style id="620">
            <LineStyle id="621">
                <color>FFC48F3F</color>
                <colorMode>normal</colorMode>
                <width>2.5</width>
            </LineStyle>
        </Style>
        <Style id="624">
            <LineStyle id="625">
                <color>FFD1EFD7</color>
                <colorMode>normal</colorMode>
                <width>1.5</width>
            </LineStyle>
        </Style>
        <Style id="628">
            <LineStyle id="629">
                <color>FF6CBA61</color>
                <colorMode>normal</colorMode>
                <width>1.5</width>
            </LineStyle>
        </Style>
        <Style id="632">
            <LineStyle id="633">
                <color>FFB77626</color>
                <colorMode>normal</colorMode>
                <width>1.5</width>
            </LineStyle>
        </Style>
        <Style id="636">
            <LineStyle id="637">
                <color>FF83CB84</color>
                <colorMode>normal</colorMode>
                <width>1.5</width>
            </LineStyle>
        </Style>
        <Style id="640">
            <LineStyle id="641">
                <color>FFE5F6EA</color>
                <colorMode>normal</colorMode>
                <width>1.5</width>
            </LineStyle>
        </Style>
        <Style id="644">
            <LineStyle id="645">
                <color>FF9EDAA4</color>
                <colorMode>normal</colorMode>
                <width>1.5</width>
            </LineStyle>
        </Style>
        <Style id="648">
            <LineStyle id="649">
                <color>FFF5FCF7</color>
                <colorMode>normal</colorMode>
                <width>1.5</width>
            </LineStyle>
        </Style>
        <Style id="652">
            <LineStyle id="653">
                <color>FF6CBA61</color>
                <colorMode>normal</colorMode>
                <width>1.5</width>
            </LineStyle>
        </Style>
        <Style id="656">
            <LineStyle id="657">
                <color>FFB9E6C0</color>
                <colorMode>normal</colorMode>
                <width>1.5</width>
            </LineStyle>
        </Style>
        <Style id="660">
            <LineStyle id="661">
                <color>FFFFFBF7</color>
                <colorMode>normal</colorMode>
                <width>1.5</width>
            </LineStyle>
        </Style>
        <Style id="664">
            <LineStyle id="665">
                <color>FFD1EFD7</color>
                <colorMode>normal</colorMode>
                <width>1.5</width>
            </LineStyle>
        </Style>
        <Style id="668">
            <LineStyle id="669">
                <color>FFF5FCF7</color>
                <colorMode>normal</colorMode>
                <width>1.5</width>
            </LineStyle>
        </Style>
        <Style id="672">
            <LineStyle id="673">
                <color>FFF5FCF7</color>
                <colorMode>normal</colorMode>
                <width>1.5</width>
            </LineStyle>
        </Style>
        <Style id="676">
            <LineStyle id="677">
                <color>FFF9EFE4</color>
                <colorMode>normal</colorMode>
                <width>1.5</width>
            </LineStyle>
        </Style>
        <Style id="680">
            <LineStyle id="681">
                <color>FF9EDAA4</color>
                <colorMode>normal</colorMode>
                <width>1.5</width>
            </LineStyle>
        </Style>
        <Style id="684">
            <LineStyle id="685">
                <color>FF83CB84</color>
                <colorMode>normal</colorMode>
                <width>1.5</width>
            </LineStyle>
        </Style>
        <Style id="688">
            <LineStyle id="689">
                <color>FF377A0F</color>
                <colorMode>normal</colorMode>
                <width>1.5</width>
            </LineStyle>
        </Style>
        <Style id="692">
            <LineStyle id="693">
                <color>FFD1EFD7</color>
                <colorMode>normal</colorMode>
                <width>1.5</width>
            </LineStyle>
        </Style>
        <Style id="696">
            <LineStyle id="697">
                <color>FF83CB84</color>
                <colorMode>normal</colorMode>
                <width>1.5</width>
            </LineStyle>
        </Style>
        <Style id="700">
            <LineStyle id="701">
                <color>FF377A0F</color>
                <colorMode>normal</colorMode>
                <width>1.5</width>
            </LineStyle>
        </Style>
        <Style id="704">
            <LineStyle id="705">
                <color>FFF5FCF7</color>
                <colorMode>normal</colorMode>
                <width>1.5</width>
            </LineStyle>
        </Style>
        <Style id="708">
            <LineStyle id="709">
                <color>FFD1EFD7</color>
                <colorMode>normal</colorMode>
                <width>1.5</width>
            </LineStyle>
        </Style>
        <Style id="712">
            <LineStyle id="713">
                <color>FFA75F13</color>
                <colorMode>normal</colorMode>
                <width>2.5</width>
            </LineStyle>
        </Style>
        <Style id="716">
            <LineStyle id="717">
                <color>FF9EDAA4</color>
                <colorMode>normal</colorMode>
                <width>1.5</width>
            </LineStyle>
        </Style>
        <Style id="720">
            <LineStyle id="721">
                <color>FF377A0F</color>
                <colorMode>normal</colorMode>
                <width>1.5</width>
            </LineStyle>
        </Style>
        <Style id="724">
            <LineStyle id="725">
                <color>FFD1EFD7</color>
                <colorMode>normal</colorMode>
                <width>1.5</width>
            </LineStyle>
        </Style>
        <Style id="728">
            <LineStyle id="729">
                <color>FFF5FCF7</color>
                <colorMode>normal</colorMode>
                <width>1.5</width>
            </LineStyle>
        </Style>
        <Style id="732">
            <LineStyle id="733">
                <color>FFD0A35C</color>
                <colorMode>normal</colorMode>
                <width>2.5</width>
            </LineStyle>
        </Style>
        <Style id="736">
            <LineStyle id="737">
                <color>FFE2CBA1</color>
                <colorMode>normal</colorMode>
                <width>1.5</width>
            </LineStyle>
        </Style>
        <Style id="740">
            <LineStyle id="741">
                <color>FFFFFBF7</color>
                <colorMode>normal</colorMode>
                <width>1.5</width>
            </LineStyle>
        </Style>
        <Style id="744">
            <LineStyle id="745">
                <color>FF9EDAA4</color>
                <colorMode>normal</colorMode>
                <width>1.5</width>
            </LineStyle>
        </Style>
        <Style id="748">
            <LineStyle id="749">
                <color>FF276100</color>
                <colorMode>normal</colorMode>
                <width>2.5</width>
            </LineStyle>
        </Style>
        <Style id="752">
            <LineStyle id="753">
                <color>FF9EDAA4</color>
                <colorMode>normal</colorMode>
                <width>1.5</width>
            </LineStyle>
        </Style>
        <Style id="756">
            <LineStyle id="757">
                <color>FFD1EFD7</color>
                <colorMode>normal</colorMode>
                <width>1.5</width>
            </LineStyle>
        </Style>
        <Style id="760">
            <LineStyle id="761">
                <color>FFA75F13</color>
                <colorMode>normal</colorMode>
                <width>2.5</width>
            </LineStyle>
        </Style>
        <Style id="764">
            <LineStyle id="765">
                <color>FFF5FCF7</color>
                <colorMode>normal</colorMode>
                <width>1.5</width>
            </LineStyle>
        </Style>
        <Style id="768">
            <LineStyle id="769">
                <color>FFF5FCF7</color>
                <colorMode>normal</colorMode>
                <width>1.5</width>
            </LineStyle>
        </Style>
        <Style id="772">
            <LineStyle id="773">
                <color>FF377A0F</color>
                <colorMode>normal</colorMode>
                <width>1.5</width>
            </LineStyle>
        </Style>
        <Style id="776">
            <LineStyle id="777">
                <color>FFF5FCF7</color>
                <colorMode>normal</colorMode>
                <width>1.5</width>
            </LineStyle>
        </Style>
        <Style id="780">
            <LineStyle id="781">
                <color>FFF5FCF7</color>
                <colorMode>normal</colorMode>
                <width>1.5</width>
            </LineStyle>
        </Style>
        <Style id="784">
            <LineStyle id="785">
                <color>FFFFFBF7</color>
                <colorMode>normal</colorMode>
                <width>1.5</width>
            </LineStyle>
        </Style>
        <Style id="788">
            <LineStyle id="789">
                <color>FF377A0F</color>
                <colorMode>normal</colorMode>
                <width>1.5</width>
            </LineStyle>
        </Style>
        <Style id="792">
            <LineStyle id="793">
                <color>FFD1EFD7</color>
                <colorMode>normal</colorMode>
                <width>1.5</width>
            </LineStyle>
        </Style>
        <Style id="796">
            <LineStyle id="797">
                <color>FFD1EFD7</color>
                <colorMode>normal</colorMode>
                <width>1.5</width>
            </LineStyle>
        </Style>
        <Style id="800">
            <LineStyle id="801">
                <color>FF6CBA61</color>
                <colorMode>normal</colorMode>
                <width>1.5</width>
            </LineStyle>
        </Style>
        <Style id="804">
            <LineStyle id="805">
                <color>FFD1EFD7</color>
                <colorMode>normal</colorMode>
                <width>1.5</width>
            </LineStyle>
        </Style>
        <Style id="808">
            <LineStyle id="809">
                <color>FFE5F6EA</color>
                <colorMode>normal</colorMode>
                <width>1.5</width>
            </LineStyle>
        </Style>
        <Style id="812">
            <LineStyle id="813">
                <color>FF8E4708</color>
                <colorMode>normal</colorMode>
                <width>1.5</width>
            </LineStyle>
        </Style>
        <Style id="816">
            <LineStyle id="817">
                <color>FFE5F6EA</color>
                <colorMode>normal</colorMode>
                <width>1.5</width>
            </LineStyle>
        </Style>
        <Style id="820">
            <LineStyle id="821">
                <color>FFF5FCF7</color>
                <colorMode>normal</colorMode>
                <width>1.5</width>
            </LineStyle>
        </Style>
        <Style id="824">
            <LineStyle id="825">
                <color>FFE5F6EA</color>
                <colorMode>normal</colorMode>
                <width>1.5</width>
            </LineStyle>
        </Style>
        <Style id="828">
            <LineStyle id="829">
                <color>FFD1EFD7</color>
                <colorMode>normal</colorMode>
                <width>1.5</width>
            </LineStyle>
        </Style>
        <Style id="832">
            <LineStyle id="833">
                <color>FF6B3008</color>
                <colorMode>normal</colorMode>
                <width>2.5</width>
            </LineStyle>
        </Style>
        <Style id="836">
            <LineStyle id="837">
                <color>FF9EDAA4</color>
                <colorMode>normal</colorMode>
                <width>1.5</width>
            </LineStyle>
        </Style>
        <name>Filtered Lines</name>
        <description>Lines generated using Spherical calculations.</description>
        <Placemark id="3">
            <name>B → Chk17</name>
            <description>
                
        
<![CDATA[
          <b>P1:</b> B<br>
          <b>P2:</b> Chk17<br>
          <hr>
          <b>Distance:</b> 4.674 miles<br>
          <hr>
          <u>Path P1 → P2:</u><br>
          <b>Forward Azimuth at P1 (Az12):</b> 358.877°<br>
          <b>Back Azimuth at P2 (BackAz12):</b> 358.876°<br>
          <hr>
          <u>Path P2 → P1:</u><br>
          <b>Forward Azimuth at P2 (Az21):</b> 178.876°<br>
          <b>Back Azimuth at P1 (BackAz21):</b> 178.877°<br>
          <hr>
          <b>Filter Reason(s):</b> Dist multiple:0.3338<br>
          <hr>
          <i>Calculation Method: Spherical</i>
        ]]>                
        
            </description>
            <styleUrl>#4</styleUrl>
            <LineString id="2">
                <coordinates>-77.008886,38.892743276,0.0 -77.01059198844285,38.96039316959799,0.0</coordinates>
            </LineString>
        </Placemark>
        <Placemark id="7">
            <name>B → H99</name>
            <description>
                
        
<![CDATA[
          <b>P1:</b> B<br>
          <b>P2:</b> H99<br>
          <hr>
          <b>Distance:</b> 0.500 miles<br>
          <hr>
          <u>Path P1 → P2:</u><br>
          <b>Forward Azimuth at P1 (Az12):</b> 121.637°<br>
          <b>Back Azimuth at P2 (BackAz12):</b> 121.642°<br>
          <hr>
          <u>Path P2 → P1:</u><br>
          <b>Forward Azimuth at P2 (Az21):</b> 301.642°<br>
          <b>Back Azimuth at P1 (BackAz21):</b> 301.637°<br>
          <hr>
          <b>Filter Reason(s):</b> Dist Half<br>
          <hr>
          <i>Calculation Method: Spherical</i>
        ]]>                
        
            </description>
            <styleUrl>#8</styleUrl>
            <LineString id="6">
                <coordinates>-77.008886,38.892743276,0.0 -77.00096480083693,38.8889443857454,0.0</coordinates>
            </LineString>
        </Placemark>
        <Placemark id="11">
            <name>CCnrA → P</name>
            <description>
                
        
<![CDATA[
          <b>P1:</b> CCnrA<br>
          <b>P2:</b> P<br>
          <hr>
          <b>Distance:</b> 2.829 miles<br>
          <hr>
          <u>Path P1 → P2:</u><br>
          <b>Forward Azimuth at P1 (Az12):</b> 244.232°<br>
          <b>Back Azimuth at P2 (BackAz12):</b> 244.202°<br>
          <hr>
          <u>Path P2 → P1:</u><br>
          <b>Forward Azimuth at P2 (Az21):</b> 64.202°<br>
          <b>Back Azimuth at P1 (BackAz21):</b> 64.232°<br>
          <hr>
          <b>Filter Reason(s):</b> Dist multiple:0.7071<br>
          <hr>
          <i>Calculation Method: Spherical</i>
        ]]>                
        
            </description>
            <styleUrl>#12</styleUrl>
            <LineString id="10">
                <coordinates>-77.00860327209443,38.88881417737429,0.0 -77.05596854698287,38.87100323118176,0.0</coordinates>
            </LineString>
        </Placemark>
        <Placemark id="15">
            <name>CCnrA → Chk30</name>
            <description>
                
        
<![CDATA[
          <b>P1:</b> CCnrA<br>
          <b>P2:</b> Chk30<br>
          <hr>
          <b>Distance:</b> 7.405 miles<br>
          <hr>
          <u>Path P1 → P2:</u><br>
          <b>Forward Azimuth at P1 (Az12):</b> 260.368°<br>
          <b>Back Azimuth at P2 (BackAz12):</b> 260.283°<br>
          <hr>
          <u>Path P2 → P1:</u><br>
          <b>Forward Azimuth at P2 (Az21):</b> 80.283°<br>
          <b>Back Azimuth at P1 (BackAz21):</b> 80.368°<br>
          <hr>
          <b>Filter Reason(s):</b> Dist multiple:3.7025<br>
          <hr>
          <i>Calculation Method: Spherical</i>
        ]]>                
        
            </description>
            <styleUrl>#16</styleUrl>
            <LineString id="14">
                <coordinates>-77.00860327209443,38.88881417737429,0.0 -77.14434316078132,38.87080074981925,0.0</coordinates>
            </LineString>
        </Placemark>
        <Placemark id="19">
            <name>CCnrA → RCOthr3a</name>
            <description>
                
        
<![CDATA[
          <b>P1:</b> CCnrA<br>
          <b>P2:</b> RCOthr3a<br>
          <hr>
          <b>Distance:</b> 7.405 miles<br>
          <hr>
          <u>Path P1 → P2:</u><br>
          <b>Forward Azimuth at P1 (Az12):</b> 347.723°<br>
          <b>Back Azimuth at P2 (BackAz12):</b> 347.705°<br>
          <hr>
          <u>Path P2 → P1:</u><br>
          <b>Forward Azimuth at P2 (Az21):</b> 167.705°<br>
          <b>Back Azimuth at P1 (BackAz21):</b> 167.723°<br>
          <hr>
          <b>Filter Reason(s):</b> Dist multiple:3.7025<br>
          <hr>
          <i>Calculation Method: Spherical</i>
        ]]>                
        
            </description>
            <styleUrl>#20</styleUrl>
            <LineString id="18">
                <coordinates>-77.00860327209443,38.88881417737429,0.0 -77.03793092768112,38.99355611820573,0.0</coordinates>
            </LineString>
        </Placemark>
        <Placemark id="23">
            <name>CFa → Chk04</name>
            <description>
                
        
<![CDATA[
          <b>P1:</b> CFa<br>
          <b>P2:</b> Chk04<br>
          <hr>
          <b>Distance:</b> 3.339 miles<br>
          <hr>
          <u>Path P1 → P2:</u><br>
          <b>Forward Azimuth at P1 (Az12):</b> 22.621°<br>
          <b>Back Azimuth at P2 (BackAz12):</b> 22.636°<br>
          <hr>
          <u>Path P2 → P1:</u><br>
          <b>Forward Azimuth at P2 (Az21):</b> 202.636°<br>
          <b>Back Azimuth at P1 (BackAz21):</b> 202.621°<br>
          <hr>
          <b>Filter Reason(s):</b> Dist multiple:0.3338<br>
          <hr>
          <i>Calculation Method: Spherical</i>
        ]]>                
        
            </description>
            <styleUrl>#24</styleUrl>
            <LineString id="22">
                <coordinates>-77.01235207597406,38.89064396166972,0.0 -76.9884528433251,38.93525554614944,0.0</coordinates>
            </LineString>
        </Placemark>
        <Placemark id="27">
            <name>CFa → Chk48</name>
            <description>
                
        
<![CDATA[
          <b>P1:</b> CFa<br>
          <b>P2:</b> Chk48<br>
          <hr>
          <b>Distance:</b> 1.732 miles<br>
          <hr>
          <u>Path P1 → P2:</u><br>
          <b>Forward Azimuth at P1 (Az12):</b> 311.374°<br>
          <b>Back Azimuth at P2 (BackAz12):</b> 311.359°<br>
          <hr>
          <u>Path P2 → P1:</u><br>
          <b>Forward Azimuth at P2 (Az21):</b> 131.359°<br>
          <b>Back Azimuth at P1 (BackAz21):</b> 131.374°<br>
          <hr>
          <b>Filter Reason(s):</b> Dist multiple:0.8660<br>
          <hr>
          <i>Calculation Method: Spherical</i>
        ]]>                
        
            </description>
            <styleUrl>#28</styleUrl>
            <LineString id="26">
                <coordinates>-77.01235207597406,38.89064396166972,0.0 -77.0365266731042,38.90721119681356,0.0</coordinates>
            </LineString>
        </Placemark>
        <Placemark id="31">
            <name>CFb → PenA</name>
            <description>
                
        
<![CDATA[
          <b>P1:</b> CFb<br>
          <b>P2:</b> PenA<br>
          <hr>
          <b>Distance:</b> 2.701 miles<br>
          <hr>
          <u>Path P1 → P2:</u><br>
          <b>Forward Azimuth at P1 (Az12):</b> 245.155°<br>
          <b>Back Azimuth at P2 (BackAz12):</b> 245.126°<br>
          <hr>
          <u>Path P2 → P1:</u><br>
          <b>Forward Azimuth at P2 (Az21):</b> 65.126°<br>
          <b>Back Azimuth at P1 (BackAz21):</b> 65.155°<br>
          <hr>
          <b>Filter Reason(s):</b> Dist multiple:0.5401<br>
          <hr>
          <i>Calculation Method: Spherical</i>
        ]]>                
        
            </description>
            <styleUrl>#32</styleUrl>
            <LineString id="30">
                <coordinates>-77.01233379820508,38.88898718985376,0.0 -77.05790028667388,38.872552231854,0.0</coordinates>
            </LineString>
        </Placemark>
        <Placemark id="35">
            <name>CFb → Chk05</name>
            <description>
                
        
<![CDATA[
          <b>P1:</b> CFb<br>
          <b>P2:</b> Chk05<br>
          <hr>
          <b>Distance:</b> 3.672 miles<br>
          <hr>
          <u>Path P1 → P2:</u><br>
          <b>Forward Azimuth at P1 (Az12):</b> 1.122°<br>
          <b>Back Azimuth at P2 (BackAz12):</b> 1.123°<br>
          <hr>
          <u>Path P2 → P1:</u><br>
          <b>Forward Azimuth at P2 (Az21):</b> 181.123°<br>
          <b>Back Azimuth at P1 (BackAz21):</b> 181.122°<br>
          <hr>
          <b>Filter Reason(s):</b> Dist multiple:0.3338<br>
          <hr>
          <i>Calculation Method: Spherical</i>
        ]]>                
        
            </description>
            <styleUrl>#36</styleUrl>
            <LineString id="34">
                <coordinates>-77.01233379820508,38.88898718985376,0.0 -77.01099576844469,38.94213905894748,0.0</coordinates>
            </LineString>
        </Placemark>
        <Placemark id="39">
            <name>CFb → SF04</name>
            <description>
                
        
<![CDATA[
          <b>P1:</b> CFb<br>
          <b>P2:</b> SF04<br>
          <hr>
          <b>Distance:</b> 3.241 miles<br>
          <hr>
          <u>Path P1 → P2:</u><br>
          <b>Forward Azimuth at P1 (Az12):</b> 283.810°<br>
          <b>Back Azimuth at P2 (BackAz12):</b> 283.773°<br>
          <hr>
          <u>Path P2 → P1:</u><br>
          <b>Forward Azimuth at P2 (Az21):</b> 103.773°<br>
          <b>Back Azimuth at P1 (BackAz21):</b> 103.810°<br>
          <hr>
          <b>Filter Reason(s):</b> Dist multiple:0.5401<br>
          <hr>
          <i>Calculation Method: Spherical</i>
        ]]>                
        
            </description>
            <styleUrl>#40</styleUrl>
            <LineString id="38">
                <coordinates>-77.01233379820508,38.88898718985376,0.0 -77.07087604008456,38.90017164390296,0.0</coordinates>
            </LineString>
        </Placemark>
        <Placemark id="43">
            <name>CFd → AN</name>
            <description>
                
        
<![CDATA[
          <b>P1:</b> CFd<br>
          <b>P2:</b> AN<br>
          <hr>
          <b>Distance:</b> 4.006 miles<br>
          <hr>
          <u>Path P1 → P2:</u><br>
          <b>Forward Azimuth at P1 (Az12):</b> 58.953°<br>
          <b>Back Azimuth at P2 (BackAz12):</b> 58.993°<br>
          <hr>
          <u>Path P2 → P1:</u><br>
          <b>Forward Azimuth at P2 (Az21):</b> 238.993°<br>
          <b>Back Azimuth at P1 (BackAz21):</b> 238.953°<br>
          <hr>
          <b>Filter Reason(s):</b> Dist multiple:0.3338<br>
          <hr>
          <i>Calculation Method: Spherical</i>
        ]]>                
        
            </description>
            <styleUrl>#44</styleUrl>
            <LineString id="42">
                <coordinates>-77.00578323852076,38.88868978460074,0.0 -76.94192180000002,38.91858289999999,0.0</coordinates>
            </LineString>
        </Placemark>
        <Placemark id="47">
            <name>CFd → H66</name>
            <description>
                
        
<![CDATA[
          <b>P1:</b> CFd<br>
          <b>P2:</b> H66<br>
          <hr>
          <b>Distance:</b> 5.244 miles<br>
          <hr>
          <u>Path P1 → P2:</u><br>
          <b>Forward Azimuth at P1 (Az12):</b> 282.693°<br>
          <b>Back Azimuth at P2 (BackAz12):</b> 282.633°<br>
          <hr>
          <u>Path P2 → P1:</u><br>
          <b>Forward Azimuth at P2 (Az21):</b> 102.633°<br>
          <b>Back Azimuth at P1 (BackAz21):</b> 102.693°<br>
          <hr>
          <b>Filter Reason(s):</b> Dist multiple:0.8740<br>
          <hr>
          <i>Calculation Method: Spherical</i>
        ]]>                
        
            </description>
            <styleUrl>#48</styleUrl>
            <LineString id="46">
                <coordinates>-77.00578323852076,38.88868978460074,0.0 -77.10094955658019,38.90533124793031,0.0</coordinates>
            </LineString>
        </Placemark>
        <Placemark id="51">
            <name>CFd → H67</name>
            <description>
                
        
<![CDATA[
          <b>P1:</b> CFd<br>
          <b>P2:</b> H67<br>
          <hr>
          <b>Distance:</b> 4.854 miles<br>
          <hr>
          <u>Path P1 → P2:</u><br>
          <b>Forward Azimuth at P1 (Az12):</b> 292.472°<br>
          <b>Back Azimuth at P2 (BackAz12):</b> 292.420°<br>
          <hr>
          <u>Path P2 → P1:</u><br>
          <b>Forward Azimuth at P2 (Az21):</b> 112.420°<br>
          <b>Back Azimuth at P1 (BackAz21):</b> 112.472°<br>
          <hr>
          <b>Filter Reason(s):</b> Dist multiple:1.6180<br>
          <hr>
          <i>Calculation Method: Spherical</i>
        ]]>                
        
            </description>
            <styleUrl>#52</styleUrl>
            <LineString id="50">
                <coordinates>-77.00578323852076,38.88868978460074,0.0 -77.08923640277803,38.91551942120227,0.0</coordinates>
            </LineString>
        </Placemark>
        <Placemark id="55">
            <name>CFd → Pk03</name>
            <description>
                
        
<![CDATA[
          <b>P1:</b> CFd<br>
          <b>P2:</b> Pk03<br>
          <hr>
          <b>Distance:</b> 37.269 miles<br>
          <hr>
          <u>Path P1 → P2:</u><br>
          <b>Forward Azimuth at P1 (Az12):</b> 271.383°<br>
          <b>Back Azimuth at P2 (BackAz12):</b> 270.948°<br>
          <hr>
          <u>Path P2 → P1:</u><br>
          <b>Forward Azimuth at P2 (Az21):</b> 90.948°<br>
          <b>Back Azimuth at P1 (BackAz21):</b> 91.383°<br>
          <hr>
          <b>Filter Reason(s):</b> Dist multiple:0.5401<br>
          <hr>
          <i>Calculation Method: Spherical</i>
        ]]>                
        
            </description>
            <styleUrl>#56</styleUrl>
            <LineString id="54">
                <coordinates>-77.00578323852076,38.88868978460074,0.0 -77.698809,38.899665,0.0</coordinates>
            </LineString>
        </Placemark>
        <Placemark id="59">
            <name>CFe → PenE</name>
            <description>
                
        
<![CDATA[
          <b>P1:</b> CFe<br>
          <b>P2:</b> PenE<br>
          <hr>
          <b>Distance:</b> 2.671 miles<br>
          <hr>
          <u>Path P1 → P2:</u><br>
          <b>Forward Azimuth at P1 (Az12):</b> 240.266°<br>
          <b>Back Azimuth at P2 (BackAz12):</b> 240.239°<br>
          <hr>
          <u>Path P2 → P1:</u><br>
          <b>Forward Azimuth at P2 (Az21):</b> 60.239°<br>
          <b>Back Azimuth at P1 (BackAz21):</b> 60.266°<br>
          <hr>
          <b>Filter Reason(s):</b> Dist multiple:0.3338<br>
          <hr>
          <i>Calculation Method: Spherical</i>
        ]]>                
        
            </description>
            <styleUrl>#60</styleUrl>
            <LineString id="58">
                <coordinates>-77.01012017665087,38.88981116007428,0.0 -77.05323877107107,38.87062821721818,0.0</coordinates>
            </LineString>
        </Placemark>
        <Placemark id="63">
            <name>CFe → Chk41</name>
            <description>
                
        
<![CDATA[
          <b>P1:</b> CFe<br>
          <b>P2:</b> Chk41<br>
          <hr>
          <b>Distance:</b> 3.236 miles<br>
          <hr>
          <u>Path P1 → P2:</u><br>
          <b>Forward Azimuth at P1 (Az12):</b> 60.851°<br>
          <b>Back Azimuth at P2 (BackAz12):</b> 60.884°<br>
          <hr>
          <u>Path P2 → P1:</u><br>
          <b>Forward Azimuth at P2 (Az21):</b> 240.884°<br>
          <b>Back Azimuth at P1 (BackAz21):</b> 240.851°<br>
          <hr>
          <b>Filter Reason(s):</b> Dist multiple:1.6180<br>
          <hr>
          <i>Calculation Method: Spherical</i>
        ]]>                
        
            </description>
            <styleUrl>#64</styleUrl>
            <LineString id="62">
                <coordinates>-77.01012017665087,38.88981116007428,0.0 -76.9575387987198,38.91261730408393,0.0</coordinates>
            </LineString>
        </Placemark>
        <Placemark id="67">
            <name>CFe → Chk59</name>
            <description>
                
        
<![CDATA[
          <b>P1:</b> CFe<br>
          <b>P2:</b> Chk59<br>
          <hr>
          <b>Distance:</b> 8.485 miles<br>
          <hr>
          <u>Path P1 → P2:</u><br>
          <b>Forward Azimuth at P1 (Az12):</b> 348.202°<br>
          <b>Back Azimuth at P2 (BackAz12):</b> 348.182°<br>
          <hr>
          <u>Path P2 → P1:</u><br>
          <b>Forward Azimuth at P2 (Az21):</b> 168.182°<br>
          <b>Back Azimuth at P1 (BackAz21):</b> 168.202°<br>
          <hr>
          <b>Filter Reason(s):</b> Dist multiple:0.7071<br>
          <hr>
          <i>Calculation Method: Spherical</i>
        ]]>                
        
            </description>
            <styleUrl>#68</styleUrl>
            <LineString id="66">
                <coordinates>-77.01012017665087,38.88981116007428,0.0 -77.04244035387981,39.01004268273348,0.0</coordinates>
            </LineString>
        </Placemark>
        <Placemark id="71">
            <name>CFf → CptB</name>
            <description>
                
        
<![CDATA[
          <b>P1:</b> CFf<br>
          <b>P2:</b> CptB<br>
          <hr>
          <b>Distance:</b> 0.354 miles<br>
          <hr>
          <u>Path P1 → P2:</u><br>
          <b>Forward Azimuth at P1 (Az12):</b> 232.386°<br>
          <b>Back Azimuth at P2 (BackAz12):</b> 232.383°<br>
          <hr>
          <u>Path P2 → P1:</u><br>
          <b>Forward Azimuth at P2 (Az21):</b> 52.383°<br>
          <b>Back Azimuth at P1 (BackAz21):</b> 52.386°<br>
          <hr>
          <b>Filter Reason(s):</b> Dist factor of:1.4142<br>
          <hr>
          <i>Calculation Method: Spherical</i>
        ]]>                
        
            </description>
            <styleUrl>#72</styleUrl>
            <LineString id="70">
                <coordinates>-77.00467871165168,38.88868578496108,0.0 -77.00988737303246,38.88556174596554,0.0</coordinates>
            </LineString>
        </Placemark>
        <Placemark id="75">
            <name>CFf → Chk05</name>
            <description>
                
        
<![CDATA[
          <b>P1:</b> CFf<br>
          <b>P2:</b> Chk05<br>
          <hr>
          <b>Distance:</b> 3.708 miles<br>
          <hr>
          <u>Path P1 → P2:</u><br>
          <b>Forward Azimuth at P1 (Az12):</b> 354.748°<br>
          <b>Back Azimuth at P2 (BackAz12):</b> 354.744°<br>
          <hr>
          <u>Path P2 → P1:</u><br>
          <b>Forward Azimuth at P2 (Az21):</b> 174.744°<br>
          <b>Back Azimuth at P1 (BackAz21):</b> 174.748°<br>
          <hr>
          <b>Filter Reason(s):</b> Dist multiple:0.6180<br>
          <hr>
          <i>Calculation Method: Spherical</i>
        ]]>                
        
            </description>
            <styleUrl>#76</styleUrl>
            <LineString id="74">
                <coordinates>-77.00467871165168,38.88868578496108,0.0 -77.01099576844469,38.94213905894748,0.0</coordinates>
            </LineString>
        </Placemark>
        <Placemark id="79">
            <name>CFf → SF02</name>
            <description>
                
        
<![CDATA[
          <b>P1:</b> CFf<br>
          <b>P2:</b> SF02<br>
          <hr>
          <b>Distance:</b> 4.674 miles<br>
          <hr>
          <u>Path P1 → P2:</u><br>
          <b>Forward Azimuth at P1 (Az12):</b> 280.664°<br>
          <b>Back Azimuth at P2 (BackAz12):</b> 280.610°<br>
          <hr>
          <u>Path P2 → P1:</u><br>
          <b>Forward Azimuth at P2 (Az21):</b> 100.610°<br>
          <b>Back Azimuth at P1 (BackAz21):</b> 100.664°<br>
          <hr>
          <b>Filter Reason(s):</b> Dist multiple:0.3338<br>
          <hr>
          <i>Calculation Method: Spherical</i>
        ]]>                
        
            </description>
            <styleUrl>#80</styleUrl>
            <LineString id="78">
                <coordinates>-77.00467871165168,38.88868578496108,0.0 -77.0901139945135,38.90117456916591,0.0</coordinates>
            </LineString>
        </Placemark>
        <Placemark id="83">
            <name>CFg → Chk16</name>
            <description>
                
        
<![CDATA[
          <b>P1:</b> CFg<br>
          <b>P2:</b> Chk16<br>
          <hr>
          <b>Distance:</b> 4.674 miles<br>
          <hr>
          <u>Path P1 → P2:</u><br>
          <b>Forward Azimuth at P1 (Az12):</b> 348.243°<br>
          <b>Back Azimuth at P2 (BackAz12):</b> 348.232°<br>
          <hr>
          <u>Path P2 → P1:</u><br>
          <b>Forward Azimuth at P2 (Az21):</b> 168.232°<br>
          <b>Back Azimuth at P1 (BackAz21):</b> 168.243°<br>
          <hr>
          <b>Filter Reason(s):</b> Dist multiple:0.3338<br>
          <hr>
          <i>Calculation Method: Spherical</i>
        ]]>                
        
            </description>
            <styleUrl>#84</styleUrl>
            <LineString id="82">
                <coordinates>-77.00907795602103,38.89361386946052,0.0 -77.02680651074166,38.95984790558003,0.0</coordinates>
            </LineString>
        </Placemark>
        <Placemark id="87">
            <name>CFg → Chk43</name>
            <description>
                
        
<![CDATA[
          <b>P1:</b> CFg<br>
          <b>P2:</b> Chk43<br>
          <hr>
          <b>Distance:</b> 3.464 miles<br>
          <hr>
          <u>Path P1 → P2:</u><br>
          <b>Forward Azimuth at P1 (Az12):</b> 350.907°<br>
          <b>Back Azimuth at P2 (BackAz12):</b> 350.900°<br>
          <hr>
          <u>Path P2 → P1:</u><br>
          <b>Forward Azimuth at P2 (Az21):</b> 170.900°<br>
          <b>Back Azimuth at P1 (BackAz21):</b> 170.907°<br>
          <hr>
          <b>Filter Reason(s):</b> Dist multiple:0.8660, Dist multiple:3.4641<br>
          <hr>
          <i>Calculation Method: Spherical</i>
        ]]>                
        
            </description>
            <styleUrl>#88</styleUrl>
            <LineString id="86">
                <coordinates>-77.00907795602103,38.89361386946052,0.0 -77.0192667064925,38.94312493001874,0.0</coordinates>
            </LineString>
        </Placemark>
        <Placemark id="91">
            <name>Cap → CFc</name>
            <description>
                
        
<![CDATA[
          <b>P1:</b> Cap<br>
          <b>P2:</b> CFc<br>
          <hr>
          <b>Distance:</b> 0.236 miles<br>
          <hr>
          <u>Path P1 → P2:</u><br>
          <b>Forward Azimuth at P1 (Az12):</b> 269.131°<br>
          <b>Back Azimuth at P2 (BackAz12):</b> 269.128°<br>
          <hr>
          <u>Path P2 → P1:</u><br>
          <b>Forward Azimuth at P2 (Az21):</b> 89.128°<br>
          <b>Back Azimuth at P1 (BackAz21):</b> 89.131°<br>
          <hr>
          <b>Filter Reason(s):</b> Dist factor of:1.4142<br>
          <hr>
          <i>Calculation Method: Spherical</i>
        ]]>                
        
            </description>
            <styleUrl>#92</styleUrl>
            <LineString id="90">
                <coordinates>-77.009227,38.889801,0.0 -77.01360995348632,38.88974917890155,0.0</coordinates>
            </LineString>
        </Placemark>
        <Placemark id="95">
            <name>Cap → CptB</name>
            <description>
                
        
<![CDATA[
          <b>P1:</b> Cap<br>
          <b>P2:</b> CptB<br>
          <hr>
          <b>Distance:</b> 0.295 miles<br>
          <hr>
          <u>Path P1 → P2:</u><br>
          <b>Forward Azimuth at P1 (Az12):</b> 186.914°<br>
          <b>Back Azimuth at P2 (BackAz12):</b> 186.913°<br>
          <hr>
          <u>Path P2 → P1:</u><br>
          <b>Forward Azimuth at P2 (Az21):</b> 6.913°<br>
          <b>Back Azimuth at P1 (BackAz21):</b> 6.914°<br>
          <hr>
          <b>Filter Reason(s):</b> Dist factor of:5.6050<br>
          <hr>
          <i>Calculation Method: Spherical</i>
        ]]>                
        
            </description>
            <styleUrl>#96</styleUrl>
            <LineString id="94">
                <coordinates>-77.009227,38.889801,0.0 -77.00988737303246,38.88556174596554,0.0</coordinates>
            </LineString>
        </Placemark>
        <Placemark id="99">
            <name>Cap → H28</name>
            <description>
                
        
<![CDATA[
          <b>P1:</b> Cap<br>
          <b>P2:</b> H28<br>
          <hr>
          <b>Distance:</b> 6.500 miles<br>
          <hr>
          <u>Path P1 → P2:</u><br>
          <b>Forward Azimuth at P1 (Az12):</b> 279.328°<br>
          <b>Back Azimuth at P2 (BackAz12):</b> 279.253°<br>
          <hr>
          <u>Path P2 → P1:</u><br>
          <b>Forward Azimuth at P2 (Az21):</b> 99.253°<br>
          <b>Back Azimuth at P1 (BackAz21):</b> 99.328°<br>
          <hr>
          <b>Filter Reason(s):</b> Dist Half<br>
          <hr>
          <i>Calculation Method: Spherical</i>
        ]]>                
        
            </description>
            <styleUrl>#100</styleUrl>
            <LineString id="98">
                <coordinates>-77.009227,38.889801,0.0 -77.12853595395019,38.90499081362246,0.0</coordinates>
            </LineString>
        </Placemark>
        <Placemark id="103">
            <name>Cavg → PenD</name>
            <description>
                
        
<![CDATA[
          <b>P1:</b> Cavg<br>
          <b>P2:</b> PenD<br>
          <hr>
          <b>Distance:</b> 1.854 miles<br>
          <hr>
          <u>Path P1 → P2:</u><br>
          <b>Forward Azimuth at P1 (Az12):</b> 210.869°<br>
          <b>Back Azimuth at P2 (BackAz12):</b> 210.858°<br>
          <hr>
          <u>Path P2 → P1:</u><br>
          <b>Forward Azimuth at P2 (Az21):</b> 30.858°<br>
          <b>Back Azimuth at P1 (BackAz21):</b> 30.869°<br>
          <hr>
          <b>Filter Reason(s):</b> Dist multiple:0.6180<br>
          <hr>
          <i>Calculation Method: Spherical</i>
        ]]>                
        
            </description>
            <styleUrl>#104</styleUrl>
            <LineString id="102">
                <coordinates>-77.04077541312266,38.89307792552204,0.0 -77.05845931790411,38.87004371204871,0.0</coordinates>
            </LineString>
        </Placemark>
        <Placemark id="107">
            <name>Cavg → Chk01</name>
            <description>
                
        
<![CDATA[
          <b>P1:</b> Cavg<br>
          <b>P2:</b> Chk01<br>
          <hr>
          <b>Distance:</b> 6.482 miles<br>
          <hr>
          <u>Path P1 → P2:</u><br>
          <b>Forward Azimuth at P1 (Az12):</b> 162.500°<br>
          <b>Back Azimuth at P2 (BackAz12):</b> 162.522°<br>
          <hr>
          <u>Path P2 → P1:</u><br>
          <b>Forward Azimuth at P2 (Az21):</b> 342.522°<br>
          <b>Back Azimuth at P1 (BackAz21):</b> 342.500°<br>
          <hr>
          <b>Filter Reason(s):</b> Dist multiple:0.5401<br>
          <hr>
          <i>Calculation Method: Spherical</i>
        ]]>                
        
            </description>
            <styleUrl>#108</styleUrl>
            <LineString id="106">
                <coordinates>-77.04077541312266,38.89307792552204,0.0 -77.0045692366363,38.80358701301893,0.0</coordinates>
            </LineString>
        </Placemark>
        <Placemark id="111">
            <name>Cavg → Chk03</name>
            <description>
                
        
<![CDATA[
          <b>P1:</b> Cavg<br>
          <b>P2:</b> Chk03<br>
          <hr>
          <b>Distance:</b> 6.000 miles<br>
          <hr>
          <u>Path P1 → P2:</u><br>
          <b>Forward Azimuth at P1 (Az12):</b> 165.781°<br>
          <b>Back Azimuth at P2 (BackAz12):</b> 165.798°<br>
          <hr>
          <u>Path P2 → P1:</u><br>
          <b>Forward Azimuth at P2 (Az21):</b> 345.798°<br>
          <b>Back Azimuth at P1 (BackAz21):</b> 345.781°<br>
          <hr>
          <b>Filter Reason(s):</b> Dist Whole<br>
          <hr>
          <i>Calculation Method: Spherical</i>
        ]]>                
        
            </description>
            <styleUrl>#112</styleUrl>
            <LineString id="110">
                <coordinates>-77.04077541312266,38.89307792552204,0.0 -77.01339590231409,38.80887860350852,0.0</coordinates>
            </LineString>
        </Placemark>
        <Placemark id="115">
            <name>Cavg → Chk41</name>
            <description>
                
        
<![CDATA[
          <b>P1:</b> Cavg<br>
          <b>P2:</b> Chk41<br>
          <hr>
          <b>Distance:</b> 4.674 miles<br>
          <hr>
          <u>Path P1 → P2:</u><br>
          <b>Forward Azimuth at P1 (Az12):</b> 73.188°<br>
          <b>Back Azimuth at P2 (BackAz12):</b> 73.240°<br>
          <hr>
          <u>Path P2 → P1:</u><br>
          <b>Forward Azimuth at P2 (Az21):</b> 253.240°<br>
          <b>Back Azimuth at P1 (BackAz21):</b> 253.188°<br>
          <hr>
          <b>Filter Reason(s):</b> Dist multiple:0.3338<br>
          <hr>
          <i>Calculation Method: Spherical</i>
        ]]>                
        
            </description>
            <styleUrl>#116</styleUrl>
            <LineString id="114">
                <coordinates>-77.04077541312266,38.89307792552204,0.0 -76.9575387987198,38.91261730408393,0.0</coordinates>
            </LineString>
        </Placemark>
        <Placemark id="119">
            <name>Chj24 → Chk50</name>
            <description>
                
        
<![CDATA[
          <b>P1:</b> Chj24<br>
          <b>P2:</b> Chk50<br>
          <hr>
          <b>Distance:</b> 6.010 miles<br>
          <hr>
          <u>Path P1 → P2:</u><br>
          <b>Forward Azimuth at P1 (Az12):</b> 185.797°<br>
          <b>Back Azimuth at P2 (BackAz12):</b> 185.790°<br>
          <hr>
          <u>Path P2 → P1:</u><br>
          <b>Forward Azimuth at P2 (Az21):</b> 5.790°<br>
          <b>Back Azimuth at P1 (BackAz21):</b> 5.797°<br>
          <hr>
          <b>Filter Reason(s):</b> Dist multiple:0.3338<br>
          <hr>
          <i>Calculation Method: Spherical</i>
        ]]>                
        
            </description>
            <styleUrl>#120</styleUrl>
            <LineString id="118">
                <coordinates>-77.06832915730651,38.97126514652496,0.0 -77.07961687570274,38.88471525220831,0.0</coordinates>
            </LineString>
        </Placemark>
        <Placemark id="123">
            <name>Chj24 → H56</name>
            <description>
                
        
<![CDATA[
          <b>P1:</b> Chj24<br>
          <b>P2:</b> H56<br>
          <hr>
          <b>Distance:</b> 3.781 miles<br>
          <hr>
          <u>Path P1 → P2:</u><br>
          <b>Forward Azimuth at P1 (Az12):</b> 174.184°<br>
          <b>Back Azimuth at P2 (BackAz12):</b> 174.189°<br>
          <hr>
          <u>Path P2 → P1:</u><br>
          <b>Forward Azimuth at P2 (Az21):</b> 354.189°<br>
          <b>Back Azimuth at P1 (BackAz21):</b> 354.184°<br>
          <hr>
          <b>Filter Reason(s):</b> Dist multiple:0.5401<br>
          <hr>
          <i>Calculation Method: Spherical</i>
        ]]>                
        
            </description>
            <styleUrl>#124</styleUrl>
            <LineString id="122">
                <coordinates>-77.06832915730651,38.97126514652496,0.0 -77.06120140091524,38.91681538320637,0.0</coordinates>
            </LineString>
        </Placemark>
        <Placemark id="127">
            <name>Chk01 → H51</name>
            <description>
                
        
<![CDATA[
          <b>P1:</b> Chk01<br>
          <b>P2:</b> H51<br>
          <hr>
          <b>Distance:</b> 8.034 miles<br>
          <hr>
          <u>Path P1 → P2:</u><br>
          <b>Forward Azimuth at P1 (Az12):</b> 342.493°<br>
          <b>Back Azimuth at P2 (BackAz12):</b> 342.465°<br>
          <hr>
          <u>Path P2 → P1:</u><br>
          <b>Forward Azimuth at P2 (Az21):</b> 162.465°<br>
          <b>Back Azimuth at P1 (BackAz21):</b> 162.493°<br>
          <hr>
          <b>Filter Reason(s):</b> Dist multiple:0.6180<br>
          <hr>
          <i>Calculation Method: Spherical</i>
        ]]>                
        
            </description>
            <styleUrl>#128</styleUrl>
            <LineString id="126">
                <coordinates>-77.0045692366363,38.80358701301893,0.0 -77.04953191350309,38.91448986470866,0.0</coordinates>
            </LineString>
        </Placemark>
        <Placemark id="131">
            <name>Chk03 → H38</name>
            <description>
                
        
<![CDATA[
          <b>P1:</b> Chk03<br>
          <b>P2:</b> H38<br>
          <hr>
          <b>Distance:</b> 17.500 miles<br>
          <hr>
          <u>Path P1 → P2:</u><br>
          <b>Forward Azimuth at P1 (Az12):</b> 296.194°<br>
          <b>Back Azimuth at P2 (BackAz12):</b> 296.011°<br>
          <hr>
          <u>Path P2 → P1:</u><br>
          <b>Forward Azimuth at P2 (Az21):</b> 116.011°<br>
          <b>Back Azimuth at P1 (BackAz21):</b> 116.194°<br>
          <hr>
          <b>Filter Reason(s):</b> Dist Half<br>
          <hr>
          <i>Calculation Method: Spherical</i>
        ]]>                
        
            </description>
            <styleUrl>#132</styleUrl>
            <LineString id="130">
                <coordinates>-77.01339590231409,38.80887860350852,0.0 -77.30556025520397,38.92033648688445,0.0</coordinates>
            </LineString>
        </Placemark>
        <Placemark id="135">
            <name>Chk04 → Chk16</name>
            <description>
                
        
<![CDATA[
          <b>P1:</b> Chk04<br>
          <b>P2:</b> Chk16<br>
          <hr>
          <b>Distance:</b> 2.671 miles<br>
          <hr>
          <u>Path P1 → P2:</u><br>
          <b>Forward Azimuth at P1 (Az12):</b> 309.516°<br>
          <b>Back Azimuth at P2 (BackAz12):</b> 309.492°<br>
          <hr>
          <u>Path P2 → P1:</u><br>
          <b>Forward Azimuth at P2 (Az21):</b> 129.492°<br>
          <b>Back Azimuth at P1 (BackAz21):</b> 129.516°<br>
          <hr>
          <b>Filter Reason(s):</b> Dist multiple:0.3338<br>
          <hr>
          <i>Calculation Method: Spherical</i>
        ]]>                
        
            </description>
            <styleUrl>#136</styleUrl>
            <LineString id="134">
                <coordinates>-76.9884528433251,38.93525554614944,0.0 -77.02680651074166,38.95984790558003,0.0</coordinates>
            </LineString>
        </Placemark>
        <Placemark id="139">
            <name>Chk05 → Chk23a</name>
            <description>
                
        
<![CDATA[
          <b>P1:</b> Chk05<br>
          <b>P2:</b> Chk23a<br>
          <hr>
          <b>Distance:</b> 3.000 miles<br>
          <hr>
          <u>Path P1 → P2:</u><br>
          <b>Forward Azimuth at P1 (Az12):</b> 140.464°<br>
          <b>Back Azimuth at P2 (BackAz12):</b> 140.487°<br>
          <hr>
          <u>Path P2 → P1:</u><br>
          <b>Forward Azimuth at P2 (Az21):</b> 320.487°<br>
          <b>Back Azimuth at P1 (BackAz21):</b> 320.464°<br>
          <hr>
          <b>Filter Reason(s):</b> Dist Whole<br>
          <hr>
          <i>Calculation Method: Spherical</i>
        ]]>                
        
            </description>
            <styleUrl>#140</styleUrl>
            <LineString id="138">
                <coordinates>-77.01099576844469,38.94213905894748,0.0 -76.97546834269932,38.90863930872903,0.0</coordinates>
            </LineString>
        </Placemark>
        <Placemark id="143">
            <name>Chk05 → Chk28</name>
            <description>
                
        
<![CDATA[
          <b>P1:</b> Chk05<br>
          <b>P2:</b> Chk28<br>
          <hr>
          <b>Distance:</b> 3.672 miles<br>
          <hr>
          <u>Path P1 → P2:</u><br>
          <b>Forward Azimuth at P1 (Az12):</b> 282.907°<br>
          <b>Back Azimuth at P2 (BackAz12):</b> 282.865°<br>
          <hr>
          <u>Path P2 → P1:</u><br>
          <b>Forward Azimuth at P2 (Az21):</b> 102.865°<br>
          <b>Back Azimuth at P1 (BackAz21):</b> 102.907°<br>
          <hr>
          <b>Filter Reason(s):</b> Dist multiple:0.3338<br>
          <hr>
          <i>Calculation Method: Spherical</i>
        ]]>                
        
            </description>
            <styleUrl>#144</styleUrl>
            <LineString id="142">
                <coordinates>-77.01099576844469,38.94213905894748,0.0 -77.0776296316338,38.95399489057218,0.0</coordinates>
            </LineString>
        </Placemark>
        <Placemark id="147">
            <name>Chk06 → Chk23b</name>
            <description>
                
        
<![CDATA[
          <b>P1:</b> Chk06<br>
          <b>P2:</b> Chk23b<br>
          <hr>
          <b>Distance:</b> 1.401 miles<br>
          <hr>
          <u>Path P1 → P2:</u><br>
          <b>Forward Azimuth at P1 (Az12):</b> 216.042°<br>
          <b>Back Azimuth at P2 (BackAz12):</b> 216.033°<br>
          <hr>
          <u>Path P2 → P1:</u><br>
          <b>Forward Azimuth at P2 (Az21):</b> 36.033°<br>
          <b>Back Azimuth at P1 (BackAz21):</b> 36.042°<br>
          <hr>
          <b>Filter Reason(s):</b> Dist factor of:5.6050<br>
          <hr>
          <i>Calculation Method: Spherical</i>
        ]]>                
        
            </description>
            <styleUrl>#148</styleUrl>
            <LineString id="146">
                <coordinates>-76.95853332476764,38.92609741015503,0.0 -76.97387114815113,38.90969480185885,0.0</coordinates>
            </LineString>
        </Placemark>
        <Placemark id="151">
            <name>Chk08 → H88</name>
            <description>
                
        
<![CDATA[
          <b>P1:</b> Chk08<br>
          <b>P2:</b> H88<br>
          <hr>
          <b>Distance:</b> 4.000 miles<br>
          <hr>
          <u>Path P1 → P2:</u><br>
          <b>Forward Azimuth at P1 (Az12):</b> 98.463°<br>
          <b>Back Azimuth at P2 (BackAz12):</b> 98.510°<br>
          <hr>
          <u>Path P2 → P1:</u><br>
          <b>Forward Azimuth at P2 (Az21):</b> 278.510°<br>
          <b>Back Azimuth at P1 (BackAz21):</b> 278.463°<br>
          <hr>
          <b>Filter Reason(s):</b> Dist Whole<br>
          <hr>
          <i>Calculation Method: Spherical</i>
        ]]>                
        
            </description>
            <styleUrl>#152</styleUrl>
            <LineString id="150">
                <coordinates>-77.07846439947777,38.8580454440363,0.0 -77.00492179089107,38.84950002068123,0.0</coordinates>
            </LineString>
        </Placemark>
        <Placemark id="155">
            <name>Chk08 → H35</name>
            <description>
                
        
<![CDATA[
          <b>P1:</b> Chk08<br>
          <b>P2:</b> H35<br>
          <hr>
          <b>Distance:</b> 4.326 miles<br>
          <hr>
          <u>Path P1 → P2:</u><br>
          <b>Forward Azimuth at P1 (Az12):</b> 359.084°<br>
          <b>Back Azimuth at P2 (BackAz12):</b> 359.083°<br>
          <hr>
          <u>Path P2 → P1:</u><br>
          <b>Forward Azimuth at P2 (Az21):</b> 179.083°<br>
          <b>Back Azimuth at P1 (BackAz21):</b> 179.084°<br>
          <hr>
          <b>Filter Reason(s):</b> Dist multiple:0.6180<br>
          <hr>
          <i>Calculation Method: Spherical</i>
        ]]>                
        
            </description>
            <styleUrl>#156</styleUrl>
            <LineString id="154">
                <coordinates>-77.07846439947777,38.8580454440363,0.0 -77.07975099520537,38.92066077312896,0.0</coordinates>
            </LineString>
        </Placemark>
        <Placemark id="159">
            <name>Chk08 → H52</name>
            <description>
                
        
<![CDATA[
          <b>P1:</b> Chk08<br>
          <b>P2:</b> H52<br>
          <hr>
          <b>Distance:</b> 4.500 miles<br>
          <hr>
          <u>Path P1 → P2:</u><br>
          <b>Forward Azimuth at P1 (Az12):</b> 2.588°<br>
          <b>Back Azimuth at P2 (BackAz12):</b> 2.590°<br>
          <hr>
          <u>Path P2 → P1:</u><br>
          <b>Forward Azimuth at P2 (Az21):</b> 182.590°<br>
          <b>Back Azimuth at P1 (BackAz21):</b> 182.588°<br>
          <hr>
          <b>Filter Reason(s):</b> Dist Half<br>
          <hr>
          <i>Calculation Method: Spherical</i>
        ]]>                
        
            </description>
            <styleUrl>#160</styleUrl>
            <LineString id="158">
                <coordinates>-77.07846439947777,38.8580454440363,0.0 -77.0746835467705,38.92312150962155,0.0</coordinates>
            </LineString>
        </Placemark>
        <Placemark id="163">
            <name>Chk11 → SF04</name>
            <description>
                
        
<![CDATA[
          <b>P1:</b> Chk11<br>
          <b>P2:</b> SF04<br>
          <hr>
          <b>Distance:</b> 3.500 miles<br>
          <hr>
          <u>Path P1 → P2:</u><br>
          <b>Forward Azimuth at P1 (Az12):</b> 83.360°<br>
          <b>Back Azimuth at P2 (BackAz12):</b> 83.401°<br>
          <hr>
          <u>Path P2 → P1:</u><br>
          <b>Forward Azimuth at P2 (Az21):</b> 263.401°<br>
          <b>Back Azimuth at P1 (BackAz21):</b> 263.360°<br>
          <hr>
          <b>Filter Reason(s):</b> Dist Half<br>
          <hr>
          <i>Calculation Method: Spherical</i>
        ]]>                
        
            </description>
            <styleUrl>#164</styleUrl>
            <LineString id="162">
                <coordinates>-77.13554467903445,38.89433083867851,0.0 -77.07087604008456,38.90017164390296,0.0</coordinates>
            </LineString>
        </Placemark>
        <Placemark id="167">
            <name>Chk12 → OtrB</name>
            <description>
                
        
<![CDATA[
          <b>P1:</b> Chk12<br>
          <b>P2:</b> OtrB<br>
          <hr>
          <b>Distance:</b> 5.401 miles<br>
          <hr>
          <u>Path P1 → P2:</u><br>
          <b>Forward Azimuth at P1 (Az12):</b> 330.964°<br>
          <b>Back Azimuth at P2 (BackAz12):</b> 330.934°<br>
          <hr>
          <u>Path P2 → P1:</u><br>
          <b>Forward Azimuth at P2 (Az21):</b> 150.934°<br>
          <b>Back Azimuth at P1 (BackAz21):</b> 150.964°<br>
          <hr>
          <b>Filter Reason(s):</b> Dist multiple:0.5401<br>
          <hr>
          <i>Calculation Method: Spherical</i>
        ]]>                
        
            </description>
            <styleUrl>#168</styleUrl>
            <LineString id="166">
                <coordinates>-76.9425428132187,38.88869436289873,0.0 -76.99134485249716,38.95704643888089,0.0</coordinates>
            </LineString>
        </Placemark>
        <Placemark id="171">
            <name>Chk12 → H19</name>
            <description>
                
        
<![CDATA[
          <b>P1:</b> Chk12<br>
          <b>P2:</b> H19<br>
          <hr>
          <b>Distance:</b> 7.562 miles<br>
          <hr>
          <u>Path P1 → P2:</u><br>
          <b>Forward Azimuth at P1 (Az12):</b> 284.275°<br>
          <b>Back Azimuth at P2 (BackAz12):</b> 284.189°<br>
          <hr>
          <u>Path P2 → P1:</u><br>
          <b>Forward Azimuth at P2 (Az21):</b> 104.189°<br>
          <b>Back Azimuth at P1 (BackAz21):</b> 104.275°<br>
          <hr>
          <b>Filter Reason(s):</b> Dist multiple:0.5401<br>
          <hr>
          <i>Calculation Method: Spherical</i>
        ]]>                
        
            </description>
            <styleUrl>#172</styleUrl>
            <LineString id="170">
                <coordinates>-76.9425428132187,38.88869436289873,0.0 -77.07888357211404,38.91560586754403,0.0</coordinates>
            </LineString>
        </Placemark>
        <Placemark id="175">
            <name>Chk12 → H37</name>
            <description>
                
        
<![CDATA[
          <b>P1:</b> Chk12<br>
          <b>P2:</b> H37<br>
          <hr>
          <b>Distance:</b> 9.153 miles<br>
          <hr>
          <u>Path P1 → P2:</u><br>
          <b>Forward Azimuth at P1 (Az12):</b> 273.365°<br>
          <b>Back Azimuth at P2 (BackAz12):</b> 273.258°<br>
          <hr>
          <u>Path P2 → P1:</u><br>
          <b>Forward Azimuth at P2 (Az21):</b> 93.258°<br>
          <b>Back Azimuth at P1 (BackAz21):</b> 93.365°<br>
          <hr>
          <b>Filter Reason(s):</b> Dist multiple:2.2882<br>
          <hr>
          <i>Calculation Method: Spherical</i>
        ]]>                
        
            </description>
            <styleUrl>#176</styleUrl>
            <LineString id="174">
                <coordinates>-76.9425428132187,38.88869436289873,0.0 -77.11248589188622,38.89634739382956,0.0</coordinates>
            </LineString>
        </Placemark>
        <Placemark id="179">
            <name>Chk13 → RC</name>
            <description>
                
        
<![CDATA[
          <b>P1:</b> Chk13<br>
          <b>P2:</b> RC<br>
          <hr>
          <b>Distance:</b> 1.154 miles<br>
          <hr>
          <u>Path P1 → P2:</u><br>
          <b>Forward Azimuth at P1 (Az12):</b> 301.866°<br>
          <b>Back Azimuth at P2 (BackAz12):</b> 301.855°<br>
          <hr>
          <u>Path P2 → P1:</u><br>
          <b>Forward Azimuth at P2 (Az21):</b> 121.855°<br>
          <b>Back Azimuth at P1 (BackAz21):</b> 121.866°<br>
          <hr>
          <b>Filter Reason(s):</b> Dist factor of:3.4610<br>
          <hr>
          <i>Calculation Method: Spherical</i>
        ]]>                
        
            </description>
            <styleUrl>#180</styleUrl>
            <LineString id="178">
                <coordinates>-77.0340714747954,38.97800673083694,0.0 -77.05231894611552,38.98682226543504,0.0</coordinates>
            </LineString>
        </Placemark>
        <Placemark id="183">
            <name>Chk13 → SF06</name>
            <description>
                
        
<![CDATA[
          <b>P1:</b> Chk13<br>
          <b>P2:</b> SF06<br>
          <hr>
          <b>Distance:</b> 6.992 miles<br>
          <hr>
          <u>Path P1 → P2:</u><br>
          <b>Forward Azimuth at P1 (Az12):</b> 276.142°<br>
          <b>Back Azimuth at P2 (BackAz12):</b> 276.061°<br>
          <hr>
          <u>Path P2 → P1:</u><br>
          <b>Forward Azimuth at P2 (Az21):</b> 96.061°<br>
          <b>Back Azimuth at P1 (BackAz21):</b> 96.142°<br>
          <hr>
          <b>Filter Reason(s):</b> Dist multiple:0.8740<br>
          <hr>
          <i>Calculation Method: Spherical</i>
        ]]>                
        
            </description>
            <styleUrl>#184</styleUrl>
            <LineString id="182">
                <coordinates>-77.0340714747954,38.97800673083694,0.0 -77.16354886186852,38.98876568157223,0.0</coordinates>
            </LineString>
        </Placemark>
        <Placemark id="187">
            <name>Chk15 → Chk42</name>
            <description>
                
        
<![CDATA[
          <b>P1:</b> Chk15<br>
          <b>P2:</b> Chk42<br>
          <hr>
          <b>Distance:</b> 0.281 miles<br>
          <hr>
          <u>Path P1 → P2:</u><br>
          <b>Forward Azimuth at P1 (Az12):</b> 203.056°<br>
          <b>Back Azimuth at P2 (BackAz12):</b> 203.054°<br>
          <hr>
          <u>Path P2 → P1:</u><br>
          <b>Forward Azimuth at P2 (Az21):</b> 23.054°<br>
          <b>Back Azimuth at P1 (BackAz21):</b> 23.056°<br>
          <hr>
          <b>Filter Reason(s):</b> Dist factor of:6.1800<br>
          <hr>
          <i>Calculation Method: Spherical</i>
        ]]>                
        
            </description>
            <styleUrl>#188</styleUrl>
            <LineString id="186">
                <coordinates>-77.0702598537815,38.9339121071402,0.0 -77.07230698965536,38.93017051598103,0.0</coordinates>
            </LineString>
        </Placemark>
        <Placemark id="191">
            <name>Chk15 → H65</name>
            <description>
                
        
<![CDATA[
          <b>P1:</b> Chk15<br>
          <b>P2:</b> H65<br>
          <hr>
          <b>Distance:</b> 3.535 miles<br>
          <hr>
          <u>Path P1 → P2:</u><br>
          <b>Forward Azimuth at P1 (Az12):</b> 107.114°<br>
          <b>Back Azimuth at P2 (BackAz12):</b> 107.153°<br>
          <hr>
          <u>Path P2 → P1:</u><br>
          <b>Forward Azimuth at P2 (Az21):</b> 287.153°<br>
          <b>Back Azimuth at P1 (BackAz21):</b> 287.114°<br>
          <hr>
          <b>Filter Reason(s):</b> Dist multiple:0.7071<br>
          <hr>
          <i>Calculation Method: Spherical</i>
        ]]>                
        
            </description>
            <styleUrl>#192</styleUrl>
            <LineString id="190">
                <coordinates>-77.0702598537815,38.9339121071402,0.0 -77.00739402065348,38.91883509061264,0.0</coordinates>
            </LineString>
        </Placemark>
        <Placemark id="195">
            <name>Chk16 → Chk41</name>
            <description>
                
        
<![CDATA[
          <b>P1:</b> Chk16<br>
          <b>P2:</b> Chk41<br>
          <hr>
          <b>Distance:</b> 4.950 miles<br>
          <hr>
          <u>Path P1 → P2:</u><br>
          <b>Forward Azimuth at P1 (Az12):</b> 131.216°<br>
          <b>Back Azimuth at P2 (BackAz12):</b> 131.259°<br>
          <hr>
          <u>Path P2 → P1:</u><br>
          <b>Forward Azimuth at P2 (Az21):</b> 311.259°<br>
          <b>Back Azimuth at P1 (BackAz21):</b> 311.216°<br>
          <hr>
          <b>Filter Reason(s):</b> Dist multiple:0.7071<br>
          <hr>
          <i>Calculation Method: Spherical</i>
        ]]>                
        
            </description>
            <styleUrl>#196</styleUrl>
            <LineString id="194">
                <coordinates>-77.02680651074166,38.95984790558003,0.0 -76.9575387987198,38.91261730408393,0.0</coordinates>
            </LineString>
        </Placemark>
        <Placemark id="199">
            <name>Chk16 → H56</name>
            <description>
                
        
<![CDATA[
          <b>P1:</b> Chk16<br>
          <b>P2:</b> H56<br>
          <hr>
          <b>Distance:</b> 3.500 miles<br>
          <hr>
          <u>Path P1 → P2:</u><br>
          <b>Forward Azimuth at P1 (Az12):</b> 211.880°<br>
          <b>Back Azimuth at P2 (BackAz12):</b> 211.858°<br>
          <hr>
          <u>Path P2 → P1:</u><br>
          <b>Forward Azimuth at P2 (Az21):</b> 31.858°<br>
          <b>Back Azimuth at P1 (BackAz21):</b> 31.880°<br>
          <hr>
          <b>Filter Reason(s):</b> Dist Half<br>
          <hr>
          <i>Calculation Method: Spherical</i>
        ]]>                
        
            </description>
            <styleUrl>#200</styleUrl>
            <LineString id="198">
                <coordinates>-77.02680651074166,38.95984790558003,0.0 -77.06120140091524,38.91681538320637,0.0</coordinates>
            </LineString>
        </Placemark>
        <Placemark id="203">
            <name>Chk21 → H77</name>
            <description>
                
        
<![CDATA[
          <b>P1:</b> Chk21<br>
          <b>P2:</b> H77<br>
          <hr>
          <b>Distance:</b> 5.500 miles<br>
          <hr>
          <u>Path P1 → P2:</u><br>
          <b>Forward Azimuth at P1 (Az12):</b> 287.752°<br>
          <b>Back Azimuth at P2 (BackAz12):</b> 287.691°<br>
          <hr>
          <u>Path P2 → P1:</u><br>
          <b>Forward Azimuth at P2 (Az21):</b> 107.691°<br>
          <b>Back Azimuth at P1 (BackAz21):</b> 107.752°<br>
          <hr>
          <b>Filter Reason(s):</b> Dist Half<br>
          <hr>
          <i>Calculation Method: Spherical</i>
        ]]>                
        
            </description>
            <styleUrl>#204</styleUrl>
            <LineString id="202">
                <coordinates>-76.94019736733574,38.87280409544193,0.0 -77.03762786655247,38.89703882730361,0.0</coordinates>
            </LineString>
        </Placemark>
        <Placemark id="207">
            <name>Chk23a → Chk63</name>
            <description>
                
        
<![CDATA[
          <b>P1:</b> Chk23a<br>
          <b>P2:</b> Chk63<br>
          <hr>
          <b>Distance:</b> 3.338 miles<br>
          <hr>
          <u>Path P1 → P2:</u><br>
          <b>Forward Azimuth at P1 (Az12):</b> 259.715°<br>
          <b>Back Azimuth at P2 (BackAz12):</b> 259.676°<br>
          <hr>
          <u>Path P2 → P1:</u><br>
          <b>Forward Azimuth at P2 (Az21):</b> 79.676°<br>
          <b>Back Azimuth at P1 (BackAz21):</b> 79.715°<br>
          <hr>
          <b>Filter Reason(s):</b> Dist multiple:0.3338<br>
          <hr>
          <i>Calculation Method: Spherical</i>
        ]]>                
        
            </description>
            <styleUrl>#208</styleUrl>
            <LineString id="206">
                <coordinates>-76.97546834269932,38.90863930872903,0.0 -77.036569,38.89999431930673,0.0</coordinates>
            </LineString>
        </Placemark>
        <Placemark id="211">
            <name>Chk23a → RC</name>
            <description>
                
        
<![CDATA[
          <b>P1:</b> Chk23a<br>
          <b>P2:</b> RC<br>
          <hr>
          <b>Distance:</b> 6.798 miles<br>
          <hr>
          <u>Path P1 → P2:</u><br>
          <b>Forward Azimuth at P1 (Az12):</b> 322.627°<br>
          <b>Back Azimuth at P2 (BackAz12):</b> 322.579°<br>
          <hr>
          <u>Path P2 → P1:</u><br>
          <b>Forward Azimuth at P2 (Az21):</b> 142.579°<br>
          <b>Back Azimuth at P1 (BackAz21):</b> 142.627°<br>
          <hr>
          <b>Filter Reason(s):</b> Dist multiple:0.6180<br>
          <hr>
          <i>Calculation Method: Spherical</i>
        ]]>                
        
            </description>
            <styleUrl>#212</styleUrl>
            <LineString id="210">
                <coordinates>-76.97546834269932,38.90863930872903,0.0 -77.05231894611552,38.98682226543504,0.0</coordinates>
            </LineString>
        </Placemark>
        <Placemark id="215">
            <name>Chk23a → Pk03</name>
            <description>
                
        
<![CDATA[
          <b>P1:</b> Chk23a<br>
          <b>P2:</b> Pk03<br>
          <hr>
          <b>Distance:</b> 38.890 miles<br>
          <hr>
          <u>Path P1 → P2:</u><br>
          <b>Forward Azimuth at P1 (Az12):</b> 269.314°<br>
          <b>Back Azimuth at P2 (BackAz12):</b> 268.859°<br>
          <hr>
          <u>Path P2 → P1:</u><br>
          <b>Forward Azimuth at P2 (Az21):</b> 88.859°<br>
          <b>Back Azimuth at P1 (BackAz21):</b> 89.314°<br>
          <hr>
          <b>Filter Reason(s):</b> Dist multiple:0.7071<br>
          <hr>
          <i>Calculation Method: Spherical</i>
        ]]>                
        
            </description>
            <styleUrl>#216</styleUrl>
            <LineString id="214">
                <coordinates>-76.97546834269932,38.90863930872903,0.0 -77.698809,38.899665,0.0</coordinates>
            </LineString>
        </Placemark>
        <Placemark id="219">
            <name>Chk23b → Chk50</name>
            <description>
                
        
<![CDATA[
          <b>P1:</b> Chk23b<br>
          <b>P2:</b> Chk50<br>
          <hr>
          <b>Distance:</b> 5.941 miles<br>
          <hr>
          <u>Path P1 → P2:</u><br>
          <b>Forward Azimuth at P1 (Az12):</b> 253.149°<br>
          <b>Back Azimuth at P2 (BackAz12):</b> 253.083°<br>
          <hr>
          <u>Path P2 → P1:</u><br>
          <b>Forward Azimuth at P2 (Az21):</b> 73.083°<br>
          <b>Back Azimuth at P1 (BackAz21):</b> 73.149°<br>
          <hr>
          <b>Filter Reason(s):</b> Dist multiple:0.5401<br>
          <hr>
          <i>Calculation Method: Spherical</i>
        ]]>                
        
            </description>
            <styleUrl>#220</styleUrl>
            <LineString id="218">
                <coordinates>-76.97387114815113,38.90969480185885,0.0 -77.07961687570274,38.88471525220831,0.0</coordinates>
            </LineString>
        </Placemark>
        <Placemark id="223">
            <name>Chk23b → PO</name>
            <description>
                
        
<![CDATA[
          <b>P1:</b> Chk23b<br>
          <b>P2:</b> PO<br>
          <hr>
          <b>Distance:</b> 8.034 miles<br>
          <hr>
          <u>Path P1 → P2:</u><br>
          <b>Forward Azimuth at P1 (Az12):</b> 282.358°<br>
          <b>Back Azimuth at P2 (BackAz12):</b> 282.266°<br>
          <hr>
          <u>Path P2 → P1:</u><br>
          <b>Forward Azimuth at P2 (Az21):</b> 102.266°<br>
          <b>Back Azimuth at P1 (BackAz21):</b> 102.358°<br>
          <hr>
          <b>Filter Reason(s):</b> Dist multiple:0.6180<br>
          <hr>
          <i>Calculation Method: Spherical</i>
        ]]>                
        
            </description>
            <styleUrl>#224</styleUrl>
            <LineString id="222">
                <coordinates>-76.97387114815113,38.90969480185885,0.0 -77.1199159,38.93449309999998,0.0</coordinates>
            </LineString>
        </Placemark>
        <Placemark id="227">
            <name>Chk23b → H23</name>
            <description>
                
        
<![CDATA[
          <b>P1:</b> Chk23b<br>
          <b>P2:</b> H23<br>
          <hr>
          <b>Distance:</b> 6.482 miles<br>
          <hr>
          <u>Path P1 → P2:</u><br>
          <b>Forward Azimuth at P1 (Az12):</b> 288.388°<br>
          <b>Back Azimuth at P2 (BackAz12):</b> 288.317°<br>
          <hr>
          <u>Path P2 → P1:</u><br>
          <b>Forward Azimuth at P2 (Az21):</b> 108.317°<br>
          <b>Back Azimuth at P1 (BackAz21):</b> 108.388°<br>
          <hr>
          <b>Filter Reason(s):</b> Dist multiple:0.5401<br>
          <hr>
          <i>Calculation Method: Spherical</i>
        ]]>                
        
            </description>
            <styleUrl>#228</styleUrl>
            <LineString id="226">
                <coordinates>-76.97387114815113,38.90969480185885,0.0 -77.08834070412745,38.93923731423045,0.0</coordinates>
            </LineString>
        </Placemark>
        <Placemark id="231">
            <name>Chk25 → Chk50</name>
            <description>
                
        
<![CDATA[
          <b>P1:</b> Chk25<br>
          <b>P2:</b> Chk50<br>
          <hr>
          <b>Distance:</b> 3.535 miles<br>
          <hr>
          <u>Path P1 → P2:</u><br>
          <b>Forward Azimuth at P1 (Az12):</b> 221.745°<br>
          <b>Back Azimuth at P2 (BackAz12):</b> 221.717°<br>
          <hr>
          <u>Path P2 → P1:</u><br>
          <b>Forward Azimuth at P2 (Az21):</b> 41.717°<br>
          <b>Back Azimuth at P1 (BackAz21):</b> 41.745°<br>
          <hr>
          <b>Filter Reason(s):</b> Dist multiple:0.7071<br>
          <hr>
          <i>Calculation Method: Spherical</i>
        ]]>                
        
            </description>
            <styleUrl>#232</styleUrl>
            <LineString id="230">
                <coordinates>-77.03584297932892,38.9229071947,0.0 -77.07961687570274,38.88471525220831,0.0</coordinates>
            </LineString>
        </Placemark>
        <Placemark id="235">
            <name>Chk26 → Chk36</name>
            <description>
                
        
<![CDATA[
          <b>P1:</b> Chk26<br>
          <b>P2:</b> Chk36<br>
          <hr>
          <b>Distance:</b> 4.472 miles<br>
          <hr>
          <u>Path P1 → P2:</u><br>
          <b>Forward Azimuth at P1 (Az12):</b> 292.473°<br>
          <b>Back Azimuth at P2 (BackAz12):</b> 292.425°<br>
          <hr>
          <u>Path P2 → P1:</u><br>
          <b>Forward Azimuth at P2 (Az21):</b> 112.425°<br>
          <b>Back Azimuth at P1 (BackAz21):</b> 112.473°<br>
          <hr>
          <b>Filter Reason(s):</b> Dist multiple:2.2360<br>
          <hr>
          <i>Calculation Method: Spherical</i>
        ]]>                
        
            </description>
            <styleUrl>#236</styleUrl>
            <LineString id="234">
                <coordinates>-76.91666542015503,38.88686719010732,0.0 -76.99354755099984,38.91158883943301,0.0</coordinates>
            </LineString>
        </Placemark>
        <Placemark id="239">
            <name>Chk26 → Chk56</name>
            <description>
                
        
<![CDATA[
          <b>P1:</b> Chk26<br>
          <b>P2:</b> Chk56<br>
          <hr>
          <b>Distance:</b> 13.596 miles<br>
          <hr>
          <u>Path P1 → P2:</u><br>
          <b>Forward Azimuth at P1 (Az12):</b> 205.747°<br>
          <b>Back Azimuth at P2 (BackAz12):</b> 205.679°<br>
          <hr>
          <u>Path P2 → P1:</u><br>
          <b>Forward Azimuth at P2 (Az21):</b> 25.679°<br>
          <b>Back Azimuth at P1 (BackAz21):</b> 25.747°<br>
          <hr>
          <b>Filter Reason(s):</b> Dist multiple:0.6180<br>
          <hr>
          <i>Calculation Method: Spherical</i>
        ]]>                
        
            </description>
            <styleUrl>#240</styleUrl>
            <LineString id="238">
                <coordinates>-76.91666542015503,38.88686719010732,0.0 -77.02623374819049,38.70953657371552,0.0</coordinates>
            </LineString>
        </Placemark>
        <Placemark id="243">
            <name>Chk26 → H19</name>
            <description>
                
        
<![CDATA[
          <b>P1:</b> Chk26<br>
          <b>P2:</b> H19<br>
          <hr>
          <b>Distance:</b> 8.944 miles<br>
          <hr>
          <u>Path P1 → P2:</u><br>
          <b>Forward Azimuth at P1 (Az12):</b> 282.876°<br>
          <b>Back Azimuth at P2 (BackAz12):</b> 282.774°<br>
          <hr>
          <u>Path P2 → P1:</u><br>
          <b>Forward Azimuth at P2 (Az21):</b> 102.774°<br>
          <b>Back Azimuth at P1 (BackAz21):</b> 102.876°<br>
          <hr>
          <b>Filter Reason(s):</b> Dist multiple:2.2360<br>
          <hr>
          <i>Calculation Method: Spherical</i>
        ]]>                
        
            </description>
            <styleUrl>#244</styleUrl>
            <LineString id="242">
                <coordinates>-76.91666542015503,38.88686719010732,0.0 -77.07888357211404,38.91560586754403,0.0</coordinates>
            </LineString>
        </Placemark>
        <Placemark id="247">
            <name>Chk26 → H38</name>
            <description>
                
        
<![CDATA[
          <b>P1:</b> Chk26<br>
          <b>P2:</b> H38<br>
          <hr>
          <b>Distance:</b> 21.034 miles<br>
          <hr>
          <u>Path P1 → P2:</u><br>
          <b>Forward Azimuth at P1 (Az12):</b> 276.433°<br>
          <b>Back Azimuth at P2 (BackAz12):</b> 276.189°<br>
          <hr>
          <u>Path P2 → P1:</u><br>
          <b>Forward Azimuth at P2 (Az21):</b> 96.189°<br>
          <b>Back Azimuth at P1 (BackAz21):</b> 96.433°<br>
          <hr>
          <b>Filter Reason(s):</b> Dist multiple:1.6180<br>
          <hr>
          <i>Calculation Method: Spherical</i>
        ]]>                
        
            </description>
            <styleUrl>#248</styleUrl>
            <LineString id="246">
                <coordinates>-76.91666542015503,38.88686719010732,0.0 -77.30556025520397,38.92033648688445,0.0</coordinates>
            </LineString>
        </Placemark>
        <Placemark id="251">
            <name>Chk27 → Chk44</name>
            <description>
                
        
<![CDATA[
          <b>P1:</b> Chk27<br>
          <b>P2:</b> Chk44<br>
          <hr>
          <b>Distance:</b> 4.242 miles<br>
          <hr>
          <u>Path P1 → P2:</u><br>
          <b>Forward Azimuth at P1 (Az12):</b> 161.613°<br>
          <b>Back Azimuth at P2 (BackAz12):</b> 161.628°<br>
          <hr>
          <u>Path P2 → P1:</u><br>
          <b>Forward Azimuth at P2 (Az21):</b> 341.628°<br>
          <b>Back Azimuth at P1 (BackAz21):</b> 341.613°<br>
          <hr>
          <b>Filter Reason(s):</b> Dist multiple:0.7071<br>
          <hr>
          <i>Calculation Method: Spherical</i>
        ]]>                
        
            </description>
            <styleUrl>#252</styleUrl>
            <LineString id="250">
                <coordinates>-77.06834544975686,38.96791103163879,0.0 -77.04345033773585,38.9096320124952,0.0</coordinates>
            </LineString>
        </Placemark>
        <Placemark id="255">
            <name>Chk28 → SF03</name>
            <description>
                
        
<![CDATA[
          <b>P1:</b> Chk28<br>
          <b>P2:</b> SF03<br>
          <hr>
          <b>Distance:</b> 13.688 miles<br>
          <hr>
          <u>Path P1 → P2:</u><br>
          <b>Forward Azimuth at P1 (Az12):</b> 155.481°<br>
          <b>Back Azimuth at P2 (BackAz12):</b> 155.547°<br>
          <hr>
          <u>Path P2 → P1:</u><br>
          <b>Forward Azimuth at P2 (Az21):</b> 335.547°<br>
          <b>Back Azimuth at P1 (BackAz21):</b> 335.481°<br>
          <hr>
          <b>Filter Reason(s):</b> Dist multiple:0.3338<br>
          <hr>
          <i>Calculation Method: Spherical</i>
        ]]>                
        
            </description>
            <styleUrl>#256</styleUrl>
            <LineString id="254">
                <coordinates>-77.0776296316338,38.95399489057218,0.0 -76.97215841432278,38.77367519361357,0.0</coordinates>
            </LineString>
        </Placemark>
        <Placemark id="259">
            <name>Chk30 → H23</name>
            <description>
                
        
<![CDATA[
          <b>P1:</b> Chk30<br>
          <b>P2:</b> H23<br>
          <hr>
          <b>Distance:</b> 5.605 miles<br>
          <hr>
          <u>Path P1 → P2:</u><br>
          <b>Forward Azimuth at P1 (Az12):</b> 32.471°<br>
          <b>Back Azimuth at P2 (BackAz12):</b> 32.507°<br>
          <hr>
          <u>Path P2 → P1:</u><br>
          <b>Forward Azimuth at P2 (Az21):</b> 212.507°<br>
          <b>Back Azimuth at P1 (BackAz21):</b> 212.471°<br>
          <hr>
          <b>Filter Reason(s):</b> Dist multiple:5.6050<br>
          <hr>
          <i>Calculation Method: Spherical</i>
        ]]>                
        
            </description>
            <styleUrl>#260</styleUrl>
            <LineString id="258">
                <coordinates>-77.14434316078132,38.87080074981925,0.0 -77.08834070412745,38.93923731423045,0.0</coordinates>
            </LineString>
        </Placemark>
        <Placemark id="263">
            <name>Chk30 → SF03</name>
            <description>
                
        
<![CDATA[
          <b>P1:</b> Chk30<br>
          <b>P2:</b> SF03<br>
          <hr>
          <b>Distance:</b> 11.441 miles<br>
          <hr>
          <u>Path P1 → P2:</u><br>
          <b>Forward Azimuth at P1 (Az12):</b> 125.851°<br>
          <b>Back Azimuth at P2 (BackAz12):</b> 125.959°<br>
          <hr>
          <u>Path P2 → P1:</u><br>
          <b>Forward Azimuth at P2 (Az21):</b> 305.959°<br>
          <b>Back Azimuth at P1 (BackAz21):</b> 305.851°<br>
          <hr>
          <b>Filter Reason(s):</b> Dist multiple:2.2882<br>
          <hr>
          <i>Calculation Method: Spherical</i>
        ]]>                
        
            </description>
            <styleUrl>#264</styleUrl>
            <LineString id="262">
                <coordinates>-77.14434316078132,38.87080074981925,0.0 -76.97215841432278,38.77367519361357,0.0</coordinates>
            </LineString>
        </Placemark>
        <Placemark id="267">
            <name>Chk32 → H22</name>
            <description>
                
        
<![CDATA[
          <b>P1:</b> Chk32<br>
          <b>P2:</b> H22<br>
          <hr>
          <b>Distance:</b> 2.161 miles<br>
          <hr>
          <u>Path P1 → P2:</u><br>
          <b>Forward Azimuth at P1 (Az12):</b> 192.381°<br>
          <b>Back Azimuth at P2 (BackAz12):</b> 192.376°<br>
          <hr>
          <u>Path P2 → P1:</u><br>
          <b>Forward Azimuth at P2 (Az21):</b> 12.376°<br>
          <b>Back Azimuth at P1 (BackAz21):</b> 12.381°<br>
          <hr>
          <b>Filter Reason(s):</b> Dist multiple:0.5401<br>
          <hr>
          <i>Calculation Method: Spherical</i>
        ]]>                
        
            </description>
            <styleUrl>#268</styleUrl>
            <LineString id="266">
                <coordinates>-77.05142116747349,38.95878698101598,0.0 -77.06004232078331,38.92823446130691,0.0</coordinates>
            </LineString>
        </Placemark>
        <Placemark id="271">
            <name>Chk34 → H47</name>
            <description>
                
        
<![CDATA[
          <b>P1:</b> Chk34<br>
          <b>P2:</b> H47<br>
          <hr>
          <b>Distance:</b> 0.309 miles<br>
          <hr>
          <u>Path P1 → P2:</u><br>
          <b>Forward Azimuth at P1 (Az12):</b> 46.920°<br>
          <b>Back Azimuth at P2 (BackAz12):</b> 46.923°<br>
          <hr>
          <u>Path P2 → P1:</u><br>
          <b>Forward Azimuth at P2 (Az21):</b> 226.923°<br>
          <b>Back Azimuth at P1 (BackAz21):</b> 226.920°<br>
          <hr>
          <b>Filter Reason(s):</b> Dist factor of:6.1800<br>
          <hr>
          <i>Calculation Method: Spherical</i>
        ]]>                
        
            </description>
            <styleUrl>#272</styleUrl>
            <LineString id="270">
                <coordinates>-77.01438697638629,38.93536052674429,0.0 -77.01018660152103,38.93841562644008,0.0</coordinates>
            </LineString>
        </Placemark>
        <Placemark id="275">
            <name>Chk35 → H56</name>
            <description>
                
        
<![CDATA[
          <b>P1:</b> Chk35<br>
          <b>P2:</b> H56<br>
          <hr>
          <b>Distance:</b> 1.669 miles<br>
          <hr>
          <u>Path P1 → P2:</u><br>
          <b>Forward Azimuth at P1 (Az12):</b> 340.208°<br>
          <b>Back Azimuth at P2 (BackAz12):</b> 340.201°<br>
          <hr>
          <u>Path P2 → P1:</u><br>
          <b>Forward Azimuth at P2 (Az21):</b> 160.201°<br>
          <b>Back Azimuth at P1 (BackAz21):</b> 160.208°<br>
          <hr>
          <b>Filter Reason(s):</b> Dist multiple:0.3338<br>
          <hr>
          <i>Calculation Method: Spherical</i>
        ]]>                
        
            </description>
            <styleUrl>#276</styleUrl>
            <LineString id="274">
                <coordinates>-77.05068501975197,38.89407905799511,0.0 -77.06120140091524,38.91681538320637,0.0</coordinates>
            </LineString>
        </Placemark>
        <Placemark id="279">
            <name>Chk37 → Chk62</name>
            <description>
                
        
<![CDATA[
          <b>P1:</b> Chk37<br>
          <b>P2:</b> Chk62<br>
          <hr>
          <b>Distance:</b> 6.009 miles<br>
          <hr>
          <u>Path P1 → P2:</u><br>
          <b>Forward Azimuth at P1 (Az12):</b> 109.937°<br>
          <b>Back Azimuth at P2 (BackAz12):</b> 110.003°<br>
          <hr>
          <u>Path P2 → P1:</u><br>
          <b>Forward Azimuth at P2 (Az21):</b> 290.003°<br>
          <b>Back Azimuth at P1 (BackAz21):</b> 289.937°<br>
          <hr>
          <b>Filter Reason(s):</b> Dist multiple:0.3338<br>
          <hr>
          <i>Calculation Method: Spherical</i>
        ]]>                
        
            </description>
            <styleUrl>#280</styleUrl>
            <LineString id="278">
                <coordinates>-77.12641979728585,38.93508740486395,0.0 -77.02133073015519,38.90537641569407,0.0</coordinates>
            </LineString>
        </Placemark>
        <Placemark id="283">
            <name>Chk37 → POOthr3a</name>
            <description>
                
        
<![CDATA[
          <b>P1:</b> Chk37<br>
          <b>P2:</b> POOthr3a<br>
          <hr>
          <b>Distance:</b> 11.343 miles<br>
          <hr>
          <u>Path P1 → P2:</u><br>
          <b>Forward Azimuth at P1 (Az12):</b> 155.854°<br>
          <b>Back Azimuth at P2 (BackAz12):</b> 155.908°<br>
          <hr>
          <u>Path P2 → P1:</u><br>
          <b>Forward Azimuth at P2 (Az21):</b> 335.908°<br>
          <b>Back Azimuth at P1 (BackAz21):</b> 335.854°<br>
          <hr>
          <b>Filter Reason(s):</b> Dist multiple:0.5401<br>
          <hr>
          <i>Calculation Method: Spherical</i>
        ]]>                
        
            </description>
            <styleUrl>#284</styleUrl>
            <LineString id="282">
                <coordinates>-77.12641979728585,38.93508740486395,0.0 -77.0402519018478,38.7852261694161,0.0</coordinates>
            </LineString>
        </Placemark>
        <Placemark id="287">
            <name>Chk37 → H51</name>
            <description>
                
        
<![CDATA[
          <b>P1:</b> Chk37<br>
          <b>P2:</b> H51<br>
          <hr>
          <b>Distance:</b> 4.370 miles<br>
          <hr>
          <u>Path P1 → P2:</u><br>
          <b>Forward Azimuth at P1 (Az12):</b> 108.977°<br>
          <b>Back Azimuth at P2 (BackAz12):</b> 109.025°<br>
          <hr>
          <u>Path P2 → P1:</u><br>
          <b>Forward Azimuth at P2 (Az21):</b> 289.025°<br>
          <b>Back Azimuth at P1 (BackAz21):</b> 288.977°<br>
          <hr>
          <b>Filter Reason(s):</b> Dist multiple:0.8740<br>
          <hr>
          <i>Calculation Method: Spherical</i>
        ]]>                
        
            </description>
            <styleUrl>#288</styleUrl>
            <LineString id="286">
                <coordinates>-77.12641979728585,38.93508740486395,0.0 -77.04953191350309,38.91448986470866,0.0</coordinates>
            </LineString>
        </Placemark>
        <Placemark id="291">
            <name>Chk45 → Chk46</name>
            <description>
                
        
<![CDATA[
          <b>P1:</b> Chk45<br>
          <b>P2:</b> Chk46<br>
          <hr>
          <b>Distance:</b> 5.657 miles<br>
          <hr>
          <u>Path P1 → P2:</u><br>
          <b>Forward Azimuth at P1 (Az12):</b> 210.163°<br>
          <b>Back Azimuth at P2 (BackAz12):</b> 210.130°<br>
          <hr>
          <u>Path P2 → P1:</u><br>
          <b>Forward Azimuth at P2 (Az21):</b> 30.130°<br>
          <b>Back Azimuth at P1 (BackAz21):</b> 30.163°<br>
          <hr>
          <b>Filter Reason(s):</b> Dist multiple:0.7071<br>
          <hr>
          <i>Calculation Method: Spherical</i>
        ]]>                
        
            </description>
            <styleUrl>#292</styleUrl>
            <LineString id="290">
                <coordinates>-77.02188334594942,38.94732510830963,0.0 -77.07473802861425,38.87650889195688,0.0</coordinates>
            </LineString>
        </Placemark>
        <Placemark id="295">
            <name>Chk45 → PO</name>
            <description>
                
        
<![CDATA[
          <b>P1:</b> Chk45<br>
          <b>P2:</b> PO<br>
          <hr>
          <b>Distance:</b> 5.341 miles<br>
          <hr>
          <u>Path P1 → P2:</u><br>
          <b>Forward Azimuth at P1 (Az12):</b> 260.478°<br>
          <b>Back Azimuth at P2 (BackAz12):</b> 260.416°<br>
          <hr>
          <u>Path P2 → P1:</u><br>
          <b>Forward Azimuth at P2 (Az21):</b> 80.416°<br>
          <b>Back Azimuth at P1 (BackAz21):</b> 80.478°<br>
          <hr>
          <b>Filter Reason(s):</b> Dist multiple:0.3338<br>
          <hr>
          <i>Calculation Method: Spherical</i>
        ]]>                
        
            </description>
            <styleUrl>#296</styleUrl>
            <LineString id="294">
                <coordinates>-77.02188334594942,38.94732510830963,0.0 -77.1199159,38.93449309999998,0.0</coordinates>
            </LineString>
        </Placemark>
        <Placemark id="299">
            <name>Chk45 → H37</name>
            <description>
                
        
<![CDATA[
          <b>P1:</b> Chk45<br>
          <b>P2:</b> H37<br>
          <hr>
          <b>Distance:</b> 6.009 miles<br>
          <hr>
          <u>Path P1 → P2:</u><br>
          <b>Forward Azimuth at P1 (Az12):</b> 234.154°<br>
          <b>Back Azimuth at P2 (BackAz12):</b> 234.097°<br>
          <hr>
          <u>Path P2 → P1:</u><br>
          <b>Forward Azimuth at P2 (Az21):</b> 54.097°<br>
          <b>Back Azimuth at P1 (BackAz21):</b> 54.154°<br>
          <hr>
          <b>Filter Reason(s):</b> Dist multiple:0.3338<br>
          <hr>
          <i>Calculation Method: Spherical</i>
        ]]>                
        
            </description>
            <styleUrl>#300</styleUrl>
            <LineString id="298">
                <coordinates>-77.02188334594942,38.94732510830963,0.0 -77.11248589188622,38.89634739382956,0.0</coordinates>
            </LineString>
        </Placemark>
        <Placemark id="303">
            <name>Chk45 → H38</name>
            <description>
                
        
<![CDATA[
          <b>P1:</b> Chk45<br>
          <b>P2:</b> H38<br>
          <hr>
          <b>Distance:</b> 15.357 miles<br>
          <hr>
          <u>Path P1 → P2:</u><br>
          <b>Forward Azimuth at P1 (Az12):</b> 263.116°<br>
          <b>Back Azimuth at P2 (BackAz12):</b> 262.938°<br>
          <hr>
          <u>Path P2 → P1:</u><br>
          <b>Forward Azimuth at P2 (Az21):</b> 82.938°<br>
          <b>Back Azimuth at P1 (BackAz21):</b> 83.116°<br>
          <hr>
          <b>Filter Reason(s):</b> Dist multiple:0.3338<br>
          <hr>
          <i>Calculation Method: Spherical</i>
        ]]>                
        
            </description>
            <styleUrl>#304</styleUrl>
            <LineString id="302">
                <coordinates>-77.02188334594942,38.94732510830963,0.0 -77.30556025520397,38.92033648688445,0.0</coordinates>
            </LineString>
        </Placemark>
        <Placemark id="307">
            <name>Chk46 → Chk62</name>
            <description>
                
        
<![CDATA[
          <b>P1:</b> Chk46<br>
          <b>P2:</b> Chk62<br>
          <hr>
          <b>Distance:</b> 3.496 miles<br>
          <hr>
          <u>Path P1 → P2:</u><br>
          <b>Forward Azimuth at P1 (Az12):</b> 55.205°<br>
          <b>Back Azimuth at P2 (BackAz12):</b> 55.239°<br>
          <hr>
          <u>Path P2 → P1:</u><br>
          <b>Forward Azimuth at P2 (Az21):</b> 235.239°<br>
          <b>Back Azimuth at P1 (BackAz21):</b> 235.205°<br>
          <hr>
          <b>Filter Reason(s):</b> Dist multiple:0.8740<br>
          <hr>
          <i>Calculation Method: Spherical</i>
        ]]>                
        
            </description>
            <styleUrl>#308</styleUrl>
            <LineString id="306">
                <coordinates>-77.07473802861425,38.87650889195688,0.0 -77.02133073015519,38.90537641569407,0.0</coordinates>
            </LineString>
        </Placemark>
        <Placemark id="311">
            <name>Chk49 → OtrA</name>
            <description>
                
        
<![CDATA[
          <b>P1:</b> Chk49<br>
          <b>P2:</b> OtrA<br>
          <hr>
          <b>Distance:</b> 4.330 miles<br>
          <hr>
          <u>Path P1 → P2:</u><br>
          <b>Forward Azimuth at P1 (Az12):</b> 74.605°<br>
          <b>Back Azimuth at P2 (BackAz12):</b> 74.654°<br>
          <hr>
          <u>Path P2 → P1:</u><br>
          <b>Forward Azimuth at P2 (Az21):</b> 254.654°<br>
          <b>Back Azimuth at P1 (BackAz21):</b> 254.605°<br>
          <hr>
          <b>Filter Reason(s):</b> Dist multiple:0.8660<br>
          <hr>
          <i>Calculation Method: Spherical</i>
        ]]>                
        
            </description>
            <styleUrl>#312</styleUrl>
            <LineString id="310">
                <coordinates>-77.02956862943489,38.90963170613946,0.0 -76.95188801292042,38.92624596949343,0.0</coordinates>
            </LineString>
        </Placemark>
        <Placemark id="315">
            <name>Chk49 → H52</name>
            <description>
                
        
<![CDATA[
          <b>P1:</b> Chk49<br>
          <b>P2:</b> H52<br>
          <hr>
          <b>Distance:</b> 2.598 miles<br>
          <hr>
          <u>Path P1 → P2:</u><br>
          <b>Forward Azimuth at P1 (Az12):</b> 291.036°<br>
          <b>Back Azimuth at P2 (BackAz12):</b> 291.008°<br>
          <hr>
          <u>Path P2 → P1:</u><br>
          <b>Forward Azimuth at P2 (Az21):</b> 111.008°<br>
          <b>Back Azimuth at P1 (BackAz21):</b> 111.036°<br>
          <hr>
          <b>Filter Reason(s):</b> Dist multiple:0.8660<br>
          <hr>
          <i>Calculation Method: Spherical</i>
        ]]>                
        
            </description>
            <styleUrl>#316</styleUrl>
            <LineString id="314">
                <coordinates>-77.02956862943489,38.90963170613946,0.0 -77.0746835467705,38.92312150962155,0.0</coordinates>
            </LineString>
        </Placemark>
        <Placemark id="319">
            <name>Chk50 → AnOthr01</name>
            <description>
                
        
<![CDATA[
          <b>P1:</b> Chk50<br>
          <b>P2:</b> AnOthr01<br>
          <hr>
          <b>Distance:</b> 4.576 miles<br>
          <hr>
          <u>Path P1 → P2:</u><br>
          <b>Forward Azimuth at P1 (Az12):</b> 103.713°<br>
          <b>Back Azimuth at P2 (BackAz12):</b> 103.765°<br>
          <hr>
          <u>Path P2 → P1:</u><br>
          <b>Forward Azimuth at P2 (Az21):</b> 283.765°<br>
          <b>Back Azimuth at P1 (BackAz21):</b> 283.713°<br>
          <hr>
          <b>Filter Reason(s):</b> Dist multiple:2.2882<br>
          <hr>
          <i>Calculation Method: Spherical</i>
        ]]>                
        
            </description>
            <styleUrl>#320</styleUrl>
            <LineString id="318">
                <coordinates>-77.07961687570274,38.88471525220831,0.0 -76.99696100301952,38.86898287196977,0.0</coordinates>
            </LineString>
        </Placemark>
        <Placemark id="323">
            <name>Chk50 → SF06</name>
            <description>
                
        
<![CDATA[
          <b>P1:</b> Chk50<br>
          <b>P2:</b> SF06<br>
          <hr>
          <b>Distance:</b> 8.486 miles<br>
          <hr>
          <u>Path P1 → P2:</u><br>
          <b>Forward Azimuth at P1 (Az12):</b> 327.920°<br>
          <b>Back Azimuth at P2 (BackAz12):</b> 327.868°<br>
          <hr>
          <u>Path P2 → P1:</u><br>
          <b>Forward Azimuth at P2 (Az21):</b> 147.868°<br>
          <b>Back Azimuth at P1 (BackAz21):</b> 147.920°<br>
          <hr>
          <b>Filter Reason(s):</b> Dist multiple:0.7071<br>
          <hr>
          <i>Calculation Method: Spherical</i>
        ]]>                
        
            </description>
            <styleUrl>#324</styleUrl>
            <LineString id="322">
                <coordinates>-77.07961687570274,38.88471525220831,0.0 -77.16354886186852,38.98876568157223,0.0</coordinates>
            </LineString>
        </Placemark>
        <Placemark id="327">
            <name>Chk54 → H17</name>
            <description>
                
        
<![CDATA[
          <b>P1:</b> Chk54<br>
          <b>P2:</b> H17<br>
          <hr>
          <b>Distance:</b> 13.354 miles<br>
          <hr>
          <u>Path P1 → P2:</u><br>
          <b>Forward Azimuth at P1 (Az12):</b> 353.267°<br>
          <b>Back Azimuth at P2 (BackAz12):</b> 353.249°<br>
          <hr>
          <u>Path P2 → P1:</u><br>
          <b>Forward Azimuth at P2 (Az21):</b> 173.249°<br>
          <b>Back Azimuth at P1 (BackAz21):</b> 173.267°<br>
          <hr>
          <b>Filter Reason(s):</b> Dist multiple:0.3338<br>
          <hr>
          <i>Calculation Method: Spherical</i>
        ]]>                
        
            </description>
            <styleUrl>#328</styleUrl>
            <LineString id="326">
                <coordinates>-77.04351796976675,38.68922831692476,0.0 -77.07263105649967,38.88120136333437,0.0</coordinates>
            </LineString>
        </Placemark>
        <Placemark id="331">
            <name>Chk57 → SF03</name>
            <description>
                
        
<![CDATA[
          <b>P1:</b> Chk57<br>
          <b>P2:</b> SF03<br>
          <hr>
          <b>Distance:</b> 6.481 miles<br>
          <hr>
          <u>Path P1 → P2:</u><br>
          <b>Forward Azimuth at P1 (Az12):</b> 129.200°<br>
          <b>Back Azimuth at P2 (BackAz12):</b> 129.259°<br>
          <hr>
          <u>Path P2 → P1:</u><br>
          <b>Forward Azimuth at P2 (Az21):</b> 309.259°<br>
          <b>Back Azimuth at P1 (BackAz21):</b> 309.200°<br>
          <hr>
          <b>Filter Reason(s):</b> Dist multiple:0.5401<br>
          <hr>
          <i>Calculation Method: Spherical</i>
        ]]>                
        
            </description>
            <styleUrl>#332</styleUrl>
            <LineString id="330">
                <coordinates>-77.06541563323557,38.83300987616117,0.0 -76.97215841432278,38.77367519361357,0.0</coordinates>
            </LineString>
        </Placemark>
        <Placemark id="335">
            <name>Chk59 → RCrkA</name>
            <description>
                
        
<![CDATA[
          <b>P1:</b> Chk59<br>
          <b>P2:</b> RCrkA<br>
          <hr>
          <b>Distance:</b> 7.679 miles<br>
          <hr>
          <u>Path P1 → P2:</u><br>
          <b>Forward Azimuth at P1 (Az12):</b> 186.074°<br>
          <b>Back Azimuth at P2 (BackAz12):</b> 186.064°<br>
          <hr>
          <u>Path P2 → P1:</u><br>
          <b>Forward Azimuth at P2 (Az21):</b> 6.064°<br>
          <b>Back Azimuth at P1 (BackAz21):</b> 6.074°<br>
          <hr>
          <b>Filter Reason(s):</b> Dist multiple:0.3338<br>
          <hr>
          <i>Calculation Method: Spherical</i>
        ]]>                
        
            </description>
            <styleUrl>#336</styleUrl>
            <LineString id="334">
                <coordinates>-77.04244035387981,39.01004268273348,0.0 -77.05755337263248,38.89950909563222,0.0</coordinates>
            </LineString>
        </Placemark>
        <Placemark id="339">
            <name>Chk61 → H70a</name>
            <description>
                
        
<![CDATA[
          <b>P1:</b> Chk61<br>
          <b>P2:</b> H70a<br>
          <hr>
          <b>Distance:</b> 3.236 miles<br>
          <hr>
          <u>Path P1 → P2:</u><br>
          <b>Forward Azimuth at P1 (Az12):</b> 228.141°<br>
          <b>Back Azimuth at P2 (BackAz12):</b> 228.113°<br>
          <hr>
          <u>Path P2 → P1:</u><br>
          <b>Forward Azimuth at P2 (Az21):</b> 48.113°<br>
          <b>Back Azimuth at P1 (BackAz21):</b> 48.141°<br>
          <hr>
          <b>Filter Reason(s):</b> Dist multiple:1.6180<br>
          <hr>
          <i>Calculation Method: Spherical</i>
        ]]>                
        
            </description>
            <styleUrl>#340</styleUrl>
            <LineString id="338">
                <coordinates>-77.02294473847918,38.9027413920959,0.0 -77.06775220195667,38.87147694689254,0.0</coordinates>
            </LineString>
        </Placemark>
        <Placemark id="343">
            <name>Chk63 → H52</name>
            <description>
                
        
<![CDATA[
          <b>P1:</b> Chk63<br>
          <b>P2:</b> H52<br>
          <hr>
          <b>Distance:</b> 2.598 miles<br>
          <hr>
          <u>Path P1 → P2:</u><br>
          <b>Forward Azimuth at P1 (Az12):</b> 307.959°<br>
          <b>Back Azimuth at P2 (BackAz12):</b> 307.935°<br>
          <hr>
          <u>Path P2 → P1:</u><br>
          <b>Forward Azimuth at P2 (Az21):</b> 127.935°<br>
          <b>Back Azimuth at P1 (BackAz21):</b> 127.959°<br>
          <hr>
          <b>Filter Reason(s):</b> Dist multiple:0.8660<br>
          <hr>
          <i>Calculation Method: Spherical</i>
        ]]>                
        
            </description>
            <styleUrl>#344</styleUrl>
            <LineString id="342">
                <coordinates>-77.036569,38.89999431930673,0.0 -77.0746835467705,38.92312150962155,0.0</coordinates>
            </LineString>
        </Placemark>
        <Placemark id="347">
            <name>CptB → Chk47</name>
            <description>
                
        
<![CDATA[
          <b>P1:</b> CptB<br>
          <b>P2:</b> Chk47<br>
          <hr>
          <b>Distance:</b> 4.330 miles<br>
          <hr>
          <u>Path P1 → P2:</u><br>
          <b>Forward Azimuth at P1 (Az12):</b> 3.587°<br>
          <b>Back Azimuth at P2 (BackAz12):</b> 3.590°<br>
          <hr>
          <u>Path P2 → P1:</u><br>
          <b>Forward Azimuth at P2 (Az21):</b> 183.590°<br>
          <b>Back Azimuth at P1 (BackAz21):</b> 183.587°<br>
          <hr>
          <b>Filter Reason(s):</b> Dist multiple:0.8660<br>
          <hr>
          <i>Calculation Method: Spherical</i>
        ]]>                
        
            </description>
            <styleUrl>#348</styleUrl>
            <LineString id="346">
                <coordinates>-77.00988737303246,38.88556174596554,0.0 -77.00484480332231,38.94812410619182,0.0</coordinates>
            </LineString>
        </Placemark>
        <Placemark id="351">
            <name>Eb → I069</name>
            <description>
                
        
<![CDATA[
          <b>P1:</b> Eb<br>
          <b>P2:</b> I069<br>
          <hr>
          <b>Distance:</b> 5.244 miles<br>
          <hr>
          <u>Path P1 → P2:</u><br>
          <b>Forward Azimuth at P1 (Az12):</b> 272.720°<br>
          <b>Back Azimuth at P2 (BackAz12):</b> 272.659°<br>
          <hr>
          <u>Path P2 → P1:</u><br>
          <b>Forward Azimuth at P2 (Az21):</b> 92.659°<br>
          <b>Back Azimuth at P1 (BackAz21):</b> 92.720°<br>
          <hr>
          <b>Filter Reason(s):</b> Dist multiple:0.8740<br>
          <hr>
          <i>Calculation Method: Spherical</i>
        ]]>                
        
            </description>
            <styleUrl>#352</styleUrl>
            <LineString id="350">
                <coordinates>-76.90916553,38.89286049999997,0.0 -77.00659984972448,38.89642237002393,0.0</coordinates>
            </LineString>
        </Placemark>
        <Placemark id="355">
            <name>Eb → Chk50</name>
            <description>
                
        
<![CDATA[
          <b>P1:</b> Eb<br>
          <b>P2:</b> Chk50<br>
          <hr>
          <b>Distance:</b> 9.182 miles<br>
          <hr>
          <u>Path P1 → P2:</u><br>
          <b>Forward Azimuth at P1 (Az12):</b> 266.540°<br>
          <b>Back Azimuth at P2 (BackAz12):</b> 266.433°<br>
          <hr>
          <u>Path P2 → P1:</u><br>
          <b>Forward Azimuth at P2 (Az21):</b> 86.433°<br>
          <b>Back Azimuth at P1 (BackAz21):</b> 86.540°<br>
          <hr>
          <b>Filter Reason(s):</b> Dist multiple:0.5401<br>
          <hr>
          <i>Calculation Method: Spherical</i>
        ]]>                
        
            </description>
            <styleUrl>#356</styleUrl>
            <LineString id="354">
                <coordinates>-76.90916553,38.89286049999997,0.0 -77.07961687570274,38.88471525220831,0.0</coordinates>
            </LineString>
        </Placemark>
        <Placemark id="359">
            <name>Ec → Eb</name>
            <description>
                
        
<![CDATA[
          <b>P1:</b> Ec<br>
          <b>P2:</b> Eb<br>
          <hr>
          <b>Distance:</b> 7.071 miles<br>
          <hr>
          <u>Path P1 → P2:</u><br>
          <b>Forward Azimuth at P1 (Az12):</b> 89.917°<br>
          <b>Back Azimuth at P2 (BackAz12):</b> 90.000°<br>
          <hr>
          <u>Path P2 → P1:</u><br>
          <b>Forward Azimuth at P2 (Az21):</b> 270.000°<br>
          <b>Back Azimuth at P1 (BackAz21):</b> 269.917°<br>
          <hr>
          <b>Filter Reason(s):</b> Dist multiple:0.7071<br>
          <hr>
          <i>Calculation Method: Spherical</i>
        ]]>                
        
            </description>
            <styleUrl>#360</styleUrl>
            <LineString id="358">
                <coordinates>-77.0406797,38.89278669999997,0.0 -76.90916553,38.89286049999997,0.0</coordinates>
            </LineString>
        </Placemark>
        <Placemark id="363">
            <name>Ec → POOthr2c</name>
            <description>
                
        
<![CDATA[
          <b>P1:</b> Ec<br>
          <b>P2:</b> POOthr2c<br>
          <hr>
          <b>Distance:</b> 2.337 miles<br>
          <hr>
          <u>Path P1 → P2:</u><br>
          <b>Forward Azimuth at P1 (Az12):</b> 289.509°<br>
          <b>Back Azimuth at P2 (BackAz12):</b> 289.483°<br>
          <hr>
          <u>Path P2 → P1:</u><br>
          <b>Forward Azimuth at P2 (Az21):</b> 109.483°<br>
          <b>Back Azimuth at P1 (BackAz21):</b> 109.509°<br>
          <hr>
          <b>Filter Reason(s):</b> Dist multiple:0.3338<br>
          <hr>
          <i>Calculation Method: Spherical</i>
        ]]>                
        
            </description>
            <styleUrl>#364</styleUrl>
            <LineString id="362">
                <coordinates>-77.0406797,38.89278669999997,0.0 -77.08165575743644,38.9040771959102,0.0</coordinates>
            </LineString>
        </Placemark>
        <Placemark id="367">
            <name>Ec → H70b</name>
            <description>
                
        
<![CDATA[
          <b>P1:</b> Ec<br>
          <b>P2:</b> H70b<br>
          <hr>
          <b>Distance:</b> 3.535 miles<br>
          <hr>
          <u>Path P1 → P2:</u><br>
          <b>Forward Azimuth at P1 (Az12):</b> 70.228°<br>
          <b>Back Azimuth at P2 (BackAz12):</b> 70.267°<br>
          <hr>
          <u>Path P2 → P1:</u><br>
          <b>Forward Azimuth at P2 (Az21):</b> 250.267°<br>
          <b>Back Azimuth at P1 (BackAz21):</b> 250.228°<br>
          <hr>
          <b>Filter Reason(s):</b> Dist multiple:0.7071<br>
          <hr>
          <i>Calculation Method: Spherical</i>
        ]]>                
        
            </description>
            <styleUrl>#368</styleUrl>
            <LineString id="366">
                <coordinates>-77.0406797,38.89278669999997,0.0 -76.97878782846644,38.91008217241069,0.0</coordinates>
            </LineString>
        </Placemark>
        <Placemark id="371">
            <name>Ec → H40</name>
            <description>
                
        
<![CDATA[
          <b>P1:</b> Ec<br>
          <b>P2:</b> H40<br>
          <hr>
          <b>Distance:</b> 6.364 miles<br>
          <hr>
          <u>Path P1 → P2:</u><br>
          <b>Forward Azimuth at P1 (Az12):</b> 275.328°<br>
          <b>Back Azimuth at P2 (BackAz12):</b> 275.254°<br>
          <hr>
          <u>Path P2 → P1:</u><br>
          <b>Forward Azimuth at P2 (Az21):</b> 95.254°<br>
          <b>Back Azimuth at P1 (BackAz21):</b> 95.328°<br>
          <hr>
          <b>Filter Reason(s):</b> Dist multiple:0.7071<br>
          <hr>
          <i>Calculation Method: Spherical</i>
        ]]>                
        
            </description>
            <styleUrl>#372</styleUrl>
            <LineString id="370">
                <coordinates>-77.0406797,38.89278669999997,0.0 -77.15854915633481,38.90128237275844,0.0</coordinates>
            </LineString>
        </Placemark>
        <Placemark id="375">
            <name>Gs1 → Chj24</name>
            <description>
                
        
<![CDATA[
          <b>P1:</b> Gs1<br>
          <b>P2:</b> Chj24<br>
          <hr>
          <b>Distance:</b> 3.672 miles<br>
          <hr>
          <u>Path P1 → P2:</u><br>
          <b>Forward Azimuth at P1 (Az12):</b> 47.540°<br>
          <b>Back Azimuth at P2 (BackAz12):</b> 47.572°<br>
          <hr>
          <u>Path P2 → P1:</u><br>
          <b>Forward Azimuth at P2 (Az21):</b> 227.572°<br>
          <b>Back Azimuth at P1 (BackAz21):</b> 227.540°<br>
          <hr>
          <b>Filter Reason(s):</b> Dist multiple:0.3338<br>
          <hr>
          <i>Calculation Method: Spherical</i>
        ]]>                
        
            </description>
            <styleUrl>#376</styleUrl>
            <LineString id="374">
                <coordinates>-77.11877083238855,38.93539090046842,0.0 -77.06832915730651,38.97126514652496,0.0</coordinates>
            </LineString>
        </Placemark>
        <Placemark id="379">
            <name>Gs1 → Chk36</name>
            <description>
                
        
<![CDATA[
          <b>P1:</b> Gs1<br>
          <b>P2:</b> Chk36<br>
          <hr>
          <b>Distance:</b> 6.928 miles<br>
          <hr>
          <u>Path P1 → P2:</u><br>
          <b>Forward Azimuth at P1 (Az12):</b> 103.690°<br>
          <b>Back Azimuth at P2 (BackAz12):</b> 103.769°<br>
          <hr>
          <u>Path P2 → P1:</u><br>
          <b>Forward Azimuth at P2 (Az21):</b> 283.769°<br>
          <b>Back Azimuth at P1 (BackAz21):</b> 283.690°<br>
          <hr>
          <b>Filter Reason(s):</b> Dist multiple:0.8660, Dist multiple:3.4641<br>
          <hr>
          <i>Calculation Method: Spherical</i>
        ]]>                
        
            </description>
            <styleUrl>#380</styleUrl>
            <LineString id="378">
                <coordinates>-77.11877083238855,38.93539090046842,0.0 -76.99354755099984,38.91158883943301,0.0</coordinates>
            </LineString>
        </Placemark>
        <Placemark id="383">
            <name>Gs1 → Chk54</name>
            <description>
                
        
<![CDATA[
          <b>P1:</b> Gs1<br>
          <b>P2:</b> Chk54<br>
          <hr>
          <b>Distance:</b> 17.481 miles<br>
          <hr>
          <u>Path P1 → P2:</u><br>
          <b>Forward Azimuth at P1 (Az12):</b> 166.578°<br>
          <b>Back Azimuth at P2 (BackAz12):</b> 166.625°<br>
          <hr>
          <u>Path P2 → P1:</u><br>
          <b>Forward Azimuth at P2 (Az21):</b> 346.625°<br>
          <b>Back Azimuth at P1 (BackAz21):</b> 346.578°<br>
          <hr>
          <b>Filter Reason(s):</b> Dist multiple:0.8740<br>
          <hr>
          <i>Calculation Method: Spherical</i>
        ]]>                
        
            </description>
            <styleUrl>#384</styleUrl>
            <LineString id="382">
                <coordinates>-77.11877083238855,38.93539090046842,0.0 -77.04351796976675,38.68922831692476,0.0</coordinates>
            </LineString>
        </Placemark>
        <Placemark id="387">
            <name>Gs2 → I010</name>
            <description>
                
        
<![CDATA[
          <b>P1:</b> Gs2<br>
          <b>P2:</b> I010<br>
          <hr>
          <b>Distance:</b> 4.326 miles<br>
          <hr>
          <u>Path P1 → P2:</u><br>
          <b>Forward Azimuth at P1 (Az12):</b> 301.343°<br>
          <b>Back Azimuth at P2 (BackAz12):</b> 301.300°<br>
          <hr>
          <u>Path P2 → P1:</u><br>
          <b>Forward Azimuth at P2 (Az21):</b> 121.300°<br>
          <b>Back Azimuth at P1 (BackAz21):</b> 121.343°<br>
          <hr>
          <b>Filter Reason(s):</b> Dist multiple:0.6180<br>
          <hr>
          <i>Calculation Method: Spherical</i>
        ]]>                
        
            </description>
            <styleUrl>#388</styleUrl>
            <LineString id="386">
                <coordinates>-76.96785270415687,38.86573364111086,0.0 -77.03657097283033,38.89828563763562,0.0</coordinates>
            </LineString>
        </Placemark>
        <Placemark id="391">
            <name>Gs2 → Chk28</name>
            <description>
                
        
<![CDATA[
          <b>P1:</b> Gs2<br>
          <b>P2:</b> Chk28<br>
          <hr>
          <b>Distance:</b> 8.485 miles<br>
          <hr>
          <u>Path P1 → P2:</u><br>
          <b>Forward Azimuth at P1 (Az12):</b> 315.971°<br>
          <b>Back Azimuth at P2 (BackAz12):</b> 315.902°<br>
          <hr>
          <u>Path P2 → P1:</u><br>
          <b>Forward Azimuth at P2 (Az21):</b> 135.902°<br>
          <b>Back Azimuth at P1 (BackAz21):</b> 135.971°<br>
          <hr>
          <b>Filter Reason(s):</b> Dist multiple:0.7071<br>
          <hr>
          <i>Calculation Method: Spherical</i>
        ]]>                
        
            </description>
            <styleUrl>#392</styleUrl>
            <LineString id="390">
                <coordinates>-76.96785270415687,38.86573364111086,0.0 -77.0776296316338,38.95399489057218,0.0</coordinates>
            </LineString>
        </Placemark>
        <Placemark id="395">
            <name>Gs2 → Chk31</name>
            <description>
                
        
<![CDATA[
          <b>P1:</b> Gs2<br>
          <b>P2:</b> Chk31<br>
          <hr>
          <b>Distance:</b> 7.500 miles<br>
          <hr>
          <u>Path P1 → P2:</u><br>
          <b>Forward Azimuth at P1 (Az12):</b> 259.314°<br>
          <b>Back Azimuth at P2 (BackAz12):</b> 259.228°<br>
          <hr>
          <u>Path P2 → P1:</u><br>
          <b>Forward Azimuth at P2 (Az21):</b> 79.228°<br>
          <b>Back Azimuth at P1 (BackAz21):</b> 79.314°<br>
          <hr>
          <b>Filter Reason(s):</b> Dist Half<br>
          <hr>
          <i>Calculation Method: Spherical</i>
        ]]>                
        
            </description>
            <styleUrl>#396</styleUrl>
            <LineString id="394">
                <coordinates>-76.96785270415687,38.86573364111086,0.0 -77.10483209910393,38.84552270708302,0.0</coordinates>
            </LineString>
        </Placemark>
        <Placemark id="399">
            <name>Gs2 → Chk48</name>
            <description>
                
        
<![CDATA[
          <b>P1:</b> Gs2<br>
          <b>P2:</b> Chk48<br>
          <hr>
          <b>Distance:</b> 4.674 miles<br>
          <hr>
          <u>Path P1 → P2:</u><br>
          <b>Forward Azimuth at P1 (Az12):</b> 307.831°<br>
          <b>Back Azimuth at P2 (BackAz12):</b> 307.787°<br>
          <hr>
          <u>Path P2 → P1:</u><br>
          <b>Forward Azimuth at P2 (Az21):</b> 127.787°<br>
          <b>Back Azimuth at P1 (BackAz21):</b> 127.831°<br>
          <hr>
          <b>Filter Reason(s):</b> Dist multiple:0.3338<br>
          <hr>
          <i>Calculation Method: Spherical</i>
        ]]>                
        
            </description>
            <styleUrl>#400</styleUrl>
            <LineString id="398">
                <coordinates>-76.96785270415687,38.86573364111086,0.0 -77.0365266731042,38.90721119681356,0.0</coordinates>
            </LineString>
        </Placemark>
        <Placemark id="403">
            <name>Gs2 → SF03</name>
            <description>
                
        
<![CDATA[
          <b>P1:</b> Gs2<br>
          <b>P2:</b> SF03<br>
          <hr>
          <b>Distance:</b> 6.364 miles<br>
          <hr>
          <u>Path P1 → P2:</u><br>
          <b>Forward Azimuth at P1 (Az12):</b> 182.088°<br>
          <b>Back Azimuth at P2 (BackAz12):</b> 182.086°<br>
          <hr>
          <u>Path P2 → P1:</u><br>
          <b>Forward Azimuth at P2 (Az21):</b> 2.086°<br>
          <b>Back Azimuth at P1 (BackAz21):</b> 2.088°<br>
          <hr>
          <b>Filter Reason(s):</b> Dist multiple:0.7071<br>
          <hr>
          <i>Calculation Method: Spherical</i>
        ]]>                
        
            </description>
            <styleUrl>#404</styleUrl>
            <LineString id="402">
                <coordinates>-76.96785270415687,38.86573364111086,0.0 -76.97215841432278,38.77367519361357,0.0</coordinates>
            </LineString>
        </Placemark>
        <Placemark id="407">
            <name>Gs3 → Pk02</name>
            <description>
                
        
<![CDATA[
          <b>P1:</b> Gs3<br>
          <b>P2:</b> Pk02<br>
          <hr>
          <b>Distance:</b> 48.742 miles<br>
          <hr>
          <u>Path P1 → P2:</u><br>
          <b>Forward Azimuth at P1 (Az12):</b> 318.151°<br>
          <b>Back Azimuth at P2 (BackAz12):</b> 317.766°<br>
          <hr>
          <u>Path P2 → P1:</u><br>
          <b>Forward Azimuth at P2 (Az21):</b> 137.766°<br>
          <b>Back Azimuth at P1 (BackAz21):</b> 138.151°<br>
          <hr>
          <b>Filter Reason(s):</b> Dist multiple:0.3338<br>
          <hr>
          <i>Calculation Method: Spherical</i>
        ]]>                
        
            </description>
            <styleUrl>#408</styleUrl>
            <LineString id="406">
                <coordinates>-77.0180027100891,38.92487183560202,0.0 -77.627618,39.448887,0.0</coordinates>
            </LineString>
        </Placemark>
        <Placemark id="411">
            <name>Gs4 → H44</name>
            <description>
                
        
<![CDATA[
          <b>P1:</b> Gs4<br>
          <b>P2:</b> H44<br>
          <hr>
          <b>Distance:</b> 1.236 miles<br>
          <hr>
          <u>Path P1 → P2:</u><br>
          <b>Forward Azimuth at P1 (Az12):</b> 234.970°<br>
          <b>Back Azimuth at P2 (BackAz12):</b> 234.958°<br>
          <hr>
          <u>Path P2 → P1:</u><br>
          <b>Forward Azimuth at P2 (Az21):</b> 54.958°<br>
          <b>Back Azimuth at P1 (BackAz21):</b> 54.970°<br>
          <hr>
          <b>Filter Reason(s):</b> Dist multiple:0.6180<br>
          <hr>
          <i>Calculation Method: Spherical</i>
        ]]>                
        
            </description>
            <styleUrl>#412</styleUrl>
            <LineString id="410">
                <coordinates>-77.09353884670664,38.9132912447494,0.0 -77.1123682030325,38.90301800526387,0.0</coordinates>
            </LineString>
        </Placemark>
        <Placemark id="415">
            <name>Gs6 → H66</name>
            <description>
                
        
<![CDATA[
          <b>P1:</b> Gs6<br>
          <b>P2:</b> H66<br>
          <hr>
          <b>Distance:</b> 2.622 miles<br>
          <hr>
          <u>Path P1 → P2:</u><br>
          <b>Forward Azimuth at P1 (Az12):</b> 168.508°<br>
          <b>Back Azimuth at P2 (BackAz12):</b> 168.514°<br>
          <hr>
          <u>Path P2 → P1:</u><br>
          <b>Forward Azimuth at P2 (Az21):</b> 348.514°<br>
          <b>Back Azimuth at P1 (BackAz21):</b> 348.508°<br>
          <hr>
          <b>Filter Reason(s):</b> Dist multiple:0.8740<br>
          <hr>
          <i>Calculation Method: Spherical</i>
        ]]>                
        
            </description>
            <styleUrl>#416</styleUrl>
            <LineString id="414">
                <coordinates>-77.11066858924072,38.94253116241286,0.0 -77.10094955658019,38.90533124793031,0.0</coordinates>
            </LineString>
        </Placemark>
        <Placemark id="419">
            <name>Gs7 → Gs8</name>
            <description>
                
        
<![CDATA[
          <b>P1:</b> Gs7<br>
          <b>P2:</b> Gs8<br>
          <hr>
          <b>Distance:</b> 4.330 miles<br>
          <hr>
          <u>Path P1 → P2:</u><br>
          <b>Forward Azimuth at P1 (Az12):</b> 113.420°<br>
          <b>Back Azimuth at P2 (BackAz12):</b> 113.467°<br>
          <hr>
          <u>Path P2 → P1:</u><br>
          <b>Forward Azimuth at P2 (Az21):</b> 293.467°<br>
          <b>Back Azimuth at P1 (BackAz21):</b> 293.420°<br>
          <hr>
          <b>Filter Reason(s):</b> Dist multiple:0.8660<br>
          <hr>
          <i>Calculation Method: Spherical</i>
        ]]>                
        
            </description>
            <styleUrl>#420</styleUrl>
            <LineString id="418">
                <coordinates>-77.11677799130699,38.91601482291505,0.0 -77.04288644534626,38.89107936946611,0.0</coordinates>
            </LineString>
        </Placemark>
        <Placemark id="423">
            <name>Gs8 → H11</name>
            <description>
                
        
<![CDATA[
          <b>P1:</b> Gs8<br>
          <b>P2:</b> H11<br>
          <hr>
          <b>Distance:</b> 2.622 miles<br>
          <hr>
          <u>Path P1 → P2:</u><br>
          <b>Forward Azimuth at P1 (Az12):</b> 51.606°<br>
          <b>Back Azimuth at P2 (BackAz12):</b> 51.630°<br>
          <hr>
          <u>Path P2 → P1:</u><br>
          <b>Forward Azimuth at P2 (Az21):</b> 231.630°<br>
          <b>Back Azimuth at P1 (BackAz21):</b> 231.606°<br>
          <hr>
          <b>Filter Reason(s):</b> Dist multiple:0.8740<br>
          <hr>
          <i>Calculation Method: Spherical</i>
        ]]>                
        
            </description>
            <styleUrl>#424</styleUrl>
            <LineString id="422">
                <coordinates>-77.04288644534626,38.89107936946611,0.0 -77.0046483262631,38.9146495509119,0.0</coordinates>
            </LineString>
        </Placemark>
        <Placemark id="427">
            <name>Gs9 → Chk23b</name>
            <description>
                
        
<![CDATA[
          <b>P1:</b> Gs9<br>
          <b>P2:</b> Chk23b<br>
          <hr>
          <b>Distance:</b> 8.652 miles<br>
          <hr>
          <u>Path P1 → P2:</u><br>
          <b>Forward Azimuth at P1 (Az12):</b> 21.161°<br>
          <b>Back Azimuth at P2 (BackAz12):</b> 21.197°<br>
          <hr>
          <u>Path P2 → P1:</u><br>
          <b>Forward Azimuth at P2 (Az21):</b> 201.197°<br>
          <b>Back Azimuth at P1 (BackAz21):</b> 201.161°<br>
          <hr>
          <b>Filter Reason(s):</b> Dist multiple:0.6180<br>
          <hr>
          <i>Calculation Method: Spherical</i>
        ]]>                
        
            </description>
            <styleUrl>#428</styleUrl>
            <LineString id="426">
                <coordinates>-77.03197308076226,38.79290977473043,0.0 -76.97387114815113,38.90969480185885,0.0</coordinates>
            </LineString>
        </Placemark>
        <Placemark id="431">
            <name>Gs9 → Chk55</name>
            <description>
                
        
<![CDATA[
          <b>P1:</b> Gs9<br>
          <b>P2:</b> Chk55<br>
          <hr>
          <b>Distance:</b> 5.675 miles<br>
          <hr>
          <u>Path P1 → P2:</u><br>
          <b>Forward Azimuth at P1 (Az12):</b> 181.761°<br>
          <b>Back Azimuth at P2 (BackAz12):</b> 181.759°<br>
          <hr>
          <u>Path P2 → P1:</u><br>
          <b>Forward Azimuth at P2 (Az21):</b> 1.759°<br>
          <b>Back Azimuth at P1 (BackAz21):</b> 1.761°<br>
          <hr>
          <b>Filter Reason(s):</b> Dist multiple:0.3338<br>
          <hr>
          <i>Calculation Method: Spherical</i>
        ]]>                
        
            </description>
            <styleUrl>#432</styleUrl>
            <LineString id="430">
                <coordinates>-77.03197308076226,38.79290977473043,0.0 -77.0352088314432,38.71079049783587,0.0</coordinates>
            </LineString>
        </Placemark>
        <Placemark id="435">
            <name>Gs9 → H81</name>
            <description>
                
        
<![CDATA[
          <b>P1:</b> Gs9<br>
          <b>P2:</b> H81<br>
          <hr>
          <b>Distance:</b> 8.500 miles<br>
          <hr>
          <u>Path P1 → P2:</u><br>
          <b>Forward Azimuth at P1 (Az12):</b> 40.183°<br>
          <b>Back Azimuth at P2 (BackAz12):</b> 40.247°<br>
          <hr>
          <u>Path P2 → P1:</u><br>
          <b>Forward Azimuth at P2 (Az21):</b> 220.247°<br>
          <b>Back Azimuth at P1 (BackAz21):</b> 220.183°<br>
          <hr>
          <b>Filter Reason(s):</b> Dist Half<br>
          <hr>
          <i>Calculation Method: Spherical</i>
        ]]>                
        
            </description>
            <styleUrl>#436</styleUrl>
            <LineString id="434">
                <coordinates>-77.03197308076226,38.79290977473043,0.0 -76.9299762903957,38.88687029383775,0.0</coordinates>
            </LineString>
        </Placemark>
        <Placemark id="439">
            <name>H11 → H69</name>
            <description>
                
        
<![CDATA[
          <b>P1:</b> H11<br>
          <b>P2:</b> H69<br>
          <hr>
          <b>Distance:</b> 4.500 miles<br>
          <hr>
          <u>Path P1 → P2:</u><br>
          <b>Forward Azimuth at P1 (Az12):</b> 233.997°<br>
          <b>Back Azimuth at P2 (BackAz12):</b> 233.955°<br>
          <hr>
          <u>Path P2 → P1:</u><br>
          <b>Forward Azimuth at P2 (Az21):</b> 53.955°<br>
          <b>Back Azimuth at P1 (BackAz21):</b> 53.997°<br>
          <hr>
          <b>Filter Reason(s):</b> Dist Half<br>
          <hr>
          <i>Calculation Method: Spherical</i>
        ]]>                
        
            </description>
            <styleUrl>#440</styleUrl>
            <LineString id="438">
                <coordinates>-77.0046483262631,38.9146495509119,0.0 -77.07234178427055,38.87633745296441,0.0</coordinates>
            </LineString>
        </Placemark>
        <Placemark id="443">
            <name>H12 → SF01</name>
            <description>
                
        
<![CDATA[
          <b>P1:</b> H12<br>
          <b>P2:</b> SF01<br>
          <hr>
          <b>Distance:</b> 7.500 miles<br>
          <hr>
          <u>Path P1 → P2:</u><br>
          <b>Forward Azimuth at P1 (Az12):</b> 260.064°<br>
          <b>Back Azimuth at P2 (BackAz12):</b> 259.978°<br>
          <hr>
          <u>Path P2 → P1:</u><br>
          <b>Forward Azimuth at P2 (Az21):</b> 79.978°<br>
          <b>Back Azimuth at P1 (BackAz21):</b> 80.064°<br>
          <hr>
          <b>Filter Reason(s):</b> Dist Half<br>
          <hr>
          <i>Calculation Method: Spherical</i>
        ]]>                
        
            </description>
            <styleUrl>#444</styleUrl>
            <LineString id="442">
                <coordinates>-76.94844865915428,38.92005589287478,0.0 -77.08586335465753,38.90124200833564,0.0</coordinates>
            </LineString>
        </Placemark>
        <Placemark id="447">
            <name>H17 → SF02</name>
            <description>
                
        
<![CDATA[
          <b>P1:</b> H17<br>
          <b>P2:</b> SF02<br>
          <hr>
          <b>Distance:</b> 1.670 miles<br>
          <hr>
          <u>Path P1 → P2:</u><br>
          <b>Forward Azimuth at P1 (Az12):</b> 325.739°<br>
          <b>Back Azimuth at P2 (BackAz12):</b> 325.728°<br>
          <hr>
          <u>Path P2 → P1:</u><br>
          <b>Forward Azimuth at P2 (Az21):</b> 145.728°<br>
          <b>Back Azimuth at P1 (BackAz21):</b> 145.739°<br>
          <hr>
          <b>Filter Reason(s):</b> Dist multiple:0.3338<br>
          <hr>
          <i>Calculation Method: Spherical</i>
        ]]>                
        
            </description>
            <styleUrl>#448</styleUrl>
            <LineString id="446">
                <coordinates>-77.07263105649967,38.88120136333437,0.0 -77.0901139945135,38.90117456916591,0.0</coordinates>
            </LineString>
        </Placemark>
        <Placemark id="451">
            <name>H19 → H32</name>
            <description>
                
        
<![CDATA[
          <b>P1:</b> H19<br>
          <b>P2:</b> H32<br>
          <hr>
          <b>Distance:</b> 0.874 miles<br>
          <hr>
          <u>Path P1 → P2:</u><br>
          <b>Forward Azimuth at P1 (Az12):</b> 313.770°<br>
          <b>Back Azimuth at P2 (BackAz12):</b> 313.763°<br>
          <hr>
          <u>Path P2 → P1:</u><br>
          <b>Forward Azimuth at P2 (Az21):</b> 133.763°<br>
          <b>Back Azimuth at P1 (BackAz21):</b> 133.770°<br>
          <hr>
          <b>Filter Reason(s):</b> Dist multiple:0.8740<br>
          <hr>
          <i>Calculation Method: Spherical</i>
        ]]>                
        
            </description>
            <styleUrl>#452</styleUrl>
            <LineString id="450">
                <coordinates>-77.07888357211404,38.91560586754403,0.0 -77.09063005508365,38.9243596243616,0.0</coordinates>
            </LineString>
        </Placemark>
        <Placemark id="455">
            <name>H19 → SF03</name>
            <description>
                
        
<![CDATA[
          <b>P1:</b> H19<br>
          <b>P2:</b> SF03<br>
          <hr>
          <b>Distance:</b> 11.362 miles<br>
          <hr>
          <u>Path P1 → P2:</u><br>
          <b>Forward Azimuth at P1 (Az12):</b> 149.611°<br>
          <b>Back Azimuth at P2 (BackAz12):</b> 149.678°<br>
          <hr>
          <u>Path P2 → P1:</u><br>
          <b>Forward Azimuth at P2 (Az21):</b> 329.678°<br>
          <b>Back Azimuth at P1 (BackAz21):</b> 329.611°<br>
          <hr>
          <b>Filter Reason(s):</b> Dist multiple:0.8740<br>
          <hr>
          <i>Calculation Method: Spherical</i>
        ]]>                
        
            </description>
            <styleUrl>#456</styleUrl>
            <LineString id="454">
                <coordinates>-77.07888357211404,38.91560586754403,0.0 -76.97215841432278,38.77367519361357,0.0</coordinates>
            </LineString>
        </Placemark>
        <Placemark id="459">
            <name>H20 → SF06</name>
            <description>
                
        
<![CDATA[
          <b>P1:</b> H20<br>
          <b>P2:</b> SF06<br>
          <hr>
          <b>Distance:</b> 6.472 miles<br>
          <hr>
          <u>Path P1 → P2:</u><br>
          <b>Forward Azimuth at P1 (Az12):</b> 314.537°<br>
          <b>Back Azimuth at P2 (BackAz12):</b> 314.483°<br>
          <hr>
          <u>Path P2 → P1:</u><br>
          <b>Forward Azimuth at P2 (Az21):</b> 134.483°<br>
          <b>Back Azimuth at P1 (BackAz21):</b> 134.537°<br>
          <hr>
          <b>Filter Reason(s):</b> Dist multiple:1.6180<br>
          <hr>
          <i>Calculation Method: Spherical</i>
        ]]>                
        
            </description>
            <styleUrl>#460</styleUrl>
            <LineString id="458">
                <coordinates>-77.07763287849671,38.9230873705844,0.0 -77.16354886186852,38.98876568157223,0.0</coordinates>
            </LineString>
        </Placemark>
        <Placemark id="463">
            <name>H22 → H60</name>
            <description>
                
        
<![CDATA[
          <b>P1:</b> H22<br>
          <b>P2:</b> H60<br>
          <hr>
          <b>Distance:</b> 7.679 miles<br>
          <hr>
          <u>Path P1 → P2:</u><br>
          <b>Forward Azimuth at P1 (Az12):</b> 88.363°<br>
          <b>Back Azimuth at P2 (BackAz12):</b> 88.453°<br>
          <hr>
          <u>Path P2 → P1:</u><br>
          <b>Forward Azimuth at P2 (Az21):</b> 268.453°<br>
          <b>Back Azimuth at P1 (BackAz21):</b> 268.363°<br>
          <hr>
          <b>Filter Reason(s):</b> Dist multiple:0.3338<br>
          <hr>
          <i>Calculation Method: Spherical</i>
        ]]>                
        
            </description>
            <styleUrl>#464</styleUrl>
            <LineString id="462">
                <coordinates>-77.06004232078331,38.92823446130691,0.0 -76.91720945574568,38.93132296535497,0.0</coordinates>
            </LineString>
        </Placemark>
        <Placemark id="467">
            <name>H35 → H39</name>
            <description>
                
        
<![CDATA[
          <b>P1:</b> H35<br>
          <b>P2:</b> H39<br>
          <hr>
          <b>Distance:</b> 8.740 miles<br>
          <hr>
          <u>Path P1 → P2:</u><br>
          <b>Forward Azimuth at P1 (Az12):</b> 269.284°<br>
          <b>Back Azimuth at P2 (BackAz12):</b> 269.182°<br>
          <hr>
          <u>Path P2 → P1:</u><br>
          <b>Forward Azimuth at P2 (Az21):</b> 89.182°<br>
          <b>Back Azimuth at P1 (BackAz21):</b> 89.284°<br>
          <hr>
          <b>Filter Reason(s):</b> Dist multiple:0.8740<br>
          <hr>
          <i>Calculation Method: Spherical</i>
        ]]>                
        
            </description>
            <styleUrl>#468</styleUrl>
            <LineString id="466">
                <coordinates>-77.07975099520537,38.92066077312896,0.0 -77.24236058241425,38.9189665077175,0.0</coordinates>
            </LineString>
        </Placemark>
        <Placemark id="471">
            <name>H37 → H40</name>
            <description>
                
        
<![CDATA[
          <b>P1:</b> H37<br>
          <b>P2:</b> H40<br>
          <hr>
          <b>Distance:</b> 2.500 miles<br>
          <hr>
          <u>Path P1 → P2:</u><br>
          <b>Forward Azimuth at P1 (Az12):</b> 277.853°<br>
          <b>Back Azimuth at P2 (BackAz12):</b> 277.824°<br>
          <hr>
          <u>Path P2 → P1:</u><br>
          <b>Forward Azimuth at P2 (Az21):</b> 97.824°<br>
          <b>Back Azimuth at P1 (BackAz21):</b> 97.853°<br>
          <hr>
          <b>Filter Reason(s):</b> Dist Half<br>
          <hr>
          <i>Calculation Method: Spherical</i>
        ]]>                
        
            </description>
            <styleUrl>#472</styleUrl>
            <LineString id="470">
                <coordinates>-77.11248589188622,38.89634739382956,0.0 -77.15854915633481,38.90128237275844,0.0</coordinates>
            </LineString>
        </Placemark>
        <Placemark id="475">
            <name>H38 → SF01</name>
            <description>
                
        
<![CDATA[
          <b>P1:</b> H38<br>
          <b>P2:</b> SF01<br>
          <hr>
          <b>Distance:</b> 11.883 miles<br>
          <hr>
          <u>Path P1 → P2:</u><br>
          <b>Forward Azimuth at P1 (Az12):</b> 96.304°<br>
          <b>Back Azimuth at P2 (BackAz12):</b> 96.442°<br>
          <hr>
          <u>Path P2 → P1:</u><br>
          <b>Forward Azimuth at P2 (Az21):</b> 276.442°<br>
          <b>Back Azimuth at P1 (BackAz21):</b> 276.304°<br>
          <hr>
          <b>Filter Reason(s):</b> Dist multiple:0.5401<br>
          <hr>
          <i>Calculation Method: Spherical</i>
        ]]>                
        
            </description>
            <styleUrl>#476</styleUrl>
            <LineString id="474">
                <coordinates>-77.30556025520397,38.92033648688445,0.0 -77.08586335465753,38.90124200833564,0.0</coordinates>
            </LineString>
        </Placemark>
        <Placemark id="479">
            <name>H40 → H56</name>
            <description>
                
        
<![CDATA[
          <b>P1:</b> H40<br>
          <b>P2:</b> H56<br>
          <hr>
          <b>Distance:</b> 5.342 miles<br>
          <hr>
          <u>Path P1 → P2:</u><br>
          <b>Forward Azimuth at P1 (Az12):</b> 78.381°<br>
          <b>Back Azimuth at P2 (BackAz12):</b> 78.442°<br>
          <hr>
          <u>Path P2 → P1:</u><br>
          <b>Forward Azimuth at P2 (Az21):</b> 258.442°<br>
          <b>Back Azimuth at P1 (BackAz21):</b> 258.381°<br>
          <hr>
          <b>Filter Reason(s):</b> Dist multiple:0.3338<br>
          <hr>
          <i>Calculation Method: Spherical</i>
        ]]>                
        
            </description>
            <styleUrl>#480</styleUrl>
            <LineString id="478">
                <coordinates>-77.15854915633481,38.90128237275844,0.0 -77.06120140091524,38.91681538320637,0.0</coordinates>
            </LineString>
        </Placemark>
        <Placemark id="483">
            <name>H40 → Pk03</name>
            <description>
                
        
<![CDATA[
          <b>P1:</b> H40<br>
          <b>P2:</b> Pk03<br>
          <hr>
          <b>Distance:</b> 29.045 miles<br>
          <hr>
          <u>Path P1 → P2:</u><br>
          <b>Forward Azimuth at P1 (Az12):</b> 269.949°<br>
          <b>Back Azimuth at P2 (BackAz12):</b> 269.610°<br>
          <hr>
          <u>Path P2 → P1:</u><br>
          <b>Forward Azimuth at P2 (Az21):</b> 89.610°<br>
          <b>Back Azimuth at P1 (BackAz21):</b> 89.949°<br>
          <hr>
          <b>Filter Reason(s):</b> Dist multiple:0.3338<br>
          <hr>
          <i>Calculation Method: Spherical</i>
        ]]>                
        
            </description>
            <styleUrl>#484</styleUrl>
            <LineString id="482">
                <coordinates>-77.15854915633481,38.90128237275844,0.0 -77.698809,38.899665,0.0</coordinates>
            </LineString>
        </Placemark>
        <Placemark id="487">
            <name>H42 → SF01</name>
            <description>
                
        
<![CDATA[
          <b>P1:</b> H42<br>
          <b>P2:</b> SF01<br>
          <hr>
          <b>Distance:</b> 6.482 miles<br>
          <hr>
          <u>Path P1 → P2:</u><br>
          <b>Forward Azimuth at P1 (Az12):</b> 323.802°<br>
          <b>Back Azimuth at P2 (BackAz12):</b> 323.757°<br>
          <hr>
          <u>Path P2 → P1:</u><br>
          <b>Forward Azimuth at P2 (Az21):</b> 143.757°<br>
          <b>Back Azimuth at P1 (BackAz21):</b> 143.802°<br>
          <hr>
          <b>Filter Reason(s):</b> Dist multiple:0.5401<br>
          <hr>
          <i>Calculation Method: Spherical</i>
        ]]>                
        
            </description>
            <styleUrl>#488</styleUrl>
            <LineString id="486">
                <coordinates>-77.01466103512618,38.82554707680318,0.0 -77.08586335465753,38.90124200833564,0.0</coordinates>
            </LineString>
        </Placemark>
        <Placemark id="491">
            <name>H44 → H70a</name>
            <description>
                
        
<![CDATA[
          <b>P1:</b> H44<br>
          <b>P2:</b> H70a<br>
          <hr>
          <b>Distance:</b> 3.241 miles<br>
          <hr>
          <u>Path P1 → P2:</u><br>
          <b>Forward Azimuth at P1 (Az12):</b> 132.232°<br>
          <b>Back Azimuth at P2 (BackAz12):</b> 132.260°<br>
          <hr>
          <u>Path P2 → P1:</u><br>
          <b>Forward Azimuth at P2 (Az21):</b> 312.260°<br>
          <b>Back Azimuth at P1 (BackAz21):</b> 312.232°<br>
          <hr>
          <b>Filter Reason(s):</b> Dist multiple:0.5401<br>
          <hr>
          <i>Calculation Method: Spherical</i>
        ]]>                
        
            </description>
            <styleUrl>#492</styleUrl>
            <LineString id="490">
                <coordinates>-77.1123682030325,38.90301800526387,0.0 -77.06775220195667,38.87147694689254,0.0</coordinates>
            </LineString>
        </Placemark>
        <Placemark id="495">
            <name>H66 → H43</name>
            <description>
                
        
<![CDATA[
          <b>P1:</b> H66<br>
          <b>P2:</b> H43<br>
          <hr>
          <b>Distance:</b> 3.241 miles<br>
          <hr>
          <u>Path P1 → P2:</u><br>
          <b>Forward Azimuth at P1 (Az12):</b> 228.952°<br>
          <b>Back Azimuth at P2 (BackAz12):</b> 228.923°<br>
          <hr>
          <u>Path P2 → P1:</u><br>
          <b>Forward Azimuth at P2 (Az21):</b> 48.923°<br>
          <b>Back Azimuth at P1 (BackAz21):</b> 48.952°<br>
          <hr>
          <b>Filter Reason(s):</b> Dist multiple:0.5401<br>
          <hr>
          <i>Calculation Method: Spherical</i>
        ]]>                
        
            </description>
            <styleUrl>#496</styleUrl>
            <LineString id="494">
                <coordinates>-77.10094955658019,38.90533124793031,0.0 -77.146392815978,38.87451597139456,0.0</coordinates>
            </LineString>
        </Placemark>
        <Placemark id="499">
            <name>H71 → Gs4</name>
            <description>
                
        
<![CDATA[
          <b>P1:</b> H71<br>
          <b>P2:</b> Gs4<br>
          <hr>
          <b>Distance:</b> 4.854 miles<br>
          <hr>
          <u>Path P1 → P2:</u><br>
          <b>Forward Azimuth at P1 (Az12):</b> 289.544°<br>
          <b>Back Azimuth at P2 (BackAz12):</b> 289.491°<br>
          <hr>
          <u>Path P2 → P1:</u><br>
          <b>Forward Azimuth at P2 (Az21):</b> 109.491°<br>
          <b>Back Azimuth at P1 (BackAz21):</b> 109.544°<br>
          <hr>
          <b>Filter Reason(s):</b> Dist multiple:1.6180<br>
          <hr>
          <i>Calculation Method: Spherical</i>
        ]]>                
        
            </description>
            <styleUrl>#500</styleUrl>
            <LineString id="498">
                <coordinates>-77.00844224089784,38.88981684871572,0.0 -77.09353884670664,38.9132912447494,0.0</coordinates>
            </LineString>
        </Placemark>
        <Placemark id="503">
            <name>H71 → Gs8</name>
            <description>
                
        
<![CDATA[
          <b>P1:</b> H71<br>
          <b>P2:</b> Gs8<br>
          <hr>
          <b>Distance:</b> 1.854 miles<br>
          <hr>
          <u>Path P1 → P2:</u><br>
          <b>Forward Azimuth at P1 (Az12):</b> 272.707°<br>
          <b>Back Azimuth at P2 (BackAz12):</b> 272.685°<br>
          <hr>
          <u>Path P2 → P1:</u><br>
          <b>Forward Azimuth at P2 (Az21):</b> 92.685°<br>
          <b>Back Azimuth at P1 (BackAz21):</b> 92.707°<br>
          <hr>
          <b>Filter Reason(s):</b> Dist multiple:0.6180<br>
          <hr>
          <i>Calculation Method: Spherical</i>
        ]]>                
        
            </description>
            <styleUrl>#504</styleUrl>
            <LineString id="502">
                <coordinates>-77.00844224089784,38.88981684871572,0.0 -77.04288644534626,38.89107936946611,0.0</coordinates>
            </LineString>
        </Placemark>
        <Placemark id="507">
            <name>H71 → Chk37</name>
            <description>
                
        
<![CDATA[
          <b>P1:</b> H71<br>
          <b>P2:</b> Chk37<br>
          <hr>
          <b>Distance:</b> 7.071 miles<br>
          <hr>
          <u>Path P1 → P2:</u><br>
          <b>Forward Azimuth at P1 (Az12):</b> 296.287°<br>
          <b>Back Azimuth at P2 (BackAz12):</b> 296.213°<br>
          <hr>
          <u>Path P2 → P1:</u><br>
          <b>Forward Azimuth at P2 (Az21):</b> 116.213°<br>
          <b>Back Azimuth at P1 (BackAz21):</b> 116.287°<br>
          <hr>
          <b>Filter Reason(s):</b> Dist multiple:0.7071<br>
          <hr>
          <i>Calculation Method: Spherical</i>
        ]]>                
        
            </description>
            <styleUrl>#508</styleUrl>
            <LineString id="506">
                <coordinates>-77.00844224089784,38.88981684871572,0.0 -77.12641979728585,38.93508740486395,0.0</coordinates>
            </LineString>
        </Placemark>
        <Placemark id="511">
            <name>H71 → Chk54</name>
            <description>
                
        
<![CDATA[
          <b>P1:</b> H71<br>
          <b>P2:</b> Chk54<br>
          <hr>
          <b>Distance:</b> 13.985 miles<br>
          <hr>
          <u>Path P1 → P2:</u><br>
          <b>Forward Azimuth at P1 (Az12):</b> 187.772°<br>
          <b>Back Azimuth at P2 (BackAz12):</b> 187.751°<br>
          <hr>
          <u>Path P2 → P1:</u><br>
          <b>Forward Azimuth at P2 (Az21):</b> 7.751°<br>
          <b>Back Azimuth at P1 (BackAz21):</b> 7.772°<br>
          <hr>
          <b>Filter Reason(s):</b> Dist multiple:0.8740<br>
          <hr>
          <i>Calculation Method: Spherical</i>
        ]]>                
        
            </description>
            <styleUrl>#512</styleUrl>
            <LineString id="510">
                <coordinates>-77.00844224089784,38.88981684871572,0.0 -77.04351796976675,38.68922831692476,0.0</coordinates>
            </LineString>
        </Placemark>
        <Placemark id="515">
            <name>H86 → H31</name>
            <description>
                
        
<![CDATA[
          <b>P1:</b> H86<br>
          <b>P2:</b> H31<br>
          <hr>
          <b>Distance:</b> 9.888 miles<br>
          <hr>
          <u>Path P1 → P2:</u><br>
          <b>Forward Azimuth at P1 (Az12):</b> 328.175°<br>
          <b>Back Azimuth at P2 (BackAz12):</b> 328.114°<br>
          <hr>
          <u>Path P2 → P1:</u><br>
          <b>Forward Azimuth at P2 (Az21):</b> 148.114°<br>
          <b>Back Azimuth at P1 (BackAz21):</b> 148.175°<br>
          <hr>
          <b>Filter Reason(s):</b> Dist multiple:0.6180<br>
          <hr>
          <i>Calculation Method: Spherical</i>
        ]]>                
        
            </description>
            <styleUrl>#516</styleUrl>
            <LineString id="514">
                <coordinates>-76.99664817839795,38.810462075372,0.0 -77.09367738494352,38.93203756982007,0.0</coordinates>
            </LineString>
        </Placemark>
        <Placemark id="519">
            <name>H86 → H43</name>
            <description>
                
        
<![CDATA[
          <b>P1:</b> H86<br>
          <b>P2:</b> H43<br>
          <hr>
          <b>Distance:</b> 9.192 miles<br>
          <hr>
          <u>Path P1 → P2:</u><br>
          <b>Forward Azimuth at P1 (Az12):</b> 298.822°<br>
          <b>Back Azimuth at P2 (BackAz12):</b> 298.728°<br>
          <hr>
          <u>Path P2 → P1:</u><br>
          <b>Forward Azimuth at P2 (Az21):</b> 118.728°<br>
          <b>Back Azimuth at P1 (BackAz21):</b> 118.822°<br>
          <hr>
          <b>Filter Reason(s):</b> Dist multiple:0.7071<br>
          <hr>
          <i>Calculation Method: Spherical</i>
        ]]>                
        
            </description>
            <styleUrl>#520</styleUrl>
            <LineString id="518">
                <coordinates>-76.99664817839795,38.810462075372,0.0 -77.146392815978,38.87451597139456,0.0</coordinates>
            </LineString>
        </Placemark>
        <Placemark id="523">
            <name>H86 → SF02</name>
            <description>
                
        
<![CDATA[
          <b>P1:</b> H86<br>
          <b>P2:</b> SF02<br>
          <hr>
          <b>Distance:</b> 8.034 miles<br>
          <hr>
          <u>Path P1 → P2:</u><br>
          <b>Forward Azimuth at P1 (Az12):</b> 321.287°<br>
          <b>Back Azimuth at P2 (BackAz12):</b> 321.228°<br>
          <hr>
          <u>Path P2 → P1:</u><br>
          <b>Forward Azimuth at P2 (Az21):</b> 141.228°<br>
          <b>Back Azimuth at P1 (BackAz21):</b> 141.287°<br>
          <hr>
          <b>Filter Reason(s):</b> Dist multiple:0.6180<br>
          <hr>
          <i>Calculation Method: Spherical</i>
        ]]>                
        
            </description>
            <styleUrl>#524</styleUrl>
            <LineString id="522">
                <coordinates>-76.99664817839795,38.810462075372,0.0 -77.0901139945135,38.90117456916591,0.0</coordinates>
            </LineString>
        </Placemark>
        <Placemark id="527">
            <name>H98 → H27</name>
            <description>
                
        
<![CDATA[
          <b>P1:</b> H98<br>
          <b>P2:</b> H27<br>
          <hr>
          <b>Distance:</b> 10.683 miles<br>
          <hr>
          <u>Path P1 → P2:</u><br>
          <b>Forward Azimuth at P1 (Az12):</b> 223.784°<br>
          <b>Back Azimuth at P2 (BackAz12):</b> 223.698°<br>
          <hr>
          <u>Path P2 → P1:</u><br>
          <b>Forward Azimuth at P2 (Az21):</b> 43.698°<br>
          <b>Back Azimuth at P1 (BackAz21):</b> 43.784°<br>
          <hr>
          <b>Filter Reason(s):</b> Dist multiple:0.3338<br>
          <hr>
          <i>Calculation Method: Spherical</i>
        ]]>                
        
            </description>
            <styleUrl>#528</styleUrl>
            <LineString id="526">
                <coordinates>-77.0388345966892,38.9450714821746,0.0 -77.17620182600818,38.83334538875507,0.0</coordinates>
            </LineString>
        </Placemark>
        <Placemark id="531">
            <name>H98 → H37</name>
            <description>
                
        
<![CDATA[
          <b>P1:</b> H98<br>
          <b>P2:</b> H37<br>
          <hr>
          <b>Distance:</b> 5.196 miles<br>
          <hr>
          <u>Path P1 → P2:</u><br>
          <b>Forward Azimuth at P1 (Az12):</b> 229.648°<br>
          <b>Back Azimuth at P2 (BackAz12):</b> 229.602°<br>
          <hr>
          <u>Path P2 → P1:</u><br>
          <b>Forward Azimuth at P2 (Az21):</b> 49.602°<br>
          <b>Back Azimuth at P1 (BackAz21):</b> 49.648°<br>
          <hr>
          <b>Filter Reason(s):</b> Dist multiple:0.8660<br>
          <hr>
          <i>Calculation Method: Spherical</i>
        ]]>                
        
            </description>
            <styleUrl>#532</styleUrl>
            <LineString id="530">
                <coordinates>-77.0388345966892,38.9450714821746,0.0 -77.11248589188622,38.89634739382956,0.0</coordinates>
            </LineString>
        </Placemark>
        <Placemark id="535">
            <name>H98 → H43</name>
            <description>
                
        
<![CDATA[
          <b>P1:</b> H98<br>
          <b>P2:</b> H43<br>
          <hr>
          <b>Distance:</b> 7.562 miles<br>
          <hr>
          <u>Path P1 → P2:</u><br>
          <b>Forward Azimuth at P1 (Az12):</b> 229.903°<br>
          <b>Back Azimuth at P2 (BackAz12):</b> 229.835°<br>
          <hr>
          <u>Path P2 → P1:</u><br>
          <b>Forward Azimuth at P2 (Az21):</b> 49.835°<br>
          <b>Back Azimuth at P1 (BackAz21):</b> 49.903°<br>
          <hr>
          <b>Filter Reason(s):</b> Dist multiple:0.5401<br>
          <hr>
          <i>Calculation Method: Spherical</i>
        ]]>                
        
            </description>
            <styleUrl>#536</styleUrl>
            <LineString id="534">
                <coordinates>-77.0388345966892,38.9450714821746,0.0 -77.146392815978,38.87451597139456,0.0</coordinates>
            </LineString>
        </Placemark>
        <Placemark id="539">
            <name>H98 → Pk02</name>
            <description>
                
        
<![CDATA[
          <b>P1:</b> H98<br>
          <b>P2:</b> Pk02<br>
          <hr>
          <b>Distance:</b> 46.956 miles<br>
          <hr>
          <u>Path P1 → P2:</u><br>
          <b>Forward Azimuth at P1 (Az12):</b> 318.019°<br>
          <b>Back Azimuth at P2 (BackAz12):</b> 317.647°<br>
          <hr>
          <u>Path P2 → P1:</u><br>
          <b>Forward Azimuth at P2 (Az21):</b> 137.647°<br>
          <b>Back Azimuth at P1 (BackAz21):</b> 138.019°<br>
          <hr>
          <b>Filter Reason(s):</b> Dist multiple:2.2360<br>
          <hr>
          <i>Calculation Method: Spherical</i>
        ]]>                
        
            </description>
            <styleUrl>#540</styleUrl>
            <LineString id="538">
                <coordinates>-77.0388345966892,38.9450714821746,0.0 -77.627618,39.448887,0.0</coordinates>
            </LineString>
        </Placemark>
        <Placemark id="543">
            <name>HighWb → Nb</name>
            <description>
                
        
<![CDATA[
          <b>P1:</b> HighWb<br>
          <b>P2:</b> Nb<br>
          <hr>
          <b>Distance:</b> 13.020 miles<br>
          <hr>
          <u>Path P1 → P2:</u><br>
          <b>Forward Azimuth at P1 (Az12):</b> 6.225°<br>
          <b>Back Azimuth at P2 (BackAz12):</b> 6.242°<br>
          <hr>
          <u>Path P2 → P1:</u><br>
          <b>Forward Azimuth at P2 (Az21):</b> 186.242°<br>
          <b>Back Azimuth at P1 (BackAz21):</b> 186.225°<br>
          <hr>
          <b>Filter Reason(s):</b> Dist multiple:0.3338<br>
          <hr>
          <i>Calculation Method: Spherical</i>
        ]]>                
        
            </description>
            <styleUrl>#544</styleUrl>
            <LineString id="542">
                <coordinates>-77.06728222257168,38.80859367009808,0.0 -77.04098558,38.99595650999999,0.0</coordinates>
            </LineString>
        </Placemark>
        <Placemark id="547">
            <name>HighWb → Chk48</name>
            <description>
                
        
<![CDATA[
          <b>P1:</b> HighWb<br>
          <b>P2:</b> Chk48<br>
          <hr>
          <b>Distance:</b> 7.011 miles<br>
          <hr>
          <u>Path P1 → P2:</u><br>
          <b>Forward Azimuth at P1 (Az12):</b> 13.641°<br>
          <b>Back Azimuth at P2 (BackAz12):</b> 13.660°<br>
          <hr>
          <u>Path P2 → P1:</u><br>
          <b>Forward Azimuth at P2 (Az21):</b> 193.660°<br>
          <b>Back Azimuth at P1 (BackAz21):</b> 193.641°<br>
          <hr>
          <b>Filter Reason(s):</b> Dist multiple:0.3338<br>
          <hr>
          <i>Calculation Method: Spherical</i>
        ]]>                
        
            </description>
            <styleUrl>#548</styleUrl>
            <LineString id="546">
                <coordinates>-77.06728222257168,38.80859367009808,0.0 -77.0365266731042,38.90721119681356,0.0</coordinates>
            </LineString>
        </Placemark>
        <Placemark id="551">
            <name>HighWc → I079</name>
            <description>
                
        
<![CDATA[
          <b>P1:</b> HighWc<br>
          <b>P2:</b> I079<br>
          <hr>
          <b>Distance:</b> 6.677 miles<br>
          <hr>
          <u>Path P1 → P2:</u><br>
          <b>Forward Azimuth at P1 (Az12):</b> 8.027°<br>
          <b>Back Azimuth at P2 (BackAz12):</b> 8.038°<br>
          <hr>
          <u>Path P2 → P1:</u><br>
          <b>Forward Azimuth at P2 (Az21):</b> 188.038°<br>
          <b>Back Azimuth at P1 (BackAz21):</b> 188.027°<br>
          <hr>
          <b>Filter Reason(s):</b> Dist multiple:0.3338<br>
          <hr>
          <i>Calculation Method: Spherical</i>
        ]]>                
        
            </description>
            <styleUrl>#552</styleUrl>
            <LineString id="550">
                <coordinates>-77.06748402979503,38.80681739491956,0.0 -77.0501392974717,38.90252822129722,0.0</coordinates>
            </LineString>
        </Placemark>
        <Placemark id="555">
            <name>HighWc → H99</name>
            <description>
                
        
<![CDATA[
          <b>P1:</b> HighWc<br>
          <b>P2:</b> H99<br>
          <hr>
          <b>Distance:</b> 6.708 miles<br>
          <hr>
          <u>Path P1 → P2:</u><br>
          <b>Forward Azimuth at P1 (Az12):</b> 32.223°<br>
          <b>Back Azimuth at P2 (BackAz12):</b> 32.265°<br>
          <hr>
          <u>Path P2 → P1:</u><br>
          <b>Forward Azimuth at P2 (Az21):</b> 212.265°<br>
          <b>Back Azimuth at P1 (BackAz21):</b> 212.223°<br>
          <hr>
          <b>Filter Reason(s):</b> Dist multiple:2.2360<br>
          <hr>
          <i>Calculation Method: Spherical</i>
        ]]>                
        
            </description>
            <styleUrl>#556</styleUrl>
            <LineString id="554">
                <coordinates>-77.06748402979503,38.80681739491956,0.0 -77.00096480083693,38.8889443857454,0.0</coordinates>
            </LineString>
        </Placemark>
        <Placemark id="559">
            <name>Hk → Chk10</name>
            <description>
                
        
<![CDATA[
          <b>P1:</b> Hk<br>
          <b>P2:</b> Chk10<br>
          <hr>
          <b>Distance:</b> 5.675 miles<br>
          <hr>
          <u>Path P1 → P2:</u><br>
          <b>Forward Azimuth at P1 (Az12):</b> 113.957°<br>
          <b>Back Azimuth at P2 (BackAz12):</b> 114.018°<br>
          <hr>
          <u>Path P2 → P1:</u><br>
          <b>Forward Azimuth at P2 (Az21):</b> 294.018°<br>
          <b>Back Azimuth at P1 (BackAz21):</b> 293.957°<br>
          <hr>
          <b>Filter Reason(s):</b> Dist multiple:0.3338<br>
          <hr>
          <i>Calculation Method: Spherical</i>
        ]]>                
        
            </description>
            <styleUrl>#560</styleUrl>
            <LineString id="558">
                <coordinates>-77.051444,38.8951366,0.0 -76.95502425801097,38.86173720173936,0.0</coordinates>
            </LineString>
        </Placemark>
        <Placemark id="563">
            <name>Hk → H67</name>
            <description>
                
        
<![CDATA[
          <b>P1:</b> Hk<br>
          <b>P2:</b> H67<br>
          <hr>
          <b>Distance:</b> 2.472 miles<br>
          <hr>
          <u>Path P1 → P2:</u><br>
          <b>Forward Azimuth at P1 (Az12):</b> 304.737°<br>
          <b>Back Azimuth at P2 (BackAz12):</b> 304.713°<br>
          <hr>
          <u>Path P2 → P1:</u><br>
          <b>Forward Azimuth at P2 (Az21):</b> 124.713°<br>
          <b>Back Azimuth at P1 (BackAz21):</b> 124.737°<br>
          <hr>
          <b>Filter Reason(s):</b> Dist multiple:0.6180<br>
          <hr>
          <i>Calculation Method: Spherical</i>
        ]]>                
        
            </description>
            <styleUrl>#564</styleUrl>
            <LineString id="562">
                <coordinates>-77.051444,38.8951366,0.0 -77.08923640277803,38.91551942120227,0.0</coordinates>
            </LineString>
        </Placemark>
        <Placemark id="567">
            <name>I010 → KS</name>
            <description>
                
        
<![CDATA[
          <b>P1:</b> I010<br>
          <b>P2:</b> KS<br>
          <hr>
          <b>Distance:</b> 7.500 miles<br>
          <hr>
          <u>Path P1 → P2:</u><br>
          <b>Forward Azimuth at P1 (Az12):</b> 186.130°<br>
          <b>Back Azimuth at P2 (BackAz12):</b> 186.120°<br>
          <hr>
          <u>Path P2 → P1:</u><br>
          <b>Forward Azimuth at P2 (Az21):</b> 6.120°<br>
          <b>Back Azimuth at P1 (BackAz21):</b> 6.130°<br>
          <hr>
          <b>Filter Reason(s):</b> Dist Half<br>
          <hr>
          <i>Calculation Method: Spherical</i>
        ]]>                
        
            </description>
            <styleUrl>#568</styleUrl>
            <LineString id="566">
                <coordinates>-77.03657097283033,38.89828563763562,0.0 -77.051444,38.790339,0.0</coordinates>
            </LineString>
        </Placemark>
        <Placemark id="571">
            <name>I014 → KS</name>
            <description>
                
        
<![CDATA[
          <b>P1:</b> I014<br>
          <b>P2:</b> KS<br>
          <hr>
          <b>Distance:</b> 8.034 miles<br>
          <hr>
          <u>Path P1 → P2:</u><br>
          <b>Forward Azimuth at P1 (Az12):</b> 187.497°<br>
          <b>Back Azimuth at P2 (BackAz12):</b> 187.485°<br>
          <hr>
          <u>Path P2 → P1:</u><br>
          <b>Forward Azimuth at P2 (Az21):</b> 7.485°<br>
          <b>Back Azimuth at P1 (BackAz21):</b> 7.497°<br>
          <hr>
          <b>Filter Reason(s):</b> Dist multiple:0.6180<br>
          <hr>
          <i>Calculation Method: Spherical</i>
        ]]>                
        
            </description>
            <styleUrl>#572</styleUrl>
            <LineString id="570">
                <coordinates>-77.03197530601018,38.90564871624386,0.0 -77.051444,38.790339,0.0</coordinates>
            </LineString>
        </Placemark>
        <Placemark id="575">
            <name>I014 → H66</name>
            <description>
                
        
<![CDATA[
          <b>P1:</b> I014<br>
          <b>P2:</b> H66<br>
          <hr>
          <b>Distance:</b> 3.708 miles<br>
          <hr>
          <u>Path P1 → P2:</u><br>
          <b>Forward Azimuth at P1 (Az12):</b> 269.683°<br>
          <b>Back Azimuth at P2 (BackAz12):</b> 269.639°<br>
          <hr>
          <u>Path P2 → P1:</u><br>
          <b>Forward Azimuth at P2 (Az21):</b> 89.639°<br>
          <b>Back Azimuth at P1 (BackAz21):</b> 89.683°<br>
          <hr>
          <b>Filter Reason(s):</b> Dist multiple:0.6180<br>
          <hr>
          <i>Calculation Method: Spherical</i>
        ]]>                
        
            </description>
            <styleUrl>#576</styleUrl>
            <LineString id="574">
                <coordinates>-77.03197530601018,38.90564871624386,0.0 -77.10094955658019,38.90533124793031,0.0</coordinates>
            </LineString>
        </Placemark>
        <Placemark id="579">
            <name>I014 → H77</name>
            <description>
                
        
<![CDATA[
          <b>P1:</b> I014<br>
          <b>P2:</b> H77<br>
          <hr>
          <b>Distance:</b> 0.668 miles<br>
          <hr>
          <u>Path P1 → P2:</u><br>
          <b>Forward Azimuth at P1 (Az12):</b> 207.065°<br>
          <b>Back Azimuth at P2 (BackAz12):</b> 207.062°<br>
          <hr>
          <u>Path P2 → P1:</u><br>
          <b>Forward Azimuth at P2 (Az21):</b> 27.062°<br>
          <b>Back Azimuth at P1 (BackAz21):</b> 27.065°<br>
          <hr>
          <b>Filter Reason(s):</b> Dist multiple:0.3338<br>
          <hr>
          <i>Calculation Method: Spherical</i>
        ]]>                
        
            </description>
            <styleUrl>#580</styleUrl>
            <LineString id="578">
                <coordinates>-77.03197530601018,38.90564871624386,0.0 -77.03762786655247,38.89703882730361,0.0</coordinates>
            </LineString>
        </Placemark>
        <Placemark id="583">
            <name>I014 → H29</name>
            <description>
                
        
<![CDATA[
          <b>P1:</b> I014<br>
          <b>P2:</b> H29<br>
          <hr>
          <b>Distance:</b> 5.008 miles<br>
          <hr>
          <u>Path P1 → P2:</u><br>
          <b>Forward Azimuth at P1 (Az12):</b> 275.268°<br>
          <b>Back Azimuth at P2 (BackAz12):</b> 275.210°<br>
          <hr>
          <u>Path P2 → P1:</u><br>
          <b>Forward Azimuth at P2 (Az21):</b> 95.210°<br>
          <b>Back Azimuth at P1 (BackAz21):</b> 95.268°<br>
          <hr>
          <b>Filter Reason(s):</b> Dist multiple:0.3338<br>
          <hr>
          <i>Calculation Method: Spherical</i>
        ]]>                
        
            </description>
            <styleUrl>#584</styleUrl>
            <LineString id="582">
                <coordinates>-77.03197530601018,38.90564871624386,0.0 -77.12474875900264,38.91226863882422,0.0</coordinates>
            </LineString>
        </Placemark>
        <Placemark id="587">
            <name>I069 → OtrC</name>
            <description>
                
        
<![CDATA[
          <b>P1:</b> I069<br>
          <b>P2:</b> OtrC<br>
          <hr>
          <b>Distance:</b> 4.000 miles<br>
          <hr>
          <u>Path P1 → P2:</u><br>
          <b>Forward Azimuth at P1 (Az12):</b> 17.081°<br>
          <b>Back Azimuth at P2 (BackAz12):</b> 17.095°<br>
          <hr>
          <u>Path P2 → P1:</u><br>
          <b>Forward Azimuth at P2 (Az21):</b> 197.095°<br>
          <b>Back Azimuth at P1 (BackAz21):</b> 197.081°<br>
          <hr>
          <b>Filter Reason(s):</b> Dist Whole<br>
          <hr>
          <i>Calculation Method: Spherical</i>
        ]]>                
        
            </description>
            <styleUrl>#588</styleUrl>
            <LineString id="586">
                <coordinates>-77.00659984972448,38.89642237002393,0.0 -76.98472940704961,38.95177142459147,0.0</coordinates>
            </LineString>
        </Placemark>
        <Placemark id="591">
            <name>I069 → H98</name>
            <description>
                
        
<![CDATA[
          <b>P1:</b> I069<br>
          <b>P2:</b> H98<br>
          <hr>
          <b>Distance:</b> 3.781 miles<br>
          <hr>
          <u>Path P1 → P2:</u><br>
          <b>Forward Azimuth at P1 (Az12):</b> 332.739°<br>
          <b>Back Azimuth at P2 (BackAz12):</b> 332.718°<br>
          <hr>
          <u>Path P2 → P1:</u><br>
          <b>Forward Azimuth at P2 (Az21):</b> 152.718°<br>
          <b>Back Azimuth at P1 (BackAz21):</b> 152.739°<br>
          <hr>
          <b>Filter Reason(s):</b> Dist multiple:0.5401<br>
          <hr>
          <i>Calculation Method: Spherical</i>
        ]]>                
        
            </description>
            <styleUrl>#592</styleUrl>
            <LineString id="590">
                <coordinates>-77.00659984972448,38.89642237002393,0.0 -77.0388345966892,38.9450714821746,0.0</coordinates>
            </LineString>
        </Placemark>
        <Placemark id="595">
            <name>I079 → H22</name>
            <description>
                
        
<![CDATA[
          <b>P1:</b> I079<br>
          <b>P2:</b> H22<br>
          <hr>
          <b>Distance:</b> 1.854 miles<br>
          <hr>
          <u>Path P1 → P2:</u><br>
          <b>Forward Azimuth at P1 (Az12):</b> 343.317°<br>
          <b>Back Azimuth at P2 (BackAz12):</b> 343.311°<br>
          <hr>
          <u>Path P2 → P1:</u><br>
          <b>Forward Azimuth at P2 (Az21):</b> 163.311°<br>
          <b>Back Azimuth at P1 (BackAz21):</b> 163.317°<br>
          <hr>
          <b>Filter Reason(s):</b> Dist multiple:0.6180<br>
          <hr>
          <i>Calculation Method: Spherical</i>
        ]]>                
        
            </description>
            <styleUrl>#596</styleUrl>
            <LineString id="594">
                <coordinates>-77.0501392974717,38.90252822129722,0.0 -77.06004232078331,38.92823446130691,0.0</coordinates>
            </LineString>
        </Placemark>
        <Placemark id="599">
            <name>J → H56</name>
            <description>
                
        
<![CDATA[
          <b>P1:</b> J<br>
          <b>P2:</b> H56<br>
          <hr>
          <b>Distance:</b> 2.288 miles<br>
          <hr>
          <u>Path P1 → P2:</u><br>
          <b>Forward Azimuth at P1 (Az12):</b> 324.648°<br>
          <b>Back Azimuth at P2 (BackAz12):</b> 324.633°<br>
          <hr>
          <u>Path P2 → P1:</u><br>
          <b>Forward Azimuth at P2 (Az21):</b> 144.633°<br>
          <b>Back Azimuth at P1 (BackAz21):</b> 144.648°<br>
          <hr>
          <b>Filter Reason(s):</b> Dist factor of:2.2882, Dist multiple:2.2882<br>
          <hr>
          <i>Calculation Method: Spherical</i>
        ]]>                
        
            </description>
            <styleUrl>#600</styleUrl>
            <LineString id="598">
                <coordinates>-77.03656908080315,38.88980129959375,0.0 -77.06120140091524,38.91681538320637,0.0</coordinates>
            </LineString>
        </Placemark>
        <Placemark id="603">
            <name>K → RK</name>
            <description>
                
        
<![CDATA[
          <b>P1:</b> K<br>
          <b>P2:</b> RK<br>
          <hr>
          <b>Distance:</b> 3.000 miles<br>
          <hr>
          <u>Path P1 → P2:</u><br>
          <b>Forward Azimuth at P1 (Az12):</b> 150.011°<br>
          <b>Back Azimuth at P2 (BackAz12):</b> 150.029°<br>
          <hr>
          <u>Path P2 → P1:</u><br>
          <b>Forward Azimuth at P2 (Az21):</b> 330.029°<br>
          <b>Back Azimuth at P1 (BackAz21):</b> 330.011°<br>
          <hr>
          <b>Filter Reason(s):</b> Dist Whole<br>
          <hr>
          <i>Calculation Method: Spherical</i>
        ]]>                
        
            </description>
            <styleUrl>#604</styleUrl>
            <LineString id="602">
                <coordinates>-77.05143450780649,38.89275543287251,0.0 -77.02356040000001,38.85513800000002,0.0</coordinates>
            </LineString>
        </Placemark>
        <Placemark id="607">
            <name>K → H19</name>
            <description>
                
        
<![CDATA[
          <b>P1:</b> K<br>
          <b>P2:</b> H19<br>
          <hr>
          <b>Distance:</b> 2.161 miles<br>
          <hr>
          <u>Path P1 → P2:</u><br>
          <b>Forward Azimuth at P1 (Az12):</b> 316.938°<br>
          <b>Back Azimuth at P2 (BackAz12):</b> 316.921°<br>
          <hr>
          <u>Path P2 → P1:</u><br>
          <b>Forward Azimuth at P2 (Az21):</b> 136.921°<br>
          <b>Back Azimuth at P1 (BackAz21):</b> 136.938°<br>
          <hr>
          <b>Filter Reason(s):</b> Dist multiple:0.5401<br>
          <hr>
          <i>Calculation Method: Spherical</i>
        ]]>                
        
            </description>
            <styleUrl>#608</styleUrl>
            <LineString id="606">
                <coordinates>-77.05143450780649,38.89275543287251,0.0 -77.07888357211404,38.91560586754403,0.0</coordinates>
            </LineString>
        </Placemark>
        <Placemark id="611">
            <name>K → H27</name>
            <description>
                
        
<![CDATA[
          <b>P1:</b> K<br>
          <b>P2:</b> H27<br>
          <hr>
          <b>Distance:</b> 7.867 miles<br>
          <hr>
          <u>Path P1 → P2:</u><br>
          <b>Forward Azimuth at P1 (Az12):</b> 238.592°<br>
          <b>Back Azimuth at P2 (BackAz12):</b> 238.514°<br>
          <hr>
          <u>Path P2 → P1:</u><br>
          <b>Forward Azimuth at P2 (Az21):</b> 58.514°<br>
          <b>Back Azimuth at P1 (BackAz21):</b> 58.592°<br>
          <hr>
          <b>Filter Reason(s):</b> Dist multiple:0.8740<br>
          <hr>
          <i>Calculation Method: Spherical</i>
        ]]>                
        
            </description>
            <styleUrl>#612</styleUrl>
            <LineString id="610">
                <coordinates>-77.05143450780649,38.89275543287251,0.0 -77.17620182600818,38.83334538875507,0.0</coordinates>
            </LineString>
        </Placemark>
        <Placemark id="615">
            <name>KS → H60</name>
            <description>
                
        
<![CDATA[
          <b>P1:</b> KS<br>
          <b>P2:</b> H60<br>
          <hr>
          <b>Distance:</b> 12.124 miles<br>
          <hr>
          <u>Path P1 → P2:</u><br>
          <b>Forward Azimuth at P1 (Az12):</b> 36.511°<br>
          <b>Back Azimuth at P2 (BackAz12):</b> 36.595°<br>
          <hr>
          <u>Path P2 → P1:</u><br>
          <b>Forward Azimuth at P2 (Az21):</b> 216.595°<br>
          <b>Back Azimuth at P1 (BackAz21):</b> 216.511°<br>
          <hr>
          <b>Filter Reason(s):</b> Dist multiple:0.8660<br>
          <hr>
          <i>Calculation Method: Spherical</i>
        ]]>                
        
            </description>
            <styleUrl>#616</styleUrl>
            <LineString id="614">
                <coordinates>-77.051444,38.790339,0.0 -76.91720945574568,38.93132296535497,0.0</coordinates>
            </LineString>
        </Placemark>
        <Placemark id="619">
            <name>L → CCnrA</name>
            <description>
                
        
<![CDATA[
          <b>P1:</b> L<br>
          <b>P2:</b> CCnrA<br>
          <hr>
          <b>Distance:</b> 2.236 miles<br>
          <hr>
          <u>Path P1 → P2:</u><br>
          <b>Forward Azimuth at P1 (Az12):</b> 90.799°<br>
          <b>Back Azimuth at P2 (BackAz12):</b> 90.826°<br>
          <hr>
          <u>Path P2 → P1:</u><br>
          <b>Forward Azimuth at P2 (Az21):</b> 270.826°<br>
          <b>Back Azimuth at P1 (BackAz21):</b> 270.799°<br>
          <hr>
          <b>Filter Reason(s):</b> Dist factor of:2.2360, Dist multiple:2.2360<br>
          <hr>
          <i>Calculation Method: Spherical</i>
        ]]>                
        
            </description>
            <styleUrl>#620</styleUrl>
            <LineString id="618">
                <coordinates>-77.05018442793092,38.88927319319802,0.0 -77.00860327209443,38.88881417737429,0.0</coordinates>
            </LineString>
        </Placemark>
        <Placemark id="623">
            <name>La → Chk01</name>
            <description>
                
        
<![CDATA[
          <b>P1:</b> La<br>
          <b>P2:</b> Chk01<br>
          <hr>
          <b>Distance:</b> 6.364 miles<br>
          <hr>
          <u>Path P1 → P2:</u><br>
          <b>Forward Azimuth at P1 (Az12):</b> 156.636°<br>
          <b>Back Azimuth at P2 (BackAz12):</b> 156.665°<br>
          <hr>
          <u>Path P2 → P1:</u><br>
          <b>Forward Azimuth at P2 (Az21):</b> 336.665°<br>
          <b>Back Azimuth at P1 (BackAz21):</b> 336.636°<br>
          <hr>
          <b>Filter Reason(s):</b> Dist multiple:0.7071<br>
          <hr>
          <i>Calculation Method: Spherical</i>
        ]]>                
        
            </description>
            <styleUrl>#624</styleUrl>
            <LineString id="622">
                <coordinates>-77.05145152722608,38.88816903625909,0.0 -77.0045692366363,38.80358701301893,0.0</coordinates>
            </LineString>
        </Placemark>
        <Placemark id="627">
            <name>M → La</name>
            <description>
                
        
<![CDATA[
          <b>P1:</b> M<br>
          <b>P2:</b> La<br>
          <hr>
          <b>Distance:</b> 0.874 miles<br>
          <hr>
          <u>Path P1 → P2:</u><br>
          <b>Forward Azimuth at P1 (Az12):</b> 264.042°<br>
          <b>Back Azimuth at P2 (BackAz12):</b> 264.032°<br>
          <hr>
          <u>Path P2 → P1:</u><br>
          <b>Forward Azimuth at P2 (Az21):</b> 84.032°<br>
          <b>Back Azimuth at P1 (BackAz21):</b> 84.042°<br>
          <hr>
          <b>Filter Reason(s):</b> Dist multiple:0.8740<br>
          <hr>
          <i>Calculation Method: Spherical</i>
        ]]>                
        
            </description>
            <styleUrl>#628</styleUrl>
            <LineString id="626">
                <coordinates>-77.035278,38.889484,0.0 -77.05145152722608,38.88816903625909,0.0</coordinates>
            </LineString>
        </Placemark>
        <Placemark id="631">
            <name>M → CFb</name>
            <description>
                
        
<![CDATA[
          <b>P1:</b> M<br>
          <b>P2:</b> CFb<br>
          <hr>
          <b>Distance:</b> 1.234 miles<br>
          <hr>
          <u>Path P1 → P2:</u><br>
          <b>Forward Azimuth at P1 (Az12):</b> 91.586°<br>
          <b>Back Azimuth at P2 (BackAz12):</b> 91.601°<br>
          <hr>
          <u>Path P2 → P1:</u><br>
          <b>Forward Azimuth at P2 (Az21):</b> 271.601°<br>
          <b>Back Azimuth at P1 (BackAz21):</b> 271.586°<br>
          <hr>
          <b>Filter Reason(s):</b> Dist factor of:3.7025<br>
          <hr>
          <i>Calculation Method: Spherical</i>
        ]]>                
        
            </description>
            <styleUrl>#632</styleUrl>
            <LineString id="630">
                <coordinates>-77.035278,38.889484,0.0 -77.01233379820508,38.88898718985376,0.0</coordinates>
            </LineString>
        </Placemark>
        <Placemark id="635">
            <name>M → Chk11</name>
            <description>
                
        
<![CDATA[
          <b>P1:</b> M<br>
          <b>P2:</b> Chk11<br>
          <hr>
          <b>Distance:</b> 5.401 miles<br>
          <hr>
          <u>Path P1 → P2:</u><br>
          <b>Forward Azimuth at P1 (Az12):</b> 273.585°<br>
          <b>Back Azimuth at P2 (BackAz12):</b> 273.522°<br>
          <hr>
          <u>Path P2 → P1:</u><br>
          <b>Forward Azimuth at P2 (Az21):</b> 93.522°<br>
          <b>Back Azimuth at P1 (BackAz21):</b> 93.585°<br>
          <hr>
          <b>Filter Reason(s):</b> Dist multiple:0.5401<br>
          <hr>
          <i>Calculation Method: Spherical</i>
        ]]>                
        
            </description>
            <styleUrl>#636</styleUrl>
            <LineString id="634">
                <coordinates>-77.035278,38.889484,0.0 -77.13554467903445,38.89433083867851,0.0</coordinates>
            </LineString>
        </Placemark>
        <Placemark id="639">
            <name>M → AnOthr01</name>
            <description>
                
        
<![CDATA[
          <b>P1:</b> M<br>
          <b>P2:</b> AnOthr01<br>
          <hr>
          <b>Distance:</b> 2.500 miles<br>
          <hr>
          <u>Path P1 → P2:</u><br>
          <b>Forward Azimuth at P1 (Az12):</b> 124.489°<br>
          <b>Back Azimuth at P2 (BackAz12):</b> 124.513°<br>
          <hr>
          <u>Path P2 → P1:</u><br>
          <b>Forward Azimuth at P2 (Az21):</b> 304.513°<br>
          <b>Back Azimuth at P1 (BackAz21):</b> 304.489°<br>
          <hr>
          <b>Filter Reason(s):</b> Dist Half<br>
          <hr>
          <i>Calculation Method: Spherical</i>
        ]]>                
        
            </description>
            <styleUrl>#640</styleUrl>
            <LineString id="638">
                <coordinates>-77.035278,38.889484,0.0 -76.99696100301952,38.86898287196977,0.0</coordinates>
            </LineString>
        </Placemark>
        <Placemark id="643">
            <name>MV → Hk</name>
            <description>
                
        
<![CDATA[
          <b>P1:</b> MV<br>
          <b>P2:</b> Hk<br>
          <hr>
          <b>Distance:</b> 11.258 miles<br>
          <hr>
          <u>Path P1 → P2:</u><br>
          <b>Forward Azimuth at P1 (Az12):</b> 349.007°<br>
          <b>Back Azimuth at P2 (BackAz12):</b> 348.982°<br>
          <hr>
          <u>Path P2 → P1:</u><br>
          <b>Forward Azimuth at P2 (Az21):</b> 168.982°<br>
          <b>Back Azimuth at P1 (BackAz21):</b> 169.007°<br>
          <hr>
          <b>Filter Reason(s):</b> Dist multiple:0.8660<br>
          <hr>
          <i>Calculation Method: Spherical</i>
        ]]>                
        
            </description>
            <styleUrl>#644</styleUrl>
            <LineString id="642">
                <coordinates>-77.01151395666083,38.735159,0.0 -77.051444,38.8951366,0.0</coordinates>
            </LineString>
        </Placemark>
        <Placemark id="647">
            <name>MV → Cap</name>
            <description>
                
        
<![CDATA[
          <b>P1:</b> MV<br>
          <b>P2:</b> Cap<br>
          <hr>
          <b>Distance:</b> 10.683 miles<br>
          <hr>
          <u>Path P1 → P2:</u><br>
          <b>Forward Azimuth at P1 (Az12):</b> 0.659°<br>
          <b>Back Azimuth at P2 (BackAz12):</b> 0.661°<br>
          <hr>
          <u>Path P2 → P1:</u><br>
          <b>Forward Azimuth at P2 (Az21):</b> 180.661°<br>
          <b>Back Azimuth at P1 (BackAz21):</b> 180.659°<br>
          <hr>
          <b>Filter Reason(s):</b> Dist multiple:0.3338<br>
          <hr>
          <i>Calculation Method: Spherical</i>
        ]]>                
        
            </description>
            <styleUrl>#648</styleUrl>
            <LineString id="646">
                <coordinates>-77.01151395666083,38.735159,0.0 -77.009227,38.889801,0.0</coordinates>
            </LineString>
        </Placemark>
        <Placemark id="651">
            <name>MV → H81</name>
            <description>
                
        
<![CDATA[
          <b>P1:</b> MV<br>
          <b>P2:</b> H81<br>
          <hr>
          <b>Distance:</b> 11.362 miles<br>
          <hr>
          <u>Path P1 → P2:</u><br>
          <b>Forward Azimuth at P1 (Az12):</b> 22.698°<br>
          <b>Back Azimuth at P2 (BackAz12):</b> 22.749°<br>
          <hr>
          <u>Path P2 → P1:</u><br>
          <b>Forward Azimuth at P2 (Az21):</b> 202.749°<br>
          <b>Back Azimuth at P1 (BackAz21):</b> 202.698°<br>
          <hr>
          <b>Filter Reason(s):</b> Dist multiple:0.8740<br>
          <hr>
          <i>Calculation Method: Spherical</i>
        ]]>                
        
            </description>
            <styleUrl>#652</styleUrl>
            <LineString id="650">
                <coordinates>-77.01151395666083,38.735159,0.0 -76.9299762903957,38.88687029383775,0.0</coordinates>
            </LineString>
        </Placemark>
        <Placemark id="655">
            <name>NOa → CFb</name>
            <description>
                
        
<![CDATA[
          <b>P1:</b> NOa<br>
          <b>P2:</b> CFb<br>
          <hr>
          <b>Distance:</b> 3.703 miles<br>
          <hr>
          <u>Path P1 → P2:</u><br>
          <b>Forward Azimuth at P1 (Az12):</b> 127.385°<br>
          <b>Back Azimuth at P2 (BackAz12):</b> 127.419°<br>
          <hr>
          <u>Path P2 → P1:</u><br>
          <b>Forward Azimuth at P2 (Az21):</b> 307.419°<br>
          <b>Back Azimuth at P1 (BackAz21):</b> 307.385°<br>
          <hr>
          <b>Filter Reason(s):</b> Dist multiple:3.7025<br>
          <hr>
          <i>Calculation Method: Spherical</i>
        ]]>                
        
            </description>
            <styleUrl>#656</styleUrl>
            <LineString id="654">
                <coordinates>-77.06705128052432,38.92154464050518,0.0 -77.01233379820508,38.88898718985376,0.0</coordinates>
            </LineString>
        </Placemark>
        <Placemark id="659">
            <name>Nb → PO</name>
            <description>
                
        
<![CDATA[
          <b>P1:</b> Nb<br>
          <b>P2:</b> PO<br>
          <hr>
          <b>Distance:</b> 6.000 miles<br>
          <hr>
          <u>Path P1 → P2:</u><br>
          <b>Forward Azimuth at P1 (Az12):</b> 224.981°<br>
          <b>Back Azimuth at P2 (BackAz12):</b> 224.932°<br>
          <hr>
          <u>Path P2 → P1:</u><br>
          <b>Forward Azimuth at P2 (Az21):</b> 44.932°<br>
          <b>Back Azimuth at P1 (BackAz21):</b> 44.981°<br>
          <hr>
          <b>Filter Reason(s):</b> Dist Whole<br>
          <hr>
          <i>Calculation Method: Spherical</i>
        ]]>                
        
            </description>
            <styleUrl>#660</styleUrl>
            <LineString id="658">
                <coordinates>-77.04098558,38.99595650999999,0.0 -77.1199159,38.93449309999998,0.0</coordinates>
            </LineString>
        </Placemark>
        <Placemark id="663">
            <name>Nc → Nb</name>
            <description>
                
        
<![CDATA[
          <b>P1:</b> Nc<br>
          <b>P2:</b> Nb<br>
          <hr>
          <b>Distance:</b> 7.071 miles<br>
          <hr>
          <u>Path P1 → P2:</u><br>
          <b>Forward Azimuth at P1 (Az12):</b> 0.000°<br>
          <b>Back Azimuth at P2 (BackAz12):</b> 0.000°<br>
          <hr>
          <u>Path P2 → P1:</u><br>
          <b>Forward Azimuth at P2 (Az21):</b> 180.000°<br>
          <b>Back Azimuth at P1 (BackAz21):</b> 180.000°<br>
          <hr>
          <b>Filter Reason(s):</b> Dist multiple:0.7071<br>
          <hr>
          <i>Calculation Method: Spherical</i>
        ]]>                
        
            </description>
            <styleUrl>#664</styleUrl>
            <LineString id="662">
                <coordinates>-77.04098558,38.89359614000001,0.0 -77.04098558,38.99595650999999,0.0</coordinates>
            </LineString>
        </Placemark>
        <Placemark id="667">
            <name>Nc → Chk23a</name>
            <description>
                
        
<![CDATA[
          <b>P1:</b> Nc<br>
          <b>P2:</b> Chk23a<br>
          <hr>
          <b>Distance:</b> 3.672 miles<br>
          <hr>
          <u>Path P1 → P2:</u><br>
          <b>Forward Azimuth at P1 (Az12):</b> 73.541°<br>
          <b>Back Azimuth at P2 (BackAz12):</b> 73.583°<br>
          <hr>
          <u>Path P2 → P1:</u><br>
          <b>Forward Azimuth at P2 (Az21):</b> 253.583°<br>
          <b>Back Azimuth at P1 (BackAz21):</b> 253.541°<br>
          <hr>
          <b>Filter Reason(s):</b> Dist multiple:0.3338<br>
          <hr>
          <i>Calculation Method: Spherical</i>
        ]]>                
        
            </description>
            <styleUrl>#668</styleUrl>
            <LineString id="666">
                <coordinates>-77.04098558,38.89359614000001,0.0 -76.97546834269932,38.90863930872903,0.0</coordinates>
            </LineString>
        </Placemark>
        <Placemark id="671">
            <name>Nc → H40</name>
            <description>
                
        
<![CDATA[
          <b>P1:</b> Nc<br>
          <b>P2:</b> H40<br>
          <hr>
          <b>Distance:</b> 6.343 miles<br>
          <hr>
          <u>Path P1 → P2:</u><br>
          <b>Forward Azimuth at P1 (Az12):</b> 274.839°<br>
          <b>Back Azimuth at P2 (BackAz12):</b> 274.765°<br>
          <hr>
          <u>Path P2 → P1:</u><br>
          <b>Forward Azimuth at P2 (Az21):</b> 94.765°<br>
          <b>Back Azimuth at P1 (BackAz21):</b> 94.839°<br>
          <hr>
          <b>Filter Reason(s):</b> Dist multiple:0.3338<br>
          <hr>
          <i>Calculation Method: Spherical</i>
        ]]>                
        
            </description>
            <styleUrl>#672</styleUrl>
            <LineString id="670">
                <coordinates>-77.04098558,38.89359614000001,0.0 -77.15854915633481,38.90128237275844,0.0</coordinates>
            </LineString>
        </Placemark>
        <Placemark id="675">
            <name>OtrA → H19</name>
            <description>
                
        
<![CDATA[
          <b>P1:</b> OtrA<br>
          <b>P2:</b> H19<br>
          <hr>
          <b>Distance:</b> 6.865 miles<br>
          <hr>
          <u>Path P1 → P2:</u><br>
          <b>Forward Azimuth at P1 (Az12):</b> 263.893°<br>
          <b>Back Azimuth at P2 (BackAz12):</b> 263.814°<br>
          <hr>
          <u>Path P2 → P1:</u><br>
          <b>Forward Azimuth at P2 (Az21):</b> 83.814°<br>
          <b>Back Azimuth at P1 (BackAz21):</b> 83.893°<br>
          <hr>
          <b>Filter Reason(s):</b> Dist multiple:2.2882<br>
          <hr>
          <i>Calculation Method: Spherical</i>
        ]]>                
        
            </description>
            <styleUrl>#676</styleUrl>
            <LineString id="674">
                <coordinates>-76.95188801292042,38.92624596949343,0.0 -77.07888357211404,38.91560586754403,0.0</coordinates>
            </LineString>
        </Placemark>
        <Placemark id="679">
            <name>OtrB → H20</name>
            <description>
                
        
<![CDATA[
          <b>P1:</b> OtrB<br>
          <b>P2:</b> H20<br>
          <hr>
          <b>Distance:</b> 5.196 miles<br>
          <hr>
          <u>Path P1 → P2:</u><br>
          <b>Forward Azimuth at P1 (Az12):</b> 243.189°<br>
          <b>Back Azimuth at P2 (BackAz12):</b> 243.134°<br>
          <hr>
          <u>Path P2 → P1:</u><br>
          <b>Forward Azimuth at P2 (Az21):</b> 63.134°<br>
          <b>Back Azimuth at P1 (BackAz21):</b> 63.189°<br>
          <hr>
          <b>Filter Reason(s):</b> Dist multiple:0.8660<br>
          <hr>
          <i>Calculation Method: Spherical</i>
        ]]>                
        
            </description>
            <styleUrl>#680</styleUrl>
            <LineString id="678">
                <coordinates>-76.99134485249716,38.95704643888089,0.0 -77.07763287849671,38.9230873705844,0.0</coordinates>
            </LineString>
        </Placemark>
        <Placemark id="683">
            <name>OtrC → H66</name>
            <description>
                
        
<![CDATA[
          <b>P1:</b> OtrC<br>
          <b>P2:</b> H66<br>
          <hr>
          <b>Distance:</b> 7.021 miles<br>
          <hr>
          <u>Path P1 → P2:</u><br>
          <b>Forward Azimuth at P1 (Az12):</b> 242.849°<br>
          <b>Back Azimuth at P2 (BackAz12):</b> 242.776°<br>
          <hr>
          <u>Path P2 → P1:</u><br>
          <b>Forward Azimuth at P2 (Az21):</b> 62.776°<br>
          <b>Back Azimuth at P1 (BackAz21):</b> 62.849°<br>
          <hr>
          <b>Filter Reason(s):</b> Dist multiple:0.5401<br>
          <hr>
          <i>Calculation Method: Spherical</i>
        ]]>                
        
            </description>
            <styleUrl>#684</styleUrl>
            <LineString id="682">
                <coordinates>-76.98472940704961,38.95177142459147,0.0 -77.10094955658019,38.90533124793031,0.0</coordinates>
            </LineString>
        </Placemark>
        <Placemark id="687">
            <name>OtrD → H24</name>
            <description>
                
        
<![CDATA[
          <b>P1:</b> OtrD<br>
          <b>P2:</b> H24<br>
          <hr>
          <b>Distance:</b> 8.652 miles<br>
          <hr>
          <u>Path P1 → P2:</u><br>
          <b>Forward Azimuth at P1 (Az12):</b> 282.807°<br>
          <b>Back Azimuth at P2 (BackAz12):</b> 282.708°<br>
          <hr>
          <u>Path P2 → P1:</u><br>
          <b>Forward Azimuth at P2 (Az21):</b> 102.708°<br>
          <b>Back Azimuth at P1 (BackAz21):</b> 102.807°<br>
          <hr>
          <b>Filter Reason(s):</b> Dist multiple:0.6180<br>
          <hr>
          <i>Calculation Method: Spherical</i>
        ]]>                
        
            </description>
            <styleUrl>#688</styleUrl>
            <LineString id="686">
                <coordinates>-76.91344596466341,38.88972524047381,0.0 -77.0704105785321,38.91738246946505,0.0</coordinates>
            </LineString>
        </Placemark>
        <Placemark id="691">
            <name>OtrD → H35</name>
            <description>
                
        
<![CDATA[
          <b>P1:</b> OtrD<br>
          <b>P2:</b> H35<br>
          <hr>
          <b>Distance:</b> 9.192 miles<br>
          <hr>
          <u>Path P1 → P2:</u><br>
          <b>Forward Azimuth at P1 (Az12):</b> 283.496°<br>
          <b>Back Azimuth at P2 (BackAz12):</b> 283.391°<br>
          <hr>
          <u>Path P2 → P1:</u><br>
          <b>Forward Azimuth at P2 (Az21):</b> 103.391°<br>
          <b>Back Azimuth at P1 (BackAz21):</b> 103.496°<br>
          <hr>
          <b>Filter Reason(s):</b> Dist multiple:0.7071<br>
          <hr>
          <i>Calculation Method: Spherical</i>
        ]]>                
        
            </description>
            <styleUrl>#692</styleUrl>
            <LineString id="690">
                <coordinates>-76.91344596466341,38.88972524047381,0.0 -77.07975099520537,38.92066077312896,0.0</coordinates>
            </LineString>
        </Placemark>
        <Placemark id="695">
            <name>OtrD → H42</name>
            <description>
                
        
<![CDATA[
          <b>P1:</b> OtrD<br>
          <b>P2:</b> H42<br>
          <hr>
          <b>Distance:</b> 7.021 miles<br>
          <hr>
          <u>Path P1 → P2:</u><br>
          <b>Forward Azimuth at P1 (Az12):</b> 230.877°<br>
          <b>Back Azimuth at P2 (BackAz12):</b> 230.813°<br>
          <hr>
          <u>Path P2 → P1:</u><br>
          <b>Forward Azimuth at P2 (Az21):</b> 50.813°<br>
          <b>Back Azimuth at P1 (BackAz21):</b> 50.877°<br>
          <hr>
          <b>Filter Reason(s):</b> Dist multiple:0.5401<br>
          <hr>
          <i>Calculation Method: Spherical</i>
        ]]>                
        
            </description>
            <styleUrl>#696</styleUrl>
            <LineString id="694">
                <coordinates>-76.91344596466341,38.88972524047381,0.0 -77.01466103512618,38.82554707680318,0.0</coordinates>
            </LineString>
        </Placemark>
        <Placemark id="699">
            <name>P → Chk55</name>
            <description>
                
        
<![CDATA[
          <b>P1:</b> P<br>
          <b>P2:</b> Chk55<br>
          <hr>
          <b>Distance:</b> 11.124 miles<br>
          <hr>
          <u>Path P1 → P2:</u><br>
          <b>Forward Azimuth at P1 (Az12):</b> 174.226°<br>
          <b>Back Azimuth at P2 (BackAz12):</b> 174.239°<br>
          <hr>
          <u>Path P2 → P1:</u><br>
          <b>Forward Azimuth at P2 (Az21):</b> 354.239°<br>
          <b>Back Azimuth at P1 (BackAz21):</b> 354.226°<br>
          <hr>
          <b>Filter Reason(s):</b> Dist multiple:0.6180<br>
          <hr>
          <i>Calculation Method: Spherical</i>
        ]]>                
        
            </description>
            <styleUrl>#700</styleUrl>
            <LineString id="698">
                <coordinates>-77.05596854698287,38.87100323118176,0.0 -77.0352088314432,38.71079049783587,0.0</coordinates>
            </LineString>
        </Placemark>
        <Placemark id="703">
            <name>PO → RCrkB</name>
            <description>
                
        
<![CDATA[
          <b>P1:</b> PO<br>
          <b>P2:</b> RCrkB<br>
          <hr>
          <b>Distance:</b> 4.006 miles<br>
          <hr>
          <u>Path P1 → P2:</u><br>
          <b>Forward Azimuth at P1 (Az12):</b> 125.324°<br>
          <b>Back Azimuth at P2 (BackAz12):</b> 125.362°<br>
          <hr>
          <u>Path P2 → P1:</u><br>
          <b>Forward Azimuth at P2 (Az21):</b> 305.362°<br>
          <b>Back Azimuth at P1 (BackAz21):</b> 305.324°<br>
          <hr>
          <b>Filter Reason(s):</b> Dist multiple:0.3338<br>
          <hr>
          <i>Calculation Method: Spherical</i>
        ]]>                
        
            </description>
            <styleUrl>#704</styleUrl>
            <LineString id="702">
                <coordinates>-77.1199159,38.93449309999998,0.0 -77.05911419748726,38.90094461320923,0.0</coordinates>
            </LineString>
        </Placemark>
        <Placemark id="707">
            <name>POOthr3b → H28</name>
            <description>
                
        
<![CDATA[
          <b>P1:</b> POOthr3b<br>
          <b>P2:</b> H28<br>
          <hr>
          <b>Distance:</b> 9.192 miles<br>
          <hr>
          <u>Path P1 → P2:</u><br>
          <b>Forward Azimuth at P1 (Az12):</b> 328.436°<br>
          <b>Back Azimuth at P2 (BackAz12):</b> 328.380°<br>
          <hr>
          <u>Path P2 → P1:</u><br>
          <b>Forward Azimuth at P2 (Az21):</b> 148.380°<br>
          <b>Back Azimuth at P1 (BackAz21):</b> 148.436°<br>
          <hr>
          <b>Filter Reason(s):</b> Dist multiple:0.7071<br>
          <hr>
          <i>Calculation Method: Spherical</i>
        ]]>                
        
            </description>
            <styleUrl>#708</styleUrl>
            <LineString id="706">
                <coordinates>-77.03902815721085,38.79164360258566,0.0 -77.12853595395019,38.90499081362246,0.0</coordinates>
            </LineString>
        </Placemark>
        <Placemark id="711">
            <name>PenA → Gs6</name>
            <description>
                
        
<![CDATA[
          <b>P1:</b> PenA<br>
          <b>P2:</b> Gs6<br>
          <hr>
          <b>Distance:</b> 5.605 miles<br>
          <hr>
          <u>Path P1 → P2:</u><br>
          <b>Forward Azimuth at P1 (Az12):</b> 329.613°<br>
          <b>Back Azimuth at P2 (BackAz12):</b> 329.580°<br>
          <hr>
          <u>Path P2 → P1:</u><br>
          <b>Forward Azimuth at P2 (Az21):</b> 149.580°<br>
          <b>Back Azimuth at P1 (BackAz21):</b> 149.613°<br>
          <hr>
          <b>Filter Reason(s):</b> Dist factor of:5.6050, Dist multiple:5.6050<br>
          <hr>
          <i>Calculation Method: Spherical</i>
        ]]>                
        
            </description>
            <styleUrl>#712</styleUrl>
            <LineString id="710">
                <coordinates>-77.05790028667388,38.872552231854,0.0 -77.11066858924072,38.94253116241286,0.0</coordinates>
            </LineString>
        </Placemark>
        <Placemark id="715">
            <name>PenA → Chk23b</name>
            <description>
                
        
<![CDATA[
          <b>P1:</b> PenA<br>
          <b>P2:</b> Chk23b<br>
          <hr>
          <b>Distance:</b> 5.196 miles<br>
          <hr>
          <u>Path P1 → P2:</u><br>
          <b>Forward Azimuth at P1 (Az12):</b> 60.381°<br>
          <b>Back Azimuth at P2 (BackAz12):</b> 60.434°<br>
          <hr>
          <u>Path P2 → P1:</u><br>
          <b>Forward Azimuth at P2 (Az21):</b> 240.434°<br>
          <b>Back Azimuth at P1 (BackAz21):</b> 240.381°<br>
          <hr>
          <b>Filter Reason(s):</b> Dist multiple:0.8660<br>
          <hr>
          <i>Calculation Method: Spherical</i>
        ]]>                
        
            </description>
            <styleUrl>#716</styleUrl>
            <LineString id="714">
                <coordinates>-77.05790028667388,38.872552231854,0.0 -76.97387114815113,38.90969480185885,0.0</coordinates>
            </LineString>
        </Placemark>
        <Placemark id="719">
            <name>PenC → I079</name>
            <description>
                
        
<![CDATA[
          <b>P1:</b> PenC<br>
          <b>P2:</b> I079<br>
          <hr>
          <b>Distance:</b> 1.854 miles<br>
          <hr>
          <u>Path P1 → P2:</u><br>
          <b>Forward Azimuth at P1 (Az12):</b> 11.361°<br>
          <b>Back Azimuth at P2 (BackAz12):</b> 11.365°<br>
          <hr>
          <u>Path P2 → P1:</u><br>
          <b>Forward Azimuth at P2 (Az21):</b> 191.365°<br>
          <b>Back Azimuth at P1 (BackAz21):</b> 191.361°<br>
          <hr>
          <b>Filter Reason(s):</b> Dist multiple:0.6180<br>
          <hr>
          <i>Calculation Method: Spherical</i>
        ]]>                
        
            </description>
            <styleUrl>#720</styleUrl>
            <LineString id="718">
                <coordinates>-77.05693269848774,38.87621612361609,0.0 -77.0501392974717,38.90252822129722,0.0</coordinates>
            </LineString>
        </Placemark>
        <Placemark id="723">
            <name>PenC → Chk27</name>
            <description>
                
        
<![CDATA[
          <b>P1:</b> PenC<br>
          <b>P2:</b> Chk27<br>
          <hr>
          <b>Distance:</b> 6.364 miles<br>
          <hr>
          <u>Path P1 → P2:</u><br>
          <b>Forward Azimuth at P1 (Az12):</b> 354.473°<br>
          <b>Back Azimuth at P2 (BackAz12):</b> 354.466°<br>
          <hr>
          <u>Path P2 → P1:</u><br>
          <b>Forward Azimuth at P2 (Az21):</b> 174.466°<br>
          <b>Back Azimuth at P1 (BackAz21):</b> 174.473°<br>
          <hr>
          <b>Filter Reason(s):</b> Dist multiple:0.7071<br>
          <hr>
          <i>Calculation Method: Spherical</i>
        ]]>                
        
            </description>
            <styleUrl>#724</styleUrl>
            <LineString id="722">
                <coordinates>-77.05693269848774,38.87621612361609,0.0 -77.06834544975686,38.96791103163879,0.0</coordinates>
            </LineString>
        </Placemark>
        <Placemark id="727">
            <name>PenC → H70a</name>
            <description>
                
        
<![CDATA[
          <b>P1:</b> PenC<br>
          <b>P2:</b> H70a<br>
          <hr>
          <b>Distance:</b> 0.668 miles<br>
          <hr>
          <u>Path P1 → P2:</u><br>
          <b>Forward Azimuth at P1 (Az12):</b> 240.640°<br>
          <b>Back Azimuth at P2 (BackAz12):</b> 240.633°<br>
          <hr>
          <u>Path P2 → P1:</u><br>
          <b>Forward Azimuth at P2 (Az21):</b> 60.633°<br>
          <b>Back Azimuth at P1 (BackAz21):</b> 60.640°<br>
          <hr>
          <b>Filter Reason(s):</b> Dist multiple:0.3338<br>
          <hr>
          <i>Calculation Method: Spherical</i>
        ]]>                
        
            </description>
            <styleUrl>#728</styleUrl>
            <LineString id="726">
                <coordinates>-77.05693269848774,38.87621612361609,0.0 -77.06775220195667,38.87147694689254,0.0</coordinates>
            </LineString>
        </Placemark>
        <Placemark id="731">
            <name>PenD → I079</name>
            <description>
                
        
<![CDATA[
          <b>P1:</b> PenD<br>
          <b>P2:</b> I079<br>
          <hr>
          <b>Distance:</b> 2.288 miles<br>
          <hr>
          <u>Path P1 → P2:</u><br>
          <b>Forward Azimuth at P1 (Az12):</b> 11.272°<br>
          <b>Back Azimuth at P2 (BackAz12):</b> 11.278°<br>
          <hr>
          <u>Path P2 → P1:</u><br>
          <b>Forward Azimuth at P2 (Az21):</b> 191.278°<br>
          <b>Back Azimuth at P1 (BackAz21):</b> 191.272°<br>
          <hr>
          <b>Filter Reason(s):</b> Dist factor of:2.2882, Dist multiple:2.2882<br>
          <hr>
          <i>Calculation Method: Spherical</i>
        ]]>                
        
            </description>
            <styleUrl>#732</styleUrl>
            <LineString id="730">
                <coordinates>-77.05845931790411,38.87004371204871,0.0 -77.0501392974717,38.90252822129722,0.0</coordinates>
            </LineString>
        </Placemark>
        <Placemark id="735">
            <name>PenD → Chk11</name>
            <description>
                
        
<![CDATA[
          <b>P1:</b> PenD<br>
          <b>P2:</b> Chk11<br>
          <hr>
          <b>Distance:</b> 4.472 miles<br>
          <hr>
          <u>Path P1 → P2:</u><br>
          <b>Forward Azimuth at P1 (Az12):</b> 292.060°<br>
          <b>Back Azimuth at P2 (BackAz12):</b> 292.011°<br>
          <hr>
          <u>Path P2 → P1:</u><br>
          <b>Forward Azimuth at P2 (Az21):</b> 112.011°<br>
          <b>Back Azimuth at P1 (BackAz21):</b> 112.060°<br>
          <hr>
          <b>Filter Reason(s):</b> Dist multiple:2.2360<br>
          <hr>
          <i>Calculation Method: Spherical</i>
        ]]>                
        
            </description>
            <styleUrl>#736</styleUrl>
            <LineString id="734">
                <coordinates>-77.05845931790411,38.87004371204871,0.0 -77.13554467903445,38.89433083867851,0.0</coordinates>
            </LineString>
        </Placemark>
        <Placemark id="739">
            <name>PenD → Pk04</name>
            <description>
                
        
<![CDATA[
          <b>P1:</b> PenD<br>
          <b>P2:</b> Pk04<br>
          <hr>
          <b>Distance:</b> 62.000 miles<br>
          <hr>
          <u>Path P1 → P2:</u><br>
          <b>Forward Azimuth at P1 (Az12):</b> 264.313°<br>
          <b>Back Azimuth at P2 (BackAz12):</b> 263.595°<br>
          <hr>
          <u>Path P2 → P1:</u><br>
          <b>Forward Azimuth at P2 (Az21):</b> 83.595°<br>
          <b>Back Azimuth at P1 (BackAz21):</b> 84.313°<br>
          <hr>
          <b>Filter Reason(s):</b> Dist Whole<br>
          <hr>
          <i>Calculation Method: Spherical</i>
        ]]>                
        
            </description>
            <styleUrl>#740</styleUrl>
            <LineString id="738">
                <coordinates>-77.05845931790411,38.87004371204871,0.0 -78.20406185227269,38.77550687860945,0.0</coordinates>
            </LineString>
        </Placemark>
        <Placemark id="743">
            <name>PenF → Chk42</name>
            <description>
                
        
<![CDATA[
          <b>P1:</b> PenF<br>
          <b>P2:</b> Chk42<br>
          <hr>
          <b>Distance:</b> 4.330 miles<br>
          <hr>
          <u>Path P1 → P2:</u><br>
          <b>Forward Azimuth at P1 (Az12):</b> 348.003°<br>
          <b>Back Azimuth at P2 (BackAz12):</b> 347.992°<br>
          <hr>
          <u>Path P2 → P1:</u><br>
          <b>Forward Azimuth at P2 (Az21):</b> 167.992°<br>
          <b>Back Azimuth at P1 (BackAz21):</b> 168.003°<br>
          <hr>
          <b>Filter Reason(s):</b> Dist multiple:0.8660<br>
          <hr>
          <i>Calculation Method: Spherical</i>
        ]]>                
        
            </description>
            <styleUrl>#744</styleUrl>
            <LineString id="742">
                <coordinates>-77.05555738705385,38.86885600238287,0.0 -77.07230698965536,38.93017051598103,0.0</coordinates>
            </LineString>
        </Placemark>
        <Placemark id="747">
            <name>PenF → Chk52</name>
            <description>
                
        
<![CDATA[
          <b>P1:</b> PenF<br>
          <b>P2:</b> Chk52<br>
          <hr>
          <b>Distance:</b> 3.464 miles<br>
          <hr>
          <u>Path P1 → P2:</u><br>
          <b>Forward Azimuth at P1 (Az12):</b> 60.429°<br>
          <b>Back Azimuth at P2 (BackAz12):</b> 60.464°<br>
          <hr>
          <u>Path P2 → P1:</u><br>
          <b>Forward Azimuth at P2 (Az21):</b> 240.464°<br>
          <b>Back Azimuth at P1 (BackAz21):</b> 240.429°<br>
          <hr>
          <b>Filter Reason(s):</b> Dist multiple:0.8660, Dist multiple:3.4641<br>
          <hr>
          <i>Calculation Method: Spherical</i>
        ]]>                
        
            </description>
            <styleUrl>#748</styleUrl>
            <LineString id="746">
                <coordinates>-77.05555738705385,38.86885600238287,0.0 -76.99952509051057,38.89358765171932,0.0</coordinates>
            </LineString>
        </Placemark>
        <Placemark id="751">
            <name>PenF → H70</name>
            <description>
                
        
<![CDATA[
          <b>P1:</b> PenF<br>
          <b>P2:</b> H70<br>
          <hr>
          <b>Distance:</b> 0.866 miles<br>
          <hr>
          <u>Path P1 → P2:</u><br>
          <b>Forward Azimuth at P1 (Az12):</b> 292.896°<br>
          <b>Back Azimuth at P2 (BackAz12):</b> 292.887°<br>
          <hr>
          <u>Path P2 → P1:</u><br>
          <b>Forward Azimuth at P2 (Az21):</b> 112.887°<br>
          <b>Back Azimuth at P1 (BackAz21):</b> 112.896°<br>
          <hr>
          <b>Filter Reason(s):</b> Dist multiple:0.8660<br>
          <hr>
          <i>Calculation Method: Spherical</i>
        ]]>                
        
            </description>
            <styleUrl>#752</styleUrl>
            <LineString id="750">
                <coordinates>-77.05555738705385,38.86885600238287,0.0 -77.07038741369139,38.8737311478417,0.0</coordinates>
            </LineString>
        </Placemark>
        <Placemark id="755">
            <name>PenG → Chk03</name>
            <description>
                
        
<![CDATA[
          <b>P1:</b> PenG<br>
          <b>P2:</b> Chk03<br>
          <hr>
          <b>Distance:</b> 4.950 miles<br>
          <hr>
          <u>Path P1 → P2:</u><br>
          <b>Forward Azimuth at P1 (Az12):</b> 153.331°<br>
          <b>Back Azimuth at P2 (BackAz12):</b> 153.356°<br>
          <hr>
          <u>Path P2 → P1:</u><br>
          <b>Forward Azimuth at P2 (Az21):</b> 333.356°<br>
          <b>Back Azimuth at P1 (BackAz21):</b> 333.331°<br>
          <hr>
          <b>Filter Reason(s):</b> Dist multiple:0.7071<br>
          <hr>
          <i>Calculation Method: Spherical</i>
        ]]>                
        
            </description>
            <styleUrl>#756</styleUrl>
            <LineString id="754">
                <coordinates>-77.05466945787724,38.87291816657935,0.0 -77.01339590231409,38.80887860350852,0.0</coordinates>
            </LineString>
        </Placemark>
        <Placemark id="759">
            <name>RC → H11</name>
            <description>
                
        
<![CDATA[
          <b>P1:</b> RC<br>
          <b>P2:</b> H11<br>
          <hr>
          <b>Distance:</b> 5.605 miles<br>
          <hr>
          <u>Path P1 → P2:</u><br>
          <b>Forward Azimuth at P1 (Az12):</b> 152.797°<br>
          <b>Back Azimuth at P2 (BackAz12):</b> 152.827°<br>
          <hr>
          <u>Path P2 → P1:</u><br>
          <b>Forward Azimuth at P2 (Az21):</b> 332.827°<br>
          <b>Back Azimuth at P1 (BackAz21):</b> 332.797°<br>
          <hr>
          <b>Filter Reason(s):</b> Dist factor of:5.6050, Dist multiple:5.6050<br>
          <hr>
          <i>Calculation Method: Spherical</i>
        ]]>                
        
            </description>
            <styleUrl>#760</styleUrl>
            <LineString id="758">
                <coordinates>-77.05231894611552,38.98682226543504,0.0 -77.0046483262631,38.9146495509119,0.0</coordinates>
            </LineString>
        </Placemark>
        <Placemark id="763">
            <name>RCrkB → H81</name>
            <description>
                
        
<![CDATA[
          <b>P1:</b> RCrkB<br>
          <b>P2:</b> H81<br>
          <hr>
          <b>Distance:</b> 7.011 miles<br>
          <hr>
          <u>Path P1 → P2:</u><br>
          <b>Forward Azimuth at P1 (Az12):</b> 97.931°<br>
          <b>Back Azimuth at P2 (BackAz12):</b> 98.012°<br>
          <hr>
          <u>Path P2 → P1:</u><br>
          <b>Forward Azimuth at P2 (Az21):</b> 278.012°<br>
          <b>Back Azimuth at P1 (BackAz21):</b> 277.931°<br>
          <hr>
          <b>Filter Reason(s):</b> Dist multiple:0.3338<br>
          <hr>
          <i>Calculation Method: Spherical</i>
        ]]>                
        
            </description>
            <styleUrl>#764</styleUrl>
            <LineString id="762">
                <coordinates>-77.05911419748726,38.90094461320923,0.0 -76.9299762903957,38.88687029383775,0.0</coordinates>
            </LineString>
        </Placemark>
        <Placemark id="767">
            <name>RK → H69</name>
            <description>
                
        
<![CDATA[
          <b>P1:</b> RK<br>
          <b>P2:</b> H69<br>
          <hr>
          <b>Distance:</b> 3.005 miles<br>
          <hr>
          <u>Path P1 → P2:</u><br>
          <b>Forward Azimuth at P1 (Az12):</b> 299.183°<br>
          <b>Back Azimuth at P2 (BackAz12):</b> 299.152°<br>
          <hr>
          <u>Path P2 → P1:</u><br>
          <b>Forward Azimuth at P2 (Az21):</b> 119.152°<br>
          <b>Back Azimuth at P1 (BackAz21):</b> 119.183°<br>
          <hr>
          <b>Filter Reason(s):</b> Dist multiple:0.3338<br>
          <hr>
          <i>Calculation Method: Spherical</i>
        ]]>                
        
            </description>
            <styleUrl>#768</styleUrl>
            <LineString id="766">
                <coordinates>-77.02356040000001,38.85513800000002,0.0 -77.07234178427055,38.87633745296441,0.0</coordinates>
            </LineString>
        </Placemark>
        <Placemark id="771">
            <name>SCa → H19</name>
            <description>
                
        
<![CDATA[
          <b>P1:</b> SCa<br>
          <b>P2:</b> H19<br>
          <hr>
          <b>Distance:</b> 4.326 miles<br>
          <hr>
          <u>Path P1 → P2:</u><br>
          <b>Forward Azimuth at P1 (Az12):</b> 293.539°<br>
          <b>Back Azimuth at P2 (BackAz12):</b> 293.493°<br>
          <hr>
          <u>Path P2 → P1:</u><br>
          <b>Forward Azimuth at P2 (Az21):</b> 113.493°<br>
          <b>Back Azimuth at P1 (BackAz21):</b> 113.539°<br>
          <hr>
          <b>Filter Reason(s):</b> Dist multiple:0.6180<br>
          <hr>
          <i>Calculation Method: Spherical</i>
        ]]>                
        
            </description>
            <styleUrl>#772</styleUrl>
            <LineString id="770">
                <coordinates>-77.00510154468833,38.890621,0.0 -77.07888357211404,38.91560586754403,0.0</coordinates>
            </LineString>
        </Placemark>
        <Placemark id="775">
            <name>SCa → H43</name>
            <description>
                
        
<![CDATA[
          <b>P1:</b> SCa<br>
          <b>P2:</b> H43<br>
          <hr>
          <b>Distance:</b> 7.679 miles<br>
          <hr>
          <u>Path P1 → P2:</u><br>
          <b>Forward Azimuth at P1 (Az12):</b> 261.714°<br>
          <b>Back Azimuth at P2 (BackAz12):</b> 261.625°<br>
          <hr>
          <u>Path P2 → P1:</u><br>
          <b>Forward Azimuth at P2 (Az21):</b> 81.625°<br>
          <b>Back Azimuth at P1 (BackAz21):</b> 81.714°<br>
          <hr>
          <b>Filter Reason(s):</b> Dist multiple:0.3338<br>
          <hr>
          <i>Calculation Method: Spherical</i>
        ]]>                
        
            </description>
            <styleUrl>#776</styleUrl>
            <LineString id="774">
                <coordinates>-77.00510154468833,38.890621,0.0 -77.146392815978,38.87451597139456,0.0</coordinates>
            </LineString>
        </Placemark>
        <Placemark id="779">
            <name>SCb → Chk52</name>
            <description>
                
        
<![CDATA[
          <b>P1:</b> SCb<br>
          <b>P2:</b> Chk52<br>
          <hr>
          <b>Distance:</b> 0.334 miles<br>
          <hr>
          <u>Path P1 → P2:</u><br>
          <b>Forward Azimuth at P1 (Az12):</b> 52.102°<br>
          <b>Back Azimuth at P2 (BackAz12):</b> 52.105°<br>
          <hr>
          <u>Path P2 → P1:</u><br>
          <b>Forward Azimuth at P2 (Az21):</b> 232.105°<br>
          <b>Back Azimuth at P1 (BackAz21):</b> 232.102°<br>
          <hr>
          <b>Filter Reason(s):</b> Dist multiple:0.3338<br>
          <hr>
          <i>Calculation Method: Spherical</i>
        ]]>                
        
            </description>
            <styleUrl>#780</styleUrl>
            <LineString id="778">
                <coordinates>-77.00442188577618,38.890621,0.0 -76.99952509051057,38.89358765171932,0.0</coordinates>
            </LineString>
        </Placemark>
        <Placemark id="783">
            <name>SCb → H24</name>
            <description>
                
        
<![CDATA[
          <b>P1:</b> SCb<br>
          <b>P2:</b> H24<br>
          <hr>
          <b>Distance:</b> 4.000 miles<br>
          <hr>
          <u>Path P1 → P2:</u><br>
          <b>Forward Azimuth at P1 (Az12):</b> 297.546°<br>
          <b>Back Azimuth at P2 (BackAz12):</b> 297.505°<br>
          <hr>
          <u>Path P2 → P1:</u><br>
          <b>Forward Azimuth at P2 (Az21):</b> 117.505°<br>
          <b>Back Azimuth at P1 (BackAz21):</b> 117.546°<br>
          <hr>
          <b>Filter Reason(s):</b> Dist Whole<br>
          <hr>
          <i>Calculation Method: Spherical</i>
        ]]>                
        
            </description>
            <styleUrl>#784</styleUrl>
            <LineString id="782">
                <coordinates>-77.00442188577618,38.890621,0.0 -77.0704105785321,38.91738246946505,0.0</coordinates>
            </LineString>
        </Placemark>
        <Placemark id="787">
            <name>SF02 → Pk04</name>
            <description>
                
        
<![CDATA[
          <b>P1:</b> SF02<br>
          <b>P2:</b> Pk04<br>
          <hr>
          <b>Distance:</b> 60.564 miles<br>
          <hr>
          <u>Path P1 → P2:</u><br>
          <b>Forward Azimuth at P1 (Az12):</b> 262.109°<br>
          <b>Back Azimuth at P2 (BackAz12):</b> 261.410°<br>
          <hr>
          <u>Path P2 → P1:</u><br>
          <b>Forward Azimuth at P2 (Az21):</b> 81.410°<br>
          <b>Back Azimuth at P1 (BackAz21):</b> 82.109°<br>
          <hr>
          <b>Filter Reason(s):</b> Dist multiple:0.6180<br>
          <hr>
          <i>Calculation Method: Spherical</i>
        ]]>                
        
            </description>
            <styleUrl>#788</styleUrl>
            <LineString id="786">
                <coordinates>-77.0901139945135,38.90117456916591,0.0 -78.20406185227269,38.77550687860945,0.0</coordinates>
            </LineString>
        </Placemark>
        <Placemark id="791">
            <name>Sb → Chk05</name>
            <description>
                
        
<![CDATA[
          <b>P1:</b> Sb<br>
          <b>P2:</b> Chk05<br>
          <hr>
          <b>Distance:</b> 10.606 miles<br>
          <hr>
          <u>Path P1 → P2:</u><br>
          <b>Forward Azimuth at P1 (Az12):</b> 8.621°<br>
          <b>Back Azimuth at P2 (BackAz12):</b> 8.639°<br>
          <hr>
          <u>Path P2 → P1:</u><br>
          <b>Forward Azimuth at P2 (Az21):</b> 188.639°<br>
          <b>Back Azimuth at P1 (BackAz21):</b> 188.621°<br>
          <hr>
          <b>Filter Reason(s):</b> Dist multiple:0.7071<br>
          <hr>
          <i>Calculation Method: Spherical</i>
        ]]>                
        
            </description>
            <styleUrl>#792</styleUrl>
            <LineString id="790">
                <coordinates>-77.04058603,38.79033915000001,0.0 -77.01099576844469,38.94213905894748,0.0</coordinates>
            </LineString>
        </Placemark>
        <Placemark id="795">
            <name>Sc → Sb</name>
            <description>
                
        
<![CDATA[
          <b>P1:</b> Sc<br>
          <b>P2:</b> Sb<br>
          <hr>
          <b>Distance:</b> 7.071 miles<br>
          <hr>
          <u>Path P1 → P2:</u><br>
          <b>Forward Azimuth at P1 (Az12):</b> 180.000°<br>
          <b>Back Azimuth at P2 (BackAz12):</b> 180.000°<br>
          <hr>
          <u>Path P2 → P1:</u><br>
          <b>Forward Azimuth at P2 (Az21):</b> 0.000°<br>
          <b>Back Azimuth at P1 (BackAz21):</b> 0.000°<br>
          <hr>
          <b>Filter Reason(s):</b> Dist multiple:0.7071<br>
          <hr>
          <i>Calculation Method: Spherical</i>
        ]]>                
        
            </description>
            <styleUrl>#796</styleUrl>
            <LineString id="794">
                <coordinates>-77.04058603,38.89269952,0.0 -77.04058603,38.79033915000001,0.0</coordinates>
            </LineString>
        </Placemark>
        <Placemark id="799">
            <name>WH → Chk41</name>
            <description>
                
        
<![CDATA[
          <b>P1:</b> WH<br>
          <b>P2:</b> Chk41<br>
          <hr>
          <b>Distance:</b> 4.370 miles<br>
          <hr>
          <u>Path P1 → P2:</u><br>
          <b>Forward Azimuth at P1 (Az12):</b> 76.419°<br>
          <b>Back Azimuth at P2 (BackAz12):</b> 76.469°<br>
          <hr>
          <u>Path P2 → P1:</u><br>
          <b>Forward Azimuth at P2 (Az21):</b> 256.469°<br>
          <b>Back Azimuth at P1 (BackAz21):</b> 256.419°<br>
          <hr>
          <b>Filter Reason(s):</b> Dist multiple:0.8740<br>
          <hr>
          <i>Calculation Method: Spherical</i>
        ]]>                
        
            </description>
            <styleUrl>#800</styleUrl>
            <LineString id="798">
                <coordinates>-77.036569,38.89778875877805,0.0 -76.9575387987198,38.91261730408393,0.0</coordinates>
            </LineString>
        </Placemark>
        <Placemark id="803">
            <name>WH → POOthr3a</name>
            <description>
                
        
<![CDATA[
          <b>P1:</b> WH<br>
          <b>P2:</b> POOthr3a<br>
          <hr>
          <b>Distance:</b> 7.778 miles<br>
          <hr>
          <u>Path P1 → P2:</u><br>
          <b>Forward Azimuth at P1 (Az12):</b> 181.461°<br>
          <b>Back Azimuth at P2 (BackAz12):</b> 181.459°<br>
          <hr>
          <u>Path P2 → P1:</u><br>
          <b>Forward Azimuth at P2 (Az21):</b> 1.459°<br>
          <b>Back Azimuth at P1 (BackAz21):</b> 1.461°<br>
          <hr>
          <b>Filter Reason(s):</b> Dist multiple:0.7071<br>
          <hr>
          <i>Calculation Method: Spherical</i>
        ]]>                
        
            </description>
            <styleUrl>#804</styleUrl>
            <LineString id="802">
                <coordinates>-77.036569,38.89778875877805,0.0 -77.0402519018478,38.7852261694161,0.0</coordinates>
            </LineString>
        </Placemark>
        <Placemark id="807">
            <name>WH → H66</name>
            <description>
                
        
<![CDATA[
          <b>P1:</b> WH<br>
          <b>P2:</b> H66<br>
          <hr>
          <b>Distance:</b> 3.500 miles<br>
          <hr>
          <u>Path P1 → P2:</u><br>
          <b>Forward Azimuth at P1 (Az12):</b> 278.581°<br>
          <b>Back Azimuth at P2 (BackAz12):</b> 278.541°<br>
          <hr>
          <u>Path P2 → P1:</u><br>
          <b>Forward Azimuth at P2 (Az21):</b> 98.541°<br>
          <b>Back Azimuth at P1 (BackAz21):</b> 98.581°<br>
          <hr>
          <b>Filter Reason(s):</b> Dist Half<br>
          <hr>
          <i>Calculation Method: Spherical</i>
        ]]>                
        
            </description>
            <styleUrl>#808</styleUrl>
            <LineString id="806">
                <coordinates>-77.036569,38.89778875877805,0.0 -77.10094955658019,38.90533124793031,0.0</coordinates>
            </LineString>
        </Placemark>
        <Placemark id="811">
            <name>WHz → CptA</name>
            <description>
                
        
<![CDATA[
          <b>P1:</b> WHz<br>
          <b>P2:</b> CptA<br>
          <hr>
          <b>Distance:</b> 1.498 miles<br>
          <hr>
          <u>Path P1 → P2:</u><br>
          <b>Forward Azimuth at P1 (Az12):</b> 103.860°<br>
          <b>Back Azimuth at P2 (BackAz12):</b> 103.877°<br>
          <hr>
          <u>Path P2 → P1:</u><br>
          <b>Forward Azimuth at P2 (Az21):</b> 283.877°<br>
          <b>Back Azimuth at P1 (BackAz21):</b> 283.860°<br>
          <hr>
          <b>Filter Reason(s):</b> Dist factor of:5.9907<br>
          <hr>
          <i>Calculation Method: Spherical</i>
        ]]>                
        
            </description>
            <styleUrl>#812</styleUrl>
            <LineString id="810">
                <coordinates>-77.03431133703796,38.89597663639302,0.0 -77.0072678806584,38.89077979476803,0.0</coordinates>
            </LineString>
        </Placemark>
        <Placemark id="815">
            <name>Wb → PenF</name>
            <description>
                
        
<![CDATA[
          <b>P1:</b> Wb<br>
          <b>P2:</b> PenF<br>
          <hr>
          <b>Distance:</b> 6.500 miles<br>
          <hr>
          <u>Path P1 → P2:</u><br>
          <b>Forward Azimuth at P1 (Az12):</b> 104.986°<br>
          <b>Back Azimuth at P2 (BackAz12):</b> 105.059°<br>
          <hr>
          <u>Path P2 → P1:</u><br>
          <b>Forward Azimuth at P2 (Az21):</b> 285.059°<br>
          <b>Back Azimuth at P1 (BackAz21):</b> 284.986°<br>
          <hr>
          <b>Filter Reason(s):</b> Dist Half<br>
          <hr>
          <i>Calculation Method: Spherical</i>
        ]]>                
        
            </description>
            <styleUrl>#816</styleUrl>
            <LineString id="814">
                <coordinates>-77.17230114000002,38.89324512999998,0.0 -77.05555738705385,38.86885600238287,0.0</coordinates>
            </LineString>
        </Placemark>
        <Placemark id="819">
            <name>Wb → PO</name>
            <description>
                
        
<![CDATA[
          <b>P1:</b> Wb<br>
          <b>P2:</b> PO<br>
          <hr>
          <b>Distance:</b> 4.006 miles<br>
          <hr>
          <u>Path P1 → P2:</u><br>
          <b>Forward Azimuth at P1 (Az12):</b> 44.643°<br>
          <b>Back Azimuth at P2 (BackAz12):</b> 44.676°<br>
          <hr>
          <u>Path P2 → P1:</u><br>
          <b>Forward Azimuth at P2 (Az21):</b> 224.676°<br>
          <b>Back Azimuth at P1 (BackAz21):</b> 224.643°<br>
          <hr>
          <b>Filter Reason(s):</b> Dist multiple:0.3338<br>
          <hr>
          <i>Calculation Method: Spherical</i>
        ]]>                
        
            </description>
            <styleUrl>#820</styleUrl>
            <LineString id="818">
                <coordinates>-77.17230114000002,38.89324512999998,0.0 -77.1199159,38.93449309999998,0.0</coordinates>
            </LineString>
        </Placemark>
        <Placemark id="823">
            <name>Wb → H22</name>
            <description>
                
        
<![CDATA[
          <b>P1:</b> Wb<br>
          <b>P2:</b> H22<br>
          <hr>
          <b>Distance:</b> 6.500 miles<br>
          <hr>
          <u>Path P1 → P2:</u><br>
          <b>Forward Azimuth at P1 (Az12):</b> 68.136°<br>
          <b>Back Azimuth at P2 (BackAz12):</b> 68.206°<br>
          <hr>
          <u>Path P2 → P1:</u><br>
          <b>Forward Azimuth at P2 (Az21):</b> 248.206°<br>
          <b>Back Azimuth at P1 (BackAz21):</b> 248.136°<br>
          <hr>
          <b>Filter Reason(s):</b> Dist Half<br>
          <hr>
          <i>Calculation Method: Spherical</i>
        ]]>                
        
            </description>
            <styleUrl>#824</styleUrl>
            <LineString id="822">
                <coordinates>-77.17230114000002,38.89324512999998,0.0 -77.06004232078331,38.92823446130691,0.0</coordinates>
            </LineString>
        </Placemark>
        <Placemark id="827">
            <name>Wc → Wb</name>
            <description>
                
        
<![CDATA[
          <b>P1:</b> Wc<br>
          <b>P2:</b> Wb<br>
          <hr>
          <b>Distance:</b> 7.071 miles<br>
          <hr>
          <u>Path P1 → P2:</u><br>
          <b>Forward Azimuth at P1 (Az12):</b> 270.083°<br>
          <b>Back Azimuth at P2 (BackAz12):</b> 270.000°<br>
          <hr>
          <u>Path P2 → P1:</u><br>
          <b>Forward Azimuth at P2 (Az21):</b> 90.000°<br>
          <b>Back Azimuth at P1 (BackAz21):</b> 90.083°<br>
          <hr>
          <b>Filter Reason(s):</b> Dist multiple:0.7071<br>
          <hr>
          <i>Calculation Method: Spherical</i>
        ]]>                
        
            </description>
            <styleUrl>#828</styleUrl>
            <LineString id="826">
                <coordinates>-77.04078625,38.89317136999999,0.0 -77.17230114000002,38.89324512999998,0.0</coordinates>
            </LineString>
        </Placemark>
        <Placemark id="831">
            <name>Wc → Cavg</name>
            <description>
                
        
<![CDATA[
          <b>P1:</b> Wc<br>
          <b>P2:</b> Cavg<br>
          <hr>
          <b>Distance:</b> 0.006 miles<br>
          <hr>
          <u>Path P1 → P2:</u><br>
          <b>Forward Azimuth at P1 (Az12):</b> 174.842°<br>
          <b>Back Azimuth at P2 (BackAz12):</b> 174.842°<br>
          <hr>
          <u>Path P2 → P1:</u><br>
          <b>Forward Azimuth at P2 (Az21):</b> 354.842°<br>
          <b>Back Azimuth at P1 (BackAz21):</b> 354.842°<br>
          <hr>
          <b>Filter Reason(s):</b> Dist factor of:2.2360, Dist factor of:3.4610<br>
          <hr>
          <i>Calculation Method: Spherical</i>
        ]]>                
        
            </description>
            <styleUrl>#832</styleUrl>
            <LineString id="830">
                <coordinates>-77.04078625,38.89317136999999,0.0 -77.04077541312266,38.89307792552204,0.0</coordinates>
            </LineString>
        </Placemark>
        <Placemark id="835">
            <name>Wc → H33</name>
            <description>
                
        
<![CDATA[
          <b>P1:</b> Wc<br>
          <b>P2:</b> H33<br>
          <hr>
          <b>Distance:</b> 4.330 miles<br>
          <hr>
          <u>Path P1 → P2:</u><br>
          <b>Forward Azimuth at P1 (Az12):</b> 295.913°<br>
          <b>Back Azimuth at P2 (BackAz12):</b> 295.867°<br>
          <hr>
          <u>Path P2 → P1:</u><br>
          <b>Forward Azimuth at P2 (Az21):</b> 115.867°<br>
          <b>Back Azimuth at P1 (BackAz21):</b> 115.913°<br>
          <hr>
          <b>Filter Reason(s):</b> Dist multiple:0.8660<br>
          <hr>
          <i>Calculation Method: Spherical</i>
        ]]>                
        
            </description>
            <styleUrl>#836</styleUrl>
            <LineString id="834">
                <coordinates>-77.04078625,38.89317136999999,0.0 -77.11324805943606,38.92053966660955,0.0</coordinates>
            </LineString>
        </Placemark>
    </Document>
</kml>
