<?xml version="1.0" encoding="UTF-8"?>
<kml xmlns="http://www.opengis.net/kml/2.2" xmlns:gx="http://www.google.com/kml/ext/2.2" xmlns:kml="http://www.opengis.net/kml/2.2" xmlns:atom="http://www.w3.org/2005/Atom">
<Document>
	<name>MixPnts.kml</name>
	<Schema name="centerpnts" id="S_centerpnts_SDD0">
		<SimpleField type="string" name="LOC"><displayName>&lt;b&gt;LOC&lt;/b&gt;</displayName>
</SimpleField>
		<SimpleField type="double" name="LAT"><displayName>&lt;b&gt;LAT&lt;/b&gt;</displayName>
</SimpleField>
		<SimpleField type="double" name="LON"><displayName>&lt;b&gt;LON&lt;/b&gt;</displayName>
</SimpleField>
	</Schema>
	<Schema name="trypoints" id="S_trypoints_SDDD0">
		<SimpleField type="string" name="LOC"><displayName>&lt;b&gt;LOC&lt;/b&gt;</displayName>
</SimpleField>
		<SimpleField type="double" name="LAT"><displayName>&lt;b&gt;LAT&lt;/b&gt;</displayName>
</SimpleField>
		<SimpleField type="double" name="LON"><displayName>&lt;b&gt;LON&lt;/b&gt;</displayName>
</SimpleField>
		<SimpleField type="double" name="ALT"><displayName>&lt;b&gt;ALT&lt;/b&gt;</displayName>
</SimpleField>
	</Schema>
	<Schema name="updates" id="S_updates_SDD">
		<SimpleField type="string" name="LOC"><displayName>&lt;b&gt;LOC&lt;/b&gt;</displayName>
</SimpleField>
		<SimpleField type="double" name="LAT"><displayName>&lt;b&gt;LAT&lt;/b&gt;</displayName>
</SimpleField>
		<SimpleField type="double" name="LON"><displayName>&lt;b&gt;LON&lt;/b&gt;</displayName>
</SimpleField>
	</Schema>
	<Schema name="vertices" id="S_vertices_SDD0">
		<SimpleField type="string" name="V"><displayName>&lt;b&gt;V&lt;/b&gt;</displayName>
</SimpleField>
		<SimpleField type="double" name="Lat"><displayName>&lt;b&gt;Lat&lt;/b&gt;</displayName>
</SimpleField>
		<SimpleField type="double" name="Lon"><displayName>&lt;b&gt;Lon&lt;/b&gt;</displayName>
</SimpleField>
	</Schema>
	<Style id="hlightPointStyle">
		<IconStyle>
			<color>e6ffffff</color>
			<scale>0.8</scale>
			<Icon>
				<href>http://maps.google.com/mapfiles/kml/shapes/placemark_circle_highlight.png</href>
			</Icon>
		</IconStyle>
		<LabelStyle>
			<color>ccffffff</color>
			<scale>0.7</scale>
		</LabelStyle>
		<BalloonStyle>
			<text><![CDATA[<table border="0">
  <tr><td><b>LOC</b></td><td>$[updates/LOC]</td></tr>
  <tr><td><b>LAT</b></td><td>$[updates/LAT]</td></tr>
  <tr><td><b>LON</b></td><td>$[updates/LON]</td></tr>
</table>
]]></text>
		</BalloonStyle>
		<LineStyle>
			<width>2.5</width>
		</LineStyle>
	</Style>
	<Style id="hlightPointStyle0100">
		<IconStyle>
			<color>e60000ff</color>
			<scale>0.7</scale>
			<Icon>
				<href>http://maps.google.com/mapfiles/kml/shapes/placemark_square_highlight.png</href>
			</Icon>
		</IconStyle>
		<LabelStyle>
			<color>b3ffffff</color>
			<scale>0.7</scale>
		</LabelStyle>
		<LineStyle>
			<color>e6ffff00</color>
			<width>2</width>
		</LineStyle>
	</Style>
	<Style id="hlightPointStyle30">
		<IconStyle>
			<color>f2000000</color>
			<scale>0.8</scale>
			<Icon>
				<href>http://maps.google.com/mapfiles/kml/shapes/open-diamond.png</href>
			</Icon>
		</IconStyle>
		<LabelStyle>
			<color>e6ffffff</color>
			<scale>0.7</scale>
		</LabelStyle>
		<LineStyle>
			<color>ffd5ffff</color>
			<width>3</width>
		</LineStyle>
	</Style>
	<StyleMap id="m_ylw-pushpin">
		<Pair>
			<key>normal</key>
			<styleUrl>#s_ylw-pushpin0</styleUrl>
		</Pair>
		<Pair>
			<key>highlight</key>
			<styleUrl>#s_ylw-pushpin_hl0</styleUrl>
		</Pair>
	</StyleMap>
	<StyleMap id="msn_cross-hairs">
		<Pair>
			<key>normal</key>
			<styleUrl>#sn_cross-hairs</styleUrl>
		</Pair>
		<Pair>
			<key>highlight</key>
			<styleUrl>#sh_cross-hairs_highlight</styleUrl>
		</Pair>
	</StyleMap>
	<StyleMap id="msn_cross-hairs0">
		<Pair>
			<key>normal</key>
			<styleUrl>#sn_cross-hairs01</styleUrl>
		</Pair>
		<Pair>
			<key>highlight</key>
			<styleUrl>#sh_cross-hairs_highlight3</styleUrl>
		</Pair>
	</StyleMap>
	<StyleMap id="msn_firedept00">
		<Pair>
			<key>normal</key>
			<styleUrl>#sn_firedept000</styleUrl>
		</Pair>
		<Pair>
			<key>highlight</key>
			<styleUrl>#sh_firedept100</styleUrl>
		</Pair>
	</StyleMap>
	<StyleMap id="msn_firedept1">
		<Pair>
			<key>normal</key>
			<styleUrl>#sn_firedept1</styleUrl>
		</Pair>
		<Pair>
			<key>highlight</key>
			<styleUrl>#sh_firedept3</styleUrl>
		</Pair>
	</StyleMap>
	<StyleMap id="msn_firedept40">
		<Pair>
			<key>normal</key>
			<styleUrl>#sn_firedept80</styleUrl>
		</Pair>
		<Pair>
			<key>highlight</key>
			<styleUrl>#sh_firedept60</styleUrl>
		</Pair>
	</StyleMap>
	<StyleMap id="msn_golf">
		<Pair>
			<key>normal</key>
			<styleUrl>#sn_golf</styleUrl>
		</Pair>
		<Pair>
			<key>highlight</key>
			<styleUrl>#sh_golf</styleUrl>
		</Pair>
	</StyleMap>
	<StyleMap id="msn_ltblu-square">
		<Pair>
			<key>normal</key>
			<styleUrl>#sn_ltblu-square</styleUrl>
		</Pair>
		<Pair>
			<key>highlight</key>
			<styleUrl>#sh_ltblu-square</styleUrl>
		</Pair>
	</StyleMap>
	<StyleMap id="msn_ltblu-stars">
		<Pair>
			<key>normal</key>
			<styleUrl>#sn_ltblu-stars</styleUrl>
		</Pair>
		<Pair>
			<key>highlight</key>
			<styleUrl>#sh_ltblu-stars</styleUrl>
		</Pair>
	</StyleMap>
	<StyleMap id="msn_open-diamond00">
		<Pair>
			<key>normal</key>
			<styleUrl>#sn_open-diamond20</styleUrl>
		</Pair>
		<Pair>
			<key>highlight</key>
			<styleUrl>#sh_open-diamond0</styleUrl>
		</Pair>
	</StyleMap>
	<StyleMap id="msn_placemark_circle">
		<Pair>
			<key>normal</key>
			<styleUrl>#sn_placemark_circle7</styleUrl>
		</Pair>
		<Pair>
			<key>highlight</key>
			<styleUrl>#sh_placemark_circle_highlight12</styleUrl>
		</Pair>
	</StyleMap>
	<StyleMap id="msn_placemark_circle0">
		<Pair>
			<key>normal</key>
			<styleUrl>#sn_placemark_circle13</styleUrl>
		</Pair>
		<Pair>
			<key>highlight</key>
			<styleUrl>#sh_placemark_circle_highlight</styleUrl>
		</Pair>
	</StyleMap>
	<StyleMap id="msn_placemark_circle00">
		<Pair>
			<key>normal</key>
			<styleUrl>#sn_placemark_circle110</styleUrl>
		</Pair>
		<Pair>
			<key>highlight</key>
			<styleUrl>#sh_placemark_circle_highlight190</styleUrl>
		</Pair>
	</StyleMap>
	<StyleMap id="msn_placemark_circle03">
		<Pair>
			<key>normal</key>
			<styleUrl>#sn_placemark_circle11</styleUrl>
		</Pair>
		<Pair>
			<key>highlight</key>
			<styleUrl>#sh_placemark_circle_highlight19</styleUrl>
		</Pair>
	</StyleMap>
	<StyleMap id="msn_placemark_circle030">
		<Pair>
			<key>normal</key>
			<styleUrl>#sn_placemark_circle23</styleUrl>
		</Pair>
		<Pair>
			<key>highlight</key>
			<styleUrl>#sh_placemark_circle_highlight00</styleUrl>
		</Pair>
	</StyleMap>
	<StyleMap id="msn_placemark_circle1">
		<Pair>
			<key>normal</key>
			<styleUrl>#sn_placemark_circle5</styleUrl>
		</Pair>
		<Pair>
			<key>highlight</key>
			<styleUrl>#sh_placemark_circle_highlight7</styleUrl>
		</Pair>
	</StyleMap>
	<StyleMap id="msn_placemark_circle100">
		<Pair>
			<key>normal</key>
			<styleUrl>#sn_placemark_circle210</styleUrl>
		</Pair>
		<Pair>
			<key>highlight</key>
			<styleUrl>#sh_placemark_circle_highlight9</styleUrl>
		</Pair>
	</StyleMap>
	<StyleMap id="msn_placemark_circle13231">
		<Pair>
			<key>normal</key>
			<styleUrl>#sn_placemark_circle104102</styleUrl>
		</Pair>
		<Pair>
			<key>highlight</key>
			<styleUrl>#sh_placemark_circle_highlight15600</styleUrl>
		</Pair>
	</StyleMap>
	<StyleMap id="msn_placemark_circle13232">
		<Pair>
			<key>normal</key>
			<styleUrl>#sn_placemark_circle104100</styleUrl>
		</Pair>
		<Pair>
			<key>highlight</key>
			<styleUrl>#sh_placemark_circle_highlight15603</styleUrl>
		</Pair>
	</StyleMap>
	<StyleMap id="msn_placemark_circle1323">
		<Pair>
			<key>normal</key>
			<styleUrl>#sn_placemark_circle10410</styleUrl>
		</Pair>
		<Pair>
			<key>highlight</key>
			<styleUrl>#sh_placemark_circle_highlight15602</styleUrl>
		</Pair>
	</StyleMap>
	<StyleMap id="msn_placemark_circle13233">
		<Pair>
			<key>normal</key>
			<styleUrl>#sn_placemark_circle104103</styleUrl>
		</Pair>
		<Pair>
			<key>highlight</key>
			<styleUrl>#sh_placemark_circle_highlight1560</styleUrl>
		</Pair>
	</StyleMap>
	<StyleMap id="msn_placemark_circle13230">
		<Pair>
			<key>normal</key>
			<styleUrl>#sn_placemark_circle104101</styleUrl>
		</Pair>
		<Pair>
			<key>highlight</key>
			<styleUrl>#sh_placemark_circle_highlight15601</styleUrl>
		</Pair>
	</StyleMap>
	<StyleMap id="msn_placemark_circle13234">
		<Pair>
			<key>normal</key>
			<styleUrl>#sn_placemark_circle10413</styleUrl>
		</Pair>
		<Pair>
			<key>highlight</key>
			<styleUrl>#sh_placemark_circle_highlight156</styleUrl>
		</Pair>
	</StyleMap>
	<StyleMap id="msn_placemark_circle139">
		<Pair>
			<key>normal</key>
			<styleUrl>#sn_placemark_circle108</styleUrl>
		</Pair>
		<Pair>
			<key>highlight</key>
			<styleUrl>#sh_placemark_circle_highlight1520</styleUrl>
		</Pair>
	</StyleMap>
	<StyleMap id="msn_placemark_circle14">
		<Pair>
			<key>normal</key>
			<styleUrl>#sn_placemark_circle15</styleUrl>
		</Pair>
		<Pair>
			<key>highlight</key>
			<styleUrl>#sh_placemark_circle_highlight01</styleUrl>
		</Pair>
	</StyleMap>
	<StyleMap id="msn_placemark_circle15">
		<Pair>
			<key>normal</key>
			<styleUrl>#sn_placemark_circle2</styleUrl>
		</Pair>
		<Pair>
			<key>highlight</key>
			<styleUrl>#sh_placemark_circle_highlight8</styleUrl>
		</Pair>
	</StyleMap>
	<StyleMap id="msn_placemark_circle16">
		<Pair>
			<key>normal</key>
			<styleUrl>#sn_placemark_circle3</styleUrl>
		</Pair>
		<Pair>
			<key>highlight</key>
			<styleUrl>#sh_placemark_circle_highlight3</styleUrl>
		</Pair>
	</StyleMap>
	<StyleMap id="msn_placemark_circle17">
		<Pair>
			<key>normal</key>
			<styleUrl>#sn_placemark_circle0</styleUrl>
		</Pair>
		<Pair>
			<key>highlight</key>
			<styleUrl>#sh_placemark_circle_highlight2</styleUrl>
		</Pair>
	</StyleMap>
	<StyleMap id="msn_placemark_circle18">
		<Pair>
			<key>normal</key>
			<styleUrl>#sn_placemark_circle10</styleUrl>
		</Pair>
		<Pair>
			<key>highlight</key>
			<styleUrl>#sh_placemark_circle_highlight0</styleUrl>
		</Pair>
	</StyleMap>
	<StyleMap id="msn_placemark_circle2">
		<Pair>
			<key>normal</key>
			<styleUrl>#sn_placemark_circle4</styleUrl>
		</Pair>
		<Pair>
			<key>highlight</key>
			<styleUrl>#sh_placemark_circle_highlight5</styleUrl>
		</Pair>
	</StyleMap>
	<StyleMap id="msn_placemark_circle24">
		<Pair>
			<key>normal</key>
			<styleUrl>#sn_placemark_circle50</styleUrl>
		</Pair>
		<Pair>
			<key>highlight</key>
			<styleUrl>#sh_placemark_circle_highlight02</styleUrl>
		</Pair>
	</StyleMap>
	<StyleMap id="msn_placemark_circle3">
		<Pair>
			<key>normal</key>
			<styleUrl>#sn_placemark_circle1</styleUrl>
		</Pair>
		<Pair>
			<key>highlight</key>
			<styleUrl>#sh_placemark_circle_highlight1</styleUrl>
		</Pair>
	</StyleMap>
	<StyleMap id="msn_placemark_circle33">
		<Pair>
			<key>normal</key>
			<styleUrl>#sn_placemark_circle9</styleUrl>
		</Pair>
		<Pair>
			<key>highlight</key>
			<styleUrl>#sh_placemark_circle_highlight161</styleUrl>
		</Pair>
	</StyleMap>
	<StyleMap id="msn_placemark_circle4">
		<Pair>
			<key>normal</key>
			<styleUrl>#sn_placemark_circle16</styleUrl>
		</Pair>
		<Pair>
			<key>highlight</key>
			<styleUrl>#sh_placemark_circle_highlight17</styleUrl>
		</Pair>
	</StyleMap>
	<StyleMap id="msn_placemark_circle7">
		<Pair>
			<key>normal</key>
			<styleUrl>#sn_placemark_circle</styleUrl>
		</Pair>
		<Pair>
			<key>highlight</key>
			<styleUrl>#sh_placemark_circle_highlight16</styleUrl>
		</Pair>
	</StyleMap>
	<StyleMap id="msn_placemark_square">
		<Pair>
			<key>normal</key>
			<styleUrl>#sn_placemark_square4</styleUrl>
		</Pair>
		<Pair>
			<key>highlight</key>
			<styleUrl>#sh_placemark_square_highlight</styleUrl>
		</Pair>
	</StyleMap>
	<StyleMap id="msn_placemark_square0">
		<Pair>
			<key>normal</key>
			<styleUrl>#sn_placemark_square00000</styleUrl>
		</Pair>
		<Pair>
			<key>highlight</key>
			<styleUrl>#sh_placemark_square_highlight00100</styleUrl>
		</Pair>
	</StyleMap>
	<StyleMap id="msn_placemark_square1">
		<Pair>
			<key>normal</key>
			<styleUrl>#sn_placemark_square21</styleUrl>
		</Pair>
		<Pair>
			<key>highlight</key>
			<styleUrl>#sh_placemark_square_highlight4</styleUrl>
		</Pair>
	</StyleMap>
	<StyleMap id="msn_placemark_square21">
		<Pair>
			<key>normal</key>
			<styleUrl>#sn_placemark_square001</styleUrl>
		</Pair>
		<Pair>
			<key>highlight</key>
			<styleUrl>#sh_placemark_square_highlight101</styleUrl>
		</Pair>
	</StyleMap>
	<StyleMap id="msn_placemark_square300">
		<Pair>
			<key>normal</key>
			<styleUrl>#sn_placemark_square40</styleUrl>
		</Pair>
		<Pair>
			<key>highlight</key>
			<styleUrl>#sh_placemark_square_highlight30</styleUrl>
		</Pair>
	</StyleMap>
	<StyleMap id="msn_placemark_square31">
		<Pair>
			<key>normal</key>
			<styleUrl>#sn_placemark_square70</styleUrl>
		</Pair>
		<Pair>
			<key>highlight</key>
			<styleUrl>#sh_placemark_square_highlight13</styleUrl>
		</Pair>
	</StyleMap>
	<StyleMap id="msn_placemark_square41">
		<Pair>
			<key>normal</key>
			<styleUrl>#sn_placemark_square60</styleUrl>
		</Pair>
		<Pair>
			<key>highlight</key>
			<styleUrl>#sh_placemark_square_highlight2</styleUrl>
		</Pair>
	</StyleMap>
	<StyleMap id="msn_polygon2">
		<Pair>
			<key>normal</key>
			<styleUrl>#sn_polygon2</styleUrl>
		</Pair>
		<Pair>
			<key>highlight</key>
			<styleUrl>#sh_polygon2</styleUrl>
		</Pair>
	</StyleMap>
	<StyleMap id="msn_shaded_dot">
		<Pair>
			<key>normal</key>
			<styleUrl>#sn_shaded_dot20</styleUrl>
		</Pair>
		<Pair>
			<key>highlight</key>
			<styleUrl>#sh_shaded_dot1</styleUrl>
		</Pair>
	</StyleMap>
	<StyleMap id="msn_shaded_dot0">
		<Pair>
			<key>normal</key>
			<styleUrl>#sn_shaded_dot10</styleUrl>
		</Pair>
		<Pair>
			<key>highlight</key>
			<styleUrl>#sh_shaded_dot20</styleUrl>
		</Pair>
	</StyleMap>
	<StyleMap id="msn_shaded_dot01">
		<Pair>
			<key>normal</key>
			<styleUrl>#sn_shaded_dot25</styleUrl>
		</Pair>
		<Pair>
			<key>highlight</key>
			<styleUrl>#sh_shaded_dot01</styleUrl>
		</Pair>
	</StyleMap>
	<StyleMap id="msn_shaded_dot02">
		<Pair>
			<key>normal</key>
			<styleUrl>#sn_shaded_dot26</styleUrl>
		</Pair>
		<Pair>
			<key>highlight</key>
			<styleUrl>#sh_shaded_dot42</styleUrl>
		</Pair>
	</StyleMap>
	<StyleMap id="msn_shaded_dot03">
		<Pair>
			<key>normal</key>
			<styleUrl>#sn_shaded_dot03</styleUrl>
		</Pair>
		<Pair>
			<key>highlight</key>
			<styleUrl>#sh_shaded_dot2</styleUrl>
		</Pair>
	</StyleMap>
	<StyleMap id="msn_shaded_dot1">
		<Pair>
			<key>normal</key>
			<styleUrl>#sn_shaded_dot0</styleUrl>
		</Pair>
		<Pair>
			<key>highlight</key>
			<styleUrl>#sh_shaded_dot110</styleUrl>
		</Pair>
	</StyleMap>
	<StyleMap id="msn_shaded_dot10">
		<Pair>
			<key>normal</key>
			<styleUrl>#sn_shaded_dot13</styleUrl>
		</Pair>
		<Pair>
			<key>highlight</key>
			<styleUrl>#sh_shaded_dot16</styleUrl>
		</Pair>
	</StyleMap>
	<StyleMap id="msn_shaded_dot100">
		<Pair>
			<key>normal</key>
			<styleUrl>#sn_shaded_dot5</styleUrl>
		</Pair>
		<Pair>
			<key>highlight</key>
			<styleUrl>#sh_shaded_dot22</styleUrl>
		</Pair>
	</StyleMap>
	<StyleMap id="msn_shaded_dot11">
		<Pair>
			<key>normal</key>
			<styleUrl>#sn_shaded_dot100</styleUrl>
		</Pair>
		<Pair>
			<key>highlight</key>
			<styleUrl>#sh_shaded_dot19</styleUrl>
		</Pair>
	</StyleMap>
	<StyleMap id="msn_shaded_dot12">
		<Pair>
			<key>normal</key>
			<styleUrl>#sn_shaded_dot8</styleUrl>
		</Pair>
		<Pair>
			<key>highlight</key>
			<styleUrl>#sh_shaded_dot120</styleUrl>
		</Pair>
	</StyleMap>
	<StyleMap id="msn_shaded_dot13">
		<Pair>
			<key>normal</key>
			<styleUrl>#sn_shaded_dot1</styleUrl>
		</Pair>
		<Pair>
			<key>highlight</key>
			<styleUrl>#sh_shaded_dot6</styleUrl>
		</Pair>
	</StyleMap>
	<StyleMap id="msn_shaded_dot130">
		<Pair>
			<key>normal</key>
			<styleUrl>#sn_shaded_dot101</styleUrl>
		</Pair>
		<Pair>
			<key>highlight</key>
			<styleUrl>#sh_shaded_dot41</styleUrl>
		</Pair>
	</StyleMap>
	<StyleMap id="msn_shaded_dot17">
		<Pair>
			<key>normal</key>
			<styleUrl>#sn_shaded_dot020</styleUrl>
		</Pair>
		<Pair>
			<key>highlight</key>
			<styleUrl>#sh_shaded_dot100</styleUrl>
		</Pair>
	</StyleMap>
	<StyleMap id="msn_shaded_dot170">
		<Pair>
			<key>normal</key>
			<styleUrl>#sn_shaded_dot0200</styleUrl>
		</Pair>
		<Pair>
			<key>highlight</key>
			<styleUrl>#sh_shaded_dot1000</styleUrl>
		</Pair>
	</StyleMap>
	<StyleMap id="msn_shaded_dot18">
		<Pair>
			<key>normal</key>
			<styleUrl>#sn_shaded_dot15</styleUrl>
		</Pair>
		<Pair>
			<key>highlight</key>
			<styleUrl>#sh_shaded_dot60</styleUrl>
		</Pair>
	</StyleMap>
	<StyleMap id="msn_shaded_dot2">
		<Pair>
			<key>normal</key>
			<styleUrl>#sn_shaded_dot2</styleUrl>
		</Pair>
		<Pair>
			<key>highlight</key>
			<styleUrl>#sh_shaded_dot24</styleUrl>
		</Pair>
	</StyleMap>
	<StyleMap id="msn_shaded_dot20">
		<Pair>
			<key>normal</key>
			<styleUrl>#sn_shaded_dot16</styleUrl>
		</Pair>
		<Pair>
			<key>highlight</key>
			<styleUrl>#sh_shaded_dot8</styleUrl>
		</Pair>
	</StyleMap>
	<StyleMap id="msn_shaded_dot200">
		<Pair>
			<key>normal</key>
			<styleUrl>#sn_shaded_dot50</styleUrl>
		</Pair>
		<Pair>
			<key>highlight</key>
			<styleUrl>#sh_shaded_dot50</styleUrl>
		</Pair>
	</StyleMap>
	<StyleMap id="msn_shaded_dot21">
		<Pair>
			<key>normal</key>
			<styleUrl>#sn_shaded_dot9</styleUrl>
		</Pair>
		<Pair>
			<key>highlight</key>
			<styleUrl>#sh_shaded_dot12</styleUrl>
		</Pair>
	</StyleMap>
	<StyleMap id="msn_shaded_dot22">
		<Pair>
			<key>normal</key>
			<styleUrl>#sn_shaded_dot21</styleUrl>
		</Pair>
		<Pair>
			<key>highlight</key>
			<styleUrl>#sh_shaded_dot14</styleUrl>
		</Pair>
	</StyleMap>
	<StyleMap id="msn_shaded_dot24">
		<Pair>
			<key>normal</key>
			<styleUrl>#sn_shaded_dot7</styleUrl>
		</Pair>
		<Pair>
			<key>highlight</key>
			<styleUrl>#sh_shaded_dot310</styleUrl>
		</Pair>
	</StyleMap>
	<StyleMap id="msn_shaded_dot240">
		<Pair>
			<key>normal</key>
			<styleUrl>#sn_shaded_dot70</styleUrl>
		</Pair>
		<Pair>
			<key>highlight</key>
			<styleUrl>#sh_shaded_dot130</styleUrl>
		</Pair>
	</StyleMap>
	<StyleMap id="msn_shaded_dot27">
		<Pair>
			<key>normal</key>
			<styleUrl>#sn_shaded_dot3</styleUrl>
		</Pair>
		<Pair>
			<key>highlight</key>
			<styleUrl>#sh_shaded_dot13</styleUrl>
		</Pair>
	</StyleMap>
	<StyleMap id="msn_shaded_dot28">
		<Pair>
			<key>normal</key>
			<styleUrl>#sn_shaded_dot24</styleUrl>
		</Pair>
		<Pair>
			<key>highlight</key>
			<styleUrl>#sh_shaded_dot3</styleUrl>
		</Pair>
	</StyleMap>
	<StyleMap id="msn_shaded_dot29">
		<Pair>
			<key>normal</key>
			<styleUrl>#sn_shaded_dot4</styleUrl>
		</Pair>
		<Pair>
			<key>highlight</key>
			<styleUrl>#sh_shaded_dot7</styleUrl>
		</Pair>
	</StyleMap>
	<StyleMap id="msn_shaded_dot3">
		<Pair>
			<key>normal</key>
			<styleUrl>#sn_shaded_dot27</styleUrl>
		</Pair>
		<Pair>
			<key>highlight</key>
			<styleUrl>#sh_shaded_dot0</styleUrl>
		</Pair>
	</StyleMap>
	<StyleMap id="msn_shaded_dot30">
		<Pair>
			<key>normal</key>
			<styleUrl>#sn_shaded_dot6</styleUrl>
		</Pair>
		<Pair>
			<key>highlight</key>
			<styleUrl>#sh_shaded_dot70</styleUrl>
		</Pair>
	</StyleMap>
	<StyleMap id="msn_shaded_dot4">
		<Pair>
			<key>normal</key>
			<styleUrl>#sn_shaded_dot</styleUrl>
		</Pair>
		<Pair>
			<key>highlight</key>
			<styleUrl>#sh_shaded_dot</styleUrl>
		</Pair>
	</StyleMap>
	<StyleMap id="msn_shaded_dot40">
		<Pair>
			<key>normal</key>
			<styleUrl>#sn_shaded_dot18</styleUrl>
		</Pair>
		<Pair>
			<key>highlight</key>
			<styleUrl>#sh_shaded_dot9</styleUrl>
		</Pair>
	</StyleMap>
	<StyleMap id="msn_shaded_dot5">
		<Pair>
			<key>normal</key>
			<styleUrl>#sn_shaded_dot31</styleUrl>
		</Pair>
		<Pair>
			<key>highlight</key>
			<styleUrl>#sh_shaded_dot5</styleUrl>
		</Pair>
	</StyleMap>
	<StyleMap id="msn_shaded_dot50">
		<Pair>
			<key>normal</key>
			<styleUrl>#sn_shaded_dot240</styleUrl>
		</Pair>
		<Pair>
			<key>highlight</key>
			<styleUrl>#sh_shaded_dot00</styleUrl>
		</Pair>
	</StyleMap>
	<StyleMap id="msn_shaded_dot6">
		<Pair>
			<key>normal</key>
			<styleUrl>#sn_shaded_dot02</styleUrl>
		</Pair>
		<Pair>
			<key>highlight</key>
			<styleUrl>#sh_shaded_dot31</styleUrl>
		</Pair>
	</StyleMap>
	<StyleMap id="msn_shaded_dot61">
		<Pair>
			<key>normal</key>
			<styleUrl>#sn_shaded_dot11</styleUrl>
		</Pair>
		<Pair>
			<key>highlight</key>
			<styleUrl>#sh_shaded_dot40</styleUrl>
		</Pair>
	</StyleMap>
	<StyleMap id="msn_shaded_dot8">
		<Pair>
			<key>normal</key>
			<styleUrl>#sn_shaded_dot12</styleUrl>
		</Pair>
		<Pair>
			<key>highlight</key>
			<styleUrl>#sh_shaded_dot4</styleUrl>
		</Pair>
	</StyleMap>
	<StyleMap id="msn_shaded_dot80">
		<Pair>
			<key>normal</key>
			<styleUrl>#sn_shaded_dot40</styleUrl>
		</Pair>
		<Pair>
			<key>highlight</key>
			<styleUrl>#sh_shaded_dot17</styleUrl>
		</Pair>
	</StyleMap>
	<StyleMap id="msn_shaded_dot9">
		<Pair>
			<key>normal</key>
			<styleUrl>#sn_shaded_dot110</styleUrl>
		</Pair>
		<Pair>
			<key>highlight</key>
			<styleUrl>#sh_shaded_dot10</styleUrl>
		</Pair>
	</StyleMap>
	<StyleMap id="msn_star0">
		<Pair>
			<key>normal</key>
			<styleUrl>#sn_star1</styleUrl>
		</Pair>
		<Pair>
			<key>highlight</key>
			<styleUrl>#sh_star2</styleUrl>
		</Pair>
	</StyleMap>
	<StyleMap id="msn_star30">
		<Pair>
			<key>normal</key>
			<styleUrl>#sn_star50</styleUrl>
		</Pair>
		<Pair>
			<key>highlight</key>
			<styleUrl>#sh_star1</styleUrl>
		</Pair>
	</StyleMap>
	<StyleMap id="msn_target">
		<Pair>
			<key>normal</key>
			<styleUrl>#sn_target</styleUrl>
		</Pair>
		<Pair>
			<key>highlight</key>
			<styleUrl>#sh_target</styleUrl>
		</Pair>
	</StyleMap>
	<StyleMap id="msn_target0">
		<Pair>
			<key>normal</key>
			<styleUrl>#sn_target2</styleUrl>
		</Pair>
		<Pair>
			<key>highlight</key>
			<styleUrl>#sh_target0</styleUrl>
		</Pair>
	</StyleMap>
	<StyleMap id="msn_target3">
		<Pair>
			<key>normal</key>
			<styleUrl>#sn_target3</styleUrl>
		</Pair>
		<Pair>
			<key>highlight</key>
			<styleUrl>#sh_target2</styleUrl>
		</Pair>
	</StyleMap>
	<StyleMap id="msn_track">
		<Pair>
			<key>normal</key>
			<styleUrl>#sn_track</styleUrl>
		</Pair>
		<Pair>
			<key>highlight</key>
			<styleUrl>#sh_track</styleUrl>
		</Pair>
	</StyleMap>
	<StyleMap id="msn_track0">
		<Pair>
			<key>normal</key>
			<styleUrl>#sn_track00</styleUrl>
		</Pair>
		<Pair>
			<key>highlight</key>
			<styleUrl>#sh_track0</styleUrl>
		</Pair>
	</StyleMap>
	<StyleMap id="msn_track1">
		<Pair>
			<key>normal</key>
			<styleUrl>#sn_track0</styleUrl>
		</Pair>
		<Pair>
			<key>highlight</key>
			<styleUrl>#sh_track1</styleUrl>
		</Pair>
	</StyleMap>
	<StyleMap id="msn_triangle1">
		<Pair>
			<key>normal</key>
			<styleUrl>#sn_triangle0</styleUrl>
		</Pair>
		<Pair>
			<key>highlight</key>
			<styleUrl>#sh_triangle0</styleUrl>
		</Pair>
	</StyleMap>
	<StyleMap id="msn_triangle">
		<Pair>
			<key>normal</key>
			<styleUrl>#sn_triangle</styleUrl>
		</Pair>
		<Pair>
			<key>highlight</key>
			<styleUrl>#sh_triangle</styleUrl>
		</Pair>
	</StyleMap>
	<StyleMap id="msn_triangle0">
		<Pair>
			<key>normal</key>
			<styleUrl>#sn_triangle5</styleUrl>
		</Pair>
		<Pair>
			<key>highlight</key>
			<styleUrl>#sh_triangle3</styleUrl>
		</Pair>
	</StyleMap>
	<StyleMap id="msn_triangle01">
		<Pair>
			<key>normal</key>
			<styleUrl>#sn_triangle00</styleUrl>
		</Pair>
		<Pair>
			<key>highlight</key>
			<styleUrl>#sh_triangle4</styleUrl>
		</Pair>
	</StyleMap>
	<StyleMap id="msn_triangle10">
		<Pair>
			<key>normal</key>
			<styleUrl>#sn_triangle2</styleUrl>
		</Pair>
		<Pair>
			<key>highlight</key>
			<styleUrl>#sh_triangle00</styleUrl>
		</Pair>
	</StyleMap>
	<StyleMap id="msn_triangle100">
		<Pair>
			<key>normal</key>
			<styleUrl>#sn_triangle6</styleUrl>
		</Pair>
		<Pair>
			<key>highlight</key>
			<styleUrl>#sh_triangle01</styleUrl>
		</Pair>
	</StyleMap>
	<StyleMap id="msn_triangle3">
		<Pair>
			<key>normal</key>
			<styleUrl>#sn_triangle4</styleUrl>
		</Pair>
		<Pair>
			<key>highlight</key>
			<styleUrl>#sh_triangle6</styleUrl>
		</Pair>
	</StyleMap>
	<StyleMap id="msn_volcano">
		<Pair>
			<key>normal</key>
			<styleUrl>#sn_volcano</styleUrl>
		</Pair>
		<Pair>
			<key>highlight</key>
			<styleUrl>#sh_volcano0</styleUrl>
		</Pair>
	</StyleMap>
	<StyleMap id="msn_volcano0">
		<Pair>
			<key>normal</key>
			<styleUrl>#sn_volcano0</styleUrl>
		</Pair>
		<Pair>
			<key>highlight</key>
			<styleUrl>#sh_volcano</styleUrl>
		</Pair>
	</StyleMap>
	<Style id="normPointStyle">
		<IconStyle>
			<color>e6ffffff</color>
			<scale>0.8</scale>
			<Icon>
				<href>http://maps.google.com/mapfiles/kml/shapes/placemark_circle.png</href>
			</Icon>
		</IconStyle>
		<LabelStyle>
			<color>ccffffff</color>
			<scale>0.7</scale>
		</LabelStyle>
		<BalloonStyle>
			<text><![CDATA[<table border="0">
  <tr><td><b>LOC</b></td><td>$[updates/LOC]</td></tr>
  <tr><td><b>LAT</b></td><td>$[updates/LAT]</td></tr>
  <tr><td><b>LON</b></td><td>$[updates/LON]</td></tr>
</table>
]]></text>
		</BalloonStyle>
		<LineStyle>
			<width>2.5</width>
		</LineStyle>
	</Style>
	<Style id="normPointStyle000">
		<IconStyle>
			<color>e60000ff</color>
			<scale>0.7</scale>
			<Icon>
				<href>http://maps.google.com/mapfiles/kml/shapes/placemark_square.png</href>
			</Icon>
		</IconStyle>
		<LabelStyle>
			<color>b3ffffff</color>
			<scale>0.7</scale>
		</LabelStyle>
		<LineStyle>
			<color>e6ffff00</color>
			<width>2</width>
		</LineStyle>
	</Style>
	<Style id="normPointStyle21">
		<IconStyle>
			<color>f2000000</color>
			<scale>0.8</scale>
			<Icon>
				<href>http://maps.google.com/mapfiles/kml/shapes/open-diamond.png</href>
			</Icon>
		</IconStyle>
		<LabelStyle>
			<color>e6ffffff</color>
			<scale>0.7</scale>
		</LabelStyle>
		<LineStyle>
			<color>ffd5ffff</color>
			<width>3</width>
		</LineStyle>
	</Style>
	<StyleMap id="pointStyleMap">
		<Pair>
			<key>normal</key>
			<styleUrl>#normPointStyle</styleUrl>
		</Pair>
		<Pair>
			<key>highlight</key>
			<styleUrl>#hlightPointStyle</styleUrl>
		</Pair>
	</StyleMap>
	<StyleMap id="pointStyleMap00">
		<Pair>
			<key>normal</key>
			<styleUrl>#normPointStyle000</styleUrl>
		</Pair>
		<Pair>
			<key>highlight</key>
			<styleUrl>#hlightPointStyle0100</styleUrl>
		</Pair>
	</StyleMap>
	<StyleMap id="pointStyleMap2">
		<Pair>
			<key>normal</key>
			<styleUrl>#normPointStyle21</styleUrl>
		</Pair>
		<Pair>
			<key>highlight</key>
			<styleUrl>#hlightPointStyle30</styleUrl>
		</Pair>
	</StyleMap>
	<Style id="s_ylw-pushpin0">
		<IconStyle>
			<color>ff00ffff</color>
			<scale>0.7</scale>
			<Icon>
				<href>http://maps.google.com/mapfiles/kml/shapes/shaded_dot.png</href>
			</Icon>
		</IconStyle>
		<LabelStyle>
			<color>d4ffffff</color>
			<scale>0.5</scale>
		</LabelStyle>
	</Style>
	<Style id="s_ylw-pushpin_hl0">
		<IconStyle>
			<color>ff00ffff</color>
			<scale>0.827273</scale>
			<Icon>
				<href>http://maps.google.com/mapfiles/kml/shapes/shaded_dot.png</href>
			</Icon>
		</IconStyle>
		<LabelStyle>
			<color>d4ffffff</color>
			<scale>0.5</scale>
		</LabelStyle>
	</Style>
	<Style id="sh_cross-hairs_highlight">
		<IconStyle>
			<color>f20000ff</color>
			<scale>0.472727</scale>
			<Icon>
				<href>http://maps.google.com/mapfiles/kml/shapes/cross-hairs_highlight.png</href>
			</Icon>
		</IconStyle>
		<LabelStyle>
			<color>c9ffffff</color>
			<scale>0.5</scale>
		</LabelStyle>
		<LineStyle>
			<color>ccffffff</color>
			<width>0.5</width>
		</LineStyle>
	</Style>
	<Style id="sh_cross-hairs_highlight3">
		<IconStyle>
			<color>e6ffffff</color>
			<scale>0.945455</scale>
			<Icon>
				<href>http://maps.google.com/mapfiles/kml/shapes/triangle.png</href>
			</Icon>
		</IconStyle>
		<LabelStyle>
			<color>bfffffff</color>
			<scale>0.5</scale>
		</LabelStyle>
		<LineStyle>
			<color>ccffffff</color>
			<width>1.5</width>
		</LineStyle>
	</Style>
	<Style id="sh_firedept100">
		<IconStyle>
			<color>ff00ffff</color>
			<scale>0.945457</scale>
			<Icon>
				<href>http://maps.google.com/mapfiles/kml/shapes/firedept.png</href>
			</Icon>
			<hotSpot x="0.5" y="0" xunits="fraction" yunits="fraction"/>
		</IconStyle>
		<LabelStyle>
			<color>b3ffffff</color>
			<scale>0.4</scale>
		</LabelStyle>
		<LineStyle>
			<color>ff0000ff</color>
			<width>3</width>
		</LineStyle>
	</Style>
	<Style id="sh_firedept3">
		<IconStyle>
			<scale>1.18182</scale>
			<Icon>
				<href>http://maps.google.com/mapfiles/kml/shapes/firedept.png</href>
			</Icon>
			<hotSpot x="0.5" y="0" xunits="fraction" yunits="fraction"/>
		</IconStyle>
		<LabelStyle>
			<color>b3ffffff</color>
			<scale>0.4</scale>
		</LabelStyle>
		<LineStyle>
			<color>ff0000ff</color>
			<width>2.5</width>
		</LineStyle>
	</Style>
	<Style id="sh_firedept60">
		<IconStyle>
			<color>ff00ffff</color>
			<scale>0.945457</scale>
			<Icon>
				<href>http://maps.google.com/mapfiles/kml/shapes/firedept.png</href>
			</Icon>
			<hotSpot x="0.5" y="0" xunits="fraction" yunits="fraction"/>
		</IconStyle>
		<LabelStyle>
			<color>b3ffffff</color>
			<scale>0.4</scale>
		</LabelStyle>
		<LineStyle>
			<color>ff0000ff</color>
			<width>3</width>
		</LineStyle>
	</Style>
	<Style id="sh_golf">
		<IconStyle>
			<scale>0.709091</scale>
			<Icon>
				<href>http://maps.google.com/mapfiles/kml/shapes/golf.png</href>
			</Icon>
			<hotSpot x="0.5" y="0" xunits="fraction" yunits="fraction"/>
		</IconStyle>
		<LabelStyle>
			<color>c9ffffff</color>
			<scale>0.7</scale>
		</LabelStyle>
		<LineStyle>
			<color>ccffffff</color>
			<width>0.5</width>
		</LineStyle>
	</Style>
	<Style id="sh_ltblu-square">
		<IconStyle>
			<color>bfffffff</color>
			<scale>0.827275</scale>
			<Icon>
				<href>http://maps.google.com/mapfiles/kml/paddle/ltblu-square.png</href>
			</Icon>
			<hotSpot x="32" y="1" xunits="pixels" yunits="pixels"/>
		</IconStyle>
		<LabelStyle>
			<color>b3ffffff</color>
			<scale>0.5</scale>
		</LabelStyle>
		<ListStyle>
			<ItemIcon>
				<href>http://maps.google.com/mapfiles/kml/paddle/ltblu-square-lv.png</href>
			</ItemIcon>
		</ListStyle>
		<LineStyle>
			<color>e6ffb205</color>
			<width>2</width>
		</LineStyle>
	</Style>
	<Style id="sh_ltblu-stars">
		<IconStyle>
			<color>bfffffff</color>
			<scale>0.827275</scale>
			<Icon>
				<href>http://maps.google.com/mapfiles/kml/paddle/ltblu-stars.png</href>
			</Icon>
			<hotSpot x="32" y="1" xunits="pixels" yunits="pixels"/>
		</IconStyle>
		<LabelStyle>
			<color>b3ffffff</color>
			<scale>0.5</scale>
		</LabelStyle>
		<ListStyle>
			<ItemIcon>
				<href>http://maps.google.com/mapfiles/kml/paddle/ltblu-stars-lv.png</href>
			</ItemIcon>
		</ListStyle>
		<LineStyle>
			<color>d9ffb205</color>
			<width>2</width>
		</LineStyle>
	</Style>
	<Style id="sh_open-diamond0">
		<IconStyle>
			<color>ff00ff00</color>
			<scale>0.827273</scale>
			<Icon>
				<href>http://maps.google.com/mapfiles/kml/shapes/open-diamond.png</href>
			</Icon>
		</IconStyle>
		<LabelStyle>
			<scale>0.5</scale>
		</LabelStyle>
	</Style>
	<Style id="sh_placemark_circle_highlight">
		<IconStyle>
			<color>ffffff00</color>
			<colorMode>random</colorMode>
			<scale>0.6</scale>
			<Icon>
				<href>http://maps.google.com/mapfiles/kml/shapes/placemark_circle_highlight.png</href>
			</Icon>
		</IconStyle>
		<LabelStyle>
			<color>ccffffff</color>
			<scale>0.5</scale>
		</LabelStyle>
		<LineStyle>
			<color>ccffff00</color>
			<colorMode>random</colorMode>
			<width>0.5</width>
		</LineStyle>
		<PolyStyle>
			<colorMode>random</colorMode>
		</PolyStyle>
	</Style>
	<Style id="sh_placemark_circle_highlight0">
		<IconStyle>
			<color>ff00ffff</color>
			<scale>0.7</scale>
			<Icon>
				<href>http://maps.google.com/mapfiles/kml/shapes/shaded_dot.png</href>
			</Icon>
		</IconStyle>
		<LabelStyle>
			<color>ccffffff</color>
			<scale>0.6</scale>
		</LabelStyle>
		<LineStyle>
			<color>ff00ffff</color>
			<colorMode>random</colorMode>
			<width>2.5</width>
		</LineStyle>
		<PolyStyle>
			<colorMode>random</colorMode>
		</PolyStyle>
	</Style>
	<Style id="sh_placemark_circle_highlight00">
		<IconStyle>
			<color>ffffff00</color>
			<colorMode>random</colorMode>
			<scale>0.6</scale>
			<Icon>
				<href>http://maps.google.com/mapfiles/kml/shapes/placemark_circle_highlight.png</href>
			</Icon>
		</IconStyle>
		<LabelStyle>
			<color>ccffffff</color>
			<scale>0.5</scale>
		</LabelStyle>
		<LineStyle>
			<color>ccffff00</color>
			<colorMode>random</colorMode>
			<width>0.5</width>
		</LineStyle>
		<PolyStyle>
			<colorMode>random</colorMode>
		</PolyStyle>
	</Style>
	<Style id="sh_placemark_circle_highlight01">
		<IconStyle>
			<color>ff00ffff</color>
			<scale>0.7</scale>
			<Icon>
				<href>http://maps.google.com/mapfiles/kml/shapes/shaded_dot.png</href>
			</Icon>
		</IconStyle>
		<LabelStyle>
			<color>ccffffff</color>
			<scale>0.6</scale>
		</LabelStyle>
		<LineStyle>
			<color>ff00ffff</color>
			<colorMode>random</colorMode>
			<width>2.5</width>
		</LineStyle>
		<PolyStyle>
			<colorMode>random</colorMode>
		</PolyStyle>
	</Style>
	<Style id="sh_placemark_circle_highlight02">
		<IconStyle>
			<color>ff00ffff</color>
			<scale>0.709093</scale>
			<Icon>
				<href>http://maps.google.com/mapfiles/kml/shapes/placemark_circle_highlight.png</href>
			</Icon>
		</IconStyle>
		<LabelStyle>
			<color>b3ffffff</color>
			<scale>0.4</scale>
		</LabelStyle>
		<LineStyle>
			<color>ffffb205</color>
			<width>1.2</width>
		</LineStyle>
	</Style>
	<Style id="sh_placemark_circle_highlight1">
		<IconStyle>
			<color>e67fffff</color>
			<scale>0.945458</scale>
			<Icon>
				<href>http://maps.google.com/mapfiles/kml/shapes/placemark_circle_highlight.png</href>
			</Icon>
		</IconStyle>
		<LabelStyle>
			<color>b3ffffff</color>
			<scale>0.4</scale>
		</LabelStyle>
		<LineStyle>
			<color>ffffb205</color>
			<width>1.2</width>
		</LineStyle>
	</Style>
	<Style id="sh_placemark_circle_highlight12">
		<IconStyle>
			<color>e67fffff</color>
			<scale>0.945458</scale>
			<Icon>
				<href>http://maps.google.com/mapfiles/kml/shapes/placemark_circle_highlight.png</href>
			</Icon>
		</IconStyle>
		<LabelStyle>
			<color>b3ffffff</color>
			<scale>0.4</scale>
		</LabelStyle>
		<LineStyle>
			<color>ffffb205</color>
			<width>1.2</width>
		</LineStyle>
	</Style>
	<Style id="sh_placemark_circle_highlight1520">
		<IconStyle>
			<color>a600ff00</color>
			<scale>0.4</scale>
			<Icon>
				<href>http://maps.google.com/mapfiles/kml/shapes/polygon.png</href>
			</Icon>
		</IconStyle>
		<LabelStyle>
			<color>99ffffff</color>
			<scale>0.5</scale>
		</LabelStyle>
		<LineStyle>
			<color>ffffaad2</color>
			<width>0.5</width>
		</LineStyle>
		<PolyStyle>
			<color>ffffaad2</color>
		</PolyStyle>
	</Style>
	<Style id="sh_placemark_circle_highlight156">
		<IconStyle>
			<color>a600ff00</color>
			<scale>0.4</scale>
			<Icon>
				<href>http://maps.google.com/mapfiles/kml/shapes/polygon.png</href>
			</Icon>
		</IconStyle>
		<LabelStyle>
			<color>99ffffff</color>
			<scale>0.5</scale>
		</LabelStyle>
		<LineStyle>
			<color>ffffaad2</color>
			<width>0.5</width>
		</LineStyle>
		<PolyStyle>
			<color>ffffaad2</color>
		</PolyStyle>
	</Style>
	<Style id="sh_placemark_circle_highlight15602">
		<IconStyle>
			<color>e60000ff</color>
			<scale>0.7</scale>
			<Icon>
				<href>http://maps.google.com/mapfiles/kml/shapes/star.png</href>
			</Icon>
		</IconStyle>
		<LabelStyle>
			<color>e6ffffff</color>
			<scale>0.7</scale>
		</LabelStyle>
		<ListStyle>
		</ListStyle>
		<LineStyle>
			<color>e6ffffff</color>
			<width>3</width>
		</LineStyle>
		<PolyStyle>
			<color>ffffaad2</color>
		</PolyStyle>
	</Style>
	<Style id="sh_placemark_circle_highlight15600">
		<IconStyle>
			<color>e60000ff</color>
			<scale>0.7</scale>
			<Icon>
				<href>http://maps.google.com/mapfiles/kml/shapes/star.png</href>
			</Icon>
		</IconStyle>
		<LabelStyle>
			<color>e6ffffff</color>
			<scale>0.7</scale>
		</LabelStyle>
		<ListStyle>
		</ListStyle>
		<LineStyle>
			<color>e6ffffff</color>
			<width>3</width>
		</LineStyle>
		<PolyStyle>
			<color>ffffaad2</color>
		</PolyStyle>
	</Style>
	<Style id="sh_placemark_circle_highlight15601">
		<IconStyle>
			<color>e60000ff</color>
			<scale>0.7</scale>
			<Icon>
				<href>http://maps.google.com/mapfiles/kml/shapes/star.png</href>
			</Icon>
		</IconStyle>
		<LabelStyle>
			<color>e6ffffff</color>
			<scale>0.7</scale>
		</LabelStyle>
		<ListStyle>
		</ListStyle>
		<LineStyle>
			<color>e6ffffff</color>
			<width>3</width>
		</LineStyle>
		<PolyStyle>
			<color>ffffaad2</color>
		</PolyStyle>
	</Style>
	<Style id="sh_placemark_circle_highlight15603">
		<IconStyle>
			<color>e60000ff</color>
			<scale>0.7</scale>
			<Icon>
				<href>http://maps.google.com/mapfiles/kml/shapes/star.png</href>
			</Icon>
		</IconStyle>
		<LabelStyle>
			<color>e6ffffff</color>
			<scale>0.7</scale>
		</LabelStyle>
		<ListStyle>
		</ListStyle>
		<LineStyle>
			<color>e6ffffff</color>
			<width>3</width>
		</LineStyle>
		<PolyStyle>
			<color>ffffaad2</color>
		</PolyStyle>
	</Style>
	<Style id="sh_placemark_circle_highlight1560">
		<IconStyle>
			<color>e60000ff</color>
			<scale>0.7</scale>
			<Icon>
				<href>http://maps.google.com/mapfiles/kml/shapes/star.png</href>
			</Icon>
		</IconStyle>
		<LabelStyle>
			<color>e6ffffff</color>
			<scale>0.7</scale>
		</LabelStyle>
		<ListStyle>
		</ListStyle>
		<LineStyle>
			<color>e6ffffff</color>
			<width>3</width>
		</LineStyle>
		<PolyStyle>
			<color>ffffaad2</color>
		</PolyStyle>
	</Style>
	<Style id="sh_placemark_circle_highlight16">
		<IconStyle>
			<color>ff00ffff</color>
			<scale>0.7</scale>
			<Icon>
				<href>http://maps.google.com/mapfiles/kml/shapes/shaded_dot.png</href>
			</Icon>
		</IconStyle>
		<LabelStyle>
			<color>ccffffff</color>
			<scale>0.6</scale>
		</LabelStyle>
		<LineStyle>
			<color>ff00ffff</color>
			<colorMode>random</colorMode>
			<width>2.5</width>
		</LineStyle>
		<PolyStyle>
			<colorMode>random</colorMode>
		</PolyStyle>
	</Style>
	<Style id="sh_placemark_circle_highlight161">
		<IconStyle>
			<color>ffffff00</color>
			<colorMode>random</colorMode>
			<scale>0.6</scale>
			<Icon>
				<href>http://maps.google.com/mapfiles/kml/shapes/placemark_circle_highlight.png</href>
			</Icon>
		</IconStyle>
		<LabelStyle>
			<color>ccffffff</color>
			<scale>0.5</scale>
		</LabelStyle>
		<LineStyle>
			<color>ccffff00</color>
			<colorMode>random</colorMode>
			<width>0.5</width>
		</LineStyle>
		<PolyStyle>
			<colorMode>random</colorMode>
		</PolyStyle>
	</Style>
	<Style id="sh_placemark_circle_highlight17">
		<IconStyle>
			<color>e67fffff</color>
			<scale>0.945458</scale>
			<Icon>
				<href>http://maps.google.com/mapfiles/kml/shapes/placemark_circle_highlight.png</href>
			</Icon>
		</IconStyle>
		<LabelStyle>
			<color>b3ffffff</color>
			<scale>0.4</scale>
		</LabelStyle>
		<LineStyle>
			<color>ffffb205</color>
			<width>1.2</width>
		</LineStyle>
	</Style>
	<Style id="sh_placemark_circle_highlight19">
		<IconStyle>
			<color>e67fffff</color>
			<scale>0.945458</scale>
			<Icon>
				<href>http://maps.google.com/mapfiles/kml/shapes/placemark_circle_highlight.png</href>
			</Icon>
		</IconStyle>
		<LabelStyle>
			<color>b3ffffff</color>
			<scale>0.4</scale>
		</LabelStyle>
		<LineStyle>
			<color>ffffb205</color>
			<width>1.2</width>
		</LineStyle>
	</Style>
	<Style id="sh_placemark_circle_highlight190">
		<IconStyle>
			<color>e67fffff</color>
			<scale>0.945458</scale>
			<Icon>
				<href>http://maps.google.com/mapfiles/kml/shapes/placemark_circle_highlight.png</href>
			</Icon>
		</IconStyle>
		<LabelStyle>
			<color>b3ffffff</color>
			<scale>0.4</scale>
		</LabelStyle>
		<LineStyle>
			<color>ffffb205</color>
			<width>1.2</width>
		</LineStyle>
	</Style>
	<Style id="sh_placemark_circle_highlight2">
		<IconStyle>
			<color>ff00ffff</color>
			<scale>0.7</scale>
			<Icon>
				<href>http://maps.google.com/mapfiles/kml/shapes/shaded_dot.png</href>
			</Icon>
		</IconStyle>
		<LabelStyle>
			<color>ccffffff</color>
			<scale>0.6</scale>
		</LabelStyle>
		<LineStyle>
			<color>ff00ffff</color>
			<colorMode>random</colorMode>
			<width>2.5</width>
		</LineStyle>
		<PolyStyle>
			<colorMode>random</colorMode>
		</PolyStyle>
	</Style>
	<Style id="sh_placemark_circle_highlight3">
		<IconStyle>
			<color>ff00ffff</color>
			<scale>0.7</scale>
			<Icon>
				<href>http://maps.google.com/mapfiles/kml/shapes/shaded_dot.png</href>
			</Icon>
		</IconStyle>
		<LabelStyle>
			<color>ccffffff</color>
			<scale>0.6</scale>
		</LabelStyle>
		<LineStyle>
			<color>ff00ffff</color>
			<colorMode>random</colorMode>
			<width>2.5</width>
		</LineStyle>
		<PolyStyle>
			<colorMode>random</colorMode>
		</PolyStyle>
	</Style>
	<Style id="sh_placemark_circle_highlight5">
		<IconStyle>
			<color>ff00ffff</color>
			<scale>0.7</scale>
			<Icon>
				<href>http://maps.google.com/mapfiles/kml/shapes/shaded_dot.png</href>
			</Icon>
		</IconStyle>
		<LabelStyle>
			<color>ccffffff</color>
			<scale>0.6</scale>
		</LabelStyle>
		<LineStyle>
			<color>ff00ffff</color>
			<colorMode>random</colorMode>
			<width>2.5</width>
		</LineStyle>
		<PolyStyle>
			<colorMode>random</colorMode>
		</PolyStyle>
	</Style>
	<Style id="sh_placemark_circle_highlight7">
		<IconStyle>
			<color>ff00ffff</color>
			<scale>0.7</scale>
			<Icon>
				<href>http://maps.google.com/mapfiles/kml/shapes/shaded_dot.png</href>
			</Icon>
		</IconStyle>
		<LabelStyle>
			<color>ccffffff</color>
			<scale>0.6</scale>
		</LabelStyle>
		<LineStyle>
			<color>ff00ffff</color>
			<colorMode>random</colorMode>
			<width>2.5</width>
		</LineStyle>
		<PolyStyle>
			<colorMode>random</colorMode>
		</PolyStyle>
	</Style>
	<Style id="sh_placemark_circle_highlight8">
		<IconStyle>
			<color>f200ffff</color>
			<scale>0.7</scale>
			<Icon>
				<href>http://maps.google.com/mapfiles/kml/shapes/sunny.png</href>
			</Icon>
			<hotSpot x="0.5" y="0" xunits="fraction" yunits="fraction"/>
		</IconStyle>
		<LabelStyle>
			<color>ccffffff</color>
			<scale>0.6</scale>
		</LabelStyle>
		<LineStyle>
			<color>cc00ffff</color>
			<colorMode>random</colorMode>
			<width>2.5</width>
		</LineStyle>
		<PolyStyle>
			<colorMode>random</colorMode>
		</PolyStyle>
	</Style>
	<Style id="sh_placemark_circle_highlight9">
		<IconStyle>
			<color>ccd500d5</color>
			<scale>0.8</scale>
			<Icon>
				<href>http://maps.google.com/mapfiles/kml/shapes/placemark_circle_highlight.png</href>
			</Icon>
		</IconStyle>
		<LabelStyle>
			<color>ccffff00</color>
			<scale>0.6</scale>
		</LabelStyle>
		<LineStyle>
			<colorMode>random</colorMode>
		</LineStyle>
		<PolyStyle>
			<colorMode>random</colorMode>
		</PolyStyle>
	</Style>
	<Style id="sh_placemark_square_highlight">
		<IconStyle>
			<color>ffff0000</color>
			<scale>0.6</scale>
			<Icon>
				<href>http://maps.google.com/mapfiles/kml/shapes/placemark_square_highlight.png</href>
			</Icon>
		</IconStyle>
		<LabelStyle>
			<color>ffffff00</color>
			<scale>0.6</scale>
		</LabelStyle>
	</Style>
	<Style id="sh_placemark_square_highlight00100">
		<IconStyle>
			<color>ffff0000</color>
			<scale>0.6</scale>
			<Icon>
				<href>http://maps.google.com/mapfiles/kml/shapes/placemark_square_highlight.png</href>
			</Icon>
		</IconStyle>
		<LabelStyle>
			<color>ffffff00</color>
			<scale>0.6</scale>
		</LabelStyle>
	</Style>
	<Style id="sh_placemark_square_highlight101">
		<IconStyle>
			<color>ffff0000</color>
			<scale>0.8</scale>
			<Icon>
				<href>http://maps.google.com/mapfiles/kml/shapes/placemark_square_highlight.png</href>
			</Icon>
		</IconStyle>
		<LabelStyle>
			<color>ccffff00</color>
			<scale>0.6</scale>
		</LabelStyle>
		<LineStyle>
			<colorMode>random</colorMode>
		</LineStyle>
		<PolyStyle>
			<colorMode>random</colorMode>
		</PolyStyle>
	</Style>
	<Style id="sh_placemark_square_highlight13">
		<IconStyle>
			<color>ffff0000</color>
			<scale>0.6</scale>
			<Icon>
				<href>http://maps.google.com/mapfiles/kml/shapes/placemark_square_highlight.png</href>
			</Icon>
		</IconStyle>
		<LabelStyle>
			<color>ffffff00</color>
			<scale>0.6</scale>
		</LabelStyle>
	</Style>
	<Style id="sh_placemark_square_highlight2">
		<IconStyle>
			<color>bfff5500</color>
			<scale>0.709091</scale>
			<Icon>
				<href>http://maps.google.com/mapfiles/kml/shapes/placemark_square_highlight.png</href>
			</Icon>
		</IconStyle>
		<LabelStyle>
			<color>99ffffff</color>
			<scale>0.5</scale>
		</LabelStyle>
	</Style>
	<Style id="sh_placemark_square_highlight30">
		<IconStyle>
			<color>ffff0015</color>
			<scale>0.8</scale>
			<Icon>
				<href>http://maps.google.com/mapfiles/kml/shapes/placemark_square_highlight.png</href>
			</Icon>
		</IconStyle>
		<LabelStyle>
			<color>ccffff00</color>
			<scale>0.6</scale>
		</LabelStyle>
		<LineStyle>
			<colorMode>random</colorMode>
		</LineStyle>
		<PolyStyle>
			<colorMode>random</colorMode>
		</PolyStyle>
	</Style>
	<Style id="sh_placemark_square_highlight4">
		<IconStyle>
			<color>e60000ff</color>
			<scale>0.7</scale>
			<Icon>
				<href>http://maps.google.com/mapfiles/kml/shapes/placemark_square_highlight.png</href>
			</Icon>
		</IconStyle>
		<LabelStyle>
			<color>ccffff00</color>
			<scale>0.6</scale>
		</LabelStyle>
		<LineStyle>
			<colorMode>random</colorMode>
		</LineStyle>
		<PolyStyle>
			<colorMode>random</colorMode>
		</PolyStyle>
	</Style>
	<Style id="sh_polygon2">
		<IconStyle>
			<color>e600ff00</color>
			<scale>0.590911</scale>
			<Icon>
				<href>http://maps.google.com/mapfiles/kml/shapes/polygon.png</href>
			</Icon>
		</IconStyle>
		<LabelStyle>
			<color>b3ffffff</color>
			<scale>0.4</scale>
		</LabelStyle>
		<LineStyle>
			<color>ffffb205</color>
			<width>1.2</width>
		</LineStyle>
	</Style>
	<Style id="sh_shaded_dot">
		<IconStyle>
			<color>f2ffff00</color>
			<scale>0.709093</scale>
			<Icon>
				<href>http://maps.google.com/mapfiles/kml/shapes/shaded_dot.png</href>
			</Icon>
		</IconStyle>
		<LabelStyle>
			<color>b3ffffff</color>
			<scale>0.4</scale>
		</LabelStyle>
		<LineStyle>
			<color>ffffb205</color>
			<width>1.2</width>
		</LineStyle>
	</Style>
	<Style id="sh_shaded_dot0">
		<IconStyle>
			<color>f2ffff00</color>
			<scale>0.709093</scale>
			<Icon>
				<href>http://maps.google.com/mapfiles/kml/shapes/shaded_dot.png</href>
			</Icon>
		</IconStyle>
		<LabelStyle>
			<color>b3ffffff</color>
			<scale>0.4</scale>
		</LabelStyle>
		<LineStyle>
			<color>ffffb205</color>
			<width>1.2</width>
		</LineStyle>
	</Style>
	<Style id="sh_shaded_dot00">
		<IconStyle>
			<color>f2ffff00</color>
			<scale>0.709093</scale>
			<Icon>
				<href>http://maps.google.com/mapfiles/kml/shapes/shaded_dot.png</href>
			</Icon>
		</IconStyle>
		<LabelStyle>
			<color>b3ffffff</color>
			<scale>0.4</scale>
		</LabelStyle>
		<LineStyle>
			<color>ffffb205</color>
			<width>1.2</width>
		</LineStyle>
	</Style>
	<Style id="sh_shaded_dot01">
		<IconStyle>
			<color>f2ffff00</color>
			<scale>0.709093</scale>
			<Icon>
				<href>http://maps.google.com/mapfiles/kml/shapes/shaded_dot.png</href>
			</Icon>
		</IconStyle>
		<LabelStyle>
			<color>b3ffffff</color>
			<scale>0.4</scale>
		</LabelStyle>
		<LineStyle>
			<color>ffffb205</color>
			<width>1.2</width>
		</LineStyle>
	</Style>
	<Style id="sh_shaded_dot1">
		<IconStyle>
			<color>f2ffff00</color>
			<scale>0.709093</scale>
			<Icon>
				<href>http://maps.google.com/mapfiles/kml/shapes/shaded_dot.png</href>
			</Icon>
		</IconStyle>
		<LabelStyle>
			<color>b3ffffff</color>
			<scale>0.4</scale>
		</LabelStyle>
		<LineStyle>
			<color>ffffb205</color>
			<width>1.2</width>
		</LineStyle>
	</Style>
	<Style id="sh_shaded_dot10">
		<IconStyle>
			<color>f000ffff</color>
			<scale>0.709093</scale>
			<Icon>
				<href>http://maps.google.com/mapfiles/kml/shapes/shaded_dot.png</href>
			</Icon>
		</IconStyle>
		<LabelStyle>
			<color>b3ffffff</color>
			<scale>0.4</scale>
		</LabelStyle>
		<LineStyle>
			<color>ffffb205</color>
			<width>1.2</width>
		</LineStyle>
	</Style>
	<Style id="sh_shaded_dot100">
		<IconStyle>
			<color>ccffffaa</color>
			<scale>0.827275</scale>
			<Icon>
				<href>http://maps.google.com/mapfiles/kml/shapes/marina.png</href>
			</Icon>
			<hotSpot x="0.5" y="0" xunits="fraction" yunits="fraction"/>
		</IconStyle>
		<LabelStyle>
			<color>b3ffffff</color>
			<scale>0.4</scale>
		</LabelStyle>
		<LineStyle>
			<color>ffffb205</color>
			<width>1.2</width>
		</LineStyle>
	</Style>
	<Style id="sh_shaded_dot1000">
		<IconStyle>
			<color>f2ffff00</color>
			<scale>0.709093</scale>
			<Icon>
				<href>http://maps.google.com/mapfiles/kml/shapes/shaded_dot.png</href>
			</Icon>
		</IconStyle>
		<LabelStyle>
			<color>b3ffffff</color>
			<scale>0.4</scale>
		</LabelStyle>
		<LineStyle>
			<color>ffffb205</color>
			<width>1.2</width>
		</LineStyle>
	</Style>
	<Style id="sh_shaded_dot110">
		<IconStyle>
			<color>f200ffff</color>
			<scale>0.709093</scale>
			<Icon>
				<href>http://maps.google.com/mapfiles/kml/shapes/shaded_dot.png</href>
			</Icon>
		</IconStyle>
		<LabelStyle>
			<color>b3ffffff</color>
			<scale>0.4</scale>
		</LabelStyle>
		<LineStyle>
			<color>ffffb205</color>
			<width>1.2</width>
		</LineStyle>
	</Style>
	<Style id="sh_shaded_dot12">
		<IconStyle>
			<color>ff00ffff</color>
			<scale>0.709093</scale>
			<Icon>
				<href>http://maps.google.com/mapfiles/kml/shapes/shaded_dot.png</href>
			</Icon>
		</IconStyle>
		<LabelStyle>
			<color>b3ffffff</color>
			<scale>0.4</scale>
		</LabelStyle>
		<LineStyle>
			<color>ffffb205</color>
			<width>1.2</width>
		</LineStyle>
	</Style>
	<Style id="sh_shaded_dot120">
		<IconStyle>
			<color>f2ffff00</color>
			<scale>0.709093</scale>
			<Icon>
				<href>http://maps.google.com/mapfiles/kml/shapes/shaded_dot.png</href>
			</Icon>
		</IconStyle>
		<LabelStyle>
			<color>b3ffffff</color>
			<scale>0.4</scale>
		</LabelStyle>
		<LineStyle>
			<color>ffffb205</color>
			<width>1.2</width>
		</LineStyle>
	</Style>
	<Style id="sh_shaded_dot13">
		<IconStyle>
			<color>ff00ffff</color>
			<scale>0.709093</scale>
			<Icon>
				<href>http://maps.google.com/mapfiles/kml/shapes/shaded_dot.png</href>
			</Icon>
		</IconStyle>
		<LabelStyle>
			<color>b3ffffff</color>
			<scale>0.4</scale>
		</LabelStyle>
		<LineStyle>
			<color>ffffb205</color>
			<width>1.2</width>
		</LineStyle>
	</Style>
	<Style id="sh_shaded_dot130">
		<IconStyle>
			<color>f200ffff</color>
			<scale>0.709093</scale>
			<Icon>
				<href>http://maps.google.com/mapfiles/kml/shapes/shaded_dot.png</href>
			</Icon>
		</IconStyle>
		<LabelStyle>
			<color>b3ffffff</color>
			<scale>0.4</scale>
		</LabelStyle>
		<LineStyle>
			<color>ffffb205</color>
			<width>1.2</width>
		</LineStyle>
	</Style>
	<Style id="sh_shaded_dot14">
		<IconStyle>
			<color>f200ffff</color>
			<scale>0.709093</scale>
			<Icon>
				<href>http://maps.google.com/mapfiles/kml/shapes/shaded_dot.png</href>
			</Icon>
		</IconStyle>
		<LabelStyle>
			<color>b3ffffff</color>
			<scale>0.4</scale>
		</LabelStyle>
		<LineStyle>
			<color>ffffb205</color>
			<width>1.2</width>
		</LineStyle>
	</Style>
	<Style id="sh_shaded_dot16">
		<IconStyle>
			<color>f2ffff00</color>
			<scale>0.709093</scale>
			<Icon>
				<href>http://maps.google.com/mapfiles/kml/shapes/shaded_dot.png</href>
			</Icon>
		</IconStyle>
		<LabelStyle>
			<color>b3ffffff</color>
			<scale>0.4</scale>
		</LabelStyle>
		<LineStyle>
			<color>ffffb205</color>
			<width>1.2</width>
		</LineStyle>
	</Style>
	<Style id="sh_shaded_dot17">
		<IconStyle>
			<color>ff00ffff</color>
			<scale>0.709093</scale>
			<Icon>
				<href>http://maps.google.com/mapfiles/kml/shapes/shaded_dot.png</href>
			</Icon>
		</IconStyle>
		<LabelStyle>
			<color>b3ffffff</color>
			<scale>0.4</scale>
		</LabelStyle>
		<LineStyle>
			<color>ffffb205</color>
			<width>1.2</width>
		</LineStyle>
	</Style>
	<Style id="sh_shaded_dot19">
		<IconStyle>
			<color>ff00ffff</color>
			<scale>0.709093</scale>
			<Icon>
				<href>http://maps.google.com/mapfiles/kml/shapes/shaded_dot.png</href>
			</Icon>
		</IconStyle>
		<LabelStyle>
			<color>b3ffffff</color>
			<scale>0.4</scale>
		</LabelStyle>
		<LineStyle>
			<color>ffffb205</color>
			<width>1.2</width>
		</LineStyle>
	</Style>
	<Style id="sh_shaded_dot2">
		<IconStyle>
			<color>f000ffff</color>
			<scale>0.709093</scale>
			<Icon>
				<href>http://maps.google.com/mapfiles/kml/shapes/shaded_dot.png</href>
			</Icon>
		</IconStyle>
		<LabelStyle>
			<color>b3ffffff</color>
			<scale>0.4</scale>
		</LabelStyle>
		<LineStyle>
			<color>ffffb205</color>
			<width>1.2</width>
		</LineStyle>
	</Style>
	<Style id="sh_shaded_dot20">
		<IconStyle>
			<color>f000ffff</color>
			<scale>0.709093</scale>
			<Icon>
				<href>http://maps.google.com/mapfiles/kml/shapes/shaded_dot.png</href>
			</Icon>
		</IconStyle>
		<LabelStyle>
			<color>b3ffffff</color>
			<scale>0.4</scale>
		</LabelStyle>
		<LineStyle>
			<color>ffffb205</color>
			<width>1.2</width>
		</LineStyle>
	</Style>
	<Style id="sh_shaded_dot22">
		<IconStyle>
			<color>ff00ffff</color>
			<scale>0.709093</scale>
			<Icon>
				<href>http://maps.google.com/mapfiles/kml/shapes/shaded_dot.png</href>
			</Icon>
		</IconStyle>
		<LabelStyle>
			<color>b3ffffff</color>
			<scale>0.4</scale>
		</LabelStyle>
		<LineStyle>
			<color>ffffb205</color>
			<width>1.2</width>
		</LineStyle>
	</Style>
	<Style id="sh_shaded_dot24">
		<IconStyle>
			<color>b300ffff</color>
			<scale>0.827273</scale>
			<Icon>
				<href>http://maps.google.com/mapfiles/kml/shapes/shaded_dot.png</href>
			</Icon>
		</IconStyle>
		<LabelStyle>
			<color>b3ffffff</color>
			<scale>0.6</scale>
		</LabelStyle>
		<LineStyle>
			<width>2.5</width>
		</LineStyle>
	</Style>
	<Style id="sh_shaded_dot3">
		<IconStyle>
			<color>ff00ffff</color>
			<scale>0.709093</scale>
			<Icon>
				<href>http://maps.google.com/mapfiles/kml/shapes/shaded_dot.png</href>
			</Icon>
		</IconStyle>
		<LabelStyle>
			<color>b3ffffff</color>
			<scale>0.4</scale>
		</LabelStyle>
		<LineStyle>
			<color>ffffb205</color>
			<width>1.2</width>
		</LineStyle>
	</Style>
	<Style id="sh_shaded_dot31">
		<IconStyle>
			<color>ff00ffff</color>
			<scale>0.709093</scale>
			<Icon>
				<href>http://maps.google.com/mapfiles/kml/shapes/shaded_dot.png</href>
			</Icon>
		</IconStyle>
		<LabelStyle>
			<color>b3ffffff</color>
			<scale>0.4</scale>
		</LabelStyle>
		<LineStyle>
			<color>ffffb205</color>
			<width>1.2</width>
		</LineStyle>
	</Style>
	<Style id="sh_shaded_dot310">
		<IconStyle>
			<color>ff00ffff</color>
			<scale>0.709093</scale>
			<Icon>
				<href>http://maps.google.com/mapfiles/kml/shapes/shaded_dot.png</href>
			</Icon>
		</IconStyle>
		<LabelStyle>
			<color>b3ffffff</color>
			<scale>0.4</scale>
		</LabelStyle>
		<LineStyle>
			<color>ffffb205</color>
			<width>1.2</width>
		</LineStyle>
	</Style>
	<Style id="sh_shaded_dot4">
		<IconStyle>
			<color>f2ffff00</color>
			<scale>0.709093</scale>
			<Icon>
				<href>http://maps.google.com/mapfiles/kml/shapes/shaded_dot.png</href>
			</Icon>
		</IconStyle>
		<LabelStyle>
			<color>b3ffffff</color>
			<scale>0.4</scale>
		</LabelStyle>
		<LineStyle>
			<color>ffffb205</color>
			<width>1.2</width>
		</LineStyle>
	</Style>
	<Style id="sh_shaded_dot40">
		<IconStyle>
			<color>f200ffff</color>
			<scale>0.709093</scale>
			<Icon>
				<href>http://maps.google.com/mapfiles/kml/shapes/shaded_dot.png</href>
			</Icon>
		</IconStyle>
		<LabelStyle>
			<color>b3ffffff</color>
			<scale>0.4</scale>
		</LabelStyle>
		<LineStyle>
			<color>ffffb205</color>
			<width>1.2</width>
		</LineStyle>
	</Style>
	<Style id="sh_shaded_dot41">
		<IconStyle>
			<color>f200ffff</color>
			<scale>0.709093</scale>
			<Icon>
				<href>http://maps.google.com/mapfiles/kml/shapes/shaded_dot.png</href>
			</Icon>
		</IconStyle>
		<LabelStyle>
			<color>b3ffffff</color>
			<scale>0.4</scale>
		</LabelStyle>
		<LineStyle>
			<color>ffffb205</color>
			<width>1.2</width>
		</LineStyle>
	</Style>
	<Style id="sh_shaded_dot42">
		<IconStyle>
			<color>f200ffff</color>
			<scale>0.709093</scale>
			<Icon>
				<href>http://maps.google.com/mapfiles/kml/shapes/shaded_dot.png</href>
			</Icon>
		</IconStyle>
		<LabelStyle>
			<color>b3ffffff</color>
			<scale>0.4</scale>
		</LabelStyle>
		<LineStyle>
			<color>ffffb205</color>
			<width>1.2</width>
		</LineStyle>
	</Style>
	<Style id="sh_shaded_dot5">
		<IconStyle>
			<color>f200ffff</color>
			<scale>0.709093</scale>
			<Icon>
				<href>http://maps.google.com/mapfiles/kml/shapes/shaded_dot.png</href>
			</Icon>
		</IconStyle>
		<LabelStyle>
			<color>b3ffffff</color>
			<scale>0.4</scale>
		</LabelStyle>
		<LineStyle>
			<color>ffffb205</color>
			<width>1.2</width>
		</LineStyle>
	</Style>
	<Style id="sh_shaded_dot50">
		<IconStyle>
			<color>f200ffff</color>
			<scale>0.709093</scale>
			<Icon>
				<href>http://maps.google.com/mapfiles/kml/shapes/shaded_dot.png</href>
			</Icon>
		</IconStyle>
		<LabelStyle>
			<color>b3ffffff</color>
			<scale>0.4</scale>
		</LabelStyle>
		<LineStyle>
			<color>ffffb205</color>
			<width>1.2</width>
		</LineStyle>
	</Style>
	<Style id="sh_shaded_dot6">
		<IconStyle>
			<color>f2ffff00</color>
			<scale>0.709093</scale>
			<Icon>
				<href>http://maps.google.com/mapfiles/kml/shapes/shaded_dot.png</href>
			</Icon>
		</IconStyle>
		<LabelStyle>
			<color>b3ffffff</color>
			<scale>0.4</scale>
		</LabelStyle>
		<LineStyle>
			<color>ffffb205</color>
			<width>1.2</width>
		</LineStyle>
	</Style>
	<Style id="sh_shaded_dot60">
		<IconStyle>
			<color>ff00ffff</color>
			<scale>0.709093</scale>
			<Icon>
				<href>http://maps.google.com/mapfiles/kml/shapes/shaded_dot.png</href>
			</Icon>
		</IconStyle>
		<LabelStyle>
			<color>b3ffffff</color>
			<scale>0.4</scale>
		</LabelStyle>
		<LineStyle>
			<color>ffffb205</color>
			<width>1.2</width>
		</LineStyle>
	</Style>
	<Style id="sh_shaded_dot7">
		<IconStyle>
			<color>f2ffff00</color>
			<scale>0.709093</scale>
			<Icon>
				<href>http://maps.google.com/mapfiles/kml/shapes/shaded_dot.png</href>
			</Icon>
		</IconStyle>
		<LabelStyle>
			<color>b3ffffff</color>
			<scale>0.4</scale>
		</LabelStyle>
		<LineStyle>
			<color>ffffb205</color>
			<width>1.2</width>
		</LineStyle>
	</Style>
	<Style id="sh_shaded_dot70">
		<IconStyle>
			<color>ff00ffff</color>
			<scale>0.709093</scale>
			<Icon>
				<href>http://maps.google.com/mapfiles/kml/shapes/shaded_dot.png</href>
			</Icon>
		</IconStyle>
		<LabelStyle>
			<color>b3ffffff</color>
			<scale>0.4</scale>
		</LabelStyle>
		<LineStyle>
			<color>ffffb205</color>
			<width>1.2</width>
		</LineStyle>
	</Style>
	<Style id="sh_shaded_dot8">
		<IconStyle>
			<color>f200ffff</color>
			<scale>0.709093</scale>
			<Icon>
				<href>http://maps.google.com/mapfiles/kml/shapes/shaded_dot.png</href>
			</Icon>
		</IconStyle>
		<LabelStyle>
			<color>b3ffffff</color>
			<scale>0.4</scale>
		</LabelStyle>
		<LineStyle>
			<color>ffffb205</color>
			<width>1.2</width>
		</LineStyle>
	</Style>
	<Style id="sh_shaded_dot9">
		<IconStyle>
			<color>f200ffff</color>
			<scale>0.709093</scale>
			<Icon>
				<href>http://maps.google.com/mapfiles/kml/shapes/shaded_dot.png</href>
			</Icon>
		</IconStyle>
		<LabelStyle>
			<color>b3ffffff</color>
			<scale>0.4</scale>
		</LabelStyle>
		<LineStyle>
			<color>ffffb205</color>
			<width>1.2</width>
		</LineStyle>
	</Style>
	<Style id="sh_star1">
		<IconStyle>
			<color>cc005500</color>
			<scale>0.827273</scale>
			<Icon>
				<href>http://maps.google.com/mapfiles/kml/shapes/star.png</href>
			</Icon>
		</IconStyle>
		<LabelStyle>
			<color>ccffffff</color>
			<scale>0.7</scale>
		</LabelStyle>
		<LineStyle>
			<width>2</width>
		</LineStyle>
	</Style>
	<Style id="sh_star2">
		<IconStyle>
			<color>deff00ff</color>
			<scale>0.7</scale>
			<Icon>
				<href>http://maps.google.com/mapfiles/kml/shapes/star.png</href>
			</Icon>
		</IconStyle>
		<LabelStyle>
			<color>c9ffffff</color>
			<scale>0.5</scale>
		</LabelStyle>
		<LineStyle>
			<color>f2ff00ff</color>
		</LineStyle>
		<PolyStyle>
			<color>ff7f0000</color>
		</PolyStyle>
	</Style>
	<Style id="sh_target">
		<IconStyle>
			<color>e6ffffff</color>
			<scale>0.827273</scale>
			<Icon>
				<href>http://maps.google.com/mapfiles/kml/shapes/target.png</href>
			</Icon>
		</IconStyle>
		<LabelStyle>
			<color>c9ffffff</color>
			<scale>0.6</scale>
		</LabelStyle>
		<LineStyle>
			<color>e6ffffff</color>
			<width>2.5</width>
		</LineStyle>
	</Style>
	<Style id="sh_target0">
		<IconStyle>
			<color>bfffffff</color>
			<scale>0.709091</scale>
			<Icon>
				<href>http://maps.google.com/mapfiles/kml/shapes/target.png</href>
			</Icon>
		</IconStyle>
		<LabelStyle>
			<color>e0ffffff</color>
			<scale>0.7</scale>
		</LabelStyle>
		<LineStyle>
			<color>e6ffffff</color>
			<width>2.5</width>
		</LineStyle>
	</Style>
	<Style id="sh_target2">
		<IconStyle>
			<color>e6ffffff</color>
			<scale>0.827273</scale>
			<Icon>
				<href>http://maps.google.com/mapfiles/kml/shapes/target.png</href>
			</Icon>
		</IconStyle>
		<LabelStyle>
			<color>c9ffffff</color>
			<scale>0.6</scale>
		</LabelStyle>
		<LineStyle>
			<color>e6ffffff</color>
			<width>2</width>
		</LineStyle>
	</Style>
	<Style id="sh_track">
		<IconStyle>
			<color>b3ffffff</color>
			<scale>0.945455</scale>
			<Icon>
				<href>http://maps.google.com/mapfiles/kml/shapes/track.png</href>
			</Icon>
			<hotSpot x="32" y="32" xunits="pixels" yunits="pixels"/>
		</IconStyle>
		<LabelStyle>
			<color>bfffffff</color>
			<scale>0.5</scale>
		</LabelStyle>
		<LineStyle>
			<color>ccffffff</color>
			<width>2.5</width>
		</LineStyle>
	</Style>
	<Style id="sh_track0">
		<IconStyle>
			<color>b3ffffff</color>
			<scale>0.945455</scale>
			<Icon>
				<href>http://maps.google.com/mapfiles/kml/shapes/track.png</href>
			</Icon>
			<hotSpot x="32" y="32" xunits="pixels" yunits="pixels"/>
		</IconStyle>
		<LabelStyle>
			<color>bfffffff</color>
			<scale>0.5</scale>
		</LabelStyle>
		<LineStyle>
			<color>ccffffff</color>
			<width>2.5</width>
		</LineStyle>
	</Style>
	<Style id="sh_track1">
		<IconStyle>
			<color>b3ffffff</color>
			<scale>0.945455</scale>
			<Icon>
				<href>http://maps.google.com/mapfiles/kml/shapes/track.png</href>
			</Icon>
			<hotSpot x="32" y="32" xunits="pixels" yunits="pixels"/>
		</IconStyle>
		<LabelStyle>
			<color>bfffffff</color>
			<scale>0.5</scale>
		</LabelStyle>
		<LineStyle>
			<color>ccffffff</color>
			<width>2.5</width>
		</LineStyle>
	</Style>
	<Style id="sh_triangle">
		<IconStyle>
			<color>e6ffffff</color>
			<scale>0.945455</scale>
			<Icon>
				<href>http://maps.google.com/mapfiles/kml/shapes/triangle.png</href>
			</Icon>
		</IconStyle>
		<LabelStyle>
			<color>bfffffff</color>
			<scale>0.5</scale>
		</LabelStyle>
		<BalloonStyle>
		</BalloonStyle>
		<LineStyle>
			<color>ccffffff</color>
			<width>1.5</width>
		</LineStyle>
	</Style>
	<Style id="sh_triangle0">
		<IconStyle>
			<color>e6ffaaff</color>
			<scale>0.827273</scale>
			<Icon>
				<href>http://maps.google.com/mapfiles/kml/shapes/triangle.png</href>
			</Icon>
		</IconStyle>
		<LabelStyle>
			<color>bfffffff</color>
			<scale>0.5</scale>
		</LabelStyle>
		<LineStyle>
			<color>f2ffaaff</color>
			<width>3.3</width>
		</LineStyle>
	</Style>
	<Style id="sh_triangle00">
		<IconStyle>
			<color>e6ffffff</color>
			<scale>0.945455</scale>
			<Icon>
				<href>http://maps.google.com/mapfiles/kml/shapes/triangle.png</href>
			</Icon>
		</IconStyle>
		<LabelStyle>
			<color>bfffffff</color>
			<scale>0.5</scale>
		</LabelStyle>
		<LineStyle>
			<color>ccffffff</color>
			<width>1.5</width>
		</LineStyle>
	</Style>
	<Style id="sh_triangle01">
		<IconStyle>
			<color>e6ffffff</color>
			<scale>0.945455</scale>
			<Icon>
				<href>http://maps.google.com/mapfiles/kml/shapes/triangle.png</href>
			</Icon>
		</IconStyle>
		<LabelStyle>
			<color>bfffffff</color>
			<scale>0.5</scale>
		</LabelStyle>
		<LineStyle>
			<color>ccffffff</color>
			<width>1.5</width>
		</LineStyle>
	</Style>
	<Style id="sh_triangle3">
		<IconStyle>
			<color>e6ffffff</color>
			<scale>0.945455</scale>
			<Icon>
				<href>http://maps.google.com/mapfiles/kml/shapes/triangle.png</href>
			</Icon>
		</IconStyle>
		<LabelStyle>
			<color>bfffffff</color>
			<scale>0.5</scale>
		</LabelStyle>
		<LineStyle>
			<color>ccffffff</color>
			<width>2.5</width>
		</LineStyle>
	</Style>
	<Style id="sh_triangle4">
		<IconStyle>
			<color>e6ffffff</color>
			<scale>0.945455</scale>
			<Icon>
				<href>http://maps.google.com/mapfiles/kml/shapes/triangle.png</href>
			</Icon>
		</IconStyle>
		<LabelStyle>
			<color>bfffffff</color>
			<scale>0.5</scale>
		</LabelStyle>
		<LineStyle>
			<color>ccffffff</color>
			<width>1.5</width>
		</LineStyle>
	</Style>
	<Style id="sh_triangle6">
		<IconStyle>
			<color>e6ffffff</color>
			<scale>0.945455</scale>
			<Icon>
				<href>http://maps.google.com/mapfiles/kml/shapes/triangle.png</href>
			</Icon>
		</IconStyle>
		<LabelStyle>
			<color>bfffffff</color>
			<scale>0.5</scale>
		</LabelStyle>
		<LineStyle>
			<color>ccffffff</color>
			<width>1.5</width>
		</LineStyle>
	</Style>
	<Style id="sh_volcano">
		<IconStyle>
			<color>d900ffff</color>
			<scale>0.827273</scale>
			<Icon>
				<href>http://maps.google.com/mapfiles/kml/shapes/volcano.png</href>
			</Icon>
			<hotSpot x="0.5" y="0" xunits="fraction" yunits="fraction"/>
		</IconStyle>
		<LabelStyle>
			<color>c9ffffff</color>
			<scale>0.5</scale>
		</LabelStyle>
		<LineStyle>
			<color>cc0055ff</color>
			<width>3.5</width>
		</LineStyle>
	</Style>
	<Style id="sh_volcano0">
		<IconStyle>
			<color>d900ffff</color>
			<scale>0.827273</scale>
			<Icon>
				<href>http://maps.google.com/mapfiles/kml/shapes/volcano.png</href>
			</Icon>
			<hotSpot x="0.5" y="0" xunits="fraction" yunits="fraction"/>
		</IconStyle>
		<LabelStyle>
			<color>c9ffffff</color>
			<scale>0.5</scale>
		</LabelStyle>
		<LineStyle>
			<color>cc0055ff</color>
			<width>3.5</width>
		</LineStyle>
	</Style>
	<Style id="sn_cross-hairs">
		<IconStyle>
			<color>f20000ff</color>
			<scale>0.4</scale>
			<Icon>
				<href>http://maps.google.com/mapfiles/kml/shapes/cross-hairs.png</href>
			</Icon>
		</IconStyle>
		<LabelStyle>
			<color>c9ffffff</color>
			<scale>0.5</scale>
		</LabelStyle>
		<LineStyle>
			<color>ccffffff</color>
			<width>0.5</width>
		</LineStyle>
	</Style>
	<Style id="sn_cross-hairs01">
		<IconStyle>
			<color>e6ffffff</color>
			<scale>0.8</scale>
			<Icon>
				<href>http://maps.google.com/mapfiles/kml/shapes/triangle.png</href>
			</Icon>
		</IconStyle>
		<LabelStyle>
			<color>bfffffff</color>
			<scale>0.5</scale>
		</LabelStyle>
		<LineStyle>
			<color>ccffffff</color>
			<width>1.5</width>
		</LineStyle>
	</Style>
	<Style id="sn_firedept000">
		<IconStyle>
			<color>ff00ffff</color>
			<scale>0.8</scale>
			<Icon>
				<href>http://maps.google.com/mapfiles/kml/shapes/firedept.png</href>
			</Icon>
			<hotSpot x="0.5" y="0" xunits="fraction" yunits="fraction"/>
		</IconStyle>
		<LabelStyle>
			<color>b3ffffff</color>
			<scale>0.4</scale>
		</LabelStyle>
		<LineStyle>
			<color>ff0000ff</color>
			<width>3</width>
		</LineStyle>
	</Style>
	<Style id="sn_firedept1">
		<IconStyle>
			<Icon>
				<href>http://maps.google.com/mapfiles/kml/shapes/firedept.png</href>
			</Icon>
			<hotSpot x="0.5" y="0" xunits="fraction" yunits="fraction"/>
		</IconStyle>
		<LabelStyle>
			<color>b3ffffff</color>
			<scale>0.4</scale>
		</LabelStyle>
		<LineStyle>
			<color>ff0000ff</color>
			<width>2.5</width>
		</LineStyle>
	</Style>
	<Style id="sn_firedept80">
		<IconStyle>
			<color>ff00ffff</color>
			<scale>0.8</scale>
			<Icon>
				<href>http://maps.google.com/mapfiles/kml/shapes/firedept.png</href>
			</Icon>
			<hotSpot x="0.5" y="0" xunits="fraction" yunits="fraction"/>
		</IconStyle>
		<LabelStyle>
			<color>b3ffffff</color>
			<scale>0.4</scale>
		</LabelStyle>
		<LineStyle>
			<color>ff0000ff</color>
			<width>3</width>
		</LineStyle>
	</Style>
	<Style id="sn_golf">
		<IconStyle>
			<scale>0.6</scale>
			<Icon>
				<href>http://maps.google.com/mapfiles/kml/shapes/golf.png</href>
			</Icon>
			<hotSpot x="0.5" y="0" xunits="fraction" yunits="fraction"/>
		</IconStyle>
		<LabelStyle>
			<color>c9ffffff</color>
			<scale>0.7</scale>
		</LabelStyle>
		<LineStyle>
			<color>ccffffff</color>
			<width>0.5</width>
		</LineStyle>
	</Style>
	<Style id="sn_ltblu-square">
		<IconStyle>
			<color>bfffffff</color>
			<scale>0.7</scale>
			<Icon>
				<href>http://maps.google.com/mapfiles/kml/paddle/ltblu-square.png</href>
			</Icon>
			<hotSpot x="32" y="1" xunits="pixels" yunits="pixels"/>
		</IconStyle>
		<LabelStyle>
			<color>b3ffffff</color>
			<scale>0.5</scale>
		</LabelStyle>
		<ListStyle>
			<ItemIcon>
				<href>http://maps.google.com/mapfiles/kml/paddle/ltblu-square-lv.png</href>
			</ItemIcon>
		</ListStyle>
		<LineStyle>
			<color>e6ffb205</color>
			<width>2</width>
		</LineStyle>
	</Style>
	<Style id="sn_ltblu-stars">
		<IconStyle>
			<color>bfffffff</color>
			<scale>0.7</scale>
			<Icon>
				<href>http://maps.google.com/mapfiles/kml/paddle/ltblu-stars.png</href>
			</Icon>
			<hotSpot x="32" y="1" xunits="pixels" yunits="pixels"/>
		</IconStyle>
		<LabelStyle>
			<color>b3ffffff</color>
			<scale>0.5</scale>
		</LabelStyle>
		<ListStyle>
			<ItemIcon>
				<href>http://maps.google.com/mapfiles/kml/paddle/ltblu-stars-lv.png</href>
			</ItemIcon>
		</ListStyle>
		<LineStyle>
			<color>d9ffb205</color>
			<width>2</width>
		</LineStyle>
	</Style>
	<Style id="sn_open-diamond20">
		<IconStyle>
			<color>ff00ff00</color>
			<scale>0.7</scale>
			<Icon>
				<href>http://maps.google.com/mapfiles/kml/shapes/open-diamond.png</href>
			</Icon>
		</IconStyle>
		<LabelStyle>
			<scale>0.5</scale>
		</LabelStyle>
	</Style>
	<Style id="sn_placemark_circle">
		<IconStyle>
			<color>ff00ffff</color>
			<scale>0.7</scale>
			<Icon>
				<href>http://maps.google.com/mapfiles/kml/shapes/shaded_dot.png</href>
			</Icon>
		</IconStyle>
		<LabelStyle>
			<color>ccffffff</color>
			<scale>0.6</scale>
		</LabelStyle>
		<LineStyle>
			<color>ff00ffff</color>
			<colorMode>random</colorMode>
			<width>2.5</width>
		</LineStyle>
		<PolyStyle>
			<colorMode>random</colorMode>
		</PolyStyle>
	</Style>
	<Style id="sn_placemark_circle0">
		<IconStyle>
			<color>ff00ffff</color>
			<scale>0.7</scale>
			<Icon>
				<href>http://maps.google.com/mapfiles/kml/shapes/shaded_dot.png</href>
			</Icon>
		</IconStyle>
		<LabelStyle>
			<color>ccffffff</color>
			<scale>0.6</scale>
		</LabelStyle>
		<LineStyle>
			<color>ff00ffff</color>
			<colorMode>random</colorMode>
			<width>2.5</width>
		</LineStyle>
		<PolyStyle>
			<colorMode>random</colorMode>
		</PolyStyle>
	</Style>
	<Style id="sn_placemark_circle1">
		<IconStyle>
			<color>e67fffff</color>
			<scale>0.8</scale>
			<Icon>
				<href>http://maps.google.com/mapfiles/kml/shapes/placemark_circle.png</href>
			</Icon>
		</IconStyle>
		<LabelStyle>
			<color>b3ffffff</color>
			<scale>0.4</scale>
		</LabelStyle>
		<LineStyle>
			<color>ffffb205</color>
			<width>1.2</width>
		</LineStyle>
	</Style>
	<Style id="sn_placemark_circle10">
		<IconStyle>
			<color>ff00ffff</color>
			<scale>0.7</scale>
			<Icon>
				<href>http://maps.google.com/mapfiles/kml/shapes/shaded_dot.png</href>
			</Icon>
		</IconStyle>
		<LabelStyle>
			<color>ccffffff</color>
			<scale>0.6</scale>
		</LabelStyle>
		<LineStyle>
			<color>ff00ffff</color>
			<colorMode>random</colorMode>
			<width>2.5</width>
		</LineStyle>
		<PolyStyle>
			<colorMode>random</colorMode>
		</PolyStyle>
	</Style>
	<Style id="sn_placemark_circle104102">
		<IconStyle>
			<color>e60000ff</color>
			<scale>0.7</scale>
			<Icon>
				<href>http://maps.google.com/mapfiles/kml/shapes/star.png</href>
			</Icon>
		</IconStyle>
		<LabelStyle>
			<color>e6ffffff</color>
			<scale>0.7</scale>
		</LabelStyle>
		<ListStyle>
		</ListStyle>
		<LineStyle>
			<color>e6ffffff</color>
			<width>3</width>
		</LineStyle>
		<PolyStyle>
			<color>ffffaad2</color>
		</PolyStyle>
	</Style>
	<Style id="sn_placemark_circle104103">
		<IconStyle>
			<color>e60000ff</color>
			<scale>0.7</scale>
			<Icon>
				<href>http://maps.google.com/mapfiles/kml/shapes/star.png</href>
			</Icon>
		</IconStyle>
		<LabelStyle>
			<color>e6ffffff</color>
			<scale>0.7</scale>
		</LabelStyle>
		<ListStyle>
		</ListStyle>
		<LineStyle>
			<color>e6ffffff</color>
			<width>3</width>
		</LineStyle>
		<PolyStyle>
			<color>ffffaad2</color>
		</PolyStyle>
	</Style>
	<Style id="sn_placemark_circle104101">
		<IconStyle>
			<color>e60000ff</color>
			<scale>0.7</scale>
			<Icon>
				<href>http://maps.google.com/mapfiles/kml/shapes/star.png</href>
			</Icon>
		</IconStyle>
		<LabelStyle>
			<color>e6ffffff</color>
			<scale>0.7</scale>
		</LabelStyle>
		<ListStyle>
		</ListStyle>
		<LineStyle>
			<color>e6ffffff</color>
			<width>3</width>
		</LineStyle>
		<PolyStyle>
			<color>ffffaad2</color>
		</PolyStyle>
	</Style>
	<Style id="sn_placemark_circle10410">
		<IconStyle>
			<color>e60000ff</color>
			<scale>0.7</scale>
			<Icon>
				<href>http://maps.google.com/mapfiles/kml/shapes/star.png</href>
			</Icon>
		</IconStyle>
		<LabelStyle>
			<color>e6ffffff</color>
			<scale>0.7</scale>
		</LabelStyle>
		<ListStyle>
		</ListStyle>
		<LineStyle>
			<color>e6ffffff</color>
			<width>3</width>
		</LineStyle>
		<PolyStyle>
			<color>ffffaad2</color>
		</PolyStyle>
	</Style>
	<Style id="sn_placemark_circle104100">
		<IconStyle>
			<color>e60000ff</color>
			<scale>0.7</scale>
			<Icon>
				<href>http://maps.google.com/mapfiles/kml/shapes/star.png</href>
			</Icon>
		</IconStyle>
		<LabelStyle>
			<color>e6ffffff</color>
			<scale>0.7</scale>
		</LabelStyle>
		<ListStyle>
		</ListStyle>
		<LineStyle>
			<color>e6ffffff</color>
			<width>3</width>
		</LineStyle>
		<PolyStyle>
			<color>ffffaad2</color>
		</PolyStyle>
	</Style>
	<Style id="sn_placemark_circle10413">
		<IconStyle>
			<color>a600ff00</color>
			<scale>0.4</scale>
			<Icon>
				<href>http://maps.google.com/mapfiles/kml/shapes/polygon.png</href>
			</Icon>
		</IconStyle>
		<LabelStyle>
			<color>99ffffff</color>
			<scale>0.5</scale>
		</LabelStyle>
		<LineStyle>
			<color>ffffaad2</color>
			<width>0.5</width>
		</LineStyle>
		<PolyStyle>
			<color>ffffaad2</color>
		</PolyStyle>
	</Style>
	<Style id="sn_placemark_circle108">
		<IconStyle>
			<color>a600ff00</color>
			<scale>0.4</scale>
			<Icon>
				<href>http://maps.google.com/mapfiles/kml/shapes/polygon.png</href>
			</Icon>
		</IconStyle>
		<LabelStyle>
			<color>99ffffff</color>
			<scale>0.5</scale>
		</LabelStyle>
		<LineStyle>
			<color>ffffaad2</color>
			<width>0.5</width>
		</LineStyle>
		<PolyStyle>
			<color>ffffaad2</color>
		</PolyStyle>
	</Style>
	<Style id="sn_placemark_circle11">
		<IconStyle>
			<color>e67fffff</color>
			<scale>0.8</scale>
			<Icon>
				<href>http://maps.google.com/mapfiles/kml/shapes/placemark_circle.png</href>
			</Icon>
		</IconStyle>
		<LabelStyle>
			<color>b3ffffff</color>
			<scale>0.4</scale>
		</LabelStyle>
		<LineStyle>
			<color>ffffb205</color>
			<width>1.2</width>
		</LineStyle>
	</Style>
	<Style id="sn_placemark_circle110">
		<IconStyle>
			<color>e67fffff</color>
			<scale>0.8</scale>
			<Icon>
				<href>http://maps.google.com/mapfiles/kml/shapes/placemark_circle.png</href>
			</Icon>
		</IconStyle>
		<LabelStyle>
			<color>b3ffffff</color>
			<scale>0.4</scale>
		</LabelStyle>
		<LineStyle>
			<color>ffffb205</color>
			<width>1.2</width>
		</LineStyle>
	</Style>
	<Style id="sn_placemark_circle13">
		<IconStyle>
			<color>ffffff00</color>
			<colorMode>random</colorMode>
			<scale>0.6</scale>
			<Icon>
				<href>http://maps.google.com/mapfiles/kml/shapes/placemark_circle.png</href>
			</Icon>
		</IconStyle>
		<LabelStyle>
			<color>ccffffff</color>
			<scale>0.5</scale>
		</LabelStyle>
		<LineStyle>
			<color>ccffff00</color>
			<colorMode>random</colorMode>
			<width>0.5</width>
		</LineStyle>
		<PolyStyle>
			<colorMode>random</colorMode>
		</PolyStyle>
	</Style>
	<Style id="sn_placemark_circle15">
		<IconStyle>
			<color>ff00ffff</color>
			<scale>0.7</scale>
			<Icon>
				<href>http://maps.google.com/mapfiles/kml/shapes/shaded_dot.png</href>
			</Icon>
		</IconStyle>
		<LabelStyle>
			<color>ccffffff</color>
			<scale>0.6</scale>
		</LabelStyle>
		<LineStyle>
			<color>ff00ffff</color>
			<colorMode>random</colorMode>
			<width>2.5</width>
		</LineStyle>
		<PolyStyle>
			<colorMode>random</colorMode>
		</PolyStyle>
	</Style>
	<Style id="sn_placemark_circle16">
		<IconStyle>
			<color>e67fffff</color>
			<scale>0.8</scale>
			<Icon>
				<href>http://maps.google.com/mapfiles/kml/shapes/placemark_circle.png</href>
			</Icon>
		</IconStyle>
		<LabelStyle>
			<color>b3ffffff</color>
			<scale>0.4</scale>
		</LabelStyle>
		<LineStyle>
			<color>ffffb205</color>
			<width>1.2</width>
		</LineStyle>
	</Style>
	<Style id="sn_placemark_circle2">
		<IconStyle>
			<color>f200ffff</color>
			<scale>0.7</scale>
			<Icon>
				<href>http://maps.google.com/mapfiles/kml/shapes/sunny.png</href>
			</Icon>
			<hotSpot x="0.5" y="0" xunits="fraction" yunits="fraction"/>
		</IconStyle>
		<LabelStyle>
			<color>ccffffff</color>
			<scale>0.6</scale>
		</LabelStyle>
		<LineStyle>
			<color>cc00ffff</color>
			<colorMode>random</colorMode>
			<width>2.5</width>
		</LineStyle>
		<PolyStyle>
			<colorMode>random</colorMode>
		</PolyStyle>
	</Style>
	<Style id="sn_placemark_circle210">
		<IconStyle>
			<color>ccd500d5</color>
			<scale>0.8</scale>
			<Icon>
				<href>http://maps.google.com/mapfiles/kml/shapes/placemark_circle.png</href>
			</Icon>
		</IconStyle>
		<LabelStyle>
			<color>ccffff00</color>
			<scale>0.6</scale>
		</LabelStyle>
		<LineStyle>
			<colorMode>random</colorMode>
		</LineStyle>
		<PolyStyle>
			<colorMode>random</colorMode>
		</PolyStyle>
	</Style>
	<Style id="sn_placemark_circle23">
		<IconStyle>
			<color>ffffff00</color>
			<colorMode>random</colorMode>
			<scale>0.6</scale>
			<Icon>
				<href>http://maps.google.com/mapfiles/kml/shapes/placemark_circle.png</href>
			</Icon>
		</IconStyle>
		<LabelStyle>
			<color>ccffffff</color>
			<scale>0.5</scale>
		</LabelStyle>
		<LineStyle>
			<color>ccffff00</color>
			<colorMode>random</colorMode>
			<width>0.5</width>
		</LineStyle>
		<PolyStyle>
			<colorMode>random</colorMode>
		</PolyStyle>
	</Style>
	<Style id="sn_placemark_circle3">
		<IconStyle>
			<color>ff00ffff</color>
			<scale>0.7</scale>
			<Icon>
				<href>http://maps.google.com/mapfiles/kml/shapes/shaded_dot.png</href>
			</Icon>
		</IconStyle>
		<LabelStyle>
			<color>ccffffff</color>
			<scale>0.6</scale>
		</LabelStyle>
		<LineStyle>
			<color>ff00ffff</color>
			<colorMode>random</colorMode>
			<width>2.5</width>
		</LineStyle>
		<PolyStyle>
			<colorMode>random</colorMode>
		</PolyStyle>
	</Style>
	<Style id="sn_placemark_circle4">
		<IconStyle>
			<color>ff00ffff</color>
			<scale>0.7</scale>
			<Icon>
				<href>http://maps.google.com/mapfiles/kml/shapes/shaded_dot.png</href>
			</Icon>
		</IconStyle>
		<LabelStyle>
			<color>ccffffff</color>
			<scale>0.6</scale>
		</LabelStyle>
		<LineStyle>
			<color>ff00ffff</color>
			<colorMode>random</colorMode>
			<width>2.5</width>
		</LineStyle>
		<PolyStyle>
			<colorMode>random</colorMode>
		</PolyStyle>
	</Style>
	<Style id="sn_placemark_circle5">
		<IconStyle>
			<color>ff00ffff</color>
			<scale>0.7</scale>
			<Icon>
				<href>http://maps.google.com/mapfiles/kml/shapes/shaded_dot.png</href>
			</Icon>
		</IconStyle>
		<LabelStyle>
			<color>ccffffff</color>
			<scale>0.6</scale>
		</LabelStyle>
		<LineStyle>
			<color>ff00ffff</color>
			<colorMode>random</colorMode>
			<width>2.5</width>
		</LineStyle>
		<PolyStyle>
			<colorMode>random</colorMode>
		</PolyStyle>
	</Style>
	<Style id="sn_placemark_circle50">
		<IconStyle>
			<color>ff00ffff</color>
			<scale>0.6</scale>
			<Icon>
				<href>http://maps.google.com/mapfiles/kml/shapes/placemark_circle.png</href>
			</Icon>
		</IconStyle>
		<LabelStyle>
			<color>b3ffffff</color>
			<scale>0.4</scale>
		</LabelStyle>
		<LineStyle>
			<color>ffffb205</color>
			<width>1.2</width>
		</LineStyle>
	</Style>
	<Style id="sn_placemark_circle7">
		<IconStyle>
			<color>e67fffff</color>
			<scale>0.8</scale>
			<Icon>
				<href>http://maps.google.com/mapfiles/kml/shapes/placemark_circle.png</href>
			</Icon>
		</IconStyle>
		<LabelStyle>
			<color>b3ffffff</color>
			<scale>0.4</scale>
		</LabelStyle>
		<LineStyle>
			<color>ffffb205</color>
			<width>1.2</width>
		</LineStyle>
	</Style>
	<Style id="sn_placemark_circle9">
		<IconStyle>
			<color>ffffff00</color>
			<colorMode>random</colorMode>
			<scale>0.6</scale>
			<Icon>
				<href>http://maps.google.com/mapfiles/kml/shapes/placemark_circle.png</href>
			</Icon>
		</IconStyle>
		<LabelStyle>
			<color>ccffffff</color>
			<scale>0.5</scale>
		</LabelStyle>
		<LineStyle>
			<color>ccffff00</color>
			<colorMode>random</colorMode>
			<width>0.5</width>
		</LineStyle>
		<PolyStyle>
			<colorMode>random</colorMode>
		</PolyStyle>
	</Style>
	<Style id="sn_placemark_square00000">
		<IconStyle>
			<color>ffff0000</color>
			<scale>0.6</scale>
			<Icon>
				<href>http://maps.google.com/mapfiles/kml/shapes/placemark_square.png</href>
			</Icon>
		</IconStyle>
		<LabelStyle>
			<color>ffffff00</color>
			<scale>0.6</scale>
		</LabelStyle>
	</Style>
	<Style id="sn_placemark_square001">
		<IconStyle>
			<color>ffff0000</color>
			<scale>0.8</scale>
			<Icon>
				<href>http://maps.google.com/mapfiles/kml/shapes/placemark_square.png</href>
			</Icon>
		</IconStyle>
		<LabelStyle>
			<color>ccffff00</color>
			<scale>0.6</scale>
		</LabelStyle>
		<LineStyle>
			<colorMode>random</colorMode>
		</LineStyle>
		<PolyStyle>
			<colorMode>random</colorMode>
		</PolyStyle>
	</Style>
	<Style id="sn_placemark_square21">
		<IconStyle>
			<color>e60000ff</color>
			<scale>0.7</scale>
			<Icon>
				<href>http://maps.google.com/mapfiles/kml/shapes/placemark_square.png</href>
			</Icon>
		</IconStyle>
		<LabelStyle>
			<color>ccffff00</color>
			<scale>0.6</scale>
		</LabelStyle>
		<LineStyle>
			<colorMode>random</colorMode>
		</LineStyle>
		<PolyStyle>
			<colorMode>random</colorMode>
		</PolyStyle>
	</Style>
	<Style id="sn_placemark_square4">
		<IconStyle>
			<color>ffff0000</color>
			<scale>0.6</scale>
			<Icon>
				<href>http://maps.google.com/mapfiles/kml/shapes/placemark_square.png</href>
			</Icon>
		</IconStyle>
		<LabelStyle>
			<color>ffffff00</color>
			<scale>0.6</scale>
		</LabelStyle>
	</Style>
	<Style id="sn_placemark_square40">
		<IconStyle>
			<color>ffff0015</color>
			<scale>0.8</scale>
			<Icon>
				<href>http://maps.google.com/mapfiles/kml/shapes/placemark_square.png</href>
			</Icon>
		</IconStyle>
		<LabelStyle>
			<color>ccffff00</color>
			<scale>0.6</scale>
		</LabelStyle>
		<LineStyle>
			<colorMode>random</colorMode>
		</LineStyle>
		<PolyStyle>
			<colorMode>random</colorMode>
		</PolyStyle>
	</Style>
	<Style id="sn_placemark_square60">
		<IconStyle>
			<color>bfff5500</color>
			<scale>0.6</scale>
			<Icon>
				<href>http://maps.google.com/mapfiles/kml/shapes/placemark_square.png</href>
			</Icon>
		</IconStyle>
		<LabelStyle>
			<color>99ffffff</color>
			<scale>0.5</scale>
		</LabelStyle>
	</Style>
	<Style id="sn_placemark_square70">
		<IconStyle>
			<color>ffff0000</color>
			<scale>0.6</scale>
			<Icon>
				<href>http://maps.google.com/mapfiles/kml/shapes/placemark_square.png</href>
			</Icon>
		</IconStyle>
		<LabelStyle>
			<color>ffffff00</color>
			<scale>0.6</scale>
		</LabelStyle>
	</Style>
	<Style id="sn_polygon2">
		<IconStyle>
			<color>e600ff00</color>
			<scale>0.5</scale>
			<Icon>
				<href>http://maps.google.com/mapfiles/kml/shapes/polygon.png</href>
			</Icon>
		</IconStyle>
		<LabelStyle>
			<color>b3ffffff</color>
			<scale>0.4</scale>
		</LabelStyle>
		<LineStyle>
			<color>ffffb205</color>
			<width>1.2</width>
		</LineStyle>
	</Style>
	<Style id="sn_shaded_dot">
		<IconStyle>
			<color>f2ffff00</color>
			<scale>0.6</scale>
			<Icon>
				<href>http://maps.google.com/mapfiles/kml/shapes/shaded_dot.png</href>
			</Icon>
		</IconStyle>
		<LabelStyle>
			<color>b3ffffff</color>
			<scale>0.4</scale>
		</LabelStyle>
		<LineStyle>
			<color>ffffb205</color>
			<width>1.2</width>
		</LineStyle>
	</Style>
	<Style id="sn_shaded_dot0">
		<IconStyle>
			<color>f200ffff</color>
			<scale>0.6</scale>
			<Icon>
				<href>http://maps.google.com/mapfiles/kml/shapes/shaded_dot.png</href>
			</Icon>
		</IconStyle>
		<LabelStyle>
			<color>b3ffffff</color>
			<scale>0.4</scale>
		</LabelStyle>
		<LineStyle>
			<color>ffffb205</color>
			<width>1.2</width>
		</LineStyle>
	</Style>
	<Style id="sn_shaded_dot02">
		<IconStyle>
			<color>ff00ffff</color>
			<scale>0.6</scale>
			<Icon>
				<href>http://maps.google.com/mapfiles/kml/shapes/shaded_dot.png</href>
			</Icon>
		</IconStyle>
		<LabelStyle>
			<color>b3ffffff</color>
			<scale>0.4</scale>
		</LabelStyle>
		<LineStyle>
			<color>ffffb205</color>
			<width>1.2</width>
		</LineStyle>
	</Style>
	<Style id="sn_shaded_dot020">
		<IconStyle>
			<color>ccffffaa</color>
			<scale>0.7</scale>
			<Icon>
				<href>http://maps.google.com/mapfiles/kml/shapes/marina.png</href>
			</Icon>
			<hotSpot x="0.5" y="0" xunits="fraction" yunits="fraction"/>
		</IconStyle>
		<LabelStyle>
			<color>b3ffffff</color>
			<scale>0.4</scale>
		</LabelStyle>
		<LineStyle>
			<color>ffffb205</color>
			<width>1.2</width>
		</LineStyle>
	</Style>
	<Style id="sn_shaded_dot0200">
		<IconStyle>
			<color>f2ffff00</color>
			<scale>0.6</scale>
			<Icon>
				<href>http://maps.google.com/mapfiles/kml/shapes/shaded_dot.png</href>
			</Icon>
		</IconStyle>
		<LabelStyle>
			<color>b3ffffff</color>
			<scale>0.4</scale>
		</LabelStyle>
		<LineStyle>
			<color>ffffb205</color>
			<width>1.2</width>
		</LineStyle>
	</Style>
	<Style id="sn_shaded_dot03">
		<IconStyle>
			<color>f000ffff</color>
			<scale>0.6</scale>
			<Icon>
				<href>http://maps.google.com/mapfiles/kml/shapes/shaded_dot.png</href>
			</Icon>
		</IconStyle>
		<LabelStyle>
			<color>b3ffffff</color>
			<scale>0.4</scale>
		</LabelStyle>
		<LineStyle>
			<color>ffffb205</color>
			<width>1.2</width>
		</LineStyle>
	</Style>
	<Style id="sn_shaded_dot1">
		<IconStyle>
			<color>f2ffff00</color>
			<scale>0.6</scale>
			<Icon>
				<href>http://maps.google.com/mapfiles/kml/shapes/shaded_dot.png</href>
			</Icon>
		</IconStyle>
		<LabelStyle>
			<color>b3ffffff</color>
			<scale>0.4</scale>
		</LabelStyle>
		<LineStyle>
			<color>ffffb205</color>
			<width>1.2</width>
		</LineStyle>
	</Style>
	<Style id="sn_shaded_dot10">
		<IconStyle>
			<color>f000ffff</color>
			<scale>0.6</scale>
			<Icon>
				<href>http://maps.google.com/mapfiles/kml/shapes/shaded_dot.png</href>
			</Icon>
		</IconStyle>
		<LabelStyle>
			<color>b3ffffff</color>
			<scale>0.4</scale>
		</LabelStyle>
		<LineStyle>
			<color>ffffb205</color>
			<width>1.2</width>
		</LineStyle>
	</Style>
	<Style id="sn_shaded_dot100">
		<IconStyle>
			<color>ff00ffff</color>
			<scale>0.6</scale>
			<Icon>
				<href>http://maps.google.com/mapfiles/kml/shapes/shaded_dot.png</href>
			</Icon>
		</IconStyle>
		<LabelStyle>
			<color>b3ffffff</color>
			<scale>0.4</scale>
		</LabelStyle>
		<LineStyle>
			<color>ffffb205</color>
			<width>1.2</width>
		</LineStyle>
	</Style>
	<Style id="sn_shaded_dot101">
		<IconStyle>
			<color>f200ffff</color>
			<scale>0.6</scale>
			<Icon>
				<href>http://maps.google.com/mapfiles/kml/shapes/shaded_dot.png</href>
			</Icon>
		</IconStyle>
		<LabelStyle>
			<color>b3ffffff</color>
			<scale>0.4</scale>
		</LabelStyle>
		<LineStyle>
			<color>ffffb205</color>
			<width>1.2</width>
		</LineStyle>
	</Style>
	<Style id="sn_shaded_dot11">
		<IconStyle>
			<color>f200ffff</color>
			<scale>0.6</scale>
			<Icon>
				<href>http://maps.google.com/mapfiles/kml/shapes/shaded_dot.png</href>
			</Icon>
		</IconStyle>
		<LabelStyle>
			<color>b3ffffff</color>
			<scale>0.4</scale>
		</LabelStyle>
		<LineStyle>
			<color>ffffb205</color>
			<width>1.2</width>
		</LineStyle>
	</Style>
	<Style id="sn_shaded_dot110">
		<IconStyle>
			<color>f000ffff</color>
			<scale>0.6</scale>
			<Icon>
				<href>http://maps.google.com/mapfiles/kml/shapes/shaded_dot.png</href>
			</Icon>
		</IconStyle>
		<LabelStyle>
			<color>b3ffffff</color>
			<scale>0.4</scale>
		</LabelStyle>
		<LineStyle>
			<color>ffffb205</color>
			<width>1.2</width>
		</LineStyle>
	</Style>
	<Style id="sn_shaded_dot12">
		<IconStyle>
			<color>f2ffff00</color>
			<scale>0.6</scale>
			<Icon>
				<href>http://maps.google.com/mapfiles/kml/shapes/shaded_dot.png</href>
			</Icon>
		</IconStyle>
		<LabelStyle>
			<color>b3ffffff</color>
			<scale>0.4</scale>
		</LabelStyle>
		<LineStyle>
			<color>ffffb205</color>
			<width>1.2</width>
		</LineStyle>
	</Style>
	<Style id="sn_shaded_dot13">
		<IconStyle>
			<color>f2ffff00</color>
			<scale>0.6</scale>
			<Icon>
				<href>http://maps.google.com/mapfiles/kml/shapes/shaded_dot.png</href>
			</Icon>
		</IconStyle>
		<LabelStyle>
			<color>b3ffffff</color>
			<scale>0.4</scale>
		</LabelStyle>
		<LineStyle>
			<color>ffffb205</color>
			<width>1.2</width>
		</LineStyle>
	</Style>
	<Style id="sn_shaded_dot15">
		<IconStyle>
			<color>ff00ffff</color>
			<scale>0.6</scale>
			<Icon>
				<href>http://maps.google.com/mapfiles/kml/shapes/shaded_dot.png</href>
			</Icon>
		</IconStyle>
		<LabelStyle>
			<color>b3ffffff</color>
			<scale>0.4</scale>
		</LabelStyle>
		<LineStyle>
			<color>ffffb205</color>
			<width>1.2</width>
		</LineStyle>
	</Style>
	<Style id="sn_shaded_dot16">
		<IconStyle>
			<color>f200ffff</color>
			<scale>0.6</scale>
			<Icon>
				<href>http://maps.google.com/mapfiles/kml/shapes/shaded_dot.png</href>
			</Icon>
		</IconStyle>
		<LabelStyle>
			<color>b3ffffff</color>
			<scale>0.4</scale>
		</LabelStyle>
		<LineStyle>
			<color>ffffb205</color>
			<width>1.2</width>
		</LineStyle>
	</Style>
	<Style id="sn_shaded_dot18">
		<IconStyle>
			<color>f200ffff</color>
			<scale>0.6</scale>
			<Icon>
				<href>http://maps.google.com/mapfiles/kml/shapes/shaded_dot.png</href>
			</Icon>
		</IconStyle>
		<LabelStyle>
			<color>b3ffffff</color>
			<scale>0.4</scale>
		</LabelStyle>
		<LineStyle>
			<color>ffffb205</color>
			<width>1.2</width>
		</LineStyle>
	</Style>
	<Style id="sn_shaded_dot2">
		<IconStyle>
			<color>b300ffff</color>
			<scale>0.7</scale>
			<Icon>
				<href>http://maps.google.com/mapfiles/kml/shapes/shaded_dot.png</href>
			</Icon>
		</IconStyle>
		<LabelStyle>
			<color>b3ffffff</color>
			<scale>0.6</scale>
		</LabelStyle>
		<LineStyle>
			<width>2.5</width>
		</LineStyle>
	</Style>
	<Style id="sn_shaded_dot20">
		<IconStyle>
			<color>f2ffff00</color>
			<scale>0.6</scale>
			<Icon>
				<href>http://maps.google.com/mapfiles/kml/shapes/shaded_dot.png</href>
			</Icon>
		</IconStyle>
		<LabelStyle>
			<color>b3ffffff</color>
			<scale>0.4</scale>
		</LabelStyle>
		<LineStyle>
			<color>ffffb205</color>
			<width>1.2</width>
		</LineStyle>
	</Style>
	<Style id="sn_shaded_dot21">
		<IconStyle>
			<color>f200ffff</color>
			<scale>0.6</scale>
			<Icon>
				<href>http://maps.google.com/mapfiles/kml/shapes/shaded_dot.png</href>
			</Icon>
		</IconStyle>
		<LabelStyle>
			<color>b3ffffff</color>
			<scale>0.4</scale>
		</LabelStyle>
		<LineStyle>
			<color>ffffb205</color>
			<width>1.2</width>
		</LineStyle>
	</Style>
	<Style id="sn_shaded_dot24">
		<IconStyle>
			<color>ff00ffff</color>
			<scale>0.6</scale>
			<Icon>
				<href>http://maps.google.com/mapfiles/kml/shapes/shaded_dot.png</href>
			</Icon>
		</IconStyle>
		<LabelStyle>
			<color>b3ffffff</color>
			<scale>0.4</scale>
		</LabelStyle>
		<LineStyle>
			<color>ffffb205</color>
			<width>1.2</width>
		</LineStyle>
	</Style>
	<Style id="sn_shaded_dot240">
		<IconStyle>
			<color>f2ffff00</color>
			<scale>0.6</scale>
			<Icon>
				<href>http://maps.google.com/mapfiles/kml/shapes/shaded_dot.png</href>
			</Icon>
		</IconStyle>
		<LabelStyle>
			<color>b3ffffff</color>
			<scale>0.4</scale>
		</LabelStyle>
		<LineStyle>
			<color>ffffb205</color>
			<width>1.2</width>
		</LineStyle>
	</Style>
	<Style id="sn_shaded_dot25">
		<IconStyle>
			<color>f2ffff00</color>
			<scale>0.6</scale>
			<Icon>
				<href>http://maps.google.com/mapfiles/kml/shapes/shaded_dot.png</href>
			</Icon>
		</IconStyle>
		<LabelStyle>
			<color>b3ffffff</color>
			<scale>0.4</scale>
		</LabelStyle>
		<LineStyle>
			<color>ffffb205</color>
			<width>1.2</width>
		</LineStyle>
	</Style>
	<Style id="sn_shaded_dot26">
		<IconStyle>
			<color>f200ffff</color>
			<scale>0.6</scale>
			<Icon>
				<href>http://maps.google.com/mapfiles/kml/shapes/shaded_dot.png</href>
			</Icon>
		</IconStyle>
		<LabelStyle>
			<color>b3ffffff</color>
			<scale>0.4</scale>
		</LabelStyle>
		<LineStyle>
			<color>ffffb205</color>
			<width>1.2</width>
		</LineStyle>
	</Style>
	<Style id="sn_shaded_dot27">
		<IconStyle>
			<color>f2ffff00</color>
			<scale>0.6</scale>
			<Icon>
				<href>http://maps.google.com/mapfiles/kml/shapes/shaded_dot.png</href>
			</Icon>
		</IconStyle>
		<LabelStyle>
			<color>b3ffffff</color>
			<scale>0.4</scale>
		</LabelStyle>
		<LineStyle>
			<color>ffffb205</color>
			<width>1.2</width>
		</LineStyle>
	</Style>
	<Style id="sn_shaded_dot3">
		<IconStyle>
			<color>ff00ffff</color>
			<scale>0.6</scale>
			<Icon>
				<href>http://maps.google.com/mapfiles/kml/shapes/shaded_dot.png</href>
			</Icon>
		</IconStyle>
		<LabelStyle>
			<color>b3ffffff</color>
			<scale>0.4</scale>
		</LabelStyle>
		<LineStyle>
			<color>ffffb205</color>
			<width>1.2</width>
		</LineStyle>
	</Style>
	<Style id="sn_shaded_dot31">
		<IconStyle>
			<color>f200ffff</color>
			<scale>0.6</scale>
			<Icon>
				<href>http://maps.google.com/mapfiles/kml/shapes/shaded_dot.png</href>
			</Icon>
		</IconStyle>
		<LabelStyle>
			<color>b3ffffff</color>
			<scale>0.4</scale>
		</LabelStyle>
		<LineStyle>
			<color>ffffb205</color>
			<width>1.2</width>
		</LineStyle>
	</Style>
	<Style id="sn_shaded_dot4">
		<IconStyle>
			<color>f2ffff00</color>
			<scale>0.6</scale>
			<Icon>
				<href>http://maps.google.com/mapfiles/kml/shapes/shaded_dot.png</href>
			</Icon>
		</IconStyle>
		<LabelStyle>
			<color>b3ffffff</color>
			<scale>0.4</scale>
		</LabelStyle>
		<LineStyle>
			<color>ffffb205</color>
			<width>1.2</width>
		</LineStyle>
	</Style>
	<Style id="sn_shaded_dot40">
		<IconStyle>
			<color>ff00ffff</color>
			<scale>0.6</scale>
			<Icon>
				<href>http://maps.google.com/mapfiles/kml/shapes/shaded_dot.png</href>
			</Icon>
		</IconStyle>
		<LabelStyle>
			<color>b3ffffff</color>
			<scale>0.4</scale>
		</LabelStyle>
		<LineStyle>
			<color>ffffb205</color>
			<width>1.2</width>
		</LineStyle>
	</Style>
	<Style id="sn_shaded_dot5">
		<IconStyle>
			<color>ff00ffff</color>
			<scale>0.6</scale>
			<Icon>
				<href>http://maps.google.com/mapfiles/kml/shapes/shaded_dot.png</href>
			</Icon>
		</IconStyle>
		<LabelStyle>
			<color>b3ffffff</color>
			<scale>0.4</scale>
		</LabelStyle>
		<LineStyle>
			<color>ffffb205</color>
			<width>1.2</width>
		</LineStyle>
	</Style>
	<Style id="sn_shaded_dot50">
		<IconStyle>
			<color>f200ffff</color>
			<scale>0.6</scale>
			<Icon>
				<href>http://maps.google.com/mapfiles/kml/shapes/shaded_dot.png</href>
			</Icon>
		</IconStyle>
		<LabelStyle>
			<color>b3ffffff</color>
			<scale>0.4</scale>
		</LabelStyle>
		<LineStyle>
			<color>ffffb205</color>
			<width>1.2</width>
		</LineStyle>
	</Style>
	<Style id="sn_shaded_dot6">
		<IconStyle>
			<color>ff00ffff</color>
			<scale>0.6</scale>
			<Icon>
				<href>http://maps.google.com/mapfiles/kml/shapes/shaded_dot.png</href>
			</Icon>
		</IconStyle>
		<LabelStyle>
			<color>b3ffffff</color>
			<scale>0.4</scale>
		</LabelStyle>
		<LineStyle>
			<color>ffffb205</color>
			<width>1.2</width>
		</LineStyle>
	</Style>
	<Style id="sn_shaded_dot7">
		<IconStyle>
			<color>ff00ffff</color>
			<scale>0.6</scale>
			<Icon>
				<href>http://maps.google.com/mapfiles/kml/shapes/shaded_dot.png</href>
			</Icon>
		</IconStyle>
		<LabelStyle>
			<color>b3ffffff</color>
			<scale>0.4</scale>
		</LabelStyle>
		<LineStyle>
			<color>ffffb205</color>
			<width>1.2</width>
		</LineStyle>
	</Style>
	<Style id="sn_shaded_dot70">
		<IconStyle>
			<color>f200ffff</color>
			<scale>0.6</scale>
			<Icon>
				<href>http://maps.google.com/mapfiles/kml/shapes/shaded_dot.png</href>
			</Icon>
		</IconStyle>
		<LabelStyle>
			<color>b3ffffff</color>
			<scale>0.4</scale>
		</LabelStyle>
		<LineStyle>
			<color>ffffb205</color>
			<width>1.2</width>
		</LineStyle>
	</Style>
	<Style id="sn_shaded_dot8">
		<IconStyle>
			<color>f2ffff00</color>
			<scale>0.6</scale>
			<Icon>
				<href>http://maps.google.com/mapfiles/kml/shapes/shaded_dot.png</href>
			</Icon>
		</IconStyle>
		<LabelStyle>
			<color>b3ffffff</color>
			<scale>0.4</scale>
		</LabelStyle>
		<LineStyle>
			<color>ffffb205</color>
			<width>1.2</width>
		</LineStyle>
	</Style>
	<Style id="sn_shaded_dot9">
		<IconStyle>
			<color>ff00ffff</color>
			<scale>0.6</scale>
			<Icon>
				<href>http://maps.google.com/mapfiles/kml/shapes/shaded_dot.png</href>
			</Icon>
		</IconStyle>
		<LabelStyle>
			<color>b3ffffff</color>
			<scale>0.4</scale>
		</LabelStyle>
		<LineStyle>
			<color>ffffb205</color>
			<width>1.2</width>
		</LineStyle>
	</Style>
	<Style id="sn_star1">
		<IconStyle>
			<color>deff00ff</color>
			<scale>0.6</scale>
			<Icon>
				<href>http://maps.google.com/mapfiles/kml/shapes/star.png</href>
			</Icon>
		</IconStyle>
		<LabelStyle>
			<color>c9ffffff</color>
			<scale>0.5</scale>
		</LabelStyle>
		<LineStyle>
			<color>f2ff00ff</color>
		</LineStyle>
		<PolyStyle>
			<color>ff7f0000</color>
		</PolyStyle>
	</Style>
	<Style id="sn_star50">
		<IconStyle>
			<color>cc005500</color>
			<scale>0.7</scale>
			<Icon>
				<href>http://maps.google.com/mapfiles/kml/shapes/star.png</href>
			</Icon>
		</IconStyle>
		<LabelStyle>
			<color>ccffffff</color>
			<scale>0.7</scale>
		</LabelStyle>
		<LineStyle>
			<width>2</width>
		</LineStyle>
	</Style>
	<Style id="sn_target">
		<IconStyle>
			<color>e6ffffff</color>
			<scale>0.7</scale>
			<Icon>
				<href>http://maps.google.com/mapfiles/kml/shapes/target.png</href>
			</Icon>
		</IconStyle>
		<LabelStyle>
			<color>c9ffffff</color>
			<scale>0.6</scale>
		</LabelStyle>
		<LineStyle>
			<color>e6ffffff</color>
			<width>2.5</width>
		</LineStyle>
	</Style>
	<Style id="sn_target2">
		<IconStyle>
			<color>bfffffff</color>
			<scale>0.6</scale>
			<Icon>
				<href>http://maps.google.com/mapfiles/kml/shapes/target.png</href>
			</Icon>
		</IconStyle>
		<LabelStyle>
			<color>e0ffffff</color>
			<scale>0.7</scale>
		</LabelStyle>
		<LineStyle>
			<color>e6ffffff</color>
			<width>2.5</width>
		</LineStyle>
	</Style>
	<Style id="sn_target3">
		<IconStyle>
			<color>e6ffffff</color>
			<scale>0.7</scale>
			<Icon>
				<href>http://maps.google.com/mapfiles/kml/shapes/target.png</href>
			</Icon>
		</IconStyle>
		<LabelStyle>
			<color>c9ffffff</color>
			<scale>0.6</scale>
		</LabelStyle>
		<LineStyle>
			<color>e6ffffff</color>
			<width>2</width>
		</LineStyle>
	</Style>
	<Style id="sn_track">
		<IconStyle>
			<color>b3ffffff</color>
			<scale>0.8</scale>
			<Icon>
				<href>http://maps.google.com/mapfiles/kml/shapes/track.png</href>
			</Icon>
			<hotSpot x="32" y="1" xunits="pixels" yunits="pixels"/>
		</IconStyle>
		<LabelStyle>
			<color>bfffffff</color>
			<scale>0.5</scale>
		</LabelStyle>
		<LineStyle>
			<color>ccffffff</color>
			<width>2.5</width>
		</LineStyle>
	</Style>
	<Style id="sn_track0">
		<IconStyle>
			<color>b3ffffff</color>
			<scale>0.8</scale>
			<Icon>
				<href>http://maps.google.com/mapfiles/kml/shapes/track.png</href>
			</Icon>
			<hotSpot x="32" y="1" xunits="pixels" yunits="pixels"/>
		</IconStyle>
		<LabelStyle>
			<color>bfffffff</color>
			<scale>0.5</scale>
		</LabelStyle>
		<LineStyle>
			<color>ccffffff</color>
			<width>2.5</width>
		</LineStyle>
	</Style>
	<Style id="sn_track00">
		<IconStyle>
			<color>b3ffffff</color>
			<scale>0.8</scale>
			<Icon>
				<href>http://maps.google.com/mapfiles/kml/shapes/track.png</href>
			</Icon>
			<hotSpot x="32" y="1" xunits="pixels" yunits="pixels"/>
		</IconStyle>
		<LabelStyle>
			<color>bfffffff</color>
			<scale>0.5</scale>
		</LabelStyle>
		<LineStyle>
			<color>ccffffff</color>
			<width>2.5</width>
		</LineStyle>
	</Style>
	<Style id="sn_triangle0">
		<IconStyle>
			<color>e6ffaaff</color>
			<scale>0.7</scale>
			<Icon>
				<href>http://maps.google.com/mapfiles/kml/shapes/triangle.png</href>
			</Icon>
		</IconStyle>
		<LabelStyle>
			<color>bfffffff</color>
			<scale>0.5</scale>
		</LabelStyle>
		<LineStyle>
			<color>f2ffaaff</color>
			<width>3.3</width>
		</LineStyle>
	</Style>
	<Style id="sn_triangle">
		<IconStyle>
			<color>e6ffffff</color>
			<scale>0.8</scale>
			<Icon>
				<href>http://maps.google.com/mapfiles/kml/shapes/triangle.png</href>
			</Icon>
		</IconStyle>
		<LabelStyle>
			<color>bfffffff</color>
			<scale>0.5</scale>
		</LabelStyle>
		<BalloonStyle>
		</BalloonStyle>
		<LineStyle>
			<color>ccffffff</color>
			<width>1.5</width>
		</LineStyle>
	</Style>
	<Style id="sn_triangle00">
		<IconStyle>
			<color>e6ffffff</color>
			<scale>0.8</scale>
			<Icon>
				<href>http://maps.google.com/mapfiles/kml/shapes/triangle.png</href>
			</Icon>
		</IconStyle>
		<LabelStyle>
			<color>bfffffff</color>
			<scale>0.5</scale>
		</LabelStyle>
		<LineStyle>
			<color>ccffffff</color>
			<width>1.5</width>
		</LineStyle>
	</Style>
	<Style id="sn_triangle2">
		<IconStyle>
			<color>e6ffffff</color>
			<scale>0.8</scale>
			<Icon>
				<href>http://maps.google.com/mapfiles/kml/shapes/triangle.png</href>
			</Icon>
		</IconStyle>
		<LabelStyle>
			<color>bfffffff</color>
			<scale>0.5</scale>
		</LabelStyle>
		<LineStyle>
			<color>ccffffff</color>
			<width>1.5</width>
		</LineStyle>
	</Style>
	<Style id="sn_triangle4">
		<IconStyle>
			<color>e6ffffff</color>
			<scale>0.8</scale>
			<Icon>
				<href>http://maps.google.com/mapfiles/kml/shapes/triangle.png</href>
			</Icon>
		</IconStyle>
		<LabelStyle>
			<color>bfffffff</color>
			<scale>0.5</scale>
		</LabelStyle>
		<LineStyle>
			<color>ccffffff</color>
			<width>1.5</width>
		</LineStyle>
	</Style>
	<Style id="sn_triangle5">
		<IconStyle>
			<color>e6ffffff</color>
			<scale>0.8</scale>
			<Icon>
				<href>http://maps.google.com/mapfiles/kml/shapes/triangle.png</href>
			</Icon>
		</IconStyle>
		<LabelStyle>
			<color>bfffffff</color>
			<scale>0.5</scale>
		</LabelStyle>
		<LineStyle>
			<color>ccffffff</color>
			<width>2.5</width>
		</LineStyle>
	</Style>
	<Style id="sn_triangle6">
		<IconStyle>
			<color>e6ffffff</color>
			<scale>0.8</scale>
			<Icon>
				<href>http://maps.google.com/mapfiles/kml/shapes/triangle.png</href>
			</Icon>
		</IconStyle>
		<LabelStyle>
			<color>bfffffff</color>
			<scale>0.5</scale>
		</LabelStyle>
		<LineStyle>
			<color>ccffffff</color>
			<width>1.5</width>
		</LineStyle>
	</Style>
	<Style id="sn_volcano">
		<IconStyle>
			<color>d900ffff</color>
			<scale>0.7</scale>
			<Icon>
				<href>http://maps.google.com/mapfiles/kml/shapes/volcano.png</href>
			</Icon>
			<hotSpot x="0.5" y="0" xunits="fraction" yunits="fraction"/>
		</IconStyle>
		<LabelStyle>
			<color>c9ffffff</color>
			<scale>0.5</scale>
		</LabelStyle>
		<LineStyle>
			<color>cc0055ff</color>
			<width>3.5</width>
		</LineStyle>
	</Style>
	<Style id="sn_volcano0">
		<IconStyle>
			<color>d900ffff</color>
			<scale>0.7</scale>
			<Icon>
				<href>http://maps.google.com/mapfiles/kml/shapes/volcano.png</href>
			</Icon>
			<hotSpot x="0.5" y="0" xunits="fraction" yunits="fraction"/>
		</IconStyle>
		<LabelStyle>
			<color>c9ffffff</color>
			<scale>0.5</scale>
		</LabelStyle>
		<LineStyle>
			<color>cc0055ff</color>
			<width>3.5</width>
		</LineStyle>
	</Style>
	<Folder>
		<name>MixPnts</name>
		<Placemark>
			<name>K</name>
			<styleUrl>#msn_target</styleUrl>
			<ExtendedData>
				<SchemaData schemaUrl="#S_centerpnts_SDD0">
					<SimpleData name="LOC">KEY</SimpleData>
					<SimpleData name="LAT">38.8928</SimpleData>
					<SimpleData name="LON">-77.0514</SimpleData>
				</SchemaData>
			</ExtendedData>
			<Point>
				<extrude>1</extrude>
				<altitudeMode>absolute</altitudeMode>
				<coordinates>-77.051435,38.892755,15</coordinates>
			</Point>
		</Placemark>
		<Placemark>
			<name>J</name>
			<Camera>
				<longitude>-77.03659196640794</longitude>
				<latitude>38.8898082232756</latitude>
				<altitude>15.67543074603685</altitude>
				<heading>-172.646385657433</heading>
				<tilt>0.1276454240040489</tilt>
				<roll>10.36020002336397</roll>
				<gx:altitudeMode>relativeToSeaFloor</gx:altitudeMode>
			</Camera>
			<styleUrl>#msn_target3</styleUrl>
			<Point>
				<extrude>1</extrude>
				<altitudeMode>relativeToGround</altitudeMode>
				<gx:drawOrder>1</gx:drawOrder>
				<coordinates>-77.03656908080315,38.889801,9.999999999999998</coordinates>
			</Point>
		</Placemark>
		<Placemark>
			<name>Hk</name>
			<styleUrl>#msn_cross-hairs</styleUrl>
			<ExtendedData>
				<SchemaData schemaUrl="#S_trypoints_SDDD0">
					<SimpleData name="LOC">Hk</SimpleData>
					<SimpleData name="LAT">38.8951</SimpleData>
					<SimpleData name="LON">-77.0514</SimpleData>
					<SimpleData name="ALT">96.77</SimpleData>
				</SchemaData>
			</ExtendedData>
			<Point>
				<extrude>1</extrude>
				<altitudeMode>relativeToGround</altitudeMode>
				<coordinates>-77.051444,38.8951366,1</coordinates>
			</Point>
		</Placemark>
		<Folder>
			<name>Pen</name>
			<Placemark>
				<name>P</name>
				<styleUrl>#msn_star30</styleUrl>
				<ExtendedData>
					<SchemaData schemaUrl="#S_centerpnts_SDD0">
						<SimpleData name="LOC">PEN</SimpleData>
						<SimpleData name="LAT">38.871</SimpleData>
						<SimpleData name="LON">-77.056</SimpleData>
					</SchemaData>
				</ExtendedData>
				<Point>
					<extrude>1</extrude>
					<coordinates>-77.05596854698287,38.87100323118176,44</coordinates>
				</Point>
			</Placemark>
			<Placemark>
				<name>PenE</name>
				<LookAt>
					<longitude>-77.05323606683109</longitude>
					<latitude>38.87063082083093</latitude>
					<altitude>0</altitude>
					<heading>-10.34413738261867</heading>
					<tilt>0</tilt>
					<range>18.16671740988973</range>
					<gx:altitudeMode>relativeToSeaFloor</gx:altitudeMode>
				</LookAt>
				<styleUrl>#msn_star30</styleUrl>
				<Point>
					<gx:drawOrder>1</gx:drawOrder>
					<coordinates>-77.05322825200388,38.87062329503496,44</coordinates>
				</Point>
			</Placemark>
			<Placemark>
				<name>PenF</name>
				<LookAt>
					<longitude>-77.05557683691221</longitude>
					<latitude>38.86885959233766</latitude>
					<altitude>0</altitude>
					<heading>-8.468589597861648</heading>
					<tilt>0</tilt>
					<range>12.47351469661267</range>
					<gx:altitudeMode>relativeToSeaFloor</gx:altitudeMode>
				</LookAt>
				<styleUrl>#msn_star30</styleUrl>
				<Point>
					<gx:drawOrder>1</gx:drawOrder>
					<coordinates>-77.0555808299749,38.86885510940446,44</coordinates>
				</Point>
			</Placemark>
			<Placemark>
				<name>PenG</name>
				<LookAt>
					<longitude>-77.05487251816601</longitude>
					<latitude>38.8729113385552</latitude>
					<altitude>0</altitude>
					<heading>25.55420743368823</heading>
					<tilt>0.9423000159100686</tilt>
					<range>71.52406752671664</range>
					<gx:altitudeMode>relativeToSeaFloor</gx:altitudeMode>
				</LookAt>
				<styleUrl>#msn_star30</styleUrl>
				<Point>
					<gx:drawOrder>1</gx:drawOrder>
					<coordinates>-77.05467449297677,38.87292974342279,44</coordinates>
				</Point>
			</Placemark>
			<Placemark>
				<name>PenB</name>
				<LookAt>
					<longitude>-77.05627847833425</longitude>
					<latitude>38.87269935276353</latitude>
					<altitude>0</altitude>
					<heading>-10.34604643198389</heading>
					<tilt>0</tilt>
					<range>37.69562098885778</range>
					<gx:altitudeMode>relativeToSeaFloor</gx:altitudeMode>
				</LookAt>
				<styleUrl>#msn_star30</styleUrl>
				<Point>
					<extrude>1</extrude>
					<gx:drawOrder>1</gx:drawOrder>
					<coordinates>-77.05628256361138,38.87273680802001,44</coordinates>
				</Point>
			</Placemark>
			<Placemark>
				<name>PenA</name>
				<LookAt>
					<longitude>-77.05798003913954</longitude>
					<latitude>38.87262288068033</latitude>
					<altitude>0</altitude>
					<heading>133.483238523939</heading>
					<tilt>0</tilt>
					<range>69.60731025292988</range>
					<gx:altitudeMode>relativeToSeaFloor</gx:altitudeMode>
				</LookAt>
				<styleUrl>#msn_star30</styleUrl>
				<Point>
					<gx:drawOrder>1</gx:drawOrder>
					<coordinates>-77.05790028667388,38.872552231854,44</coordinates>
				</Point>
			</Placemark>
			<Placemark>
				<name>PenD</name>
				<LookAt>
					<longitude>-77.05838184793768</longitude>
					<latitude>38.87008913971716</latitude>
					<altitude>0</altitude>
					<heading>-10.3473667421812</heading>
					<tilt>0</tilt>
					<range>22.48879737638162</range>
					<gx:altitudeMode>relativeToSeaFloor</gx:altitudeMode>
				</LookAt>
				<styleUrl>#msn_star30</styleUrl>
				<Point>
					<gx:drawOrder>1</gx:drawOrder>
					<coordinates>-77.05846414671291,38.87004437347602,44</coordinates>
				</Point>
			</Placemark>
			<Placemark>
				<name>PenC</name>
				<LookAt>
					<longitude>-77.05604559034877</longitude>
					<latitude>38.87565543473433</latitude>
					<altitude>0</altitude>
					<heading>169.9889651686078</heading>
					<tilt>0.1361785549977257</tilt>
					<range>520.4833079586078</range>
					<gx:altitudeMode>relativeToSeaFloor</gx:altitudeMode>
				</LookAt>
				<styleUrl>#msn_star30</styleUrl>
				<Point>
					<extrude>1</extrude>
					<gx:drawOrder>1</gx:drawOrder>
					<coordinates>-77.05693269848774,38.87621612361609,44</coordinates>
				</Point>
			</Placemark>
			<Placemark>
				<name>NOa</name>
				<LookAt>
					<longitude>-77.06708911060748</longitude>
					<latitude>38.92156126922538</latitude>
					<altitude>0</altitude>
					<heading>-179.2219842926249</heading>
					<tilt>0</tilt>
					<range>165.4793027074781</range>
					<gx:altitudeMode>relativeToSeaFloor</gx:altitudeMode>
				</LookAt>
				<styleUrl>#msn_shaded_dot17</styleUrl>
				<Point>
					<extrude>1</extrude>
					<altitudeMode>relativeToGround</altitudeMode>
					<gx:drawOrder>1</gx:drawOrder>
					<coordinates>-77.06705128052432,38.92154464050518,66</coordinates>
				</Point>
			</Placemark>
		</Folder>
		<Folder>
			<name>G</name>
			<Placemark>
				<name>M</name>
				<LookAt>
					<longitude>-77.03501869930255</longitude>
					<latitude>38.88956781797305</latitude>
					<altitude>0</altitude>
					<heading>-3.609436577485464e-10</heading>
					<tilt>0</tilt>
					<range>217.0701662614351</range>
					<gx:altitudeMode>relativeToSeaFloor</gx:altitudeMode>
				</LookAt>
				<styleUrl>#msn_placemark_circle15</styleUrl>
				<Point>
					<extrude>1</extrude>
					<altitudeMode>relativeToGround</altitudeMode>
					<gx:drawOrder>1</gx:drawOrder>
					<coordinates>-77.03527800000001,38.889484,169</coordinates>
				</Point>
			</Placemark>
			<Placemark>
				<name>MV</name>
				<LookAt>
					<longitude>-77.01151395666083</longitude>
					<latitude>38.67680549537881</latitude>
					<altitude>0</altitude>
					<heading>4.302365724568002</heading>
					<tilt>67.64626567073518</tilt>
					<range>13666.44393326619</range>
					<gx:altitudeMode>relativeToSeaFloor</gx:altitudeMode>
				</LookAt>
				<styleUrl>#msn_placemark_circle15</styleUrl>
				<Point>
					<extrude>1</extrude>
					<altitudeMode>relativeToGround</altitudeMode>
					<gx:drawOrder>1</gx:drawOrder>
					<coordinates>-77.01151395666083,38.735159,169</coordinates>
				</Point>
			</Placemark>
			<Placemark>
				<name>MVa</name>
				<LookAt>
					<longitude>-77.01553001263557</longitude>
					<latitude>38.74209769830739</latitude>
					<altitude>0</altitude>
					<heading>-0.1126287894152152</heading>
					<tilt>0</tilt>
					<range>504.3887497539424</range>
					<gx:altitudeMode>relativeToSeaFloor</gx:altitudeMode>
				</LookAt>
				<styleUrl>#msn_placemark_circle1</styleUrl>
				<Point>
					<gx:drawOrder>1</gx:drawOrder>
					<coordinates>-77.01540232831105,38.74397251515714,0</coordinates>
				</Point>
			</Placemark>
			<Placemark>
				<name>HighWa</name>
				<LookAt>
					<longitude>-77.05983733613799</longitude>
					<latitude>38.81035845597214</latitude>
					<altitude>0</altitude>
					<heading>-0.0122161659234216</heading>
					<tilt>0</tilt>
					<range>2405.37403556547</range>
					<gx:altitudeMode>relativeToSeaFloor</gx:altitudeMode>
				</LookAt>
				<styleUrl>#msn_placemark_circle15</styleUrl>
				<Point>
					<altitudeMode>relativeToGround</altitudeMode>
					<gx:drawOrder>1</gx:drawOrder>
					<coordinates>-77.0660665577638,38.80760759772259,169</coordinates>
				</Point>
			</Placemark>
			<Placemark>
				<name>HighWb</name>
				<LookAt>
					<longitude>-77.06780948787289</longitude>
					<latitude>38.80924338946613</latitude>
					<altitude>0</altitude>
					<heading>-45.34933620530504</heading>
					<tilt>72.66361159377129</tilt>
					<range>623.7554653805124</range>
					<gx:altitudeMode>relativeToSeaFloor</gx:altitudeMode>
				</LookAt>
				<styleUrl>#msn_placemark_circle15</styleUrl>
				<Point>
					<extrude>1</extrude>
					<gx:drawOrder>1</gx:drawOrder>
					<coordinates>-77.06728222257168,38.80859367009808,66</coordinates>
				</Point>
			</Placemark>
			<Placemark>
				<name>HighWc</name>
				<LookAt>
					<longitude>-77.06743172667611</longitude>
					<latitude>38.80763288358009</latitude>
					<altitude>0</altitude>
					<heading>-54.42379785966071</heading>
					<tilt>14.79636614071603</tilt>
					<range>559.2971920873293</range>
					<gx:altitudeMode>relativeToSeaFloor</gx:altitudeMode>
				</LookAt>
				<styleUrl>#msn_placemark_circle15</styleUrl>
				<Point>
					<gx:drawOrder>1</gx:drawOrder>
					<coordinates>-77.06748402979503,38.80681739491956,0</coordinates>
				</Point>
			</Placemark>
		</Folder>
		<Folder>
			<name>WH</name>
			<Placemark>
				<name>WHs</name>
				<LookAt>
					<longitude>-77.03591379013554</longitude>
					<latitude>38.89739819100205</latitude>
					<altitude>0</altitude>
					<heading>3.111380260807727</heading>
					<tilt>3.600046908562747</tilt>
					<range>142.5483293546443</range>
					<gx:altitudeMode>relativeToSeaFloor</gx:altitudeMode>
				</LookAt>
				<styleUrl>#msn_placemark_circle1323</styleUrl>
				<Point>
					<extrude>1</extrude>
					<altitudeMode>relativeToGround</altitudeMode>
					<gx:drawOrder>1</gx:drawOrder>
					<coordinates>-77.036569,38.897561,3</coordinates>
				</Point>
			</Placemark>
			<Placemark>
				<name>WHn</name>
				<open>1</open>
				<LookAt>
					<longitude>-77.03642617075405</longitude>
					<latitude>38.89822175349804</latitude>
					<altitude>0</altitude>
					<heading>178.6846402115557</heading>
					<tilt>27.86670035911539</tilt>
					<range>126.5830665680666</range>
					<gx:altitudeMode>relativeToSeaFloor</gx:altitudeMode>
				</LookAt>
				<styleUrl>#msn_placemark_circle13230</styleUrl>
				<Point>
					<extrude>1</extrude>
					<altitudeMode>relativeToGround</altitudeMode>
					<gx:drawOrder>1</gx:drawOrder>
					<coordinates>-77.036569,38.89787121557463,3</coordinates>
				</Point>
			</Placemark>
			<Placemark>
				<name>WHa</name>
				<LookAt>
					<longitude>-77.03651621621127</longitude>
					<latitude>38.89865209193258</latitude>
					<altitude>0</altitude>
					<heading>-0.00993814937381826</heading>
					<tilt>0</tilt>
					<range>139.6073395455507</range>
					<gx:altitudeMode>relativeToSeaFloor</gx:altitudeMode>
				</LookAt>
				<styleUrl>#msn_placemark_circle13232</styleUrl>
				<Point>
					<altitudeMode>relativeToGround</altitudeMode>
					<gx:drawOrder>1</gx:drawOrder>
					<coordinates>-77.036569,38.89828563763562,3</coordinates>
				</Point>
			</Placemark>
			<Placemark>
				<name>WHb</name>
				<LookAt>
					<longitude>-77.03654393908691</longitude>
					<latitude>38.89607935164245</latitude>
					<altitude>0</altitude>
					<heading>-0.009955512547251256</heading>
					<tilt>0</tilt>
					<range>50.47388692784874</range>
					<gx:altitudeMode>relativeToSeaFloor</gx:altitudeMode>
				</LookAt>
				<styleUrl>#msn_placemark_circle13233</styleUrl>
				<Point>
					<extrude>1</extrude>
					<altitudeMode>relativeToGround</altitudeMode>
					<gx:drawOrder>1</gx:drawOrder>
					<coordinates>-77.03656881060775,38.89609664728791,3</coordinates>
				</Point>
			</Placemark>
			<Placemark>
				<name>WHc</name>
				<LookAt>
					<longitude>-77.03647601329695</longitude>
					<latitude>38.89662641689497</latitude>
					<altitude>0</altitude>
					<heading>169.0884088847258</heading>
					<tilt>37.60107635621034</tilt>
					<range>118.7197241125305</range>
					<gx:altitudeMode>relativeToSeaFloor</gx:altitudeMode>
				</LookAt>
				<styleUrl>#msn_placemark_circle13233</styleUrl>
				<Point>
					<gx:drawOrder>1</gx:drawOrder>
					<coordinates>-77.03611695727467,38.89666242649749,0</coordinates>
				</Point>
			</Placemark>
			<Placemark>
				<name>WHe</name>
				<open>1</open>
				<LookAt>
					<longitude>-77.03737606385013</longitude>
					<latitude>38.8996999855995</latitude>
					<altitude>0</altitude>
					<heading>-88.6907173579103</heading>
					<tilt>0</tilt>
					<range>148.1832284532262</range>
					<gx:altitudeMode>relativeToSeaFloor</gx:altitudeMode>
				</LookAt>
				<styleUrl>#msn_placemark_circle13231</styleUrl>
				<Point>
					<altitudeMode>relativeToGround</altitudeMode>
					<gx:drawOrder>1</gx:drawOrder>
					<coordinates>-77.037723,38.9,3</coordinates>
				</Point>
			</Placemark>
			<Placemark>
				<name>WHz</name>
				<LookAt>
					<longitude>-77.03341716121511</longitude>
					<latitude>38.89639964634095</latitude>
					<altitude>0</altitude>
					<heading>-9.927493307343912</heading>
					<tilt>0.1367017251448713</tilt>
					<range>297.9899913481177</range>
					<gx:altitudeMode>relativeToSeaFloor</gx:altitudeMode>
				</LookAt>
				<styleUrl>#msn_placemark_circle13233</styleUrl>
				<Point>
					<altitudeMode>relativeToGround</altitudeMode>
					<gx:drawOrder>1</gx:drawOrder>
					<coordinates>-77.03431133703796,38.89597663639302,3</coordinates>
				</Point>
			</Placemark>
			<Placemark>
				<name>WH SEcnr</name>
				<open>1</open>
				<LookAt>
					<longitude>-77.03640127584772</longitude>
					<latitude>38.89786370279429</latitude>
					<altitude>0</altitude>
					<heading>-134.3333860893028</heading>
					<tilt>0</tilt>
					<range>178.5470349118883</range>
					<gx:altitudeMode>relativeToSeaFloor</gx:altitudeMode>
				</LookAt>
				<styleUrl>#msn_placemark_circle13233</styleUrl>
				<Point>
					<altitudeMode>relativeToGround</altitudeMode>
					<gx:drawOrder>1</gx:drawOrder>
					<coordinates>-77.03626431326734,38.89753757777559,3</coordinates>
				</Point>
			</Placemark>
		</Folder>
		<Folder>
			<name>Capitol</name>
			<Placemark>
				<name>Cap</name>
				<LookAt>
					<longitude>-77.00880523001071</longitude>
					<latitude>38.88990543090053</latitude>
					<altitude>0</altitude>
					<heading>0.007467212844387712</heading>
					<tilt>0</tilt>
					<range>153.6665464494</range>
					<gx:altitudeMode>relativeToSeaFloor</gx:altitudeMode>
				</LookAt>
				<styleUrl>#msn_triangle</styleUrl>
				<Point>
					<extrude>1</extrude>
					<altitudeMode>relativeToGround</altitudeMode>
					<gx:drawOrder>1</gx:drawOrder>
					<coordinates>-77.009227,38.889801,160</coordinates>
				</Point>
			</Placemark>
			<Placemark>
				<name>CapK</name>
				<open>1</open>
				<LookAt>
					<longitude>-77.00880523001071</longitude>
					<latitude>38.88990543090053</latitude>
					<altitude>0</altitude>
					<heading>0.007467212844387712</heading>
					<tilt>0</tilt>
					<range>153.6665464494</range>
					<gx:altitudeMode>relativeToSeaFloor</gx:altitudeMode>
				</LookAt>
				<styleUrl>#msn_triangle1</styleUrl>
				<Point>
					<extrude>1</extrude>
					<altitudeMode>relativeToGround</altitudeMode>
					<gx:drawOrder>1</gx:drawOrder>
					<coordinates>-77.00904745,38.889801,79.99999999999999</coordinates>
				</Point>
			</Placemark>
			<Placemark>
				<name>CCnrA</name>
				<LookAt>
					<longitude>-77.00862789013513</longitude>
					<latitude>38.88885088649439</latitude>
					<altitude>27.1283547533137</altitude>
					<heading>-40.70364041165671</heading>
					<tilt>9.066063113001267</tilt>
					<range>76.16473358452939</range>
					<gx:altitudeMode>relativeToSeaFloor</gx:altitudeMode>
				</LookAt>
				<styleUrl>#msn_triangle3</styleUrl>
				<Point>
					<gx:drawOrder>1</gx:drawOrder>
					<coordinates>-77.00860327209443,38.88881417737429,0</coordinates>
				</Point>
			</Placemark>
			<Placemark>
				<name>H71</name>
				<Camera>
					<longitude>-77.00849024295478</longitude>
					<latitude>38.89008409737497</latitude>
					<altitude>268.2381091212656</altitude>
					<heading>-0.8968765852597681</heading>
					<tilt>0.01056930410174073</tilt>
					<roll>84.8079243107949</roll>
					<gx:altitudeMode>relativeToSeaFloor</gx:altitudeMode>
				</Camera>
				<styleUrl>#msn_triangle100</styleUrl>
				<Point>
					<extrude>1</extrude>
					<altitudeMode>relativeToGround</altitudeMode>
					<gx:drawOrder>1</gx:drawOrder>
					<coordinates>-77.00844224089784,38.88981684871572,66</coordinates>
				</Point>
			</Placemark>
			<Placemark>
				<name>CFa</name>
				<Camera>
					<longitude>-77.01272180156393</longitude>
					<latitude>38.89051425647678</latitude>
					<altitude>712.8545528203134</altitude>
					<heading>-58.19667952895244</heading>
					<tilt>0.03263897275980378</tilt>
					<roll>126.1927401114794</roll>
					<gx:altitudeMode>relativeToSeaFloor</gx:altitudeMode>
				</Camera>
				<styleUrl>#msn_cross-hairs0</styleUrl>
				<Point>
					<altitudeMode>relativeToGround</altitudeMode>
					<gx:drawOrder>1</gx:drawOrder>
					<coordinates>-77.01235207597406,38.89064396166972,0</coordinates>
				</Point>
			</Placemark>
			<Placemark>
				<name>CFb</name>
				<Camera>
					<longitude>-77.01211659304602</longitude>
					<latitude>38.88899919410375</latitude>
					<altitude>136.9104441430418</altitude>
					<heading>23.02394244629244</heading>
					<tilt>0.3793333211804653</tilt>
					<roll>89.96002103307305</roll>
					<gx:altitudeMode>relativeToSeaFloor</gx:altitudeMode>
				</Camera>
				<styleUrl>#msn_cross-hairs0</styleUrl>
				<Point>
					<altitudeMode>relativeToGround</altitudeMode>
					<gx:drawOrder>1</gx:drawOrder>
					<coordinates>-77.01233379820508,38.88898718985376,0</coordinates>
				</Point>
			</Placemark>
			<Placemark>
				<name>CFc</name>
				<open>1</open>
				<Camera>
					<longitude>-77.0128435898018</longitude>
					<latitude>38.88958906811727</latitude>
					<altitude>424.0868404200734</altitude>
					<heading>171.0291883765598</heading>
					<tilt>0.01060404825374352</tilt>
					<roll>82.93833762307538</roll>
					<gx:altitudeMode>relativeToSeaFloor</gx:altitudeMode>
				</Camera>
				<styleUrl>#msn_triangle100</styleUrl>
				<Point>
					<altitudeMode>relativeToGround</altitudeMode>
					<gx:drawOrder>1</gx:drawOrder>
					<coordinates>-77.01360995348632,38.88974917890155,0</coordinates>
				</Point>
			</Placemark>
			<Placemark>
				<name>CFd</name>
				<LookAt>
					<longitude>-77.00566128694994</longitude>
					<latitude>38.88867166293691</latitude>
					<altitude>9.678543853596695</altitude>
					<heading>89.21611688382963</heading>
					<tilt>0</tilt>
					<range>148.0044651593322</range>
					<gx:altitudeMode>relativeToSeaFloor</gx:altitudeMode>
				</LookAt>
				<styleUrl>#msn_triangle10</styleUrl>
				<Point>
					<gx:drawOrder>1</gx:drawOrder>
					<coordinates>-77.00578323852076,38.88868978460074,0</coordinates>
				</Point>
			</Placemark>
			<Placemark>
				<name>CFe</name>
				<Camera>
					<longitude>-77.01042547798329</longitude>
					<latitude>38.88978812499263</latitude>
					<altitude>155.8175300590989</altitude>
					<heading>-58.19573170561243</heading>
					<tilt>0.0326393460777868</tilt>
					<roll>126.1922466183643</roll>
					<gx:altitudeMode>relativeToSeaFloor</gx:altitudeMode>
				</Camera>
				<styleUrl>#msn_cross-hairs0</styleUrl>
				<Point>
					<altitudeMode>relativeToGround</altitudeMode>
					<gx:drawOrder>1</gx:drawOrder>
					<coordinates>-77.01012017665087,38.88981116007428,0</coordinates>
				</Point>
			</Placemark>
			<Placemark>
				<name>CFf</name>
				<LookAt>
					<longitude>-77.00458065680235</longitude>
					<latitude>38.88840956929891</latitude>
					<altitude>88.79005182762194</altitude>
					<heading>3.538150766076873</heading>
					<tilt>0</tilt>
					<range>352.8312890275362</range>
					<gx:altitudeMode>relativeToSeaFloor</gx:altitudeMode>
				</LookAt>
				<styleUrl>#msn_triangle0</styleUrl>
				<Point>
					<extrude>1</extrude>
					<altitudeMode>relativeToGround</altitudeMode>
					<gx:drawOrder>1</gx:drawOrder>
					<coordinates>-77.00467871165168,38.88868578496108,222</coordinates>
				</Point>
			</Placemark>
			<Placemark>
				<name>CFg</name>
				<Camera>
					<longitude>-77.0089940937104</longitude>
					<latitude>38.89371620082243</latitude>
					<altitude>157.1801297472226</altitude>
					<heading>-84.88830645742455</heading>
					<tilt>0.1379401627079568</tilt>
					<roll>4.295694251411208</roll>
					<gx:altitudeMode>relativeToSeaFloor</gx:altitudeMode>
				</Camera>
				<styleUrl>#msn_triangle100</styleUrl>
				<Point>
					<gx:drawOrder>1</gx:drawOrder>
					<coordinates>-77.00907795602103,38.89361386946052,0</coordinates>
				</Point>
			</Placemark>
			<Placemark>
				<name>CptA</name>
				<Camera>
					<longitude>-77.00761689215913</longitude>
					<latitude>38.89092706621904</latitude>
					<altitude>616.7066771733871</altitude>
					<heading>126.814406577759</heading>
					<tilt>0.09796583084577046</tilt>
					<roll>35.97319801750558</roll>
					<gx:altitudeMode>relativeToSeaFloor</gx:altitudeMode>
				</Camera>
				<styleUrl>#msn_triangle01</styleUrl>
				<Point>
					<gx:drawOrder>1</gx:drawOrder>
					<coordinates>-77.0072678806584,38.89077979476803,0</coordinates>
				</Point>
			</Placemark>
			<Placemark>
				<name>CptB</name>
				<Camera>
					<longitude>-77.01004114819862</longitude>
					<latitude>38.88566492075516</latitude>
					<altitude>128.5553742656787</altitude>
					<heading>50.0477503833657</heading>
					<tilt>3.843117730906629</tilt>
					<roll>-45.09176574580417</roll>
					<gx:altitudeMode>relativeToSeaFloor</gx:altitudeMode>
				</Camera>
				<styleUrl>#msn_triangle100</styleUrl>
				<Point>
					<gx:drawOrder>1</gx:drawOrder>
					<coordinates>-77.00988737303246,38.88556174596554,0</coordinates>
				</Point>
			</Placemark>
			<Placemark>
				<name>SCa</name>
				<LookAt>
					<longitude>-77.00493995538302</longitude>
					<latitude>38.8903064036882</latitude>
					<altitude>22.42725747135356</altitude>
					<heading>98.17465064786988</heading>
					<tilt>45.39420797941084</tilt>
					<range>263.4835380564847</range>
					<gx:altitudeMode>relativeToSeaFloor</gx:altitudeMode>
				</LookAt>
				<styleUrl>#msn_ltblu-stars</styleUrl>
				<Point>
					<extrude>1</extrude>
					<altitudeMode>relativeToGround</altitudeMode>
					<gx:drawOrder>1</gx:drawOrder>
					<coordinates>-77.00510154468833,38.890621,77</coordinates>
				</Point>
			</Placemark>
			<Placemark>
				<name>SCb</name>
				<LookAt>
					<longitude>-77.00465872944672</longitude>
					<latitude>38.89071706834704</latitude>
					<altitude>79.06506792165779</altitude>
					<heading>91.86009646948759</heading>
					<tilt>0</tilt>
					<range>286.776228643029</range>
					<gx:altitudeMode>relativeToSeaFloor</gx:altitudeMode>
				</LookAt>
				<styleUrl>#msn_ltblu-square</styleUrl>
				<Point>
					<extrude>1</extrude>
					<altitudeMode>relativeToGround</altitudeMode>
					<gx:drawOrder>1</gx:drawOrder>
					<coordinates>-77.00442188577618,38.890621,77</coordinates>
				</Point>
			</Placemark>
		</Folder>
		<Folder>
			<name>Q</name>
			<Placemark>
				<name>elEc</name>
				<styleUrl>#pointStyleMap</styleUrl>
				<ExtendedData>
					<SchemaData schemaUrl="#S_updates_SDD">
						<SimpleData name="LOC">eLEc</SimpleData>
						<SimpleData name="LAT">38.8928</SimpleData>
						<SimpleData name="LON">-77.0403</SimpleData>
					</SchemaData>
				</ExtendedData>
				<Point>
					<extrude>1</extrude>
					<altitudeMode>relativeToGround</altitudeMode>
					<coordinates>-77.04033404260801,38.89278681802996,15</coordinates>
				</Point>
			</Placemark>
			<Placemark>
				<name>elSc</name>
				<styleUrl>#pointStyleMap</styleUrl>
				<ExtendedData>
					<SchemaData schemaUrl="#S_updates_SDD">
						<SimpleData name="LOC">eLSc</SimpleData>
						<SimpleData name="LAT">38.8928</SimpleData>
						<SimpleData name="LON">-77.0406</SimpleData>
					</SchemaData>
				</ExtendedData>
				<Point>
					<extrude>1</extrude>
					<altitudeMode>relativeToGround</altitudeMode>
					<coordinates>-77.04058603,38.89284818820199,15</coordinates>
				</Point>
			</Placemark>
			<Placemark>
				<name>elNc</name>
				<styleUrl>#pointStyleMap</styleUrl>
				<ExtendedData>
					<SchemaData schemaUrl="#S_updates_SDD">
						<SimpleData name="LOC">eLNc</SimpleData>
						<SimpleData name="LAT">38.8934</SimpleData>
						<SimpleData name="LON">-77.041</SimpleData>
					</SchemaData>
				</ExtendedData>
				<Point>
					<extrude>1</extrude>
					<altitudeMode>relativeToGround</altitudeMode>
					<coordinates>-77.04098558,38.89344928705847,15</coordinates>
				</Point>
			</Placemark>
			<Placemark>
				<name>elWc</name>
				<styleUrl>#pointStyleMap</styleUrl>
				<ExtendedData>
					<SchemaData schemaUrl="#S_updates_SDD">
						<SimpleData name="LOC">elWc</SimpleData>
						<SimpleData name="LAT">38.8932</SimpleData>
						<SimpleData name="LON">-77.0411</SimpleData>
					</SchemaData>
				</ExtendedData>
				<Point>
					<extrude>1</extrude>
					<altitudeMode>relativeToGround</altitudeMode>
					<coordinates>-77.04113191993082,38.89317145702438,15</coordinates>
				</Point>
			</Placemark>
			<Placemark>
				<name>Cavg</name>
				<snippet></snippet>
				<styleUrl>#pointStyleMap00</styleUrl>
				<ExtendedData>
					<SchemaData schemaUrl="#S_centerpnts_SDD0">
						<SimpleData name="LOC">CWN</SimpleData>
						<SimpleData name="LAT">38.8932</SimpleData>
						<SimpleData name="LON">-77.041</SimpleData>
					</SchemaData>
				</ExtendedData>
				<Point>
					<extrude>1</extrude>
					<altitudeMode>relativeToGround</altitudeMode>
					<coordinates>-77.04077541312266,38.89307792552204,1</coordinates>
				</Point>
			</Placemark>
			<Placemark>
				<name>B</name>
				<LookAt>
					<longitude>-77.00849352356889</longitude>
					<latitude>38.89347235899669</latitude>
					<altitude>0</altitude>
					<heading>0.02696499850188151</heading>
					<tilt>0</tilt>
					<range>735.9854902395907</range>
					<gx:altitudeMode>relativeToSeaFloor</gx:altitudeMode>
				</LookAt>
				<styleUrl>#msn_target0</styleUrl>
				<Point>
					<extrude>1</extrude>
					<altitudeMode>relativeToGround</altitudeMode>
					<gx:drawOrder>1</gx:drawOrder>
					<coordinates>-77.008989,38.892747285,33</coordinates>
				</Point>
			</Placemark>
			<Placemark>
				<name>Sb</name>
				<styleUrl>#pointStyleMap2</styleUrl>
				<ExtendedData>
					<SchemaData schemaUrl="#S_trypoints_SDDD0">
						<SimpleData name="LOC">Sb</SimpleData>
						<SimpleData name="LAT">38.7903</SimpleData>
						<SimpleData name="LON">-77.0406</SimpleData>
						<SimpleData name="ALT">1</SimpleData>
					</SchemaData>
				</ExtendedData>
				<Point>
					<extrude>1</extrude>
					<altitudeMode>relativeToGround</altitudeMode>
					<coordinates>-77.04058603,38.79033915000001,121</coordinates>
				</Point>
			</Placemark>
			<Placemark>
				<name>Eb</name>
				<styleUrl>#pointStyleMap2</styleUrl>
				<ExtendedData>
					<SchemaData schemaUrl="#S_trypoints_SDDD0">
						<SimpleData name="LOC">Eb</SimpleData>
						<SimpleData name="LAT">38.8929</SimpleData>
						<SimpleData name="LON">-76.9092</SimpleData>
						<SimpleData name="ALT">94</SimpleData>
					</SchemaData>
				</ExtendedData>
				<Point>
					<extrude>1</extrude>
					<altitudeMode>relativeToGround</altitudeMode>
					<coordinates>-76.90916553,38.89286049999997,121</coordinates>
				</Point>
			</Placemark>
			<Placemark>
				<name>Nb</name>
				<styleUrl>#pointStyleMap2</styleUrl>
				<ExtendedData>
					<SchemaData schemaUrl="#S_trypoints_SDDD0">
						<SimpleData name="LOC">Nb</SimpleData>
						<SimpleData name="LAT">38.996</SimpleData>
						<SimpleData name="LON">-77.041</SimpleData>
						<SimpleData name="ALT">259</SimpleData>
					</SchemaData>
				</ExtendedData>
				<Point>
					<extrude>1</extrude>
					<altitudeMode>relativeToGround</altitudeMode>
					<coordinates>-77.04098558,38.99595650999999,121</coordinates>
				</Point>
			</Placemark>
			<Placemark>
				<name>Wb</name>
				<styleUrl>#pointStyleMap2</styleUrl>
				<ExtendedData>
					<SchemaData schemaUrl="#S_trypoints_SDDD0">
						<SimpleData name="LOC">Wb</SimpleData>
						<SimpleData name="LAT">38.8932</SimpleData>
						<SimpleData name="LON">-77.1723</SimpleData>
						<SimpleData name="ALT">343</SimpleData>
					</SchemaData>
				</ExtendedData>
				<Point>
					<extrude>1</extrude>
					<altitudeMode>relativeToGround</altitudeMode>
					<coordinates>-77.17230114000002,38.89324512999998,121</coordinates>
				</Point>
			</Placemark>
			<Placemark>
				<name>Bs</name>
				<LookAt>
					<longitude>-77.00917392065172</longitude>
					<latitude>38.89287893334985</latitude>
					<altitude>0</altitude>
					<heading>0.01981962633897311</heading>
					<tilt>0</tilt>
					<range>185.9991905427505</range>
					<gx:altitudeMode>relativeToSeaFloor</gx:altitudeMode>
				</LookAt>
				<styleUrl>#msn_golf</styleUrl>
				<Point>
					<extrude>1</extrude>
					<altitudeMode>relativeToGround</altitudeMode>
					<gx:drawOrder>1</gx:drawOrder>
					<coordinates>-77.00888999999999,38.892752,1</coordinates>
				</Point>
			</Placemark>
			<Placemark>
				<name>L</name>
				<LookAt>
					<longitude>-77.05034254307265</longitude>
					<latitude>38.88914094899145</latitude>
					<altitude>0</altitude>
					<heading>-92.06093464414785</heading>
					<tilt>20.19296905321517</tilt>
					<range>297.9512281050887</range>
					<gx:altitudeMode>relativeToSeaFloor</gx:altitudeMode>
				</LookAt>
				<styleUrl>#msn_track0</styleUrl>
				<Point>
					<extrude>1</extrude>
					<altitudeMode>relativeToGround</altitudeMode>
					<gx:drawOrder>1</gx:drawOrder>
					<coordinates>-77.05018996185001,38.889309435739,97</coordinates>
				</Point>
			</Placemark>
			<Placemark>
				<name>La</name>
				<Camera>
					<longitude>-77.05140748618392</longitude>
					<latitude>38.88830578072321</latitude>
					<altitude>296.3929049289503</altitude>
					<heading>3.103811590333725</heading>
					<tilt>0.2705637756258746</tilt>
					<roll>5.399406453411737</roll>
					<gx:altitudeMode>relativeToSeaFloor</gx:altitudeMode>
				</Camera>
				<styleUrl>#msn_track1</styleUrl>
				<Point>
					<gx:drawOrder>1</gx:drawOrder>
					<coordinates>-77.05145152722608,38.88816903625909,0</coordinates>
				</Point>
			</Placemark>
			<Placemark>
				<name>Lz</name>
				<open>1</open>
				<LookAt>
					<longitude>-77.05230754168156</longitude>
					<latitude>38.88959075037947</latitude>
					<altitude>0</altitude>
					<heading>97.40406371115637</heading>
					<tilt>0</tilt>
					<range>244.9291093878548</range>
					<gx:altitudeMode>relativeToSeaFloor</gx:altitudeMode>
				</LookAt>
				<styleUrl>#msn_track</styleUrl>
				<Point>
					<gx:drawOrder>1</gx:drawOrder>
					<coordinates>-77.05220920463091,38.88921687259635,0</coordinates>
				</Point>
			</Placemark>
			<Placemark>
				<name>Lcnr</name>
				<LookAt>
					<longitude>-77.04963028273528</longitude>
					<latitude>38.88915790290901</latitude>
					<altitude>0</altitude>
					<heading>-82.02634295134845</heading>
					<tilt>57.60000698879788</tilt>
					<range>57.62919171981434</range>
					<gx:altitudeMode>relativeToSeaFloor</gx:altitudeMode>
				</LookAt>
				<styleUrl>#msn_track</styleUrl>
				<Point>
					<gx:drawOrder>1</gx:drawOrder>
					<coordinates>-77.04994269848781,38.88906071490013,0</coordinates>
				</Point>
			</Placemark>
		</Folder>
		<Folder>
			<name>CP</name>
			<Placemark>
				<name>Gs1</name>
				<LookAt>
					<longitude>-77.12046135763332</longitude>
					<latitude>38.93634365827166</latitude>
					<altitude>0</altitude>
					<heading>19.85448839821491</heading>
					<tilt>0.06122266704069365</tilt>
					<range>654.461923567808</range>
					<gx:altitudeMode>relativeToSeaFloor</gx:altitudeMode>
				</LookAt>
				<styleUrl>#msn_placemark_circle</styleUrl>
				<Point>
					<gx:drawOrder>1</gx:drawOrder>
					<coordinates>-77.11877083238855,38.93539090046842,0</coordinates>
				</Point>
			</Placemark>
			<Placemark>
				<name>Gs2</name>
				<LookAt>
					<longitude>-76.96746601681227</longitude>
					<latitude>38.86630625016229</latitude>
					<altitude>0</altitude>
					<heading>104.0963909829077</heading>
					<tilt>44.15682147509999</tilt>
					<range>479.0020961531145</range>
					<gx:altitudeMode>relativeToSeaFloor</gx:altitudeMode>
				</LookAt>
				<styleUrl>#msn_placemark_circle4</styleUrl>
				<Point>
					<gx:drawOrder>1</gx:drawOrder>
					<coordinates>-76.96785270415687,38.86573364111086,0</coordinates>
				</Point>
			</Placemark>
			<Placemark>
				<name>Gs3</name>
				<LookAt>
					<longitude>-77.00096099808884</longitude>
					<latitude>38.93480878395779</latitude>
					<altitude>0</altitude>
					<heading>69.41807999549371</heading>
					<tilt>68.43776277473759</tilt>
					<range>4484.15534703979</range>
					<gx:altitudeMode>relativeToSeaFloor</gx:altitudeMode>
				</LookAt>
				<styleUrl>#msn_placemark_circle03</styleUrl>
				<Point>
					<gx:drawOrder>1</gx:drawOrder>
					<coordinates>-77.01800271008911,38.92487183560202,0</coordinates>
				</Point>
			</Placemark>
			<Placemark>
				<name>Gs4</name>
				<LookAt>
					<longitude>-77.09366635428121</longitude>
					<latitude>38.91303993937362</latitude>
					<altitude>0</altitude>
					<heading>-0.02048754580995055</heading>
					<tilt>0</tilt>
					<range>498.8622792076897</range>
					<gx:altitudeMode>relativeToSeaFloor</gx:altitudeMode>
				</LookAt>
				<styleUrl>#msn_placemark_circle24</styleUrl>
				<Point>
					<extrude>1</extrude>
					<gx:drawOrder>1</gx:drawOrder>
					<coordinates>-77.09353884670664,38.9132912447494,66</coordinates>
				</Point>
			</Placemark>
			<Placemark>
				<name>Gs5</name>
				<LookAt>
					<longitude>-76.97530113335215</longitude>
					<latitude>38.90433120417811</latitude>
					<altitude>0</altitude>
					<heading>-142.879801862268</heading>
					<tilt>35.33343601430542</tilt>
					<range>546.1094625718501</range>
					<gx:altitudeMode>relativeToSeaFloor</gx:altitudeMode>
				</LookAt>
				<styleUrl>#msn_placemark_circle03</styleUrl>
				<Point>
					<gx:drawOrder>1</gx:drawOrder>
					<coordinates>-76.97570336712812,38.90446612895163,0</coordinates>
				</Point>
			</Placemark>
			<Placemark>
				<name>Gs6</name>
				<Camera>
					<longitude>-77.11308504176974</longitude>
					<latitude>38.94337953103705</latitude>
					<altitude>1202.491239647163</altitude>
					<heading>-167.0854145965535</heading>
					<tilt>0.825590021576292</tilt>
					<roll>-76.4525966874921</roll>
					<gx:altitudeMode>relativeToSeaFloor</gx:altitudeMode>
				</Camera>
				<styleUrl>#msn_placemark_circle00</styleUrl>
				<Point>
					<gx:drawOrder>1</gx:drawOrder>
					<coordinates>-77.11066858924072,38.94253116241286,0</coordinates>
				</Point>
			</Placemark>
			<Placemark>
				<name>Gs7</name>
				<Camera>
					<longitude>-77.11694412297001</longitude>
					<latitude>38.91593726511101</latitude>
					<altitude>110.0727926390003</altitude>
					<heading>79.43430777444351</heading>
					<tilt>1.339255422156584</tilt>
					<roll>-4.358752464458833</roll>
					<gx:altitudeMode>relativeToSeaFloor</gx:altitudeMode>
				</Camera>
				<styleUrl>#msn_placemark_circle3</styleUrl>
				<Point>
					<gx:drawOrder>1</gx:drawOrder>
					<coordinates>-77.11677799130699,38.91601482291505,0</coordinates>
				</Point>
			</Placemark>
			<Placemark>
				<name>Gs8</name>
				<Camera>
					<longitude>-77.0427952788842</longitude>
					<latitude>38.89118565895257</latitude>
					<altitude>114.6713581897159</altitude>
					<heading>-99.29975750962808</heading>
					<tilt>0.1436551801775235</tilt>
					<roll>-4.561153389069601</roll>
					<gx:altitudeMode>relativeToSeaFloor</gx:altitudeMode>
				</Camera>
				<styleUrl>#msn_shaded_dot1</styleUrl>
				<Point>
					<gx:drawOrder>1</gx:drawOrder>
					<coordinates>-77.04288644534626,38.89107936946611,0</coordinates>
				</Point>
			</Placemark>
			<Placemark>
				<name>Gs9</name>
				<Camera>
					<longitude>-77.03176235010311</longitude>
					<latitude>38.79278906251742</latitude>
					<altitude>305.1501510018708</altitude>
					<heading>-99.29295980009461</heading>
					<tilt>0.143654968564357</tilt>
					<roll>-4.561800420478981</roll>
					<gx:altitudeMode>relativeToSeaFloor</gx:altitudeMode>
				</Camera>
				<styleUrl>#msn_shaded_dot1</styleUrl>
				<Point>
					<gx:drawOrder>1</gx:drawOrder>
					<coordinates>-77.03197308076226,38.79290977473043,0</coordinates>
				</Point>
			</Placemark>
			<Placemark>
				<name>I014</name>
				<LookAt>
					<longitude>-77.03184836970844</longitude>
					<latitude>38.906394377704</latitude>
					<altitude>0</altitude>
					<heading>-0.007005763925216083</heading>
					<tilt>0</tilt>
					<range>390.7980475662044</range>
					<gx:altitudeMode>relativeToSeaFloor</gx:altitudeMode>
				</LookAt>
				<styleUrl>#msn_placemark_circle13234</styleUrl>
				<Point>
					<gx:drawOrder>1</gx:drawOrder>
					<coordinates>-77.03197530601018,38.90564871624386,0</coordinates>
				</Point>
			</Placemark>
			<Placemark>
				<name>I079</name>
				<Camera>
					<longitude>-77.05000688327753</longitude>
					<latitude>38.9027930813843</latitude>
					<altitude>584.4359150605661</altitude>
					<heading>-58.22002086123143</heading>
					<tilt>0.03263903559392324</tilt>
					<roll>126.1928126768201</roll>
					<gx:altitudeMode>relativeToSeaFloor</gx:altitudeMode>
				</Camera>
				<styleUrl>#msn_polygon2</styleUrl>
				<Point>
					<gx:drawOrder>1</gx:drawOrder>
					<coordinates>-77.0501392974717,38.90252822129722,0</coordinates>
				</Point>
			</Placemark>
			<Placemark>
				<name>I069</name>
				<LookAt>
					<longitude>-77.00660788277574</longitude>
					<latitude>38.8964374667835</latitude>
					<altitude>0</altitude>
					<heading>41.97984515979949</heading>
					<tilt>2.135248623044748</tilt>
					<range>188.9824380957786</range>
					<gx:altitudeMode>relativeToSeaFloor</gx:altitudeMode>
				</LookAt>
				<styleUrl>#msn_placemark_circle139</styleUrl>
				<Point>
					<gx:drawOrder>1</gx:drawOrder>
					<coordinates>-77.00659984972448,38.89642237002393,0</coordinates>
				</Point>
			</Placemark>
			<Placemark>
				<name>KS</name>
				<styleUrl>#msn_star0</styleUrl>
				<ExtendedData>
					<SchemaData schemaUrl="#S_vertices_SDD0">
						<SimpleData name="V">K</SimpleData>
						<SimpleData name="Lat">38.8928</SimpleData>
						<SimpleData name="Lon">-77.0514</SimpleData>
					</SchemaData>
				</ExtendedData>
				<Point>
					<extrude>1</extrude>
					<altitudeMode>relativeToGround</altitudeMode>
					<coordinates>-77.051444,38.790339,9.999999999999998</coordinates>
				</Point>
			</Placemark>
			<Placemark>
				<name>Chk01</name>
				<Camera>
					<longitude>-77.00316628917777</longitude>
					<latitude>38.80499373772418</latitude>
					<altitude>1439.0269691198</altitude>
					<heading>155.7835032558155</heading>
					<tilt>0.8426520413436125</tilt>
					<roll>1.981802559569632</roll>
					<gx:altitudeMode>relativeToSeaFloor</gx:altitudeMode>
				</Camera>
				<styleUrl>#msn_shaded_dot02</styleUrl>
				<Point>
					<extrude>1</extrude>
					<gx:drawOrder>1</gx:drawOrder>
					<coordinates>-77.0045692366363,38.80358701301893,66</coordinates>
				</Point>
			</Placemark>
			<Placemark>
				<name>Chk02</name>
				<Camera>
					<longitude>-76.98035976192544</longitude>
					<latitude>38.83603814150242</latitude>
					<altitude>157.3695804989178</altitude>
					<heading>-0.894174187651294</heading>
					<tilt>0.107181387820321</tilt>
					<roll>-1.674317103184757</roll>
					<gx:altitudeMode>relativeToSeaFloor</gx:altitudeMode>
				</Camera>
				<styleUrl>#msn_shaded_dot20</styleUrl>
				<Point>
					<extrude>1</extrude>
					<gx:drawOrder>1</gx:drawOrder>
					<coordinates>-76.98066122302069,38.83591588236636,66</coordinates>
				</Point>
			</Placemark>
			<Placemark>
				<name>Chk03</name>
				<LookAt>
					<longitude>-77.03656021799813</longitude>
					<latitude>38.80038402231648</latitude>
					<altitude>0</altitude>
					<heading>4.951238591095639</heading>
					<tilt>1.765375951428461</tilt>
					<range>4824.321060643254</range>
					<gx:altitudeMode>relativeToSeaFloor</gx:altitudeMode>
				</LookAt>
				<styleUrl>#msn_shaded_dot61</styleUrl>
				<Point>
					<extrude>1</extrude>
					<gx:drawOrder>1</gx:drawOrder>
					<coordinates>-77.01339590231409,38.80887860350852,66</coordinates>
				</Point>
			</Placemark>
			<Placemark>
				<name>Chk04</name>
				<LookAt>
					<longitude>-76.9963935152293</longitude>
					<latitude>38.93747853860295</latitude>
					<altitude>0</altitude>
					<heading>-69.86697308399648</heading>
					<tilt>82.80667048291842</tilt>
					<range>817.733633968616</range>
					<gx:altitudeMode>relativeToSeaFloor</gx:altitudeMode>
				</LookAt>
				<styleUrl>#msn_shaded_dot100</styleUrl>
				<Point>
					<extrude>1</extrude>
					<gx:drawOrder>1</gx:drawOrder>
					<coordinates>-76.98845284332511,38.93525554614944,66</coordinates>
				</Point>
			</Placemark>
			<Placemark>
				<name>Chk05</name>
				<LookAt>
					<longitude>-77.0107625914643</longitude>
					<latitude>38.9419437798145</latitude>
					<altitude>0</altitude>
					<heading>175.0425359951946</heading>
					<tilt>72.79962355944502</tilt>
					<range>248.7150095313333</range>
					<gx:altitudeMode>relativeToSeaFloor</gx:altitudeMode>
				</LookAt>
				<styleUrl>#msn_shaded_dot130</styleUrl>
				<Point>
					<extrude>1</extrude>
					<gx:drawOrder>1</gx:drawOrder>
					<coordinates>-77.01099576844469,38.94213905894748,66</coordinates>
				</Point>
			</Placemark>
			<Placemark>
				<name>Chk06</name>
				<LookAt>
					<longitude>-76.95932634155616</longitude>
					<latitude>38.92596145503213</latitude>
					<altitude>0</altitude>
					<heading>-177.1272309642876</heading>
					<tilt>39.37832145199678</tilt>
					<range>254.8978639676916</range>
					<gx:altitudeMode>relativeToSeaFloor</gx:altitudeMode>
				</LookAt>
				<styleUrl>#msn_shaded_dot40</styleUrl>
				<Point>
					<extrude>1</extrude>
					<gx:drawOrder>1</gx:drawOrder>
					<coordinates>-76.95853332476764,38.92609741015503,66</coordinates>
				</Point>
			</Placemark>
			<Placemark>
				<name>Chk08</name>
				<LookAt>
					<longitude>-77.07823204717197</longitude>
					<latitude>38.85833740497007</latitude>
					<altitude>0</altitude>
					<heading>164.4708985143022</heading>
					<tilt>60.29599206354062</tilt>
					<range>161.8493832473563</range>
					<gx:altitudeMode>relativeToSeaFloor</gx:altitudeMode>
				</LookAt>
				<styleUrl>#msn_shaded_dot200</styleUrl>
				<Point>
					<extrude>1</extrude>
					<gx:drawOrder>1</gx:drawOrder>
					<coordinates>-77.07846439947777,38.8580454440363,66</coordinates>
				</Point>
			</Placemark>
			<Placemark>
				<name>Chk09</name>
				<LookAt>
					<longitude>-77.08936885361041</longitude>
					<latitude>38.92174671864755</latitude>
					<altitude>0</altitude>
					<heading>-174.7327000733496</heading>
					<tilt>35.98863544057219</tilt>
					<range>280.243865482074</range>
					<gx:altitudeMode>relativeToSeaFloor</gx:altitudeMode>
				</LookAt>
				<styleUrl>#msn_shaded_dot21</styleUrl>
				<Point>
					<extrude>1</extrude>
					<gx:drawOrder>1</gx:drawOrder>
					<coordinates>-77.08911728826524,38.92188332835548,66</coordinates>
				</Point>
			</Placemark>
			<Placemark>
				<name>Chk10</name>
				<LookAt>
					<longitude>-76.958791679665</longitude>
					<latitude>38.8604708091387</latitude>
					<altitude>0</altitude>
					<heading>-73.23015247108133</heading>
					<tilt>80.1448177496268</tilt>
					<range>1331.615850631763</range>
					<gx:altitudeMode>relativeToSeaFloor</gx:altitudeMode>
				</LookAt>
				<styleUrl>#msn_shaded_dot6</styleUrl>
				<Point>
					<gx:drawOrder>1</gx:drawOrder>
					<coordinates>-76.95502425801097,38.86173720173936,0</coordinates>
				</Point>
			</Placemark>
			<Placemark>
				<name>Chk23a</name>
				<LookAt>
					<longitude>-76.9756129672292</longitude>
					<latitude>38.90879981207846</latitude>
					<altitude>0</altitude>
					<heading>176.7738112930016</heading>
					<tilt>45.73245256358675</tilt>
					<range>106.7294105778363</range>
					<gx:altitudeMode>relativeToSeaFloor</gx:altitudeMode>
				</LookAt>
				<styleUrl>#msn_shaded_dot27</styleUrl>
				<Point>
					<extrude>1</extrude>
					<gx:drawOrder>1</gx:drawOrder>
					<coordinates>-76.97546834269932,38.90863930872903,66</coordinates>
				</Point>
			</Placemark>
			<Placemark>
				<name>Chk23b</name>
				<LookAt>
					<longitude>-76.97379382826549</longitude>
					<latitude>38.90996037798163</latitude>
					<altitude>0</altitude>
					<heading>-155.4491733630557</heading>
					<tilt>26.93091818301247</tilt>
					<range>158.9830753098871</range>
					<gx:altitudeMode>relativeToSeaFloor</gx:altitudeMode>
				</LookAt>
				<styleUrl>#msn_shaded_dot27</styleUrl>
				<Point>
					<extrude>1</extrude>
					<gx:drawOrder>1</gx:drawOrder>
					<coordinates>-76.97387114815113,38.90969480185885,66</coordinates>
				</Point>
			</Placemark>
			<Placemark>
				<name>Chk23c</name>
				<LookAt>
					<longitude>-76.97232538549454</longitude>
					<latitude>38.90971835087055</latitude>
					<altitude>0</altitude>
					<heading>-4.150751049761998</heading>
					<tilt>30.26578112977039</tilt>
					<range>152.8735783996042</range>
					<gx:altitudeMode>relativeToSeaFloor</gx:altitudeMode>
				</LookAt>
				<styleUrl>#msn_shaded_dot27</styleUrl>
				<Point>
					<extrude>1</extrude>
					<gx:drawOrder>1</gx:drawOrder>
					<coordinates>-76.97239108771012,38.90964452291605,66</coordinates>
				</Point>
			</Placemark>
			<Placemark>
				<name>Chk11</name>
				<LookAt>
					<longitude>-77.13518426561917</longitude>
					<latitude>38.89492887345666</latitude>
					<altitude>0</altitude>
					<heading>-74.13720034690097</heading>
					<tilt>63.99640350831005</tilt>
					<range>329.1346336116286</range>
					<gx:altitudeMode>relativeToSeaFloor</gx:altitudeMode>
				</LookAt>
				<styleUrl>#msn_shaded_dot11</styleUrl>
				<Point>
					<extrude>1</extrude>
					<gx:drawOrder>1</gx:drawOrder>
					<coordinates>-77.13554467903445,38.89433083867851,66</coordinates>
				</Point>
			</Placemark>
			<Placemark>
				<name>Chk12</name>
				<LookAt>
					<longitude>-76.94288388096963</longitude>
					<latitude>38.88872450457901</latitude>
					<altitude>0</altitude>
					<heading>-102.8649892820716</heading>
					<tilt>18.26815665812308</tilt>
					<range>140.6729767677998</range>
					<gx:altitudeMode>relativeToSeaFloor</gx:altitudeMode>
				</LookAt>
				<styleUrl>#msn_shaded_dot80</styleUrl>
				<Point>
					<extrude>1</extrude>
					<gx:drawOrder>1</gx:drawOrder>
					<coordinates>-76.94254281321869,38.88869436289873,66</coordinates>
				</Point>
			</Placemark>
			<Placemark>
				<name>Chk13</name>
				<Camera>
					<longitude>-77.03409487841178</longitude>
					<latitude>38.97814116425268</latitude>
					<altitude>263.7960969871977</altitude>
					<heading>-174.7992836873806</heading>
					<tilt>0.134081305058268</tilt>
					<roll>-2.201302698081665</roll>
					<gx:altitudeMode>relativeToSeaFloor</gx:altitudeMode>
				</Camera>
				<styleUrl>#msn_shaded_dot18</styleUrl>
				<Point>
					<extrude>1</extrude>
					<gx:drawOrder>1</gx:drawOrder>
					<coordinates>-77.0340714747954,38.97800673083694,66</coordinates>
				</Point>
			</Placemark>
			<Placemark>
				<name>Chk14</name>
				<LookAt>
					<longitude>-77.03555267426799</longitude>
					<latitude>38.92073357248053</latitude>
					<altitude>0</altitude>
					<heading>-8.957535949747687</heading>
					<tilt>1.995699999562371</tilt>
					<range>88.98098043778405</range>
					<gx:altitudeMode>relativeToSeaFloor</gx:altitudeMode>
				</LookAt>
				<styleUrl>#msn_shaded_dot22</styleUrl>
				<Point>
					<gx:drawOrder>1</gx:drawOrder>
					<coordinates>-77.03571742899706,38.92072480308088,0</coordinates>
				</Point>
			</Placemark>
			<Placemark>
				<name>Chk15</name>
				<Camera>
					<longitude>-77.04134441048302</longitude>
					<latitude>38.93597369669546</latitude>
					<altitude>9557.841482261645</altitude>
					<heading>50.28026137259913</heading>
					<tilt>0.1436918998230159</tilt>
					<roll>-4.939431246968193</roll>
					<gx:altitudeMode>relativeToSeaFloor</gx:altitudeMode>
				</Camera>
				<styleUrl>#msn_shaded_dot61</styleUrl>
				<Point>
					<gx:drawOrder>1</gx:drawOrder>
					<coordinates>-77.07025985378149,38.9339121071402,0</coordinates>
				</Point>
			</Placemark>
			<Placemark>
				<name>Chk16</name>
				<LookAt>
					<longitude>-77.02620372784799</longitude>
					<latitude>38.96028089136477</latitude>
					<altitude>0</altitude>
					<heading>-2.925748057767097</heading>
					<tilt>0</tilt>
					<range>655.8318286980259</range>
					<gx:altitudeMode>relativeToSeaFloor</gx:altitudeMode>
				</LookAt>
				<styleUrl>#msn_shaded_dot22</styleUrl>
				<Point>
					<extrude>1</extrude>
					<gx:drawOrder>1</gx:drawOrder>
					<coordinates>-77.02680651074166,38.95984790558003,66</coordinates>
				</Point>
			</Placemark>
			<Placemark>
				<name>Chk17</name>
				<LookAt>
					<longitude>-77.01161168290476</longitude>
					<latitude>38.95994438021409</latitude>
					<altitude>0</altitude>
					<heading>147.2211174482644</heading>
					<tilt>46.13608519220459</tilt>
					<range>321.5910480636813</range>
					<gx:altitudeMode>relativeToSeaFloor</gx:altitudeMode>
				</LookAt>
				<styleUrl>#msn_shaded_dot5</styleUrl>
				<Point>
					<extrude>1</extrude>
					<gx:drawOrder>1</gx:drawOrder>
					<coordinates>-77.01059198844285,38.96039316959799,66</coordinates>
				</Point>
			</Placemark>
			<Placemark>
				<name>Chk18</name>
				<LookAt>
					<longitude>-76.9773469432769</longitude>
					<latitude>38.93491302641448</latitude>
					<altitude>0</altitude>
					<heading>-179.9161527198531</heading>
					<tilt>0</tilt>
					<range>41315.09089881684</range>
					<gx:altitudeMode>relativeToSeaFloor</gx:altitudeMode>
				</LookAt>
				<styleUrl>#msn_shaded_dot240</styleUrl>
				<Point>
					<extrude>1</extrude>
					<gx:drawOrder>1</gx:drawOrder>
					<coordinates>-77.11265634246809,38.87614213026904,66</coordinates>
				</Point>
			</Placemark>
			<Placemark>
				<name>Chk19</name>
				<LookAt>
					<longitude>-77.04623718108624</longitude>
					<latitude>38.98917896631466</latitude>
					<altitude>0</altitude>
					<heading>-58.01972761324797</heading>
					<tilt>0</tilt>
					<range>345.7222248555262</range>
					<gx:altitudeMode>relativeToSeaFloor</gx:altitudeMode>
				</LookAt>
				<styleUrl>#msn_shaded_dot240</styleUrl>
				<Point>
					<extrude>1</extrude>
					<gx:drawOrder>1</gx:drawOrder>
					<coordinates>-77.04677082443145,38.98909790584569,66</coordinates>
				</Point>
			</Placemark>
			<Placemark>
				<name>Chk20</name>
				<LookAt>
					<longitude>-77.00111253956906</longitude>
					<latitude>38.82260437012281</latitude>
					<altitude>0</altitude>
					<heading>-92.53703114740395</heading>
					<tilt>0</tilt>
					<range>601.8629962672449</range>
					<gx:altitudeMode>relativeToSeaFloor</gx:altitudeMode>
				</LookAt>
				<styleUrl>#msn_shaded_dot61</styleUrl>
				<Point>
					<extrude>1</extrude>
					<gx:drawOrder>1</gx:drawOrder>
					<coordinates>-77.00135736591604,38.82106536665973,66</coordinates>
				</Point>
			</Placemark>
			<Placemark>
				<name>Chk21</name>
				<LookAt>
					<longitude>-76.9402513476077</longitude>
					<latitude>38.87276503844644</latitude>
					<altitude>0</altitude>
					<heading>-140.9982213753299</heading>
					<tilt>44.94811195165669</tilt>
					<range>102.0472944055531</range>
					<gx:altitudeMode>relativeToSeaFloor</gx:altitudeMode>
				</LookAt>
				<styleUrl>#msn_shaded_dot30</styleUrl>
				<Point>
					<extrude>1</extrude>
					<gx:drawOrder>1</gx:drawOrder>
					<coordinates>-76.94019736733574,38.87280409544193,66</coordinates>
				</Point>
			</Placemark>
			<Placemark>
				<name>Chk22</name>
				<LookAt>
					<longitude>-77.07614950080625</longitude>
					<latitude>38.93627800198553</latitude>
					<altitude>0</altitude>
					<heading>-45.54424730931989</heading>
					<tilt>0</tilt>
					<range>4614.421213243903</range>
					<gx:altitudeMode>relativeToSeaFloor</gx:altitudeMode>
				</LookAt>
				<styleUrl>#msn_shaded_dot30</styleUrl>
				<Point>
					<extrude>1</extrude>
					<gx:drawOrder>1</gx:drawOrder>
					<coordinates>-77.08586508361709,38.93790243521637,66</coordinates>
				</Point>
			</Placemark>
			<Placemark>
				<name>Chj24</name>
				<LookAt>
					<longitude>-77.06919269836632</longitude>
					<latitude>38.97141668635098</latitude>
					<altitude>0</altitude>
					<heading>-89.79558262339215</heading>
					<tilt>49.46981457480772</tilt>
					<range>352.8678808251804</range>
					<gx:altitudeMode>relativeToSeaFloor</gx:altitudeMode>
				</LookAt>
				<styleUrl>#msn_shaded_dot24</styleUrl>
				<Point>
					<extrude>1</extrude>
					<gx:drawOrder>1</gx:drawOrder>
					<coordinates>-77.06832915730651,38.97126514652496,66</coordinates>
				</Point>
			</Placemark>
			<Placemark>
				<name>Chk25</name>
				<LookAt>
					<longitude>-77.0357434076776</longitude>
					<latitude>38.92125487474832</latitude>
					<altitude>0</altitude>
					<heading>-15.01459593509221</heading>
					<tilt>70.82167343754918</tilt>
					<range>78.71755992990668</range>
					<gx:altitudeMode>relativeToSeaFloor</gx:altitudeMode>
				</LookAt>
				<styleUrl>#msn_shaded_dot20</styleUrl>
				<Point>
					<extrude>1</extrude>
					<gx:drawOrder>1</gx:drawOrder>
					<coordinates>-77.03584297932892,38.9229071947,66</coordinates>
				</Point>
			</Placemark>
			<Placemark>
				<name>Chk26</name>
				<Camera>
					<longitude>-76.91683729777472</longitude>
					<latitude>38.88692262478069</latitude>
					<altitude>152.0108854358431</altitude>
					<heading>0.6462386643152878</heading>
					<tilt>0.3939723410197604</tilt>
					<roll>-45.17345337017574</roll>
					<gx:altitudeMode>relativeToSeaFloor</gx:altitudeMode>
				</Camera>
				<styleUrl>#msn_shaded_dot20</styleUrl>
				<Point>
					<extrude>1</extrude>
					<gx:drawOrder>1</gx:drawOrder>
					<coordinates>-76.91666542015503,38.88686719010732,66</coordinates>
				</Point>
			</Placemark>
			<Placemark>
				<name>Chk27</name>
				<LookAt>
					<longitude>-77.07249206017678</longitude>
					<latitude>38.97140312932499</latitude>
					<altitude>0</altitude>
					<heading>-50.9694479313976</heading>
					<tilt>76.21506855458404</tilt>
					<range>988.5796148162116</range>
					<gx:altitudeMode>relativeToSeaFloor</gx:altitudeMode>
				</LookAt>
				<styleUrl>#msn_shaded_dot20</styleUrl>
				<Point>
					<extrude>1</extrude>
					<gx:drawOrder>1</gx:drawOrder>
					<coordinates>-77.06834544975686,38.96791103163879,66</coordinates>
				</Point>
			</Placemark>
			<Placemark>
				<name>Chk28</name>
				<LookAt>
					<longitude>-77.07764062386367</longitude>
					<latitude>38.95416596547847</latitude>
					<altitude>0</altitude>
					<heading>-51.54112912734086</heading>
					<tilt>48.39430914692061</tilt>
					<range>426.7796307220298</range>
					<gx:altitudeMode>relativeToSeaFloor</gx:altitudeMode>
				</LookAt>
				<styleUrl>#msn_shaded_dot20</styleUrl>
				<Point>
					<gx:drawOrder>1</gx:drawOrder>
					<coordinates>-77.0776296316338,38.95399489057218,0</coordinates>
				</Point>
			</Placemark>
			<Placemark>
				<name>Chk30</name>
				<LookAt>
					<longitude>-77.14394880660899</longitude>
					<latitude>38.87128844200102</latitude>
					<altitude>0</altitude>
					<heading>-101.4370497274424</heading>
					<tilt>0</tilt>
					<range>386.8798691833878</range>
					<gx:altitudeMode>relativeToSeaFloor</gx:altitudeMode>
				</LookAt>
				<styleUrl>#msn_shaded_dot61</styleUrl>
				<Point>
					<gx:drawOrder>1</gx:drawOrder>
					<coordinates>-77.14434316078132,38.87080074981925,0</coordinates>
				</Point>
			</Placemark>
			<Placemark>
				<name>Chk31</name>
				<LookAt>
					<longitude>-77.10370993227478</longitude>
					<latitude>38.84579579276893</latitude>
					<altitude>0</altitude>
					<heading>-92.60139567612018</heading>
					<tilt>0</tilt>
					<range>840.2410768215275</range>
					<gx:altitudeMode>relativeToSeaFloor</gx:altitudeMode>
				</LookAt>
				<styleUrl>#msn_shaded_dot61</styleUrl>
				<Point>
					<gx:drawOrder>1</gx:drawOrder>
					<coordinates>-77.10483209910393,38.84552270708302,0</coordinates>
				</Point>
			</Placemark>
			<Placemark>
				<name>Chk32</name>
				<LookAt>
					<longitude>-77.05186147570168</longitude>
					<latitude>38.95830727578173</latitude>
					<altitude>0</altitude>
					<heading>-88.99173898308244</heading>
					<tilt>42.54091459981882</tilt>
					<range>380.7413497696341</range>
					<gx:altitudeMode>relativeToSeaFloor</gx:altitudeMode>
				</LookAt>
				<styleUrl>#msn_shaded_dot20</styleUrl>
				<Point>
					<gx:drawOrder>1</gx:drawOrder>
					<coordinates>-77.05142116747349,38.95878698101598,0</coordinates>
				</Point>
			</Placemark>
			<Placemark>
				<name>Chk34</name>
				<LookAt>
					<longitude>-77.01894335789903</longitude>
					<latitude>38.93658969833891</latitude>
					<altitude>0</altitude>
					<heading>-40.8244222993652</heading>
					<tilt>64.13864453064895</tilt>
					<range>1150.529928888286</range>
					<gx:altitudeMode>relativeToSeaFloor</gx:altitudeMode>
				</LookAt>
				<styleUrl>#msn_shaded_dot9</styleUrl>
				<Point>
					<gx:drawOrder>1</gx:drawOrder>
					<coordinates>-77.01438697638629,38.93536052674429,0</coordinates>
				</Point>
			</Placemark>
			<Placemark>
				<name>Chk35</name>
				<LookAt>
					<longitude>-77.05078266486171</longitude>
					<latitude>38.89399847534244</latitude>
					<altitude>0</altitude>
					<heading>17.85247596776992</heading>
					<tilt>0</tilt>
					<range>97.4526396024642</range>
					<gx:altitudeMode>relativeToSeaFloor</gx:altitudeMode>
				</LookAt>
				<styleUrl>#msn_shaded_dot28</styleUrl>
				<Point>
					<extrude>1</extrude>
					<gx:drawOrder>1</gx:drawOrder>
					<coordinates>-77.05068501975197,38.89407905799511,66</coordinates>
				</Point>
			</Placemark>
			<Placemark>
				<name>Chk36</name>
				<LookAt>
					<longitude>-76.99351803058303</longitude>
					<latitude>38.91161601637247</latitude>
					<altitude>0</altitude>
					<heading>176.3712007999846</heading>
					<tilt>23.06593642823128</tilt>
					<range>135.967749131909</range>
					<gx:altitudeMode>relativeToSeaFloor</gx:altitudeMode>
				</LookAt>
				<styleUrl>#msn_shaded_dot130</styleUrl>
				<Point>
					<gx:drawOrder>1</gx:drawOrder>
					<coordinates>-76.99354755099984,38.91158883943301,0</coordinates>
				</Point>
			</Placemark>
			<Placemark>
				<name>Chk37</name>
				<LookAt>
					<longitude>-77.12620916495935</longitude>
					<latitude>38.93503112014248</latitude>
					<altitude>0</altitude>
					<heading>126.1835840932118</heading>
					<tilt>34.53597406117657</tilt>
					<range>228.3729821353492</range>
					<gx:altitudeMode>relativeToSeaFloor</gx:altitudeMode>
				</LookAt>
				<styleUrl>#msn_shaded_dot130</styleUrl>
				<Point>
					<gx:drawOrder>1</gx:drawOrder>
					<coordinates>-77.12641979728585,38.93508740486395,0</coordinates>
				</Point>
			</Placemark>
			<Placemark>
				<name>Chk38</name>
				<LookAt>
					<longitude>-77.01031170328987</longitude>
					<latitude>38.86043390847013</latitude>
					<altitude>0</altitude>
					<heading>-49.15591742224231</heading>
					<tilt>78.00509138232646</tilt>
					<range>1256.985681937304</range>
					<gx:altitudeMode>relativeToSeaFloor</gx:altitudeMode>
				</LookAt>
				<styleUrl>#msn_shaded_dot130</styleUrl>
				<Point>
					<gx:drawOrder>1</gx:drawOrder>
					<coordinates>-77.00225950461061,38.85493665631558,0</coordinates>
				</Point>
			</Placemark>
			<Placemark>
				<name>Chk39</name>
				<LookAt>
					<longitude>-76.91221815122178</longitude>
					<latitude>38.89786661130552</latitude>
					<altitude>0</altitude>
					<heading>132.6438647963462</heading>
					<tilt>32.53658251458662</tilt>
					<range>297.387250815135</range>
					<gx:altitudeMode>relativeToSeaFloor</gx:altitudeMode>
				</LookAt>
				<styleUrl>#msn_shaded_dot130</styleUrl>
				<Point>
					<gx:drawOrder>1</gx:drawOrder>
					<coordinates>-76.91182568346446,38.8974237158863,0</coordinates>
				</Point>
			</Placemark>
			<Placemark>
				<name>Chk40</name>
				<LookAt>
					<longitude>-76.89903494275993</longitude>
					<latitude>38.89220701665841</latitude>
					<altitude>0</altitude>
					<heading>9.600849345001592</heading>
					<tilt>52.4024052283537</tilt>
					<range>207.2218975557697</range>
					<gx:altitudeMode>relativeToSeaFloor</gx:altitudeMode>
				</LookAt>
				<styleUrl>#msn_shaded_dot130</styleUrl>
				<Point>
					<gx:drawOrder>1</gx:drawOrder>
					<coordinates>-76.89912135737723,38.89172055971182,0</coordinates>
				</Point>
			</Placemark>
			<Placemark>
				<name>Chk41</name>
				<LookAt>
					<longitude>-76.9577059353052</longitude>
					<latitude>38.91253063611014</latitude>
					<altitude>0</altitude>
					<heading>75.78460142036681</heading>
					<tilt>23.86891778189018</tilt>
					<range>180.0335336009596</range>
					<gx:altitudeMode>relativeToSeaFloor</gx:altitudeMode>
				</LookAt>
				<styleUrl>#msn_shaded_dot130</styleUrl>
				<Point>
					<gx:drawOrder>1</gx:drawOrder>
					<coordinates>-76.9575387987198,38.91261730408393,0</coordinates>
				</Point>
			</Placemark>
			<Placemark>
				<name>Chk42</name>
				<LookAt>
					<longitude>-77.07197282739573</longitude>
					<latitude>38.9295212229209</latitude>
					<altitude>0</altitude>
					<heading>146.5821289134872</heading>
					<tilt>33.91179344241674</tilt>
					<range>511.7680553051639</range>
					<gx:altitudeMode>relativeToSeaFloor</gx:altitudeMode>
				</LookAt>
				<styleUrl>#msn_shaded_dot130</styleUrl>
				<Point>
					<gx:drawOrder>1</gx:drawOrder>
					<coordinates>-77.07230698965536,38.93017051598103,0</coordinates>
				</Point>
			</Placemark>
			<Placemark>
				<name>Chk43</name>
				<Camera>
					<longitude>-77.01883426995731</longitude>
					<latitude>38.94295599983353</latitude>
					<altitude>528.3242262566134</altitude>
					<heading>-3.725047948476911</heading>
					<tilt>0.03511321002019405</tilt>
					<roll>54.74827119896592</roll>
					<gx:altitudeMode>relativeToSeaFloor</gx:altitudeMode>
				</Camera>
				<styleUrl>#msn_shaded_dot130</styleUrl>
				<Point>
					<gx:drawOrder>1</gx:drawOrder>
					<coordinates>-77.0192667064925,38.94312493001874,0</coordinates>
				</Point>
			</Placemark>
			<Placemark>
				<name>Chk44</name>
				<Camera>
					<longitude>-77.04306648888495</longitude>
					<latitude>38.90917834822989</latitude>
					<altitude>598.7358681554288</altitude>
					<heading>-75.92302161528069</heading>
					<tilt>2.270335283024971</tilt>
					<roll>0.6955747511759087</roll>
					<gx:altitudeMode>relativeToSeaFloor</gx:altitudeMode>
				</Camera>
				<styleUrl>#msn_shaded_dot9</styleUrl>
				<Point>
					<gx:drawOrder>1</gx:drawOrder>
					<coordinates>-77.04345033773585,38.9096320124952,0</coordinates>
				</Point>
			</Placemark>
			<Placemark>
				<name>Chk45</name>
				<Camera>
					<longitude>-77.02193262478927</longitude>
					<latitude>38.947542257579</latitude>
					<altitude>214.9423285290977</altitude>
					<heading>-75.90974515424283</heading>
					<tilt>2.270335332320671</tilt>
					<roll>0.6988095420803218</roll>
					<gx:altitudeMode>relativeToSeaFloor</gx:altitudeMode>
				</Camera>
				<styleUrl>#msn_shaded_dot9</styleUrl>
				<Point>
					<gx:drawOrder>1</gx:drawOrder>
					<coordinates>-77.02188334594942,38.94732510830963,0</coordinates>
				</Point>
			</Placemark>
			<Placemark>
				<name>Chk46</name>
				<LookAt>
					<longitude>-77.07410628491749</longitude>
					<latitude>38.87665929004182</latitude>
					<altitude>0</altitude>
					<heading>40.22457657268092</heading>
					<tilt>50.00131994475439</tilt>
					<range>284.8481726410438</range>
					<gx:altitudeMode>relativeToSeaFloor</gx:altitudeMode>
				</LookAt>
				<styleUrl>#msn_shaded_dot9</styleUrl>
				<Point>
					<gx:drawOrder>1</gx:drawOrder>
					<coordinates>-77.07473802861425,38.87650889195688,0</coordinates>
				</Point>
			</Placemark>
			<Placemark>
				<name>Chk47</name>
				<LookAt>
					<longitude>-77.00541102114673</longitude>
					<latitude>38.94832347001736</latitude>
					<altitude>0</altitude>
					<heading>-110.1956763422303</heading>
					<tilt>43.37093450681297</tilt>
					<range>329.4558882615906</range>
					<gx:altitudeMode>relativeToSeaFloor</gx:altitudeMode>
				</LookAt>
				<styleUrl>#msn_shaded_dot24</styleUrl>
				<Point>
					<gx:drawOrder>1</gx:drawOrder>
					<coordinates>-77.00484480332231,38.94812410619182,0</coordinates>
				</Point>
			</Placemark>
			<Placemark>
				<name>Chk48</name>
				<LookAt>
					<longitude>-77.03716625953145</longitude>
					<latitude>38.90729003348549</latitude>
					<altitude>0</altitude>
					<heading>-63.93772710175644</heading>
					<tilt>44.11394154461189</tilt>
					<range>247.4662303406407</range>
					<gx:altitudeMode>relativeToSeaFloor</gx:altitudeMode>
				</LookAt>
				<styleUrl>#msn_shaded_dot03</styleUrl>
				<Point>
					<gx:drawOrder>1</gx:drawOrder>
					<coordinates>-77.03652667310421,38.90721119681356,0</coordinates>
				</Point>
			</Placemark>
			<Placemark>
				<name>Chk49</name>
				<LookAt>
					<longitude>-77.03112891336114</longitude>
					<latitude>38.91059840622664</latitude>
					<altitude>0</altitude>
					<heading>-63.93393741873169</heading>
					<tilt>44.11657571671601</tilt>
					<range>668.7585064014121</range>
					<gx:altitudeMode>relativeToSeaFloor</gx:altitudeMode>
				</LookAt>
				<styleUrl>#msn_shaded_dot03</styleUrl>
				<Point>
					<gx:drawOrder>1</gx:drawOrder>
					<coordinates>-77.02956862943489,38.90963170613946,0</coordinates>
				</Point>
			</Placemark>
			<Placemark>
				<name>Chk50</name>
				<Camera>
					<longitude>-77.07940474852961</longitude>
					<latitude>38.88480193576787</latitude>
					<altitude>244.3840298481651</altitude>
					<heading>153.8688779387476</heading>
					<tilt>0.0175950467422223</tilt>
					<roll>-85.34198933383284</roll>
					<gx:altitudeMode>relativeToSeaFloor</gx:altitudeMode>
				</Camera>
				<styleUrl>#m_ylw-pushpin</styleUrl>
				<Point>
					<gx:drawOrder>1</gx:drawOrder>
					<coordinates>-77.07961687570274,38.88471525220831,0</coordinates>
				</Point>
			</Placemark>
			<Placemark>
				<name>Chk51</name>
				<Camera>
					<longitude>-76.99025002232317</longitude>
					<latitude>38.88977128208924</latitude>
					<altitude>96.35241432164061</altitude>
					<heading>-58.18204156616841</heading>
					<tilt>0.03263888876490247</tilt>
					<roll>126.1932722517617</roll>
					<gx:altitudeMode>relativeToSeaFloor</gx:altitudeMode>
				</Camera>
				<styleUrl>#msn_shaded_dot02</styleUrl>
				<Point>
					<gx:drawOrder>1</gx:drawOrder>
					<coordinates>-76.99025683060958,38.88979572156659,0</coordinates>
				</Point>
			</Placemark>
			<Placemark>
				<name>Chk52</name>
				<Camera>
					<longitude>-76.99940103492473</longitude>
					<latitude>38.89309416868529</latitude>
					<altitude>268.362478862021</altitude>
					<heading>-99.27220724930773</heading>
					<tilt>0.1436547456354552</tilt>
					<roll>-4.560854889865976</roll>
					<gx:altitudeMode>relativeToSeaFloor</gx:altitudeMode>
				</Camera>
				<styleUrl>#msn_shaded_dot1</styleUrl>
				<Point>
					<gx:drawOrder>1</gx:drawOrder>
					<coordinates>-76.99952509051057,38.89358765171932,0</coordinates>
				</Point>
			</Placemark>
			<Placemark>
				<name>Chk53</name>
				<Camera>
					<longitude>-77.00936059070111</longitude>
					<latitude>38.87120856199505</latitude>
					<altitude>286.4201495787043</altitude>
					<heading>-99.2784734818492</heading>
					<tilt>0.1436548955875784</tilt>
					<roll>-4.560989157863865</roll>
					<gx:altitudeMode>relativeToSeaFloor</gx:altitudeMode>
				</Camera>
				<styleUrl>#msn_shaded_dot1</styleUrl>
				<Point>
					<gx:drawOrder>1</gx:drawOrder>
					<coordinates>-77.00907388669604,38.8706887702613,0</coordinates>
				</Point>
			</Placemark>
			<Placemark>
				<name>Chk54</name>
				<LookAt>
					<longitude>-77.04366512306242</longitude>
					<latitude>38.68915034774525</latitude>
					<altitude>0</altitude>
					<heading>2.779772085775896</heading>
					<tilt>2.121670836413228</tilt>
					<range>313.0939222878169</range>
					<gx:altitudeMode>relativeToSeaFloor</gx:altitudeMode>
				</LookAt>
				<styleUrl>#msn_placemark_circle2</styleUrl>
				<Point>
					<gx:drawOrder>1</gx:drawOrder>
					<coordinates>-77.04351796976675,38.68922831692476,0</coordinates>
				</Point>
			</Placemark>
			<Placemark>
				<name>Chk55</name>
				<Camera>
					<longitude>-77.03420557696289</longitude>
					<latitude>38.71058967484698</latitude>
					<altitude>723.3472527269067</altitude>
					<heading>-69.20223529160417</heading>
					<tilt>0.03926431104734885</tilt>
					<roll>-89.41729755944981</roll>
					<gx:altitudeMode>relativeToSeaFloor</gx:altitudeMode>
				</Camera>
				<styleUrl>#msn_placemark_circle16</styleUrl>
				<Point>
					<gx:drawOrder>1</gx:drawOrder>
					<coordinates>-77.0352088314432,38.71079049783587,0</coordinates>
				</Point>
			</Placemark>
			<Placemark>
				<name>Chk57</name>
				<Camera>
					<longitude>-77.06541789023898</longitude>
					<latitude>38.83304255757004</latitude>
					<altitude>98.73956164021583</altitude>
					<heading>70.86745342484848</heading>
					<tilt>0.04116305056445564</tilt>
					<roll>-87.16946432462997</roll>
					<gx:altitudeMode>relativeToSeaFloor</gx:altitudeMode>
				</Camera>
				<styleUrl>#msn_placemark_circle14</styleUrl>
				<Point>
					<gx:drawOrder>1</gx:drawOrder>
					<coordinates>-77.06541563323557,38.83300987616117,0</coordinates>
				</Point>
			</Placemark>
			<Placemark>
				<name>Chk58</name>
				<Camera>
					<longitude>-77.05973443435811</longitude>
					<latitude>38.84729223503633</latitude>
					<altitude>220.7815044037757</altitude>
					<heading>1.44807352006074</heading>
					<tilt>3.069600895757473</tilt>
					<roll>-0.7758905975985079</roll>
					<gx:altitudeMode>relativeToSeaFloor</gx:altitudeMode>
				</Camera>
				<styleUrl>#msn_placemark_circle7</styleUrl>
				<Point>
					<gx:drawOrder>1</gx:drawOrder>
					<coordinates>-77.05973097339024,38.84739885578784,0</coordinates>
				</Point>
			</Placemark>
			<Placemark>
				<name>Chk59</name>
				<LookAt>
					<longitude>-77.0414643894528</longitude>
					<latitude>39.00870486443663</latitude>
					<altitude>0</altitude>
					<heading>173.9623808990196</heading>
					<tilt>67.33032244023109</tilt>
					<range>477.8529815196298</range>
					<gx:altitudeMode>relativeToSeaFloor</gx:altitudeMode>
				</LookAt>
				<styleUrl>#msn_placemark_circle18</styleUrl>
				<Point>
					<gx:drawOrder>1</gx:drawOrder>
					<coordinates>-77.04244035387981,39.01004268273348,0</coordinates>
				</Point>
			</Placemark>
			<Placemark>
				<name>Chk60</name>
				<LookAt>
					<longitude>-77.03759535280709</longitude>
					<latitude>39.00551378632318</latitude>
					<altitude>0</altitude>
					<heading>-153.3226756666707</heading>
					<tilt>64.1331685706932</tilt>
					<range>166.8836178589248</range>
					<gx:altitudeMode>relativeToSeaFloor</gx:altitudeMode>
				</LookAt>
				<styleUrl>#msn_placemark_circle17</styleUrl>
				<Point>
					<gx:drawOrder>1</gx:drawOrder>
					<coordinates>-77.03806204873727,39.00533947251964,0</coordinates>
				</Point>
			</Placemark>
			<Placemark>
				<name>Chk61</name>
				<LookAt>
					<longitude>-77.02288479282552</longitude>
					<latitude>38.90339960231267</latitude>
					<altitude>0</altitude>
					<heading>2.391325710280998</heading>
					<tilt>0</tilt>
					<range>801.118319606165</range>
					<gx:altitudeMode>relativeToSeaFloor</gx:altitudeMode>
				</LookAt>
				<styleUrl>#msn_shaded_dot0</styleUrl>
				<Point>
					<gx:drawOrder>1</gx:drawOrder>
					<coordinates>-77.02294473847918,38.9027413920959,0</coordinates>
				</Point>
			</Placemark>
			<Placemark>
				<name>Chk62</name>
				<LookAt>
					<longitude>-77.02056984958334</longitude>
					<latitude>38.90480602846644</latitude>
					<altitude>0</altitude>
					<heading>-2.458779799192662</heading>
					<tilt>0</tilt>
					<range>1045.617127282986</range>
					<gx:altitudeMode>relativeToSeaFloor</gx:altitudeMode>
				</LookAt>
				<styleUrl>#msn_shaded_dot0</styleUrl>
				<Point>
					<gx:drawOrder>1</gx:drawOrder>
					<coordinates>-77.02133073015519,38.90537641569407,0</coordinates>
				</Point>
			</Placemark>
			<Placemark>
				<name>Chk63</name>
				<Camera>
					<longitude>-77.03653714488557</longitude>
					<latitude>38.90001631282068</latitude>
					<altitude>78.68057578443354</altitude>
					<heading>86.03890194786641</heading>
					<tilt>0.01534898444474918</tilt>
					<roll>87.36597575434718</roll>
					<gx:altitudeMode>relativeToSeaFloor</gx:altitudeMode>
				</Camera>
				<styleUrl>#msn_shaded_dot2</styleUrl>
				<Point>
					<gx:drawOrder>1</gx:drawOrder>
					<coordinates>-77.036569,38.89999431930673,0</coordinates>
				</Point>
			</Placemark>
		</Folder>
		<Folder>
			<name>River</name>
			<Placemark>
				<name>PO</name>
				<styleUrl>#msn_placemark_circle030</styleUrl>
				<ExtendedData>
					<SchemaData schemaUrl="#S_trypoints_SDDD0">
						<SimpleData name="LOC">PO</SimpleData>
						<SimpleData name="LAT">38.9345</SimpleData>
						<SimpleData name="LON">-77.1199</SimpleData>
						<SimpleData name="ALT">19.02</SimpleData>
					</SchemaData>
				</ExtendedData>
				<Point>
					<extrude>1</extrude>
					<altitudeMode>absolute</altitudeMode>
					<coordinates>-77.1199159,38.93449309999998,9</coordinates>
				</Point>
			</Placemark>
			<Placemark>
				<name>AN</name>
				<styleUrl>#msn_placemark_circle030</styleUrl>
				<ExtendedData>
					<SchemaData schemaUrl="#S_trypoints_SDDD0">
						<SimpleData name="LOC">AN</SimpleData>
						<SimpleData name="LAT">38.9186</SimpleData>
						<SimpleData name="LON">-76.9419</SimpleData>
						<SimpleData name="ALT">-0.39</SimpleData>
					</SchemaData>
				</ExtendedData>
				<Point>
					<extrude>1</extrude>
					<altitudeMode>absolute</altitudeMode>
					<coordinates>-76.94192180000002,38.91858289999999,9</coordinates>
				</Point>
			</Placemark>
			<Placemark>
				<name>RC</name>
				<styleUrl>#msn_placemark_circle030</styleUrl>
				<ExtendedData>
					<SchemaData schemaUrl="#S_trypoints_SDDD0">
						<SimpleData name="LOC">RC</SimpleData>
						<SimpleData name="LAT">38.9873</SimpleData>
						<SimpleData name="LON">-77.0517</SimpleData>
						<SimpleData name="ALT">169.27</SimpleData>
					</SchemaData>
				</ExtendedData>
				<Point>
					<extrude>1</extrude>
					<altitudeMode>absolute</altitudeMode>
					<coordinates>-77.05231894611552,38.98682226543504,9</coordinates>
				</Point>
			</Placemark>
			<Placemark>
				<name>RCrkA</name>
				<LookAt>
					<longitude>-77.05769375280151</longitude>
					<latitude>38.90002752579751</latitude>
					<altitude>0</altitude>
					<heading>-2.908506507819855</heading>
					<tilt>1.472666704981431</tilt>
					<range>263.1298359889785</range>
					<gx:altitudeMode>relativeToSeaFloor</gx:altitudeMode>
				</LookAt>
				<styleUrl>#msn_placemark_circle33</styleUrl>
				<Point>
					<altitudeMode>absolute</altitudeMode>
					<gx:drawOrder>1</gx:drawOrder>
					<coordinates>-77.05755337263248,38.89950909563222,9</coordinates>
				</Point>
			</Placemark>
			<Placemark>
				<name>RCrkB</name>
				<LookAt>
					<longitude>-77.05926395936925</longitude>
					<latitude>38.90101019653491</latitude>
					<altitude>0</altitude>
					<heading>145.6965721780223</heading>
					<tilt>0</tilt>
					<range>120.9645085939547</range>
					<gx:altitudeMode>relativeToSeaFloor</gx:altitudeMode>
				</LookAt>
				<styleUrl>#msn_placemark_circle0</styleUrl>
				<Point>
					<altitudeMode>absolute</altitudeMode>
					<gx:drawOrder>1</gx:drawOrder>
					<coordinates>-77.05911419748726,38.90094461320923,9</coordinates>
				</Point>
			</Placemark>
			<Placemark>
				<name>POOthr2a</name>
				<LookAt>
					<longitude>-77.04273337017663</longitude>
					<latitude>38.86362931723426</latitude>
					<altitude>0</altitude>
					<heading>-0.001244897831476291</heading>
					<tilt>0</tilt>
					<range>262.7793082963688</range>
					<gx:altitudeMode>relativeToSeaFloor</gx:altitudeMode>
				</LookAt>
				<styleUrl>#msn_placemark_square31</styleUrl>
				<Point>
					<gx:drawOrder>1</gx:drawOrder>
					<coordinates>-77.04279029496989,38.86374289004072,0</coordinates>
				</Point>
			</Placemark>
			<Placemark>
				<name>POOthr2c</name>
				<Camera>
					<longitude>-77.08165216993532</longitude>
					<latitude>38.9042481057935</latitude>
					<altitude>644.0500454510181</altitude>
					<heading>-2.671413985800971</heading>
					<tilt>0.1061992138012515</tilt>
					<roll>-89.94711325849352</roll>
					<gx:altitudeMode>relativeToSeaFloor</gx:altitudeMode>
				</Camera>
				<styleUrl>#msn_placemark_square</styleUrl>
				<Point>
					<gx:drawOrder>1</gx:drawOrder>
					<coordinates>-77.08165575743644,38.9040771959102,0</coordinates>
				</Point>
			</Placemark>
			<Placemark>
				<name>AnOthr02</name>
				<LookAt>
					<longitude>-76.95747668374891</longitude>
					<latitude>38.90595317639433</latitude>
					<altitude>0</altitude>
					<heading>0.07060047852744604</heading>
					<tilt>0</tilt>
					<range>195.3167474288325</range>
					<gx:altitudeMode>relativeToSeaFloor</gx:altitudeMode>
				</LookAt>
				<styleUrl>#msn_placemark_square21</styleUrl>
				<Point>
					<gx:drawOrder>1</gx:drawOrder>
					<coordinates>-76.95766732477911,38.90608413980003,0</coordinates>
				</Point>
			</Placemark>
			<Placemark>
				<name>AnOthr01</name>
				<Camera>
					<longitude>-76.99450657323079</longitude>
					<latitude>38.86894437096073</latitude>
					<altitude>1074.615741986388</altitude>
					<heading>17.99570057925376</heading>
					<tilt>0.06637386810310474</tilt>
					<roll>-83.03669049355328</roll>
					<gx:altitudeMode>relativeToSeaFloor</gx:altitudeMode>
				</Camera>
				<styleUrl>#msn_placemark_square300</styleUrl>
				<Point>
					<gx:drawOrder>1</gx:drawOrder>
					<coordinates>-76.99696100301952,38.86898287196977,0</coordinates>
				</Point>
			</Placemark>
			<Placemark>
				<name>POOthr3b</name>
				<LookAt>
					<longitude>-77.03988891623662</longitude>
					<latitude>38.7914162568449</latitude>
					<altitude>0</altitude>
					<heading>0.0003206199042651598</heading>
					<tilt>0</tilt>
					<range>411.1982447845842</range>
					<gx:altitudeMode>relativeToSeaFloor</gx:altitudeMode>
				</LookAt>
				<styleUrl>#msn_placemark_square0</styleUrl>
				<Point>
					<gx:drawOrder>1</gx:drawOrder>
					<coordinates>-77.03902815721085,38.79164360258566,0</coordinates>
				</Point>
			</Placemark>
			<Placemark>
				<name>POOthr3a</name>
				<LookAt>
					<longitude>-77.04186194065976</longitude>
					<latitude>38.78579121475085</latitude>
					<altitude>0</altitude>
					<heading>-0.0009162557224518924</heading>
					<tilt>0</tilt>
					<range>350.6983123220342</range>
					<gx:altitudeMode>relativeToSeaFloor</gx:altitudeMode>
				</LookAt>
				<styleUrl>#msn_placemark_square0</styleUrl>
				<Point>
					<gx:drawOrder>1</gx:drawOrder>
					<coordinates>-77.0402519018478,38.7852261694161,0</coordinates>
				</Point>
			</Placemark>
			<Placemark>
				<name>RCOthr3a</name>
				<LookAt>
					<longitude>-77.03790278741488</longitude>
					<latitude>38.99204639882231</latitude>
					<altitude>0</altitude>
					<heading>-0.009100180007491824</heading>
					<tilt>0</tilt>
					<range>931.6979057936867</range>
					<gx:altitudeMode>relativeToSeaFloor</gx:altitudeMode>
				</LookAt>
				<styleUrl>#msn_placemark_circle100</styleUrl>
				<Point>
					<gx:drawOrder>1</gx:drawOrder>
					<coordinates>-77.03793092768112,38.99355611820573,0</coordinates>
				</Point>
			</Placemark>
			<Placemark>
				<name>OtrA</name>
				<LookAt>
					<longitude>-76.9514272785004</longitude>
					<latitude>38.92652195225016</latitude>
					<altitude>0</altitude>
					<heading>0.04364407166055133</heading>
					<tilt>0</tilt>
					<range>287.9818393713361</range>
					<gx:altitudeMode>relativeToSeaFloor</gx:altitudeMode>
				</LookAt>
				<styleUrl>#msn_placemark_square41</styleUrl>
				<Point>
					<gx:drawOrder>1</gx:drawOrder>
					<coordinates>-76.95188801292042,38.92624596949343,0</coordinates>
				</Point>
			</Placemark>
			<Placemark>
				<name>OtrB</name>
				<LookAt>
					<longitude>-76.99107561777619</longitude>
					<latitude>38.95665179617447</latitude>
					<altitude>0</altitude>
					<heading>0.01872620630232114</heading>
					<tilt>0</tilt>
					<range>192.9407089122934</range>
					<gx:altitudeMode>relativeToSeaFloor</gx:altitudeMode>
				</LookAt>
				<styleUrl>#msn_placemark_square41</styleUrl>
				<Point>
					<gx:drawOrder>1</gx:drawOrder>
					<coordinates>-76.99134485249716,38.95704643888089,0</coordinates>
				</Point>
			</Placemark>
			<Placemark>
				<name>OtrC</name>
				<LookAt>
					<longitude>-76.98215609490362</longitude>
					<latitude>38.95460188862663</latitude>
					<altitude>0</altitude>
					<heading>-0.1273863842748598</heading>
					<tilt>14.8711616649024</tilt>
					<range>1797.10853558696</range>
					<gx:altitudeMode>relativeToSeaFloor</gx:altitudeMode>
				</LookAt>
				<styleUrl>#msn_open-diamond00</styleUrl>
				<Point>
					<gx:drawOrder>1</gx:drawOrder>
					<coordinates>-76.98472940704961,38.95177142459147,0</coordinates>
				</Point>
			</Placemark>
			<Placemark>
				<name>OtrD</name>
				<LookAt>
					<longitude>-76.91415114493701</longitude>
					<latitude>38.89009411047826</latitude>
					<altitude>0</altitude>
					<heading>-85.18377238804388</heading>
					<tilt>47.81816921623643</tilt>
					<range>328.8290167278117</range>
					<gx:altitudeMode>relativeToSeaFloor</gx:altitudeMode>
				</LookAt>
				<styleUrl>#msn_placemark_square1</styleUrl>
				<Point>
					<gx:drawOrder>1</gx:drawOrder>
					<coordinates>-76.91344596466341,38.88972524047381,0</coordinates>
				</Point>
			</Placemark>
			<Placemark>
				<name>RK</name>
				<styleUrl>#msn_placemark_circle030</styleUrl>
				<ExtendedData>
					<SchemaData schemaUrl="#S_trypoints_SDDD0">
						<SimpleData name="LOC">RK</SimpleData>
						<SimpleData name="LAT">38.8551</SimpleData>
						<SimpleData name="LON">-77.0236</SimpleData>
						<SimpleData name="ALT">1</SimpleData>
					</SchemaData>
				</ExtendedData>
				<Point>
					<extrude>1</extrude>
					<altitudeMode>absolute</altitudeMode>
					<coordinates>-77.02356040000001,38.85513800000002,9</coordinates>
				</Point>
			</Placemark>
		</Folder>
		<Folder>
			<name>Hills</name>
			<Placemark>
				<name>H11</name>
				<Camera>
					<longitude>-77.00443838855342</longitude>
					<latitude>38.91469988398221</latitude>
					<altitude>123.8564216886435</altitude>
					<heading>13.94856800079511</heading>
					<tilt>0.02636046685251909</tilt>
					<roll>132.9336482843617</roll>
					<gx:altitudeMode>relativeToSeaFloor</gx:altitudeMode>
				</Camera>
				<styleUrl>#msn_shaded_dot170</styleUrl>
				<Point>
					<extrude>1</extrude>
					<altitudeMode>relativeToGround</altitudeMode>
					<gx:drawOrder>1</gx:drawOrder>
					<coordinates>-77.00464832626309,38.9146495509119,66</coordinates>
				</Point>
			</Placemark>
			<Placemark>
				<name>H22</name>
				<Camera>
					<longitude>-77.06002158725704</longitude>
					<latitude>38.92836988001681</latitude>
					<altitude>60.57604973535838</altitude>
					<heading>-114.2439514287543</heading>
					<tilt>2.382640894714281</tilt>
					<roll>-93.7002860962241</roll>
					<gx:altitudeMode>relativeToSeaFloor</gx:altitudeMode>
				</Camera>
				<styleUrl>#msn_shaded_dot170</styleUrl>
				<Point>
					<extrude>1</extrude>
					<altitudeMode>relativeToGround</altitudeMode>
					<gx:drawOrder>1</gx:drawOrder>
					<coordinates>-77.06004232078331,38.92823446130691,66</coordinates>
				</Point>
			</Placemark>
			<Placemark>
				<name>H33</name>
				<LookAt>
					<longitude>-77.11303539008838</longitude>
					<latitude>38.92065428536915</latitude>
					<altitude>0</altitude>
					<heading>-115.3601333630921</heading>
					<tilt>42.75973504314011</tilt>
					<range>111.06781327734</range>
					<gx:altitudeMode>relativeToSeaFloor</gx:altitudeMode>
				</LookAt>
				<styleUrl>#msn_shaded_dot01</styleUrl>
				<Point>
					<extrude>1</extrude>
					<altitudeMode>relativeToGround</altitudeMode>
					<gx:drawOrder>1</gx:drawOrder>
					<coordinates>-77.11324805943606,38.92053966660955,66</coordinates>
				</Point>
			</Placemark>
			<Placemark>
				<name>H44</name>
				<LookAt>
					<longitude>-77.11163528397542</longitude>
					<latitude>38.90261493395718</latitude>
					<altitude>0</altitude>
					<heading>-64.40520102686101</heading>
					<tilt>9.734116671518553</tilt>
					<range>730.1470728372173</range>
					<gx:altitudeMode>relativeToSeaFloor</gx:altitudeMode>
				</LookAt>
				<styleUrl>#msn_shaded_dot4</styleUrl>
				<Point>
					<extrude>1</extrude>
					<altitudeMode>relativeToGround</altitudeMode>
					<gx:drawOrder>1</gx:drawOrder>
					<coordinates>-77.11259304457337,38.90361498656535,66</coordinates>
				</Point>
			</Placemark>
			<Placemark>
				<name>H66</name>
				<LookAt>
					<longitude>-77.10101368579197</longitude>
					<latitude>38.90516878875509</latitude>
					<altitude>0</altitude>
					<heading>-126.351515072801</heading>
					<tilt>30.46196418763722</tilt>
					<range>810.2730251905255</range>
					<gx:altitudeMode>relativeToSeaFloor</gx:altitudeMode>
				</LookAt>
				<styleUrl>#msn_shaded_dot170</styleUrl>
				<Point>
					<extrude>1</extrude>
					<altitudeMode>relativeToGround</altitudeMode>
					<gx:drawOrder>1</gx:drawOrder>
					<coordinates>-77.10094955658019,38.90533124793031,66</coordinates>
				</Point>
			</Placemark>
			<Placemark>
				<name>H77</name>
				<LookAt>
					<longitude>-77.03776173775044</longitude>
					<latitude>38.89772181369853</latitude>
					<altitude>0</altitude>
					<heading>17.81885883866191</heading>
					<tilt>12.64523340536161</tilt>
					<range>1082.99189473325</range>
					<gx:altitudeMode>relativeToSeaFloor</gx:altitudeMode>
				</LookAt>
				<styleUrl>#msn_shaded_dot170</styleUrl>
				<Point>
					<extrude>1</extrude>
					<altitudeMode>relativeToGround</altitudeMode>
					<gx:drawOrder>1</gx:drawOrder>
					<coordinates>-77.03762786655247,38.89703882730361,66</coordinates>
				</Point>
			</Placemark>
			<Placemark>
				<name>H88</name>
				<LookAt>
					<longitude>-77.00536040864864</longitude>
					<latitude>38.84961112265357</latitude>
					<altitude>0</altitude>
					<heading>75.95914105760626</heading>
					<tilt>52.46432866086699</tilt>
					<range>296.8313510262874</range>
					<gx:altitudeMode>relativeToSeaFloor</gx:altitudeMode>
				</LookAt>
				<styleUrl>#msn_shaded_dot50</styleUrl>
				<Point>
					<extrude>1</extrude>
					<altitudeMode>relativeToGround</altitudeMode>
					<gx:drawOrder>1</gx:drawOrder>
					<coordinates>-77.00492179089107,38.84950002068123,66</coordinates>
				</Point>
			</Placemark>
			<Placemark>
				<name>H99</name>
				<Camera>
					<longitude>-77.00132655753045</longitude>
					<latitude>38.88900516216471</latitude>
					<altitude>219.4864445602935</altitude>
					<heading>93.39772698551931</heading>
					<tilt>17.06905478008283</tilt>
					<roll>1.337059732558499</roll>
					<gx:altitudeMode>relativeToSeaFloor</gx:altitudeMode>
				</Camera>
				<styleUrl>#msn_shaded_dot</styleUrl>
				<Point>
					<gx:drawOrder>1</gx:drawOrder>
					<coordinates>-77.00096480083693,38.8889443857454,0</coordinates>
				</Point>
			</Placemark>
			<Placemark>
				<name>H67</name>
				<Camera>
					<longitude>-77.08922930421467</longitude>
					<latitude>38.91550877252504</latitude>
					<altitude>414.5532778303631</altitude>
					<heading>-27.41606729688327</heading>
					<tilt>0.1845676707331085</tilt>
					<roll>89.51782983133583</roll>
					<gx:altitudeMode>relativeToSeaFloor</gx:altitudeMode>
				</Camera>
				<styleUrl>#msn_shaded_dot170</styleUrl>
				<Point>
					<extrude>1</extrude>
					<altitudeMode>relativeToGround</altitudeMode>
					<gx:drawOrder>1</gx:drawOrder>
					<coordinates>-77.08923640277803,38.91551942120227,66</coordinates>
				</Point>
			</Placemark>
			<Placemark>
				<name>H69</name>
				<LookAt>
					<longitude>-77.0722267041271</longitude>
					<latitude>38.87685920939965</latitude>
					<altitude>0</altitude>
					<heading>-103.6846164297869</heading>
					<tilt>73.8474604213405</tilt>
					<range>459.1379958081993</range>
					<gx:altitudeMode>relativeToSeaFloor</gx:altitudeMode>
				</LookAt>
				<styleUrl>#msn_shaded_dot170</styleUrl>
				<Point>
					<extrude>1</extrude>
					<altitudeMode>relativeToGround</altitudeMode>
					<gx:drawOrder>1</gx:drawOrder>
					<coordinates>-77.07234178427055,38.87633745296441,66</coordinates>
				</Point>
			</Placemark>
			<Placemark>
				<name>H70</name>
				<LookAt>
					<longitude>-77.0715408469804</longitude>
					<latitude>38.87440682362214</latitude>
					<altitude>0</altitude>
					<heading>-103.6841859425101</heading>
					<tilt>73.84841746927709</tilt>
					<range>570.056810115854</range>
					<gx:altitudeMode>relativeToSeaFloor</gx:altitudeMode>
				</LookAt>
				<styleUrl>#msn_shaded_dot170</styleUrl>
				<Point>
					<extrude>1</extrude>
					<altitudeMode>relativeToGround</altitudeMode>
					<gx:drawOrder>1</gx:drawOrder>
					<coordinates>-77.07038741369139,38.8737311478417,66</coordinates>
				</Point>
			</Placemark>
			<Placemark>
				<name>H70a</name>
				<LookAt>
					<longitude>-77.06760781756806</longitude>
					<latitude>38.87134974999706</latitude>
					<altitude>0</altitude>
					<heading>51.78858805656709</heading>
					<tilt>0</tilt>
					<range>407.6548018771097</range>
					<gx:altitudeMode>relativeToSeaFloor</gx:altitudeMode>
				</LookAt>
				<styleUrl>#msn_shaded_dot29</styleUrl>
				<Point>
					<extrude>1</extrude>
					<altitudeMode>relativeToGround</altitudeMode>
					<gx:drawOrder>1</gx:drawOrder>
					<coordinates>-77.06775220195667,38.87147694689254,66</coordinates>
				</Point>
			</Placemark>
			<Placemark>
				<name>H70b</name>
				<LookAt>
					<longitude>-76.97879868284055</longitude>
					<latitude>38.91011916480099</latitude>
					<altitude>0</altitude>
					<heading>-61.32961350653542</heading>
					<tilt>4.667829629910329</tilt>
					<range>115.7351797845899</range>
					<gx:altitudeMode>relativeToSeaFloor</gx:altitudeMode>
				</LookAt>
				<styleUrl>#msn_shaded_dot29</styleUrl>
				<Point>
					<gx:drawOrder>1</gx:drawOrder>
					<coordinates>-76.97878782846644,38.91008217241069,0</coordinates>
				</Point>
			</Placemark>
			<Placemark>
				<name>H81</name>
				<LookAt>
					<longitude>-76.93117767937731</longitude>
					<latitude>38.88611940091499</latitude>
					<altitude>0</altitude>
					<heading>104.6507586987116</heading>
					<tilt>78.1528637219108</tilt>
					<range>548.8141150141993</range>
					<gx:altitudeMode>relativeToSeaFloor</gx:altitudeMode>
				</LookAt>
				<styleUrl>#msn_shaded_dot170</styleUrl>
				<Point>
					<extrude>1</extrude>
					<altitudeMode>relativeToGround</altitudeMode>
					<gx:drawOrder>1</gx:drawOrder>
					<coordinates>-76.9299762903957,38.88687029383775,66</coordinates>
				</Point>
			</Placemark>
			<Placemark>
				<name>H86</name>
				<LookAt>
					<longitude>-76.99537065299157</longitude>
					<latitude>38.81048044830791</latitude>
					<altitude>0</altitude>
					<heading>-39.67281022252553</heading>
					<tilt>41.49695704104667</tilt>
					<range>415.3176081074374</range>
					<gx:altitudeMode>relativeToSeaFloor</gx:altitudeMode>
				</LookAt>
				<styleUrl>#msn_shaded_dot170</styleUrl>
				<Point>
					<extrude>1</extrude>
					<altitudeMode>relativeToGround</altitudeMode>
					<gx:drawOrder>1</gx:drawOrder>
					<coordinates>-76.99664817839795,38.810462075372,66</coordinates>
				</Point>
			</Placemark>
			<Placemark>
				<name>H98</name>
				<LookAt>
					<longitude>-77.03895402833915</longitude>
					<latitude>38.94510346047178</latitude>
					<altitude>0</altitude>
					<heading>167.0671588506509</heading>
					<tilt>0</tilt>
					<range>357.0917016045441</range>
					<gx:altitudeMode>relativeToSeaFloor</gx:altitudeMode>
				</LookAt>
				<styleUrl>#msn_shaded_dot29</styleUrl>
				<Point>
					<gx:drawOrder>1</gx:drawOrder>
					<coordinates>-77.0388345966892,38.9450714821746,0</coordinates>
				</Point>
			</Placemark>
			<Placemark>
				<name>H12</name>
				<LookAt>
					<longitude>-76.94901527183805</longitude>
					<latitude>38.91974253235791</latitude>
					<altitude>0</altitude>
					<heading>-120.3042069286735</heading>
					<tilt>23.6577431060805</tilt>
					<range>197.9874286716565</range>
					<gx:altitudeMode>relativeToSeaFloor</gx:altitudeMode>
				</LookAt>
				<styleUrl>#msn_shaded_dot170</styleUrl>
				<Point>
					<extrude>1</extrude>
					<altitudeMode>relativeToGround</altitudeMode>
					<gx:drawOrder>1</gx:drawOrder>
					<coordinates>-76.94844865915428,38.92005589287478,66</coordinates>
				</Point>
			</Placemark>
			<Placemark>
				<name>H13</name>
				<LookAt>
					<longitude>-77.0138444551025</longitude>
					<latitude>38.94580609608838</latitude>
					<altitude>0</altitude>
					<heading>176.3836732982185</heading>
					<tilt>27.4350946508673</tilt>
					<range>173.8139136122697</range>
					<gx:altitudeMode>relativeToSeaFloor</gx:altitudeMode>
				</LookAt>
				<styleUrl>#msn_shaded_dot170</styleUrl>
				<Point>
					<extrude>1</extrude>
					<altitudeMode>relativeToGround</altitudeMode>
					<gx:drawOrder>1</gx:drawOrder>
					<coordinates>-77.01391219662139,38.94626278806017,66</coordinates>
				</Point>
			</Placemark>
			<Placemark>
				<name>H17</name>
				<Camera>
					<longitude>-77.07264043592437</longitude>
					<latitude>38.88128186846717</latitude>
					<altitude>92.74500888233003</altitude>
					<heading>116.6689774141473</heading>
					<tilt>1.733567651347953</tilt>
					<roll>0.6740245189522618</roll>
					<gx:altitudeMode>relativeToSeaFloor</gx:altitudeMode>
				</Camera>
				<styleUrl>#msn_shaded_dot8</styleUrl>
				<Point>
					<extrude>1</extrude>
					<altitudeMode>relativeToGround</altitudeMode>
					<gx:drawOrder>1</gx:drawOrder>
					<coordinates>-77.07263105649967,38.88120136333437,66</coordinates>
				</Point>
			</Placemark>
			<Placemark>
				<name>H19</name>
				<Camera>
					<longitude>-77.07783443540235</longitude>
					<latitude>38.91542369389239</latitude>
					<altitude>371.2988777407521</altitude>
					<heading>-132.7053762303146</heading>
					<tilt>2.380413986255782</tilt>
					<roll>-86.94585192756915</roll>
					<gx:altitudeMode>relativeToSeaFloor</gx:altitudeMode>
				</Camera>
				<styleUrl>#msn_shaded_dot170</styleUrl>
				<Point>
					<extrude>1</extrude>
					<altitudeMode>relativeToGround</altitudeMode>
					<gx:drawOrder>1</gx:drawOrder>
					<coordinates>-77.07888357211404,38.91560586754403,66</coordinates>
				</Point>
			</Placemark>
			<Placemark>
				<name>H20</name>
				<Camera>
					<longitude>-77.07785118538045</longitude>
					<latitude>38.92276840510066</latitude>
					<altitude>225.4151342568034</altitude>
					<heading>-44.65768706167297</heading>
					<tilt>3.187133798176322</tilt>
					<roll>-48.26297365354998</roll>
					<gx:altitudeMode>relativeToSeaFloor</gx:altitudeMode>
				</Camera>
				<styleUrl>#msn_shaded_dot170</styleUrl>
				<Point>
					<extrude>1</extrude>
					<altitudeMode>relativeToGround</altitudeMode>
					<gx:drawOrder>1</gx:drawOrder>
					<coordinates>-77.07763287849671,38.9230873705844,66</coordinates>
				</Point>
			</Placemark>
			<Placemark>
				<name>H23</name>
				<LookAt>
					<longitude>-77.08920120856462</longitude>
					<latitude>38.93857654104651</latitude>
					<altitude>0</altitude>
					<heading>-144.8503059292551</heading>
					<tilt>12.67269074914752</tilt>
					<range>952.7936957040301</range>
					<gx:altitudeMode>relativeToSeaFloor</gx:altitudeMode>
				</LookAt>
				<styleUrl>#msn_shaded_dot10</styleUrl>
				<Point>
					<extrude>1</extrude>
					<altitudeMode>relativeToGround</altitudeMode>
					<gx:drawOrder>1</gx:drawOrder>
					<coordinates>-77.08834070412745,38.93923731423045,66</coordinates>
				</Point>
			</Placemark>
			<Placemark>
				<name>H24</name>
				<LookAt>
					<longitude>-77.07048860486185</longitude>
					<latitude>38.91778244638378</latitude>
					<altitude>0</altitude>
					<heading>-42.54736157013217</heading>
					<tilt>37.43347432730573</tilt>
					<range>200.9752431454169</range>
					<gx:altitudeMode>relativeToSeaFloor</gx:altitudeMode>
				</LookAt>
				<styleUrl>#msn_shaded_dot170</styleUrl>
				<Point>
					<extrude>1</extrude>
					<altitudeMode>relativeToGround</altitudeMode>
					<gx:drawOrder>1</gx:drawOrder>
					<coordinates>-77.0704105785321,38.91738246946505,66</coordinates>
				</Point>
			</Placemark>
			<Placemark>
				<name>H27</name>
				<LookAt>
					<longitude>-77.17340349949269</longitude>
					<latitude>38.83108604250701</latitude>
					<altitude>0</altitude>
					<heading>138.2991277432082</heading>
					<tilt>72.82987091623038</tilt>
					<range>584.1008574216595</range>
					<gx:altitudeMode>relativeToSeaFloor</gx:altitudeMode>
				</LookAt>
				<styleUrl>#msn_shaded_dot170</styleUrl>
				<Point>
					<extrude>1</extrude>
					<altitudeMode>relativeToGround</altitudeMode>
					<gx:drawOrder>1</gx:drawOrder>
					<coordinates>-77.17620182600818,38.83334538875507,66</coordinates>
				</Point>
			</Placemark>
			<Placemark>
				<name>H28</name>
				<LookAt>
					<longitude>-77.12841022382926</longitude>
					<latitude>38.90524629315901</latitude>
					<altitude>0</altitude>
					<heading>34.27721944584017</heading>
					<tilt>9.07722376734818</tilt>
					<range>222.8997995456734</range>
					<gx:altitudeMode>relativeToSeaFloor</gx:altitudeMode>
				</LookAt>
				<styleUrl>#msn_shaded_dot3</styleUrl>
				<Point>
					<extrude>1</extrude>
					<altitudeMode>relativeToGround</altitudeMode>
					<gx:drawOrder>1</gx:drawOrder>
					<coordinates>-77.12853595395019,38.90499081362246,66</coordinates>
				</Point>
			</Placemark>
			<Placemark>
				<name>H29</name>
				<LookAt>
					<longitude>-77.11981024498378</longitude>
					<latitude>38.90993704714922</latitude>
					<altitude>0</altitude>
					<heading>121.1191490946634</heading>
					<tilt>75.07565877151825</tilt>
					<range>682.8397494784626</range>
					<gx:altitudeMode>relativeToSeaFloor</gx:altitudeMode>
				</LookAt>
				<styleUrl>#msn_shaded_dot170</styleUrl>
				<Point>
					<extrude>1</extrude>
					<altitudeMode>relativeToGround</altitudeMode>
					<gx:drawOrder>1</gx:drawOrder>
					<coordinates>-77.12474875900264,38.91226863882422,66</coordinates>
				</Point>
			</Placemark>
			<Placemark>
				<name>H31</name>
				<LookAt>
					<longitude>-77.09334074885723</longitude>
					<latitude>38.93230216205691</latitude>
					<altitude>0</altitude>
					<heading>160.8354294696876</heading>
					<tilt>0</tilt>
					<range>176.3341324464111</range>
					<gx:altitudeMode>relativeToSeaFloor</gx:altitudeMode>
				</LookAt>
				<styleUrl>#msn_shaded_dot10</styleUrl>
				<Point>
					<extrude>1</extrude>
					<altitudeMode>relativeToGround</altitudeMode>
					<gx:drawOrder>1</gx:drawOrder>
					<coordinates>-77.09367738494352,38.93203756982007,66</coordinates>
				</Point>
			</Placemark>
			<Placemark>
				<name>H32</name>
				<LookAt>
					<longitude>-77.08979428833879</longitude>
					<latitude>38.92421103162577</latitude>
					<altitude>0</altitude>
					<heading>126.6395290809902</heading>
					<tilt>12.83358899332811</tilt>
					<range>314.6420502142405</range>
					<gx:altitudeMode>relativeToSeaFloor</gx:altitudeMode>
				</LookAt>
				<styleUrl>#msn_shaded_dot170</styleUrl>
				<Point>
					<extrude>1</extrude>
					<altitudeMode>relativeToGround</altitudeMode>
					<gx:drawOrder>1</gx:drawOrder>
					<coordinates>-77.09063005508365,38.9243596243616,66</coordinates>
				</Point>
			</Placemark>
			<Placemark>
				<name>H35</name>
				<LookAt>
					<longitude>-77.07951017096735</longitude>
					<latitude>38.91989831461733</latitude>
					<altitude>0</altitude>
					<heading>69.84510547560427</heading>
					<tilt>28.07911688001556</tilt>
					<range>325.9004216742021</range>
					<gx:altitudeMode>relativeToSeaFloor</gx:altitudeMode>
				</LookAt>
				<styleUrl>#msn_shaded_dot170</styleUrl>
				<Point>
					<extrude>1</extrude>
					<altitudeMode>relativeToGround</altitudeMode>
					<gx:drawOrder>1</gx:drawOrder>
					<coordinates>-77.07975099520537,38.92066077312896,66</coordinates>
				</Point>
			</Placemark>
			<Placemark>
				<name>H37</name>
				<LookAt>
					<longitude>-77.11243758461468</longitude>
					<latitude>38.89646419747441</latitude>
					<altitude>0</altitude>
					<heading>-97.51737415403096</heading>
					<tilt>18.75019982594528</tilt>
					<range>113.762214148648</range>
					<gx:altitudeMode>relativeToSeaFloor</gx:altitudeMode>
				</LookAt>
				<styleUrl>#msn_shaded_dot170</styleUrl>
				<Point>
					<extrude>1</extrude>
					<altitudeMode>relativeToGround</altitudeMode>
					<gx:drawOrder>1</gx:drawOrder>
					<coordinates>-77.11248589188622,38.89634739382956,66</coordinates>
				</Point>
			</Placemark>
			<Placemark>
				<name>H38</name>
				<LookAt>
					<longitude>-77.30487532716441</longitude>
					<latitude>38.91970451839327</latitude>
					<altitude>0</altitude>
					<heading>136.4373923210667</heading>
					<tilt>57.44373894792788</tilt>
					<range>293.1844943897252</range>
					<gx:altitudeMode>relativeToSeaFloor</gx:altitudeMode>
				</LookAt>
				<styleUrl>#msn_shaded_dot170</styleUrl>
				<Point>
					<extrude>1</extrude>
					<altitudeMode>relativeToGround</altitudeMode>
					<gx:drawOrder>1</gx:drawOrder>
					<coordinates>-77.30556025520397,38.92033648688445,66</coordinates>
				</Point>
			</Placemark>
			<Placemark>
				<name>H39</name>
				<LookAt>
					<longitude>-77.24216870540344</longitude>
					<latitude>38.91902494314627</latitude>
					<altitude>0</altitude>
					<heading>112.4456439126973</heading>
					<tilt>23.28772914312074</tilt>
					<range>169.3985132739054</range>
					<gx:altitudeMode>relativeToSeaFloor</gx:altitudeMode>
				</LookAt>
				<styleUrl>#msn_shaded_dot170</styleUrl>
				<Point>
					<extrude>1</extrude>
					<altitudeMode>relativeToGround</altitudeMode>
					<gx:drawOrder>1</gx:drawOrder>
					<coordinates>-77.24236058241425,38.9189665077175,66</coordinates>
				</Point>
			</Placemark>
			<Placemark>
				<name>H40</name>
				<LookAt>
					<longitude>-77.15884238905845</longitude>
					<latitude>38.90123631127758</latitude>
					<altitude>0</altitude>
					<heading>-66.41721885163483</heading>
					<tilt>13.56143217630257</tilt>
					<range>219.4442648833101</range>
					<gx:altitudeMode>relativeToSeaFloor</gx:altitudeMode>
				</LookAt>
				<styleUrl>#msn_shaded_dot170</styleUrl>
				<Point>
					<extrude>1</extrude>
					<altitudeMode>relativeToGround</altitudeMode>
					<gx:drawOrder>1</gx:drawOrder>
					<coordinates>-77.15854915633481,38.90128237275844,66</coordinates>
				</Point>
			</Placemark>
			<Placemark>
				<name>H42</name>
				<LookAt>
					<longitude>-77.01402221381707</longitude>
					<latitude>38.82698403658401</latitude>
					<altitude>0</altitude>
					<heading>17.52558460865048</heading>
					<tilt>32.52028635966566</tilt>
					<range>462.3293360154279</range>
					<gx:altitudeMode>relativeToSeaFloor</gx:altitudeMode>
				</LookAt>
				<styleUrl>#msn_shaded_dot170</styleUrl>
				<Point>
					<extrude>1</extrude>
					<altitudeMode>relativeToGround</altitudeMode>
					<gx:drawOrder>1</gx:drawOrder>
					<coordinates>-77.01466103512618,38.82554707680318,66</coordinates>
				</Point>
			</Placemark>
			<Placemark>
				<name>H43</name>
				<LookAt>
					<longitude>-77.14665108452705</longitude>
					<latitude>38.87385327472731</latitude>
					<altitude>0</altitude>
					<heading>-155.6404825098813</heading>
					<tilt>50.6146794051955</tilt>
					<range>339.1451797320888</range>
					<gx:altitudeMode>relativeToSeaFloor</gx:altitudeMode>
				</LookAt>
				<styleUrl>#msn_shaded_dot170</styleUrl>
				<Point>
					<extrude>1</extrude>
					<altitudeMode>relativeToGround</altitudeMode>
					<gx:drawOrder>1</gx:drawOrder>
					<coordinates>-77.146392815978,38.87451597139456,66</coordinates>
				</Point>
			</Placemark>
			<Placemark>
				<name>H47</name>
				<LookAt>
					<longitude>-77.01003553293992</longitude>
					<latitude>38.93977523498958</latitude>
					<altitude>0</altitude>
					<heading>-7.416350103959583</heading>
					<tilt>53.43606491848958</tilt>
					<range>587.1677133672948</range>
					<gx:altitudeMode>relativeToSeaFloor</gx:altitudeMode>
				</LookAt>
				<styleUrl>#msn_shaded_dot170</styleUrl>
				<Point>
					<extrude>1</extrude>
					<altitudeMode>relativeToGround</altitudeMode>
					<gx:drawOrder>1</gx:drawOrder>
					<coordinates>-77.01018660152103,38.93841562644008,66</coordinates>
				</Point>
			</Placemark>
			<Placemark>
				<name>H50</name>
				<LookAt>
					<longitude>-77.05315826257365</longitude>
					<latitude>38.96188173273116</latitude>
					<altitude>0</altitude>
					<heading>-121.5829377936892</heading>
					<tilt>57.34904789797071</tilt>
					<range>801.7285399491095</range>
					<gx:altitudeMode>relativeToSeaFloor</gx:altitudeMode>
				</LookAt>
				<styleUrl>#msn_shaded_dot170</styleUrl>
				<Point>
					<extrude>1</extrude>
					<altitudeMode>relativeToGround</altitudeMode>
					<gx:drawOrder>1</gx:drawOrder>
					<coordinates>-77.05095505059923,38.96327236063456,66</coordinates>
				</Point>
			</Placemark>
			<Placemark>
				<name>H51</name>
				<LookAt>
					<longitude>-77.0496506342492</longitude>
					<latitude>38.91416305416067</latitude>
					<altitude>0</altitude>
					<heading>7.61131271410601</heading>
					<tilt>19.51722513628263</tilt>
					<range>205.496718997087</range>
					<gx:altitudeMode>relativeToSeaFloor</gx:altitudeMode>
				</LookAt>
				<styleUrl>#msn_shaded_dot170</styleUrl>
				<Point>
					<extrude>1</extrude>
					<altitudeMode>relativeToGround</altitudeMode>
					<gx:drawOrder>1</gx:drawOrder>
					<coordinates>-77.04953191350309,38.91448986470866,66</coordinates>
				</Point>
			</Placemark>
			<Placemark>
				<name>H52</name>
				<LookAt>
					<longitude>-77.07434758853383</longitude>
					<latitude>38.92344188012275</latitude>
					<altitude>0</altitude>
					<heading>-10.34564307335064</heading>
					<tilt>0</tilt>
					<range>181.5606822878582</range>
					<gx:altitudeMode>relativeToSeaFloor</gx:altitudeMode>
				</LookAt>
				<styleUrl>#msn_shaded_dot13</styleUrl>
				<Point>
					<extrude>1</extrude>
					<altitudeMode>relativeToGround</altitudeMode>
					<gx:drawOrder>1</gx:drawOrder>
					<coordinates>-77.0746835467705,38.92312150962155,66</coordinates>
				</Point>
			</Placemark>
			<Placemark>
				<name>H56</name>
				<LookAt>
					<longitude>-77.06101334404653</longitude>
					<latitude>38.91725085307708</latitude>
					<altitude>0</altitude>
					<heading>-33.4963841284662</heading>
					<tilt>8.509730910483515</tilt>
					<range>246.201285339104</range>
					<gx:altitudeMode>relativeToSeaFloor</gx:altitudeMode>
				</LookAt>
				<styleUrl>#msn_shaded_dot170</styleUrl>
				<Point>
					<extrude>1</extrude>
					<altitudeMode>relativeToGround</altitudeMode>
					<gx:drawOrder>1</gx:drawOrder>
					<coordinates>-77.06120140091524,38.91681538320637,66</coordinates>
				</Point>
			</Placemark>
			<Placemark>
				<name>H60</name>
				<LookAt>
					<longitude>-76.91721517859401</longitude>
					<latitude>38.93151974977108</latitude>
					<altitude>0</altitude>
					<heading>-93.09216210246834</heading>
					<tilt>10.21329771043238</tilt>
					<range>222.6604357283222</range>
					<gx:altitudeMode>relativeToSeaFloor</gx:altitudeMode>
				</LookAt>
				<styleUrl>#msn_shaded_dot170</styleUrl>
				<Point>
					<extrude>1</extrude>
					<altitudeMode>relativeToGround</altitudeMode>
					<gx:drawOrder>1</gx:drawOrder>
					<coordinates>-76.91720945574568,38.93132296535497,66</coordinates>
				</Point>
			</Placemark>
			<Placemark>
				<name>H65</name>
				<Camera>
					<longitude>-77.00743646351081</longitude>
					<latitude>38.9193344128334</latitude>
					<altitude>457.8366601027411</altitude>
					<heading>61.45735887962919</heading>
					<tilt>0.01069102459098561</tilt>
					<roll>-78.37394075537516</roll>
					<gx:altitudeMode>relativeToSeaFloor</gx:altitudeMode>
				</Camera>
				<styleUrl>#msn_shaded_dot12</styleUrl>
				<Point>
					<extrude>1</extrude>
					<altitudeMode>relativeToGround</altitudeMode>
					<gx:drawOrder>1</gx:drawOrder>
					<coordinates>-77.00739402065348,38.91883509061264,66</coordinates>
				</Point>
			</Placemark>
		</Folder>
		<Folder>
			<name>SF</name>
			<Placemark>
				<name>SF01</name>
				<Camera>
					<longitude>-77.08567069460436</longitude>
					<latitude>38.90121488106971</latitude>
					<altitude>150.2001492659246</altitude>
					<heading>46.73238794002941</heading>
					<tilt>0.01537493778198356</tilt>
					<roll>88.18566719040426</roll>
					<gx:altitudeMode>relativeToSeaFloor</gx:altitudeMode>
				</Camera>
				<styleUrl>#msn_volcano</styleUrl>
				<Point>
					<extrude>1</extrude>
					<altitudeMode>relativeToGround</altitudeMode>
					<gx:drawOrder>1</gx:drawOrder>
					<coordinates>-77.08586335465753,38.90124200833564,111</coordinates>
				</Point>
			</Placemark>
			<Placemark>
				<name>SF02</name>
				<LookAt>
					<longitude>-77.08965668907953</longitude>
					<latitude>38.90110391299371</latitude>
					<altitude>0</altitude>
					<heading>-26.77541495344645</heading>
					<tilt>53.20018411511752</tilt>
					<range>233.7550061837275</range>
					<gx:altitudeMode>relativeToSeaFloor</gx:altitudeMode>
				</LookAt>
				<styleUrl>#msn_volcano</styleUrl>
				<Point>
					<altitudeMode>relativeToGround</altitudeMode>
					<gx:drawOrder>1</gx:drawOrder>
					<coordinates>-77.0901139945135,38.90117456916591,111</coordinates>
				</Point>
			</Placemark>
			<Placemark>
				<name>SF03</name>
				<LookAt>
					<longitude>-76.97219813398505</longitude>
					<latitude>38.77240183678239</latitude>
					<altitude>0</altitude>
					<heading>-166.1550258196455</heading>
					<tilt>21.6045883592031</tilt>
					<range>501.8934600504219</range>
					<gx:altitudeMode>relativeToSeaFloor</gx:altitudeMode>
				</LookAt>
				<styleUrl>#msn_volcano0</styleUrl>
				<Point>
					<altitudeMode>relativeToGround</altitudeMode>
					<gx:drawOrder>1</gx:drawOrder>
					<coordinates>-76.97215841432278,38.77367519361357,111</coordinates>
				</Point>
			</Placemark>
			<Placemark>
				<name>SF04</name>
				<LookAt>
					<longitude>-77.07065728203321</longitude>
					<latitude>38.89992779584695</latitude>
					<altitude>0</altitude>
					<heading>-89.83641558389246</heading>
					<tilt>0</tilt>
					<range>250.947775107424</range>
					<gx:altitudeMode>relativeToSeaFloor</gx:altitudeMode>
				</LookAt>
				<styleUrl>#msn_volcano</styleUrl>
				<Point>
					<altitudeMode>relativeToGround</altitudeMode>
					<gx:drawOrder>1</gx:drawOrder>
					<coordinates>-77.07087604008456,38.90017164390296,111</coordinates>
				</Point>
			</Placemark>
			<Placemark>
				<name>SF06</name>
				<Camera>
					<longitude>-77.16356550007625</longitude>
					<latitude>38.98873090557481</latitude>
					<altitude>240.7177698482504</altitude>
					<heading>79.38354127020818</heading>
					<tilt>0.8642960557035663</tilt>
					<roll>21.91418514433926</roll>
					<gx:altitudeMode>relativeToSeaFloor</gx:altitudeMode>
				</Camera>
				<styleUrl>#msn_volcano</styleUrl>
				<Point>
					<altitudeMode>relativeToGround</altitudeMode>
					<gx:drawOrder>1</gx:drawOrder>
					<coordinates>-77.16354886186852,38.98876568157223,111</coordinates>
				</Point>
			</Placemark>
		</Folder>
		<Folder>
			<name>Pk and Ntch</name>
			<Placemark>
				<name>Pk01</name>
				<LookAt>
					<longitude>-77.39333503948106</longitude>
					<latitude>39.26207623289473</latitude>
					<altitude>0</altitude>
					<heading>-178.3329957161163</heading>
					<tilt>39.53556677715411</tilt>
					<range>321.8197438295868</range>
					<gx:altitudeMode>relativeToSeaFloor</gx:altitudeMode>
				</LookAt>
				<styleUrl>#msn_firedept00</styleUrl>
				<Point>
					<extrude>1</extrude>
					<altitudeMode>relativeToGround</altitudeMode>
					<gx:drawOrder>1</gx:drawOrder>
					<coordinates>-77.39330127153266,39.26242301794514,111</coordinates>
				</Point>
			</Placemark>
			<Placemark>
				<name>Pk02</name>
				<Camera>
					<longitude>-77.63086221763153</longitude>
					<latitude>39.45007822153502</latitude>
					<altitude>845.7204294598856</altitude>
					<heading>86.37283408137408</heading>
					<tilt>22.56931390035568</tilt>
					<roll>-1.534653472869422</roll>
					<gx:altitudeMode>relativeToSeaFloor</gx:altitudeMode>
				</Camera>
				<styleUrl>#msn_firedept40</styleUrl>
				<Point>
					<extrude>1</extrude>
					<altitudeMode>relativeToGround</altitudeMode>
					<gx:drawOrder>1</gx:drawOrder>
					<coordinates>-77.627618,39.448887,111</coordinates>
				</Point>
			</Placemark>
			<Placemark>
				<name>Pk03</name>
				<Camera>
					<longitude>-77.69885822895013</longitude>
					<latitude>38.89970053134407</latitude>
					<altitude>224.002111011686</altitude>
					<heading>-99.82997156937819</heading>
					<tilt>3.413536196053194</tilt>
					<roll>0.6011594489086522</roll>
					<gx:altitudeMode>relativeToSeaFloor</gx:altitudeMode>
				</Camera>
				<styleUrl>#msn_firedept40</styleUrl>
				<Point>
					<extrude>1</extrude>
					<altitudeMode>relativeToGround</altitudeMode>
					<gx:drawOrder>1</gx:drawOrder>
					<coordinates>-77.698809,38.899665,111</coordinates>
				</Point>
			</Placemark>
			<Placemark>
				<name>Pk04</name>
				<LookAt>
					<longitude>-78.203473804109</longitude>
					<latitude>38.77428935806212</latitude>
					<altitude>0</altitude>
					<heading>-84.48557779857485</heading>
					<tilt>28.96712198448544</tilt>
					<range>1722.785724880087</range>
					<gx:altitudeMode>relativeToSeaFloor</gx:altitudeMode>
				</LookAt>
				<styleUrl>#msn_firedept00</styleUrl>
				<Point>
					<extrude>1</extrude>
					<altitudeMode>relativeToGround</altitudeMode>
					<gx:drawOrder>1</gx:drawOrder>
					<coordinates>-78.20406185227269,38.77550687860945,111</coordinates>
				</Point>
			</Placemark>
			<Placemark>
				<name>Pk05</name>
				<Camera>
					<longitude>-78.31007086938355</longitude>
					<latitude>38.92576009623964</latitude>
					<altitude>808.1691417460628</altitude>
					<heading>-169.8339642185121</heading>
					<tilt>0.0991524245836391</tilt>
					<roll>89.60700310144152</roll>
					<gx:altitudeMode>relativeToSeaFloor</gx:altitudeMode>
				</Camera>
				<styleUrl>#msn_firedept1</styleUrl>
				<Point>
					<extrude>1</extrude>
					<altitudeMode>relativeToGround</altitudeMode>
					<gx:drawOrder>1</gx:drawOrder>
					<coordinates>-78.31007370765774,38.92574773485303,111</coordinates>
				</Point>
			</Placemark>
		</Folder>
		<atom:link rel="app" href="https://www.google.com/earth/about/versions/#earth-pro" title="Google Earth Pro 7.3.6.10201"></atom:link>
	</Folder>
</Document>
</kml>
